"success","timeout","failed_images","failed_audio","failed_video","trial_type","trial_index","time_elapsed","internal_node_id","rt","response","view_history","task","stimulus","question_order","horizon","rewards_L","rewards_R","date","forced_choices","r_info","r_side","r_h","r_mean","r_otherMean","r_mean_L","r_mean_R","r_difference","confidence_immediate_overall","confidence_question_order","key_presses","response_times","outcomes","outcomes_counted_points","confidence","confidence_rt","confidence_2","confidence_2_rt","screen_resolution","belief_confidence_1","belief_confidence_2","belief_confidence_3","belief_confidence_4","immediate_judgement_orientation","phase","responses","num_errors","interactions"
"true","false","[]","[]","[]","preload","0","364","0.0-0.0","","","","","","","","","","","","","","","","","","","","","","","","","","","","","","","","","","","","","","",""
"","","","","","survey-html-form","1","4240","0.0-1.0","3872","{""comments"":"" 5d1a69d8f97a18001977e0d7""}","","","","","","","","","","","","","","","","","","","","","","","","","","","","","","","","","","","","",""
"true","","","","","fullscreen","2","27642","0.0-2.0","","","","","","","","","","","","","","","","","","","","","","","","","","","","","","","","","","","","","","",""
"","","","","","instructions","3","125042","0.0-3.0","97399","","[{""page_index"":0,""viewing_time"":13436},{""page_index"":1,""viewing_time"":16165},{""page_index"":2,""viewing_time"":30676},{""page_index"":3,""viewing_time"":17856},{""page_index"":4,""viewing_time"":14672},{""page_index"":5,""viewing_time"":4592}]","Consent","","","","","","","","","","","","","","","","","","","","","","","","","","","","","","","","","","",""
"","","","","","html-button-response","4","129729","0.0-4.0","4685","0","","","<p>Declaration of consent for study participation:</p>
            <ul>
                <li> I was informed about the study 'Metacognition in a bandit task', its course, meaning, scope and risks, and I have read and understood the study information.</li>
                <li> I had the opportunity to clarify all open questions. </li>
                <li> I have the right to request further information about the study at any time.</li>
                <li> I voluntarily agree to participate in the study described in the study information provided.</li>
                <li> I have been informed that I may withdraw from this study at any time without incurring any disadvantage.</li>
            </ul>","","","","","","","","","","","","","","","","","","","","","","","","","","","","","","","","","",""
"","","","","","survey-multi-choice","5","143378","0.0-5.0","13646","{""firstDataProtectionQ"":""yes"",""secondDataProtectionQ"":""yes"",""thirdDataProtectionQ"":""yes"",""fourthDataProtectionQ"":""yes""}","","","","[0,1,2,3]","","","","","","","","","","","","","","","","","","","","","","","","","","","","","","","","",""
"","","","","","instructions","6","337702","0.0-6.0-0.0","194322","","[{""page_index"":0,""viewing_time"":7339},{""page_index"":1,""viewing_time"":4984},{""page_index"":2,""viewing_time"":7136},{""page_index"":3,""viewing_time"":25920},{""page_index"":4,""viewing_time"":31239},{""page_index"":5,""viewing_time"":4016},{""page_index"":6,""viewing_time"":11880},{""page_index"":7,""viewing_time"":12368},{""page_index"":8,""viewing_time"":7272},{""page_index"":9,""viewing_time"":17764},{""page_index"":10,""viewing_time"":58859},{""page_index"":11,""viewing_time"":5544}]","","","","","","","","","","","","","","","","","","","","","","","","","","","","","","","","","","","",""
"","","","","","horizons-trial","7","365445","0.0-6.0-1.0","","","","","","","5","[44,57,74,72,62]","[31,33,24,39,29]","""2023-09-16T11:29:09.254Z""","[1,0,1,1]","","","","","","","","","0","","[""arrowright"",""arrowleft"",""arrowright"",""arrowright"",""arrowleft""]","[8951,1738,932,680,3120]","[31,57,24,39,62]","[0,57,0,0,62]","[[50,77.5687]]","[]","[]","[]","1","[]","[]","[]","[]","vertical","practice","","",""
"","","","","","horizons-trial","8","392480","0.0-6.0-2.0","","","","","","","10","[64,50,57,35,52,38,44,61,39,38]","[70,69,76,71,75,58,81,84,57,61]","""2023-09-16T11:29:36.289Z""","[0,0,1,1]","","","","","","","","","1","","[""arrowleft"",""arrowleft"",""arrowright"",""arrowright"",""arrowright"",""arrowright"",""arrowright"",""arrowright"",""arrowright"",""arrowright""]","[2943,502,523,435,3477,2073,1853,659,579,775]","[64,50,76,71,75,58,81,84,57,61]","[0,0,76,71,75,58,81,84,57,61]","[[90.8002,72.6857]]","[]","[]","[]","1","[]","[]","[]","[]","vertical","practice","","",""
"","","","","","instructions","9","456117","0.0-6.0-3.0","63629","","[{""page_index"":0,""viewing_time"":5222},{""page_index"":1,""viewing_time"":50471},{""page_index"":2,""viewing_time"":5600},{""page_index"":3,""viewing_time"":2336}]","","","","","","","","","","","","","","","","","","","","","","","","","","","","","","","","","","","",""
"","","","","","horizons-comprehension","10","515287","0.0-6.0-4.0","59167.19999998808","","","","","","","","","","","","","","","","","","","","","","","","","","","","","","","","","","","","[""true"",""true"",""false"",""true""]","0",""
"","","","","","instructions","11","518380","0.0-7.0","3087","","[{""page_index"":0,""viewing_time"":3087}]","","","","","","","","","","","","","","","","","","","","","","","","","","","","","","","","","","","",""
"","","","","","horizons-trial","12","557187","0.0-8.0","","","","","","","10","[58,66,71,59,56,49,55,60,76,54]","[61,67,55,54,55,59,41,62,60,73]","""2023-09-16T11:32:20.996Z""","[1,0,1,1]","1","0","1","60","59","60","59","1","0","0","[""arrowright"",""arrowleft"",""arrowright"",""arrowright"",""arrowleft"",""arrowleft"",""arrowleft"",""arrowright"",""arrowright"",""arrowright""]","[2688,440,754,1272,2414,2313,3136,4297,7024,2393]","[61,66,55,54,56,49,55,62,60,73]","[61,0,0,0,56,0,55,62,0,73]","[[73.9173,19.379499999999993]]","[]","[]","[]","1","[]","[]","[]","[]","vertical","","","",""
"","","","","","horizons-trial","13","576955","0.0-9.0","","","","","","","10","[72,53,57,56,56,70,54,43,57,69]","[60,51,47,37,67,62,58,59,47,65]","""2023-09-16T11:32:40.764Z""","[0,0,1,0]","1","1","1","60","58","58","60","2","0","0","[""arrowleft"",""arrowleft"",""arrowright"",""arrowleft"",""arrowleft"",""arrowleft"",""arrowleft"",""arrowleft"",""arrowleft"",""arrowleft""]","[1109,668,522,796,4846,1668,610,751,2135,594]","[72,53,47,56,56,70,54,43,57,69]","[72,53,0,56,0,70,0,0,57,69]","[[74.2691,23.4486]]","[]","[]","[]","1","[]","[]","[]","[]","vertical","","","",""
"","","","","","horizons-trial","14","606650","0.0-10.0","","","","","","","10","[45,53,54,60,63,50,61,62,54,62]","[29,33,35,44,44,20,47,52,31,41]","""2023-09-16T11:33:10.459Z""","[0,0,1,0]","1","1","1","40","60","60","40","20","0","0","[""arrowleft"",""arrowleft"",""arrowright"",""arrowleft"",""arrowright"",""arrowleft"",""arrowleft"",""arrowleft"",""arrowleft"",""arrowleft""]","[1018,698,622,758,3717,2252,811,575,512,456]","[45,53,35,60,44,50,61,62,54,62]","[45,53,0,60,0,50,61,62,54,62]","[[0.0549571,0.6611999999999938]]","[]","[]","[]","1","[]","[]","[]","[]","vertical","","","",""
"","","","","","horizons-trial","15","624579","0.0-11.0","","","","","","","5","[65,60,67,77,59]","[48,53,60,51,50]","""2023-09-16T11:33:28.388Z""","[1,0,1,0]","0","0","0","60","59","60","59","1","0","0","[""arrowright"",""arrowleft"",""arrowright"",""arrowleft"",""arrowleft""]","[1706,514,816,1504,1410]","[48,60,60,77,59]","[0,60,0,77,59]","[[50,81.23089999999999]]","[]","[]","[]","1","[]","[]","[]","[]","vertical","","","",""
"","","","","","horizons-trial","16","641304","0.0-12.0","","","","","","","5","[41,37,22,35,53]","[36,31,39,32,43]","""2023-09-16T11:33:45.114Z""","[0,1,1,0]","0","1","0","40","41","41","40","1","0","0","[""arrowleft"",""arrowright"",""arrowright"",""arrowleft"",""arrowleft""]","[2163,714,594,1309,6847]","[41,31,39,35,53]","[41,0,39,35,53]","[[50,65.3611]]","[]","[]","[]","1","[]","[]","[]","[]","vertical","","","",""
"","","","","","horizons-trial","17","662772","0.0-13.0","","","","","","","10","[44,35,46,46,38,42,25,47,52,45]","[40,47,41,37,50,45,33,31,41,32]","""2023-09-16T11:34:06.582Z""","[1,1,1,0]","1","1","1","40","44","44","40","4","0","0","[""arrowright"",""arrowright"",""arrowright"",""arrowleft"",""arrowleft"",""arrowleft"",""arrowright"",""arrowleft"",""arrowleft"",""arrowleft""]","[1809,462,604,574,1105,2555,5261,2436,534,573]","[40,47,41,46,38,42,33,47,52,45]","[0,47,0,46,0,0,33,47,52,45]","[[2.51704,4.730400000000003]]","[]","[]","[]","1","[]","[]","[]","[]","vertical","","","",""
"","","","","","horizons-trial","18","675822","0.0-14.0","","","","","","","10","[42,52,38,27,34,26,43,46,23,23]","[42,68,65,48,36,44,63,47,46,50]","""2023-09-16T11:34:19.631Z""","[1,1,0,0]","0","0","1","40","48","40","48","8","0","0","[""arrowright"",""arrowright"",""arrowleft"",""arrowleft"",""arrowright"",""arrowright"",""arrowright"",""arrowright"",""arrowright"",""arrowright""]","[1011,474,494,470,1233,2773,1027,592,468,314]","[42,68,38,27,36,44,63,47,46,50]","[42,68,0,0,36,44,63,47,46,50]","[[82.3588,78.3825]]","[]","[]","[]","1","[]","[]","[]","[]","vertical","","","",""
"","","","","","horizons-trial","19","687000","0.0-15.0","","","","","","","10","[54,40,44,49,54,39,52,45,52,54]","[36,38,36,44,52,49,38,34,35,36]","""2023-09-16T11:34:30.809Z""","[1,1,0,0]","0","1","1","40","48","48","40","8","0","0","[""arrowright"",""arrowright"",""arrowleft"",""arrowleft"",""arrowleft"",""arrowleft"",""arrowleft"",""arrowleft"",""arrowleft"",""arrowleft""]","[971,446,760,512,839,678,386,411,353,350]","[36,38,44,49,54,39,52,45,52,54]","[0,0,44,49,54,0,52,45,52,54]","[[94.3174,86.5209]]","[]","[]","[]","1","[]","[]","[]","[]","vertical","","","",""
"","","","","","horizons-trial","20","696769","0.0-16.0","","","","","","","5","[61,70,71,53,62]","[56,50,53,42,31]","""2023-09-16T11:34:40.579Z""","[1,1,0,0]","0","0","0","60","40","60","40","20","0","0","[""arrowright"",""arrowright"",""arrowleft"",""arrowleft"",""arrowleft""]","[1114,822,549,666,1274]","[56,50,71,53,62]","[0,0,71,53,62]","[[50,71.05799999999999]]","[]","[]","[]","1","[]","[]","[]","[]","vertical","","","",""
"","","","","","horizons-trial","21","709881","0.0-17.0","","","","","","","5","[48,49,39,53,54]","[60,48,60,60,54]","""2023-09-16T11:34:53.691Z""","[1,1,0,0]","0","1","0","60","48","48","60","12","0","0","[""arrowright"",""arrowright"",""arrowleft"",""arrowleft"",""arrowright""]","[1999,489,492,573,3494]","[60,48,39,53,54]","[60,0,0,0,54]","[[50,84.0793]]","[]","[]","[]","1","[]","[]","[]","[]","vertical","","","",""
"","","","","","horizons-trial","22","726413","0.0-18.0","","","","","","","5","[29,27,45,42,35]","[45,46,40,53,25]","""2023-09-16T11:35:10.223Z""","[1,0,0,1]","0","0","0","40","44","40","44","4","0","0","[""arrowright"",""arrowleft"",""arrowleft"",""arrowright"",""arrowright""]","[2022,518,684,966,3818]","[45,27,45,53,25]","[45,0,45,53,0]","[[50,69.8372]]","[]","[]","[]","1","[]","[]","[]","[]","vertical","","","",""
"","","","","","horizons-trial","23","738466","0.0-19.0","","","","","","","5","[53,75,60,61,61]","[25,40,34,39,38]","""2023-09-16T11:35:22.275Z""","[0,0,0,1]","1","0","0","60","40","60","40","20","0","0","[""arrowleft"",""arrowleft"",""arrowleft"",""arrowright"",""arrowleft""]","[1455,563,813,762,775]","[53,75,60,39,61]","[53,75,60,0,61]","[[50,87.3347]]","[]","[]","[]","1","[]","[]","[]","[]","vertical","","","",""
"","","","","","horizons-trial","24","758732","0.0-20.0","","","","","","","10","[39,54,51,39,51,43,56,60,42,35]","[76,52,69,55,63,65,67,57,57,68]","""2023-09-16T11:35:42.542Z""","[1,1,1,0]","1","1","1","60","48","48","60","12","0","0","[""arrowright"",""arrowright"",""arrowright"",""arrowleft"",""arrowleft"",""arrowright"",""arrowright"",""arrowright"",""arrowright"",""arrowright""]","[2254,567,561,645,444,1116,539,408,424,440]","[76,52,69,39,51,65,67,57,57,68]","[76,0,69,0,0,65,67,0,57,68]","[[1.46186,3.1026999999999987]]","[]","[]","[]","1","[]","[]","[]","[]","vertical","","","",""
"","","","","","horizons-trial","25","773993","0.0-21.0","","","","","","","10","[24,42,46,60,48,36,39,54,37,35]","[39,36,30,36,34,48,36,49,39,39]","""2023-09-16T11:35:57.803Z""","[1,1,0,0]","0","1","1","40","41","41","40","1","0","0","[""arrowright"",""arrowright"",""arrowleft"",""arrowleft"",""arrowleft"",""arrowleft"",""arrowleft"",""arrowleft"",""arrowleft"",""arrowleft""]","[959,472,1237,610,869,1070,439,1704,1424,1368]","[39,36,46,60,48,36,39,54,37,35]","[39,0,46,60,48,0,39,54,0,0]","[[89.745,79.6033]]","[]","[]","[]","1","[]","[]","[]","[]","vertical","","","",""
"","","","","","horizons-trial","26","788405","0.0-22.0","","","","","","","10","[41,34,36,39,29,54,48,18,49,51]","[37,45,45,31,36,34,29,47,38,34]","""2023-09-16T11:36:12.215Z""","[0,1,1,0]","0","1","1","40","42","42","40","2","0","0","[""arrowleft"",""arrowright"",""arrowright"",""arrowleft"",""arrowright"",""arrowright"",""arrowleft"",""arrowleft"",""arrowright"",""arrowright""]","[882,756,529,776,824,1665,2262,638,658,458]","[41,45,45,39,36,34,48,18,38,34]","[41,45,45,39,36,0,48,0,0,0]","[[50.3517,47.4568]]","[]","[]","[]","1","[]","[]","[]","[]","vertical","","","",""
"","","","","","horizons-trial","27","814747","0.0-23.0","","","","","","","10","[61,55,58,72,64,65,44,57,38,56]","[56,56,50,38,36,55,48,42,44,41]","""2023-09-16T11:36:38.556Z""","[0,1,1,0]","0","0","1","60","48","60","48","12","0","0","[""arrowleft"",""arrowright"",""arrowright"",""arrowleft"",""arrowleft"",""arrowleft"",""arrowleft"",""arrowleft"",""arrowleft"",""arrowleft""]","[6387,650,681,608,775,842,414,408,406,403]","[61,56,50,72,64,65,44,57,38,56]","[61,56,0,72,64,65,0,57,0,56]","[[91.8554,80.0102]]","[]","[]","[]","1","[]","[]","[]","[]","vertical","","","",""
"","","","","","horizons-trial","28","840958","0.0-24.0","","","","","","","10","[62,56,71,53,68,55,67,51,47,60]","[54,56,63,63,52,44,48,59,53,52]","""2023-09-16T11:37:04.768Z""","[0,0,0,1]","1","0","1","60","56","60","56","4","0","0","[""arrowleft"",""arrowleft"",""arrowleft"",""arrowright"",""arrowright"",""arrowright"",""arrowleft"",""arrowleft"",""arrowleft"",""arrowleft""]","[816,457,816,1461,4166,5226,554,430,363,308]","[62,56,71,63,52,44,67,51,47,60]","[62,56,71,63,0,0,67,0,0,60]","[[7.79292,9.206500000000005]]","[]","[]","[]","1","[]","[]","[]","[]","vertical","","","",""
"","","","","","horizons-trial","29","852241","0.0-25.0","","","","","","","5","[31,33,48,32,34]","[31,49,22,27,59]","""2023-09-16T11:37:16.050Z""","[0,0,1,0]","1","1","0","40","41","41","40","1","0","0","[""arrowleft"",""arrowleft"",""arrowright"",""arrowleft"",""arrowleft""]","[567,628,575,1133,3659]","[31,33,22,32,34]","[31,0,0,32,0]","[[50,43.3876]]","[]","[]","[]","1","[]","[]","[]","[]","vertical","","","",""
"","","","","","horizons-trial","30","861938","0.0-26.0","","","","","","","5","[54,39,53,45,60]","[44,36,33,27,50]","""2023-09-16T11:37:25.748Z""","[1,0,0,1]","0","1","0","40","48","48","40","8","0","0","[""arrowright"",""arrowleft"",""arrowleft"",""arrowright"",""arrowleft""]","[2074,489,574,1274,903]","[44,39,53,27,60]","[0,39,53,0,60]","[[50,76.7548]]","[]","[]","[]","1","[]","[]","[]","[]","vertical","","","",""
"","","","","","horizons-trial","31","876409","0.0-27.0","","","","","","","5","[30,55,32,36,39]","[47,29,49,44,39]","""2023-09-16T11:37:40.219Z""","[0,0,1,0]","1","0","0","40","44","40","44","4","0","0","[""arrowleft"",""arrowleft"",""arrowright"",""arrowleft"",""arrowright""]","[2144,550,663,1173,2144]","[30,55,49,36,39]","[0,55,49,0,39]","[[50,51.119]]","[]","[]","[]","1","[]","[]","[]","[]","vertical","","","",""
"","","","","","horizons-trial","32","899463","0.0-28.0","","","","","","","10","[42,59,56,63,61,67,65,65,62,77]","[62,58,63,64,56,37,55,55,62,50]","""2023-09-16T11:38:03.273Z""","[1,1,1,0]","1","0","1","60","58","60","58","2","0","0","[""arrowright"",""arrowright"",""arrowright"",""arrowleft"",""arrowleft"",""arrowleft"",""arrowleft"",""arrowleft"",""arrowleft"",""arrowleft""]","[2138,534,645,585,1871,1514,9317,690,535,491]","[62,58,63,63,61,67,65,65,62,77]","[62,0,63,0,61,67,65,65,62,77]","[[2.16531,4.323499999999996]]","[]","[]","[]","1","[]","[]","[]","[]","vertical","","","",""
"","","","","","horizons-trial","33","920350","0.0-29.0","","","","","","","5","[40,60,40,38,34]","[53,74,67,53,62]","""2023-09-16T11:38:24.160Z""","[0,0,1,1]","0","1","0","60","40","40","60","20","0","0","[""arrowleft"",""arrowleft"",""arrowright"",""arrowright"",""arrowright""]","[12773,648,679,960,1429]","[40,60,67,53,62]","[0,0,67,53,62]","[[50,68.6165]]","[]","[]","[]","1","[]","[]","[]","[]","vertical","","","",""
"","","","","","horizons-trial","34","931255","0.0-30.0","","","","","","","5","[31,27,31,55,32]","[72,80,58,68,85]","""2023-09-16T11:38:35.065Z""","[1,0,0,0]","1","0","0","40","70","40","70","30","0","0","[""arrowright"",""arrowleft"",""arrowleft"",""arrowleft"",""arrowright""]","[1814,473,503,980,534]","[72,27,31,55,85]","[72,0,0,0,85]","[[50,87.3347]]","[]","[]","[]","1","[]","[]","[]","[]","vertical","","","",""
"","","","","","horizons-trial","35","953043","0.0-31.0","","","","","","","10","[44,35,50,41,23,39,39,32,31,35]","[35,31,42,46,44,43,29,42,41,50]","""2023-09-16T11:38:56.852Z""","[0,0,0,1]","1","0","1","40","41","40","41","1","0","0","[""arrowleft"",""arrowleft"",""arrowleft"",""arrowright"",""arrowright"",""arrowright"",""arrowleft"",""arrowright"",""arrowright"",""arrowright""]","[1210,461,689,1083,476,1452,3420,747,584,530]","[44,35,50,46,44,43,39,42,41,50]","[44,35,50,46,44,43,39,42,41,50]","[[23.9723,28.738600000000005]]","[]","[]","[]","1","[]","[]","[]","[]","vertical","","","",""
"","","","","","horizons-trial","36","967433","0.0-32.0","","","","","","","10","[52,44,51,63,52,55,68,58,64,61]","[53,51,66,55,54,38,50,52,59,57]","""2023-09-16T11:39:11.243Z""","[0,1,0,0]","1","0","1","60","52","60","52","8","0","0","[""arrowleft"",""arrowright"",""arrowleft"",""arrowleft"",""arrowright"",""arrowright"",""arrowright"",""arrowleft"",""arrowleft"",""arrowleft""]","[1654,736,1139,842,1135,813,1261,585,503,429]","[52,51,51,63,54,38,50,58,64,61]","[0,51,0,63,54,0,0,58,64,61]","[[2.86876,4.730400000000003]]","[]","[]","[]","1","[]","[]","[]","[]","vertical","","","",""
"","","","","","horizons-trial","37","998368","0.0-33.0","","","","","","","5","[54,43,57,61,49]","[25,31,32,25,20]","""2023-09-16T11:39:42.178Z""","[0,1,0,0]","1","0","0","60","30","60","30","30","0","0","[""arrowleft"",""arrowright"",""arrowleft"",""arrowleft"",""arrowleft""]","[4883,745,470,1281,754]","[54,31,57,61,49]","[54,0,57,61,49]","[[50,86.1139]]","[]","[]","[]","1","[]","[]","[]","[]","vertical","","","",""
"","","","","","horizons-trial","38","1023856","0.0-34.0","","","","","","","10","[66,57,60,50,56,67,70,65,50,73]","[56,41,59,57,39,49,66,44,47,70]","""2023-09-16T11:40:07.666Z""","[1,0,1,0]","0","0","1","60","56","60","56","4","0","0","[""arrowright"",""arrowleft"",""arrowright"",""arrowleft"",""arrowright"",""arrowleft"",""arrowleft"",""arrowleft"",""arrowleft"",""arrowleft""]","[1652,549,466,567,3709,3143,601,409,337,334]","[56,57,59,50,39,67,70,65,50,73]","[0,57,0,0,0,67,70,65,50,73]","[[3.57221,4.323499999999996]]","[]","[]","[]","1","[]","[]","[]","[]","vertical","","","",""
"","","","","","horizons-trial","39","1037937","0.0-35.0","","","","","","","10","[64,64,64,68,73,73,67,78,53,60]","[64,52,64,56,55,54,75,65,69,54]","""2023-09-16T11:40:21.746Z""","[1,0,0,1]","0","0","1","60","59","60","59","1","0","0","[""arrowright"",""arrowleft"",""arrowleft"",""arrowright"",""arrowleft"",""arrowleft"",""arrowleft"",""arrowleft"",""arrowleft"",""arrowleft""]","[1094,450,501,465,1719,1793,592,506,465,402]","[64,64,64,56,73,73,67,78,53,60]","[64,64,64,0,73,73,0,78,0,60]","[[33.8206,37.2838]]","[]","[]","[]","1","[]","[]","[]","[]","vertical","","","",""
"","","","","","horizons-trial","40","1049673","0.0-36.0","","","","","","","5","[54,27,38,21,44]","[57,73,71,70,66]","""2023-09-16T11:40:33.483Z""","[1,0,0,1]","0","0","0","40","70","40","70","30","0","0","[""arrowright"",""arrowleft"",""arrowleft"",""arrowright"",""arrowright""]","[820,430,1201,541,820]","[57,27,38,70,66]","[57,0,0,70,66]","[[50,85.3001]]","[]","[]","[]","1","[]","[]","[]","[]","vertical","","","",""
"","","","","","horizons-trial","41","1056540","0.0-37.0","","","","","","","5","[32,45,41,38,38]","[52,42,56,45,39]","""2023-09-16T11:40:40.349Z""","[0,0,1,1]","0","0","0","40","41","40","41","1","0","0","[""arrowleft"",""arrowleft"",""arrowright"",""arrowright"",""arrowright""]","[648,475,515,450,730]","[32,45,56,45,39]","[0,45,56,45,39]","[[50,83.2655]]","[]","[]","[]","1","[]","[]","[]","[]","vertical","","","",""
"","","","","","horizons-trial","42","1069232","0.0-38.0","","","","","","","10","[72,65,41,54,66,61,66,68,56,57]","[32,25,42,24,21,27,21,27,24,29]","""2023-09-16T11:40:53.042Z""","[0,1,0,0]","1","0","1","60","30","60","30","30","0","0","[""arrowleft"",""arrowright"",""arrowleft"",""arrowleft"",""arrowright"",""arrowleft"",""arrowleft"",""arrowleft"",""arrowleft"",""arrowleft""]","[828,490,451,707,2416,1245,337,291,265,282]","[72,25,41,54,21,61,66,68,56,57]","[72,0,0,54,0,61,66,68,56,57]","[[1.46186,2.6958000000000055]]","[]","[]","[]","1","[]","[]","[]","[]","vertical","","","",""
"","","","","","horizons-trial","43","1082176","0.0-39.0","","","","","","","5","[64,54,44,74,58]","[24,26,24,28,14]","""2023-09-16T11:41:05.986Z""","[1,0,1,0]","0","0","0","60","30","60","30","30","0","0","[""arrowright"",""arrowleft"",""arrowright"",""arrowleft"",""arrowleft""]","[872,486,471,777,696]","[24,54,24,74,58]","[0,54,0,74,58]","[[50,86.9278]]","[]","[]","[]","1","[]","[]","[]","[]","vertical","","","",""
"","","","","","horizons-trial","44","1094727","0.0-40.0","","","","","","","5","[39,51,39,45,34]","[45,37,63,52,57]","""2023-09-16T11:41:18.537Z""","[1,1,1,0]","1","0","0","40","48","40","48","8","0","0","[""arrowright"",""arrowright"",""arrowright"",""arrowleft"",""arrowright""]","[1466,452,515,810,3633]","[45,37,63,45,57]","[45,0,63,0,57]","[[50,35.2492]]","[]","[]","[]","1","[]","[]","[]","[]","vertical","","","",""
"","","","","","horizons-trial","45","1108025","0.0-41.0","","","","","","","5","[60,66,65,80,47]","[43,52,69,54,68]","""2023-09-16T11:41:31.835Z""","[0,1,0,0]","1","0","0","60","58","60","58","2","0","0","[""arrowleft"",""arrowright"",""arrowleft"",""arrowleft"",""arrowleft""]","[1225,574,837,1318,839]","[60,52,65,80,47]","[60,0,0,80,0]","[[50,86.5209]]","[]","[]","[]","1","[]","[]","[]","[]","vertical","","","",""
"","","","","","horizons-trial","46","1116311","0.0-42.0","","","","","","","5","[58,67,53,66,68]","[40,35,44,42,36]","""2023-09-16T11:41:40.120Z""","[1,1,0,1]","1","1","0","40","60","60","40","20","0","0","[""arrowright"",""arrowright"",""arrowleft"",""arrowright"",""arrowleft""]","[1596,435,479,855,650]","[40,35,53,42,68]","[0,0,53,0,68]","[[50,60.4781]]","[]","[]","[]","1","[]","[]","[]","[]","vertical","","","",""
"","","","","","horizons-trial","47","1127226","0.0-43.0","","","","","","","5","[54,81,46,61,50]","[63,58,63,53,51]","""2023-09-16T11:41:51.036Z""","[1,0,0,1]","0","1","0","60","52","52","60","8","0","0","[""arrowright"",""arrowleft"",""arrowleft"",""arrowright"",""arrowleft""]","[589,532,478,788,2592]","[63,81,46,53,50]","[63,81,0,0,0]","[[50,73.4995]]","[]","[]","[]","1","[]","[]","[]","[]","vertical","","","",""
"","","","","","horizons-trial","48","1143528","0.0-44.0","","","","","","","5","[33,41,35,41,33]","[56,35,29,49,53]","""2023-09-16T11:42:07.337Z""","[1,0,1,0]","0","0","0","40","48","40","48","8","0","0","[""arrowright"",""arrowleft"",""arrowright"",""arrowleft"",""arrowleft""]","[628,579,522,657,9273]","[56,41,29,41,33]","[56,41,0,0,0]","[[50,1.882000000000005]]","[]","[]","[]","1","[]","[]","[]","[]","vertical","","","",""
"","","","","","horizons-trial","49","1154526","0.0-45.0","","","","","","","10","[34,46,51,51,36,28,38,40,40,42]","[64,72,58,59,58,65,65,73,77,69]","""2023-09-16T11:42:18.336Z""","[1,1,0,0]","0","0","1","40","60","40","60","20","0","0","[""arrowright"",""arrowright"",""arrowleft"",""arrowleft"",""arrowright"",""arrowright"",""arrowright"",""arrowright"",""arrowright"",""arrowright""]","[1477,430,615,438,666,966,389,314,311,350]","[64,72,51,51,58,65,65,73,77,69]","[64,72,0,0,58,65,65,73,77,69]","[[90.0967,90.18311]]","[]","[]","[]","1","[]","[]","[]","[]","vertical","","","",""
"","","","","","horizons-trial","50","1167989","0.0-46.0","","","","","","","10","[31,45,42,31,44,46,36,30,31,35]","[42,47,50,51,62,60,52,50,55,56]","""2023-09-16T11:42:31.798Z""","[0,1,1,1]","1","0","1","40","52","40","52","12","0","0","[""arrowleft"",""arrowright"",""arrowright"",""arrowright"",""arrowright"",""arrowleft"",""arrowright"",""arrowright"",""arrowright"",""arrowright""]","[933,521,508,499,2189,3089,786,482,384,265]","[31,47,50,51,62,46,52,50,55,56]","[0,47,50,51,62,0,52,50,55,56]","[[50.7035,53.9674]]","[]","[]","[]","1","[]","[]","[]","[]","vertical","","","",""
"","","","","","horizons-trial","51","1176885","0.0-47.0","","","","","","","5","[57,82,59,66,55]","[37,48,36,42,45]","""2023-09-16T11:42:40.695Z""","[0,0,1,1]","0","1","0","40","60","60","40","20","0","0","[""arrowleft"",""arrowleft"",""arrowright"",""arrowright"",""arrowleft""]","[891,605,810,1405,607]","[57,82,36,42,55]","[57,82,0,0,55]","[[50,85.3001]]","[]","[]","[]","1","[]","[]","[]","[]","vertical","","","",""
"","","","","","horizons-trial","52","1197146","0.0-48.0","","","","","","","10","[49,49,67,63,72,56,52,61,55,64]","[40,39,40,32,29,30,55,38,38,41]","""2023-09-16T11:43:00.955Z""","[1,0,0,1]","0","0","1","60","40","60","40","20","0","0","[""arrowright"",""arrowleft"",""arrowleft"",""arrowright"",""arrowleft"",""arrowleft"",""arrowleft"",""arrowleft"",""arrowleft"",""arrowleft""]","[2419,412,399,449,682,2423,390,287,270,286]","[40,49,67,32,72,56,52,61,55,64]","[0,49,67,0,72,56,0,61,55,64]","[[88.3381,83.2655]]","[]","[]","[]","1","[]","[]","[]","[]","vertical","","","",""
"","","","","","horizons-trial","53","1204047","0.0-49.0","","","","","","","5","[66,68,62,76,87]","[52,38,34,36,53]","""2023-09-16T11:43:07.856Z""","[0,1,1,0]","0","1","0","40","70","70","40","30","0","0","[""arrowleft"",""arrowright"",""arrowright"",""arrowleft"",""arrowleft""]","[923,424,446,457,817]","[66,38,34,76,87]","[66,0,0,76,87]","[[50,82.4517]]","[]","[]","[]","1","[]","[]","[]","[]","vertical","","","",""
"","","","","","horizons-trial","54","1224516","0.0-50.0","","","","","","","10","[38,41,24,43,35,40,44,34,45,33]","[54,60,39,33,46,50,55,49,50,51]","""2023-09-16T11:43:28.325Z""","[0,0,0,1]","1","0","1","40","48","40","48","8","0","0","[""arrowleft"",""arrowleft"",""arrowleft"",""arrowright"",""arrowleft"",""arrowleft"",""arrowright"",""arrowright"",""arrowright"",""arrowright""]","[1458,303,404,778,9496,1155,581,588,500,385]","[38,41,24,33,35,40,55,49,50,51]","[0,0,0,0,0,0,55,49,50,51]","[[27.8413,27.9247]]","[]","[]","[]","1","[]","[]","[]","[]","vertical","","","",""
"","","","","","horizons-trial","55","1236096","0.0-51.0","","","","","","","5","[43,58,59,68,58]","[69,56,62,53,47]","""2023-09-16T11:43:39.906Z""","[1,0,1,1]","1","0","0","60","59","60","59","1","0","0","[""arrowright"",""arrowleft"",""arrowright"",""arrowright"",""arrowright""]","[1441,541,508,461,3924]","[69,58,62,53,47]","[69,58,62,0,0]","[[50,40.9461]]","[]","[]","[]","1","[]","[]","[]","[]","vertical","","","",""
"","","","","","horizons-trial","56","1253345","0.0-52.0","","","","","","","10","[55,56,53,53,47,51,51,42,51,58]","[37,37,44,55,33,46,31,50,50,29]","""2023-09-16T11:43:57.154Z""","[1,1,0,1]","1","1","1","40","52","52","40","12","0","0","[""arrowright"",""arrowright"",""arrowleft"",""arrowright"",""arrowleft"",""arrowleft"",""arrowleft"",""arrowleft"",""arrowleft"",""arrowleft""]","[1887,492,446,499,4066,2112,456,474,457,430]","[37,37,53,55,47,51,51,42,51,58]","[0,0,53,55,47,51,51,0,51,58]","[[26.0827,19.379499999999993]]","[]","[]","[]","1","[]","[]","[]","[]","vertical","","","",""
"","","","","","horizons-trial","57","1261982","0.0-53.0","","","","","","","5","[55,56,52,54,50]","[53,54,47,55,63]","""2023-09-16T11:44:05.791Z""","[1,0,1,0]","0","1","0","60","58","58","60","2","0","0","[""arrowright"",""arrowleft"",""arrowright"",""arrowleft"",""arrowleft""]","[529,442,502,1039,1466]","[53,56,47,54,50]","[0,56,0,0,0]","[[50,56.8159]]","[]","[]","[]","1","[]","[]","[]","[]","vertical","","","",""
"","","","","","horizons-trial","58","1276287","0.0-54.0","","","","","","","10","[55,51,67,60,62,70,64,53,42,66]","[56,61,50,57,69,62,74,57,54,44]","""2023-09-16T11:44:20.097Z""","[1,0,1,1]","1","1","1","60","59","59","60","1","0","0","[""arrowright"",""arrowleft"",""arrowright"",""arrowright"",""arrowleft"",""arrowleft"",""arrowleft"",""arrowleft"",""arrowleft"",""arrowleft""]","[1968,437,483,570,3061,1624,450,396,401,440]","[56,51,50,57,62,70,64,53,42,66]","[56,0,0,0,0,70,0,0,0,66]","[[2.51704,4.730400000000003]]","[]","[]","[]","1","[]","[]","[]","[]","vertical","","","",""
"","","","","","horizons-trial","59","1284927","0.0-55.0","","","","","","","5","[57,71,60,58,55]","[41,43,59,36,35]","""2023-09-16T11:44:28.737Z""","[1,1,0,0]","0","0","0","60","48","60","48","12","0","0","[""arrowright"",""arrowright"",""arrowleft"",""arrowleft"",""arrowleft""]","[576,443,459,509,861]","[41,43,60,58,55]","[0,0,60,58,55]","[[50,83.6724]]","[]","[]","[]","1","[]","[]","[]","[]","vertical","","","",""
"","","","","","horizons-trial","60","1291608","0.0-56.0","","","","","","","5","[76,60,68,96,76]","[42,46,29,38,33]","""2023-09-16T11:44:35.418Z""","[0,1,1,1]","1","1","0","40","70","70","40","30","0","0","[""arrowleft"",""arrowright"",""arrowright"",""arrowright"",""arrowleft""]","[800,441,448,543,1168]","[76,46,29,38,76]","[76,0,0,0,76]","[[50,83.6724]]","[]","[]","[]","1","[]","[]","[]","[]","vertical","","","",""
"","","","","","horizons-trial","61","1305286","0.0-57.0","","","","","","","10","[49,44,71,37,45,44,58,46,49,53]","[24,38,37,33,45,38,42,37,49,37]","""2023-09-16T11:44:49.096Z""","[1,0,0,0]","1","1","1","40","48","48","40","8","0","0","[""arrowright"",""arrowleft"",""arrowleft"",""arrowleft"",""arrowleft"",""arrowright"",""arrowleft"",""arrowleft"",""arrowleft"",""arrowleft""]","[782,438,427,501,1941,3033,556,450,341,332]","[24,44,71,37,45,38,58,46,49,53]","[0,44,71,37,45,0,58,46,49,53]","[[67.938,51.9329]]","[]","[]","[]","1","[]","[]","[]","[]","vertical","","","",""
"","","","","","horizons-trial","62","1319399","0.0-58.0","","","","","","","10","[32,67,51,44,53,58,44,31,42,44]","[25,44,51,41,25,37,39,46,27,31]","""2023-09-16T11:45:03.209Z""","[1,1,1,0]","1","1","1","40","42","42","40","2","0","0","[""arrowright"",""arrowright"",""arrowright"",""arrowleft"",""arrowleft"",""arrowleft"",""arrowleft"",""arrowleft"",""arrowleft"",""arrowleft""]","[1188,542,521,537,2432,1318,564,393,258,376]","[25,44,51,44,53,58,44,31,42,44]","[0,0,51,44,53,58,44,0,42,44]","[[10.6067,10.427300000000002]]","[]","[]","[]","1","[]","[]","[]","[]","vertical","","","",""
"","","","","","horizons-trial","63","1333815","0.0-59.0","","","","","","","10","[67,70,49,85,51,54,62,62,68,68]","[69,55,50,56,62,51,39,59,53,67]","""2023-09-16T11:45:17.625Z""","[1,1,0,0]","0","1","1","60","58","58","60","2","0","0","[""arrowright"",""arrowright"",""arrowleft"",""arrowleft"",""arrowleft"",""arrowleft"",""arrowleft"",""arrowleft"",""arrowleft"",""arrowleft""]","[812,329,375,408,4301,591,533,687,356,319]","[69,55,49,85,51,54,62,62,68,68]","[69,0,0,85,0,54,62,62,68,68]","[[29.5999,13.682599999999994]]","[]","[]","[]","1","[]","[]","[]","[]","vertical","","","",""
"","","","","","horizons-trial","64","1343841","0.0-60.0","","","","","","","5","[61,63,57,53,43]","[56,69,49,44,64]","""2023-09-16T11:45:27.650Z""","[1,1,0,1]","1","1","0","60","58","58","60","2","0","0","[""arrowright"",""arrowright"",""arrowleft"",""arrowright"",""arrowleft""]","[842,429,475,2374,1855]","[56,69,57,44,43]","[0,69,57,0,0]","[[50,3.9166000000000025]]","[]","[]","[]","1","[]","[]","[]","[]","vertical","","","",""
"","","","","","horizons-trial","65","1359219","0.0-61.0","","","","","","","10","[36,41,26,28,38,34,30,39,44,44]","[50,52,48,29,35,34,40,39,37,47]","""2023-09-16T11:45:43.029Z""","[0,1,1,1]","1","0","1","40","42","40","42","2","0","0","[""arrowleft"",""arrowright"",""arrowright"",""arrowright"",""arrowleft"",""arrowright"",""arrowright"",""arrowleft"",""arrowright"",""arrowright""]","[840,523,443,507,4389,1285,977,687,602,505]","[36,52,48,29,38,34,40,39,37,47]","[0,52,48,29,38,34,40,39,0,47]","[[3.22049,3.509699999999995]]","[]","[]","[]","1","[]","[]","[]","[]","vertical","","","",""
"","","","","","horizons-trial","66","1370897","0.0-62.0","","","","","","","5","[47,73,60,58,61]","[72,44,47,64,53]","""2023-09-16T11:45:54.706Z""","[1,0,1,0]","0","1","0","60","59","59","60","1","0","0","[""arrowright"",""arrowleft"",""arrowright"",""arrowleft"",""arrowleft""]","[869,1004,2843,902,1933]","[72,73,47,58,61]","[72,73,0,0,61]","[[50,82.4517]]","[]","[]","[]","1","[]","[]","[]","[]","vertical","","","",""
"","","","","","horizons-trial","67","1379136","0.0-63.0","","","","","","","5","[30,33,44,43,52]","[53,50,48,46,51]","""2023-09-16T11:46:02.945Z""","[0,1,0,0]","1","0","0","40","52","40","52","12","0","0","[""arrowleft"",""arrowright"",""arrowleft"",""arrowleft"",""arrowright""]","[581,433,486,592,1760]","[30,50,44,43,51]","[0,50,0,0,0]","[[50,64.1404]]","[]","[]","[]","1","[]","[]","[]","[]","vertical","","","",""
"","","","","","horizons-trial","68","1390510","0.0-64.0","","","","","","","5","[61,56,62,70,46]","[55,43,34,24,36]","""2023-09-16T11:46:14.320Z""","[0,0,0,1]","1","0","0","60","48","60","48","12","0","0","[""arrowleft"",""arrowleft"",""arrowleft"",""arrowright"",""arrowleft""]","[1084,429,474,2112,694]","[61,56,62,24,46]","[61,56,62,0,46]","[[50,87.3347]]","[]","[]","[]","1","[]","[]","[]","[]","vertical","","","",""
"","","","","","horizons-trial","69","1397123","0.0-65.0","","","","","","","5","[36,42,29,51,28]","[45,38,35,41,38]","""2023-09-16T11:46:20.932Z""","[1,1,1,0]","1","0","0","40","41","40","41","1","0","0","[""arrowright"",""arrowright"",""arrowright"",""arrowleft"",""arrowleft""]","[707,420,584,486,665]","[45,38,35,51,28]","[45,0,35,51,0]","[[50,73.0926]]","[]","[]","[]","1","[]","[]","[]","[]","vertical","","","",""
"","","","","","horizons-trial","70","1409897","0.0-66.0","","","","","","","5","[45,41,46,46,46]","[33,42,51,43,36]","""2023-09-16T11:46:33.707Z""","[0,1,1,1]","1","0","0","40","42","40","42","2","0","0","[""arrowleft"",""arrowright"",""arrowright"",""arrowright"",""arrowright""]","[1873,500,521,586,4610]","[45,42,51,43,36]","[45,42,51,0,0]","[[50,2.6958000000000055]]","[]","[]","[]","1","[]","[]","[]","[]","vertical","","","",""
"","","","","","horizons-trial","71","1418834","0.0-67.0","","","","","","","5","[52,51,49,58,63]","[62,66,55,58,58]","""2023-09-16T11:46:42.644Z""","[1,1,1,0]","1","1","0","60","52","52","60","8","0","0","[""arrowright"",""arrowright"",""arrowright"",""arrowleft"",""arrowright""]","[1379,511,741,589,1205]","[62,66,55,58,58]","[62,66,55,58,0]","[[50,46.236]]","[]","[]","[]","1","[]","[]","[]","[]","vertical","","","",""
"","","","","","horizons-trial","72","1432863","0.0-68.0","","","","","","","10","[31,34,40,45,35,36,38,40,37,29]","[45,46,42,43,40,40,54,46,33,43]","""2023-09-16T11:46:56.673Z""","[0,1,1,1]","1","1","1","40","41","41","40","1","0","0","[""arrowleft"",""arrowright"",""arrowright"",""arrowright"",""arrowleft"",""arrowright"",""arrowright"",""arrowright"",""arrowright"",""arrowright""]","[683,519,501,717,2404,2784,615,393,346,704]","[31,46,42,43,35,40,54,46,33,43]","[0,46,42,0,0,40,54,46,0,43]","[[0.406683,0.6611999999999938]]","[]","[]","[]","1","[]","[]","[]","[]","vertical","","","",""
"","","","","","horizons-trial","73","1449499","0.0-69.0","","","","","","","10","[33,36,51,46,26,46,33,34,25,48]","[49,62,56,58,58,66,73,65,48,67]","""2023-09-16T11:47:13.308Z""","[1,0,0,1]","0","1","1","60","40","40","60","20","0","0","[""arrowright"",""arrowleft"",""arrowleft"",""arrowright"",""arrowright"",""arrowright"",""arrowright"",""arrowright"",""arrowright"",""arrowright""]","[1427,586,442,547,1879,1333,438,320,319,337]","[49,36,51,58,58,66,73,65,48,67]","[49,0,0,58,58,66,73,65,48,67]","[[86.2277,69.8372]]","[]","[]","[]","1","[]","[]","[]","[]","vertical","","","",""
"","","","","","horizons-trial","74","1468345","0.0-70.0","","","","","","","10","[43,26,47,43,31,25,39,45,23,36]","[41,40,38,49,46,50,55,49,44,47]","""2023-09-16T11:47:32.154Z""","[1,0,0,1]","0","0","1","40","44","40","44","4","0","0","[""arrowright"",""arrowleft"",""arrowleft"",""arrowright"",""arrowright"",""arrowright"",""arrowright"",""arrowright"",""arrowright"",""arrowright""]","[534,501,499,440,2776,1271,353,338,395,336]","[41,26,47,49,46,50,55,49,44,47]","[0,0,47,49,46,50,55,49,44,47]","[[79.545,56.8159]]","[]","[]","[]","1","[]","[]","[]","[]","vertical","","","",""
"","","","","","horizons-trial","75","1548817","0.0-71.0","","","","","","","10","[64,72,73,63,60,71,66,67,67,78]","[48,42,30,30,39,55,39,18,36,33]","""2023-09-16T11:48:52.627Z""","[0,0,1,1]","0","1","1","40","70","70","40","30","0","0","[""arrowleft"",""arrowleft"",""arrowright"",""arrowright"",""arrowleft"",""arrowleft"",""arrowleft"",""arrowleft"",""arrowleft"",""arrowleft""]","[72260,351,426,386,601,1718,333,228,205,427]","[64,72,30,30,60,71,66,67,67,78]","[64,72,0,0,60,71,66,67,67,78]","[[86.9312,85.707]]","[]","[]","[]","1","[]","[]","[]","[]","vertical","","","",""
"","","","","","horizons-trial","76","1557286","0.0-72.0","","","","","","","10","[41,40,20,40,44,50,34,44,40,42]","[54,58,52,64,59,51,50,66,73,50]","""2023-09-16T11:49:01.096Z""","[1,1,0,1]","1","1","1","60","40","40","60","20","0","0","[""arrowright"",""arrowright"",""arrowleft"",""arrowright"",""arrowright"",""arrowright"",""arrowright"",""arrowright"",""arrowright"",""arrowright""]","[639,322,353,633,789,633,292,215,255,417]","[54,58,20,64,59,51,50,66,73,50]","[54,58,0,64,59,51,50,66,73,50]","[[95.0209,85.3001]]","[]","[]","[]","1","[]","[]","[]","[]","vertical","","","",""
"","","","","","horizons-trial","77","1565042","0.0-73.0","","","","","","","10","[42,29,44,48,37,25,44,36,39,33]","[55,68,61,66,60,78,71,57,67,49]","""2023-09-16T11:49:08.851Z""","[1,1,0,1]","1","0","1","40","60","40","60","20","0","0","[""arrowright"",""arrowright"",""arrowleft"",""arrowright"",""arrowright"",""arrowright"",""arrowright"",""arrowright"",""arrowright"",""arrowright""]","[708,344,375,521,958,504,266,240,213,145]","[55,68,44,66,60,78,71,57,67,49]","[55,68,0,66,60,78,71,57,67,49]","[[89.745,75.1272]]","[]","[]","[]","1","[]","[]","[]","[]","vertical","","","",""
"","","","","","horizons-trial","78","1579853","0.0-74.0","","","","","","","5","[54,61,57,49,55]","[44,46,33,51,46]","""2023-09-16T11:49:23.663Z""","[0,1,1,1]","1","1","0","40","52","52","40","12","0","0","[""arrowleft"",""arrowright"",""arrowright"",""arrowright"",""arrowleft""]","[849,480,529,709,1658]","[54,46,33,51,55]","[54,0,0,51,55]","[[50,47.8637]]","[]","[]","[]","1","[]","[]","[]","[]","vertical","","","",""
"","","","","","horizons-trial","79","1588240","0.0-75.0","","","","","","","5","[33,41,37,46,39]","[48,68,49,49,51]","""2023-09-16T11:49:32.050Z""","[1,0,0,1]","0","0","0","40","52","40","52","12","0","0","[""arrowright"",""arrowleft"",""arrowleft"",""arrowright"",""arrowright""]","[706,422,407,448,1842]","[48,41,37,49,51]","[48,0,0,49,51]","[[50,67.3957]]","[]","[]","[]","1","[]","[]","[]","[]","vertical","","","",""
"","","","","","horizons-trial","80","1596805","0.0-76.0","","","","","","","10","[37,59,42,64,64,56,53,56,50,53]","[76,53,33,52,73,39,50,59,68,69]","""2023-09-16T11:49:40.615Z""","[0,1,0,1]","0","1","1","60","52","52","60","8","0","0","[""arrowleft"",""arrowright"",""arrowleft"",""arrowright"",""arrowright"",""arrowright"",""arrowright"",""arrowright"",""arrowright"",""arrowright""]","[849,460,424,466,1603,738,315,245,279,198]","[37,53,42,52,73,39,50,59,68,69]","[0,0,42,0,73,0,0,59,68,69]","[[86.2277,80.0102]]","[]","[]","[]","1","[]","[]","[]","[]","vertical","","","",""
"","","","","","horizons-trial","81","1604526","0.0-77.0","","","","","","","5","[45,57,58,39,46]","[40,37,24,50,58]","""2023-09-16T11:49:48.336Z""","[1,0,0,1]","0","1","0","40","52","52","40","12","0","0","[""arrowright"",""arrowleft"",""arrowleft"",""arrowright"",""arrowleft""]","[717,429,423,1026,646]","[40,57,58,50,46]","[0,57,58,50,0]","[[50,78.3825]]","[]","[]","[]","1","[]","[]","[]","[]","vertical","","","",""
"","","","","","horizons-trial","82","1616789","0.0-78.0","","","","","","","10","[33,44,68,48,53,44,53,40,44,57]","[28,45,31,35,43,43,34,39,37,39]","""2023-09-16T11:50:00.599Z""","[0,1,1,0]","0","1","1","40","52","52","40","12","0","0","[""arrowleft"",""arrowright"",""arrowright"",""arrowleft"",""arrowleft"",""arrowleft"",""arrowleft"",""arrowleft"",""arrowleft"",""arrowleft""]","[573,555,467,509,2840,647,510,390,274,205]","[33,45,31,48,53,44,53,40,44,57]","[33,45,0,48,53,44,53,40,44,57]","[[74.6208,66.58189999999999]]","[]","[]","[]","1","[]","[]","[]","[]","vertical","","","",""
"","","","","","horizons-trial","83","1627255","0.0-79.0","","","","","","","10","[31,32,49,48,30,40,41,31,33,19]","[30,39,45,31,52,36,39,32,46,35]","""2023-09-16T11:50:11.065Z""","[1,0,0,1]","0","0","1","40","41","40","41","1","0","0","[""arrowright"",""arrowleft"",""arrowleft"",""arrowright"",""arrowleft"",""arrowleft"",""arrowleft"",""arrowleft"",""arrowleft"",""arrowleft""]","[724,439,461,535,2435,713,320,256,234,217]","[30,32,49,31,30,40,41,31,33,19]","[0,0,49,0,0,40,41,0,0,0]","[[88.6898,78.3825]]","[]","[]","[]","1","[]","[]","[]","[]","vertical","","","",""
"","","","","","horizons-trial","84","1635827","0.0-80.0","","","","","","","5","[38,44,37,37,54]","[55,44,38,37,48]","""2023-09-16T11:50:19.637Z""","[0,1,0,1]","0","0","0","40","42","40","42","2","0","0","[""arrowleft"",""arrowright"",""arrowleft"",""arrowright"",""arrowright""]","[567,542,403,584,2419]","[38,44,37,37,48]","[0,44,0,37,0]","[[50,71.05799999999999]]","[]","[]","[]","1","[]","[]","[]","[]","vertical","","","",""
"","","","","","horizons-trial","85","1643181","0.0-81.0","","","","","","","5","[47,57,57,56,56]","[74,62,61,62,61]","""2023-09-16T11:50:26.991Z""","[1,0,0,1]","0","1","0","60","56","56","60","4","0","0","[""arrowright"",""arrowleft"",""arrowleft"",""arrowright"",""arrowright""]","[678,478,628,608,1145]","[74,57,57,62,61]","[74,0,0,62,61]","[[50,84.89320000000001]]","[]","[]","[]","1","[]","[]","[]","[]","vertical","","","",""
"","","","","","horizons-trial","86","1653466","0.0-82.0","","","","","","","5","[74,58,78,51,66]","[47,53,50,58,55]","""2023-09-16T11:50:37.276Z""","[0,1,0,1]","0","0","0","60","52","60","52","8","0","0","[""arrowleft"",""arrowright"",""arrowleft"",""arrowright"",""arrowleft""]","[647,505,589,440,2032]","[74,53,78,58,66]","[74,0,78,58,66]","[[50,87.3347]]","[]","[]","[]","1","[]","[]","[]","[]","vertical","","","",""
"","","","","","horizons-trial","87","1664264","0.0-83.0","","","","","","","5","[58,56,60,54,68]","[59,72,53,41,72]","""2023-09-16T11:50:48.073Z""","[0,0,1,0]","1","1","0","60","56","56","60","4","0","0","[""arrowleft"",""arrowleft"",""arrowright"",""arrowleft"",""arrowleft""]","[600,421,569,769,1969]","[58,56,53,54,68]","[0,0,0,54,0]","[[50,18.565600000000003]]","[]","[]","[]","1","[]","[]","[]","[]","vertical","","","",""
"","","","","","horizons-trial","88","1674908","0.0-84.0","","","","","","","10","[61,60,63,61,65,74,81,69,55,63]","[62,60,39,47,59,60,47,51,49,48]","""2023-09-16T11:50:58.718Z""","[0,0,1,1]","0","0","1","60","52","60","52","8","0","0","[""arrowleft"",""arrowleft"",""arrowright"",""arrowright"",""arrowleft"",""arrowleft"",""arrowleft"",""arrowleft"",""arrowleft"",""arrowleft""]","[747,414,570,587,2507,580,340,284,264,415]","[61,60,39,47,65,74,81,69,55,63]","[0,60,0,0,65,74,81,69,55,63]","[[81.3036,69.4303]]","[]","[]","[]","1","[]","[]","[]","[]","vertical","","","",""
"","","","","","horizons-trial","89","1691347","0.0-85.0","","","","","","","10","[61,56,55,64,63,64,64,58,49,48]","[49,54,58,73,53,52,60,57,59,69]","""2023-09-16T11:51:15.157Z""","[0,0,1,1]","0","0","1","60","58","60","58","2","0","0","[""arrowleft"",""arrowleft"",""arrowright"",""arrowright"",""arrowright"",""arrowright"",""arrowright"",""arrowright"",""arrowright"",""arrowright""]","[2023,472,1016,1306,1006,1236,477,397,368,383]","[61,56,58,73,53,52,60,57,59,69]","[61,56,58,73,0,0,0,0,59,69]","[[70.7518,61.292]]","[]","[]","[]","1","[]","[]","[]","[]","vertical","","","",""
"","","","","","horizons-trial","90","1703592","0.0-86.0","","","","","","","10","[50,62,54,47,52,62,25,62,61,58]","[61,56,49,68,62,55,54,66,62,58]","""2023-09-16T11:51:27.402Z""","[0,0,1,0]","1","1","1","60","52","52","60","8","0","0","[""arrowleft"",""arrowleft"",""arrowright"",""arrowleft"",""arrowleft"",""arrowleft"",""arrowleft"",""arrowleft"",""arrowleft"",""arrowleft""]","[615,437,474,501,1896,774,449,349,555,264]","[50,62,49,47,52,62,25,62,61,58]","[0,62,0,0,0,62,0,0,0,58]","[[76.3794,68.6165]]","[]","[]","[]","1","[]","[]","[]","[]","vertical","","","",""
"","","","","","horizons-trial","91","1732033","0.0-87.0","","","","","","","5","[48,52,42,39,48]","[55,74,61,67,53]","""2023-09-16T11:51:55.843Z""","[0,1,0,0]","1","1","0","60","48","48","60","12","0","0","[""arrowleft"",""arrowright"",""arrowleft"",""arrowleft"",""arrowright""]","[4403,420,435,1371,539]","[48,74,42,39,53]","[0,74,0,0,53]","[[50,86.5209]]","[]","[]","[]","1","[]","[]","[]","[]","vertical","","","",""
"","","","","","horizons-trial","92","1751197","0.0-88.0","","","","","","","5","[65,50,58,61,66]","[73,60,56,59,57]","""2023-09-16T11:52:15.007Z""","[1,0,1,0]","0","0","0","60","56","60","56","4","0","0","[""arrowright"",""arrowleft"",""arrowright"",""arrowleft"",""arrowright""]","[1224,525,540,557,13126]","[73,50,56,61,57]","[73,0,0,61,0]","[[50,86.5209]]","[]","[]","[]","1","[]","[]","[]","[]","vertical","","","",""
"","","","","","horizons-trial","93","1759989","0.0-89.0","","","","","","","10","[35,34,37,33,26,17,24,31,39,15]","[61,55,56,68,41,52,51,58,42,66]","""2023-09-16T11:52:23.799Z""","[1,1,0,0]","0","1","1","60","30","30","60","30","0","0","[""arrowright"",""arrowright"",""arrowleft"",""arrowleft"",""arrowright"",""arrowright"",""arrowright"",""arrowright"",""arrowright"",""arrowright""]","[866,464,523,456,1044,466,276,244,234,221]","[61,55,37,33,41,52,51,58,42,66]","[61,55,0,0,41,52,51,58,42,66]","[[93.2623,84.0793]]","[]","[]","[]","1","[]","[]","[]","[]","vertical","","","",""
"","","","","","horizons-trial","94","1768878","0.0-90.0","","","","","","","5","[44,33,25,28,26]","[64,65,51,53,60]","""2023-09-16T11:52:32.688Z""","[1,0,0,1]","0","1","0","60","30","30","60","30","0","0","[""arrowright"",""arrowleft"",""arrowleft"",""arrowright"",""arrowright""]","[891,554,607,549,787]","[64,33,25,53,60]","[64,0,0,53,60]","[[50,74.3133]]","[]","[]","[]","1","[]","[]","[]","[]","vertical","","","",""
"","","","","","horizons-trial","95","1778451","0.0-91.0","","","","","","","5","[47,29,45,41,45]","[39,35,40,45,33]","""2023-09-16T11:52:42.261Z""","[1,0,0,0]","1","1","0","40","44","44","40","4","0","0","[""arrowright"",""arrowleft"",""arrowleft"",""arrowleft"",""arrowright""]","[620,429,443,742,3337]","[39,29,45,41,33]","[0,0,45,0,0]","[[50,34.842299999999994]]","[]","[]","[]","1","[]","[]","[]","[]","vertical","","","",""
"","","","","","horizons-trial","96","1788593","0.0-92.0","","","","","","","10","[33,31,47,29,37,23,35,44,35,32]","[50,33,51,46,48,47,41,42,42,38]","""2023-09-16T11:52:52.403Z""","[0,0,0,1]","1","0","1","40","44","40","44","4","0","0","[""arrowleft"",""arrowleft"",""arrowleft"",""arrowright"",""arrowright"",""arrowright"",""arrowright"",""arrowright"",""arrowright"",""arrowright""]","[755,427,524,588,564,631,404,373,317,351]","[33,31,47,46,48,47,41,42,42,38]","[0,0,0,46,48,47,41,0,42,38]","[[25.7309,23.4486]]","[]","[]","[]","1","[]","[]","[]","[]","vertical","","","",""
"","","","","","horizons-trial","97","1797571","0.0-93.0","","","","","","","10","[60,60,59,64,59,62,39,68,47,68]","[45,42,30,47,51,51,47,28,40,39]","""2023-09-16T11:53:01.381Z""","[1,1,0,0]","0","1","1","40","60","60","40","20","0","0","[""arrowright"",""arrowright"",""arrowleft"",""arrowleft"",""arrowleft"",""arrowleft"",""arrowleft"",""arrowleft"",""arrowleft"",""arrowleft""]","[726,457,626,435,702,433,311,276,242,429]","[45,42,59,64,59,62,39,68,47,68]","[0,0,59,64,59,62,0,68,47,68]","[[84.8208,73.4995]]","[]","[]","[]","1","[]","[]","[]","[]","vertical","","","",""
"","","","","","horizons-trial","98","1819097","0.0-94.0","","","","","","","5","[52,42,58,29,45]","[53,29,36,61,36]","""2023-09-16T11:53:22.907Z""","[0,1,1,1]","1","1","0","40","48","48","40","8","0","0","[""arrowleft"",""arrowright"",""arrowright"",""arrowright"",""arrowleft""]","[727,548,637,813,6071]","[52,29,36,61,45]","[0,0,0,61,45]","[[50,9.613399999999999]]","[]","[]","[]","1","[]","[]","[]","[]","vertical","","","",""
"","","","","","horizons-trial","99","1830775","0.0-95.0","","","","","","","10","[52,67,50,68,65,51,54,57,63,67]","[58,55,40,53,48,51,37,53,58,44]","""2023-09-16T11:53:34.585Z""","[1,0,0,0]","1","0","1","60","48","60","48","12","0","0","[""arrowright"",""arrowleft"",""arrowleft"",""arrowleft"",""arrowleft"",""arrowleft"",""arrowleft"",""arrowleft"",""arrowleft"",""arrowleft""]","[551,506,443,933,607,363,247,207,133,136]","[58,67,50,68,65,51,54,57,63,67]","[58,67,50,68,65,51,54,57,63,67]","[[85.1726,73.9064]]","[]","[]","[]","1","[]","[]","[]","[]","vertical","","","",""
"","","","","","horizons-trial","100","1848914","0.0-96.0","","","","","","","5","[43,43,31,38,48]","[36,33,58,36,40]","""2023-09-16T11:53:52.724Z""","[1,1,0,0]","0","1","0","40","42","42","40","2","0","0","[""arrowright"",""arrowright"",""arrowleft"",""arrowleft"",""arrowleft""]","[775,482,495,487,9692]","[36,33,31,38,48]","[0,0,0,38,48]","[[50,0.6611999999999938]]","[]","[]","[]","1","[]","[]","[]","[]","vertical","","","",""
"","","","","","horizons-trial","101","1857879","0.0-97.0","","","","","","","5","[56,62,50,71,63]","[54,58,56,77,68]","""2023-09-16T11:54:01.689Z""","[0,0,0,1]","1","1","0","60","59","59","60","1","0","0","[""arrowleft"",""arrowleft"",""arrowleft"",""arrowright"",""arrowright""]","[865,380,442,531,1084]","[56,62,50,77,68]","[56,62,0,77,68]","[[50,75.1272]]","[]","[]","[]","1","[]","[]","[]","[]","vertical","","","",""
"","","","","","horizons-trial","102","1866874","0.0-98.0","","","","","","","5","[56,55,35,43,36]","[56,50,56,49,46]","""2023-09-16T11:54:10.684Z""","[1,0,0,0]","1","0","0","40","60","40","60","20","0","0","[""arrowright"",""arrowleft"",""arrowleft"",""arrowleft"",""arrowright""]","[698,583,502,614,2614]","[56,55,35,43,46]","[56,55,0,0,46]","[[50,74.7202]]","[]","[]","[]","1","[]","[]","[]","[]","vertical","","","",""
"","","","","","horizons-trial","103","1876186","0.0-99.0","","","","","","","10","[48,45,34,43,51,40,52,51,42,44]","[37,35,33,33,44,32,53,40,31,38]","""2023-09-16T11:54:19.996Z""","[0,1,1,0]","0","1","1","40","44","44","40","4","0","0","[""arrowleft"",""arrowright"",""arrowright"",""arrowleft"",""arrowleft"",""arrowleft"",""arrowleft"",""arrowleft"",""arrowleft"",""arrowleft""]","[1381,542,466,617,916,346,272,215,197,136]","[48,35,33,43,51,40,52,51,42,44]","[48,0,0,43,51,40,0,51,42,44]","[[69.6966,65.7681]]","[]","[]","[]","1","[]","[]","[]","[]","vertical","","","",""
"","","","","","horizons-trial","104","1889394","0.0-100.0","","","","","","","10","[59,50,68,55,56,54,47,73,80,55]","[60,72,70,52,60,66,48,58,67,45]","""2023-09-16T11:54:33.204Z""","[1,0,1,0]","0","1","1","60","59","59","60","1","0","0","[""arrowright"",""arrowleft"",""arrowright"",""arrowleft"",""arrowright"",""arrowright"",""arrowright"",""arrowright"",""arrowright"",""arrowright""]","[1619,480,515,569,1008,386,259,182,212,395]","[60,50,70,55,60,66,48,58,67,45]","[60,0,70,55,60,66,48,0,0,0]","[[90.0967,82.4517]]","[]","[]","[]","1","[]","[]","[]","[]","vertical","","","",""
"","","","","","horizons-trial","105","1899102","0.0-101.0","","","","","","","10","[64,52,53,58,49,42,52,54,44,57]","[62,50,55,66,66,58,67,71,64,66]","""2023-09-16T11:54:42.911Z""","[1,0,1,1]","1","1","1","60","56","56","60","4","0","0","[""arrowright"",""arrowleft"",""arrowright"",""arrowright"",""arrowright"",""arrowright"",""arrowright"",""arrowright"",""arrowright"",""arrowright""]","[790,670,661,688,719,717,355,285,278,428]","[62,52,55,66,66,58,67,71,64,66]","[0,52,55,66,66,58,67,71,64,66]","[[68.9932,63.7335]]","[]","[]","[]","1","[]","[]","[]","[]","vertical","","","",""
"","","","","","horizons-trial","106","1910031","0.0-102.0","","","","","","","5","[49,38,59,34,45]","[10,35,56,35,49]","""2023-09-16T11:54:53.840Z""","[1,0,1,0]","0","1","0","40","44","44","40","4","0","0","[""arrowright"",""arrowleft"",""arrowright"",""arrowleft"",""arrowleft""]","[819,472,864,777,4079]","[10,38,56,34,45]","[0,38,0,0,0]","[[50,6.765000000000001]]","[]","[]","[]","1","[]","[]","[]","[]","vertical","","","",""
"","","","","","horizons-trial","107","1923992","0.0-103.0","","","","","","","5","[21,46,22,16,48]","[65,61,55,57,63]","""2023-09-16T11:55:07.802Z""","[1,1,1,0]","1","1","0","60","30","30","60","30","0","0","[""arrowright"",""arrowright"",""arrowright"",""arrowleft"",""arrowright""]","[6478,472,543,819,645]","[65,61,55,16,63]","[65,61,55,0,63]","[[50,87.3347]]","[]","[]","[]","1","[]","[]","[]","[]","vertical","","","",""
"","","","","","horizons-trial","108","1933705","0.0-104.0","","","","","","","10","[45,51,40,34,40,41,50,52,46,48]","[65,61,67,57,48,61,57,54,56,49]","""2023-09-16T11:55:17.515Z""","[1,1,0,0]","0","1","1","60","48","48","60","12","0","0","[""arrowright"",""arrowright"",""arrowleft"",""arrowleft"",""arrowright"",""arrowright"",""arrowright"",""arrowright"",""arrowright"",""arrowright""]","[640,412,457,408,530,520,245,194,196,184]","[65,61,40,34,48,61,57,54,56,49]","[65,61,0,0,48,61,57,54,56,49]","[[93.2623,85.707]]","[]","[]","[]","1","[]","[]","[]","[]","vertical","","","",""
"","","","","","horizons-trial","109","1939531","0.0-105.0","","","","","","","5","[51,33,41,41,50]","[54,64,63,50,54]","""2023-09-16T11:55:23.341Z""","[1,1,1,0]","1","1","0","60","40","40","60","20","0","0","[""arrowright"",""arrowright"",""arrowright"",""arrowleft"",""arrowright""]","[552,419,497,584,454]","[54,64,63,41,54]","[54,64,63,0,54]","[[50,80.4171]]","[]","[]","[]","1","[]","[]","[]","[]","vertical","","","",""
"","","","","","horizons-trial","110","1947541","0.0-106.0","","","","","","","10","[65,73,66,54,58,68,61,56,47,72]","[30,35,26,36,21,19,34,32,17,33]","""2023-09-16T11:55:31.351Z""","[1,0,0,1]","0","0","1","60","30","60","30","30","0","0","[""arrowright"",""arrowleft"",""arrowleft"",""arrowright"",""arrowleft"",""arrowleft"",""arrowleft"",""arrowleft"",""arrowleft"",""arrowleft""]","[576,525,445,584,475,337,228,288,240,226]","[30,73,66,36,58,68,61,56,47,72]","[0,73,66,0,58,68,61,56,47,72]","[[88.3381,86.5209]]","[]","[]","[]","1","[]","[]","[]","[]","vertical","","","",""
"","","","","","horizons-trial","111","1954014","0.0-107.0","","","","","","","5","[71,56,54,61,56]","[48,56,49,74,62]","""2023-09-16T11:55:37.824Z""","[0,1,1,0]","0","0","0","60","58","60","58","2","0","0","[""arrowleft"",""arrowright"",""arrowright"",""arrowleft"",""arrowleft""]","[758,450,500,466,530]","[71,56,49,61,56]","[71,56,0,0,0]","[[50,80.0102]]","[]","[]","[]","1","[]","[]","[]","[]","vertical","","","",""
"","","","","","horizons-trial","112","1963762","0.0-108.0","","","","","","","5","[34,41,42,54,37]","[42,41,40,49,36]","""2023-09-16T11:55:47.572Z""","[0,0,1,0]","1","1","0","40","42","42","40","2","0","0","[""arrowleft"",""arrowleft"",""arrowright"",""arrowleft"",""arrowleft""]","[630,375,439,793,3638]","[34,41,40,54,37]","[0,41,0,54,37]","[[50,10.020300000000006]]","[]","[]","[]","1","[]","[]","[]","[]","vertical","","","",""
"","","","","","horizons-trial","113","1987685","0.0-109.0","","","","","","","5","[69,61,67,63,45]","[49,34,35,55,33]","""2023-09-16T11:56:11.495Z""","[0,1,0,0]","1","0","0","60","52","60","52","8","0","0","[""arrowleft"",""arrowright"",""arrowleft"",""arrowleft"",""arrowleft""]","[1377,497,522,990,529]","[69,34,67,63,45]","[69,0,67,63,45]","[[50,77.9756]]","[]","[]","[]","1","[]","[]","[]","[]","vertical","","","",""
"","","","","","horizons-trial","114","1995503","0.0-110.0","","","","","","","10","[49,82,72,59,70,62,59,66,82,62]","[29,51,46,34,41,46,39,36,45,49]","""2023-09-16T11:56:19.313Z""","[0,0,0,1]","1","1","1","40","70","70","40","30","0","0","[""arrowleft"",""arrowleft"",""arrowleft"",""arrowright"",""arrowleft"",""arrowleft"",""arrowleft"",""arrowleft"",""arrowleft"",""arrowleft""]","[788,392,488,666,539,387,219,192,173,378]","[49,82,72,34,70,62,59,66,82,62]","[49,82,72,0,70,62,59,66,82,62]","[[91.1519,84.4863]]","[]","[]","[]","1","[]","[]","[]","[]","vertical","","","",""
"","","","","","horizons-trial","115","2010472","0.0-111.0","","","","","","","10","[61,53,55,57,55,63,45,44,44,50]","[53,61,60,47,67,73,73,60,56,53]","""2023-09-16T11:56:34.281Z""","[1,0,1,0]","0","1","1","60","56","56","60","4","0","0","[""arrowright"",""arrowleft"",""arrowright"",""arrowleft"",""arrowright"",""arrowright"",""arrowright"",""arrowright"",""arrowright"",""arrowright""]","[790,509,450,477,3947,1401,445,308,257,343]","[53,53,60,57,67,73,73,60,56,53]","[0,0,60,57,67,73,73,60,56,53]","[[15.1792,12.054900000000004]]","[]","[]","[]","1","[]","[]","[]","[]","vertical","","","",""
"","","","","","horizons-trial","116","2047391","0.0-112.0","","","","","","","10","[57,77,42,48,52,78,61,61,67,55]","[50,35,38,36,46,53,40,37,44,35]","""2023-09-16T11:57:11.200Z""","[1,0,0,0]","1","0","1","60","40","60","40","20","0","0","[""arrowright"",""arrowleft"",""arrowleft"",""arrowleft"",""arrowleft"",""arrowright"",""arrowleft"",""arrowleft"",""arrowleft"",""arrowleft""]","[643,473,441,996,7386,2897,988,562,429,392]","[50,77,42,48,52,53,61,61,67,55]","[0,77,42,48,52,0,61,61,67,55]","[[14.124,13.2757]]","[]","[]","[]","1","[]","[]","[]","[]","vertical","","","",""
"","","","","","horizons-trial","117","2056442","0.0-113.0","","","","","","","5","[57,45,42,49,27]","[65,56,55,75,57]","""2023-09-16T11:57:20.252Z""","[1,1,0,0]","0","0","0","40","60","40","60","20","0","0","[""arrowright"",""arrowright"",""arrowleft"",""arrowleft"",""arrowright""]","[642,400,424,416,875]","[65,56,42,49,57]","[65,56,0,0,57]","[[50,77.1617]]","[]","[]","[]","1","[]","[]","[]","[]","vertical","","","",""
"","","","","","horizons-trial","118","2066045","0.0-114.0","","","","","","","10","[51,41,44,40,51,42,32,31,42,40]","[60,76,65,66,79,71,58,70,65,56]","""2023-09-16T11:57:29.854Z""","[1,0,0,0]","1","0","1","40","70","40","70","30","0","0","[""arrowright"",""arrowleft"",""arrowleft"",""arrowleft"",""arrowright"",""arrowright"",""arrowright"",""arrowright"",""arrowright"",""arrowright""]","[567,472,440,442,882,502,284,214,180,188]","[60,41,44,40,79,71,58,70,65,56]","[60,0,0,0,79,71,58,70,65,56]","[[61.9587,57.2228]]","[]","[]","[]","1","[]","[]","[]","[]","vertical","","","",""
"","","","","","horizons-trial","119","2076028","0.0-115.0","","","","","","","10","[28,52,34,49,51,35,37,46,34,43]","[69,70,50,59,65,77,69,63,65,59]","""2023-09-16T11:57:39.837Z""","[1,1,0,0]","0","0","1","40","70","40","70","30","0","0","[""arrowright"",""arrowright"",""arrowleft"",""arrowleft"",""arrowright"",""arrowright"",""arrowright"",""arrowright"",""arrowright"",""arrowright""]","[722,386,519,345,838,571,306,176,208,256]","[69,70,34,49,65,77,69,63,65,59]","[69,70,0,0,65,77,69,63,65,59]","[[82.7105,79.19630000000001]]","[]","[]","[]","1","[]","[]","[]","[]","vertical","","","",""
"","","","","","horizons-trial","120","2086393","0.0-116.0","","","","","","","10","[48,32,33,50,46,52,32,47,52,43]","[54,41,48,41,27,49,42,36,49,38]","""2023-09-16T11:57:50.203Z""","[1,1,0,0]","0","0","1","40","42","40","42","2","0","0","[""arrowright"",""arrowright"",""arrowleft"",""arrowleft"",""arrowright"",""arrowright"",""arrowright"",""arrowright"",""arrowright"",""arrowright""]","[716,353,456,394,1412,600,295,474,1004,266]","[54,41,33,50,27,49,42,36,49,38]","[54,41,0,50,0,0,42,0,0,0]","[[80.2484,66.9888]]","[]","[]","[]","1","[]","[]","[]","[]","vertical","","","",""
"","","","","","horizons-trial","121","2099364","0.0-117.0","","","","","","","10","[36,23,25,18,11,39,38,29,37,10]","[67,60,47,64,64,72,64,60,56,51]","""2023-09-16T11:58:03.173Z""","[0,1,0,0]","1","1","1","60","30","30","60","30","0","0","[""arrowleft"",""arrowright"",""arrowleft"",""arrowleft"",""arrowright"",""arrowright"",""arrowright"",""arrowright"",""arrowright"",""arrowright""]","[742,546,429,474,1036,351,223,196,301,848]","[36,60,25,18,64,72,64,60,56,51]","[0,60,0,0,64,72,64,60,56,51]","[[86.9312,78.3825]]","[]","[]","[]","1","[]","[]","[]","[]","vertical","","","",""
"","","","","","horizons-trial","122","2108542","0.0-118.0","","","","","","","5","[61,53,50,55,59]","[48,55,52,51,46]","""2023-09-16T11:58:12.351Z""","[0,1,0,0]","1","0","0","60","56","60","56","4","0","0","[""arrowleft"",""arrowright"",""arrowleft"",""arrowleft"",""arrowleft""]","[831,467,472,404,2556]","[61,55,50,55,59]","[61,55,0,55,59]","[[50,8.392700000000005]]","[]","[]","[]","1","[]","[]","[]","[]","vertical","","","",""
"","","","","","horizons-trial","123","2118685","0.0-119.0","","","","","","","10","[38,42,31,42,36,72,40,32,54,30]","[58,35,61,59,60,50,39,54,44,50]","""2023-09-16T11:58:22.494Z""","[0,0,1,1]","0","0","1","40","52","40","52","12","0","0","[""arrowleft"",""arrowleft"",""arrowright"",""arrowright"",""arrowright"",""arrowright"",""arrowright"",""arrowright"",""arrowright"",""arrowright""]","[594,346,415,399,505,335,474,209,146,157]","[38,42,61,59,60,50,39,54,44,50]","[0,42,61,59,60,0,0,54,0,50]","[[93.614,86.5209]]","[]","[]","[]","1","[]","[]","[]","[]","vertical","","","",""
"","","","","","survey-html-form","124","2214609","0.0-120.0","95921","{""comments"":"" I chose the bandit with the highest average, it was tricky if there was only a single sample though, much easier with two of each.  It was the same for both types of machine, although occasionally on the 10 machines I would go fishing, just to make sure I was on the right path.""}","","","","","","","","","","","","","","","","","","","","","","","","","","","","","","","","","","","","",""
"","","","","","survey-html-form","125","2297832","0.0-121.0","83221","{""comments"":"" whether there were 2:2 or 3:1 made a difference, and how much difference there was between the machines on average.  If the averages were very similar my confidence was very low. ""}","","","","","","","","","","","","","","","","","","","","","","","","","","","","","","","","","","","","",""
"","","","","","survey-html-form","126","2354831","0.0-122.0","56998","{""comments"":"" It depended how certain I was of my choice.  If the average between the two machines were low it hit my confidence.""}","","","","","","","","","","","","","","","","","","","","","","","","","","","","","","","","","","","","",""
"","","","","","survey-html-form","127","2372711","0.0-123.0","17878","{""comments"":"" Interesting study, thanks for inviting me to take part.""}","","","","","","","","","","","","","","","","","","","","","","","","","","","","","","","","","","","","","[{""event"":""blur"",""trial"":2,""time"":6672},{""event"":""focus"",""trial"":2,""time"":9585},{""event"":""fullscreenenter"",""trial"":2,""time"":26657}]"
