"success","timeout","failed_images","failed_audio","failed_video","trial_type","trial_index","time_elapsed","internal_node_id","rt","response","view_history","task","stimulus","question_order","horizon","rewards_L","rewards_R","date","forced_choices","r_info","r_side","r_h","r_mean","r_otherMean","r_mean_L","r_mean_R","r_difference","confidence_immediate_overall","confidence_question_order","key_presses","response_times","outcomes","outcomes_counted_points","confidence","confidence_rt","confidence_2","confidence_2_rt","screen_resolution","belief_confidence_1","belief_confidence_2","belief_confidence_3","belief_confidence_4","immediate_judgement_orientation","phase","responses","num_errors","interactions"
"true","false","[]","[]","[]","preload","0","410","0.0-0.0","","","","","","","","","","","","","","","","","","","","","","","","","","","","","","","","","","","","","","",""
"","","","","","survey-html-form","1","3378","0.0-1.0","2967","{""comments"":"" 6536703ac10503ed6afd56ee""}","","","","","","","","","","","","","","","","","","","","","","","","","","","","","","","","","","","","",""
"true","","","","","fullscreen","2","6672","0.0-2.0","","","","","","","","","","","","","","","","","","","","","","","","","","","","","","","","","","","","","","",""
"","","","","","instructions","3","55025","0.0-3.0","48351","","[{""page_index"":0,""viewing_time"":14827},{""page_index"":1,""viewing_time"":10004},{""page_index"":2,""viewing_time"":6138},{""page_index"":3,""viewing_time"":6996},{""page_index"":4,""viewing_time"":6601},{""page_index"":5,""viewing_time"":3785}]","Consent","","","","","","","","","","","","","","","","","","","","","","","","","","","","","","","","","","",""
"","","","","","html-button-response","4","59364","0.0-4.0","4336","0","","","<p>Declaration of consent for study participation:</p>
            <ul>
                <li> I was informed about the study 'Metacognition in a bandit task', its course, meaning, scope and risks, and I have read and understood the study information.</li>
                <li> I had the opportunity to clarify all open questions. </li>
                <li> I have the right to request further information about the study at any time.</li>
                <li> I voluntarily agree to participate in the study described in the study information provided.</li>
                <li> I have been informed that I may withdraw from this study at any time without incurring any disadvantage.</li>
            </ul>","","","","","","","","","","","","","","","","","","","","","","","","","","","","","","","","","",""
"","","","","","survey-multi-choice","5","81748","0.0-5.0","22377","{""firstDataProtectionQ"":""yes"",""secondDataProtectionQ"":""yes"",""thirdDataProtectionQ"":""yes"",""fourthDataProtectionQ"":""yes""}","","","","[0,1,2,3]","","","","","","","","","","","","","","","","","","","","","","","","","","","","","","","","",""
"","","","","","instructions","6","170552","0.0-6.0-0.0","88803","","[{""page_index"":0,""viewing_time"":2158},{""page_index"":1,""viewing_time"":2823},{""page_index"":2,""viewing_time"":6874},{""page_index"":3,""viewing_time"":9948},{""page_index"":4,""viewing_time"":1095},{""page_index"":3,""viewing_time"":20461},{""page_index"":4,""viewing_time"":6057},{""page_index"":5,""viewing_time"":3259},{""page_index"":6,""viewing_time"":3788},{""page_index"":7,""viewing_time"":8046},{""page_index"":8,""viewing_time"":2962},{""page_index"":9,""viewing_time"":9703},{""page_index"":10,""viewing_time"":7159},{""page_index"":11,""viewing_time"":4469}]","","","","","","","","","","","","","","","","","","","","","","","","","","","","","","","","","","","",""
"","","","","","horizons-trial","7","215998","0.0-6.0-1.0","","","","","","","5","[44,57,74,72,62]","[31,33,24,39,29]","""2023-10-27T14:16:55.939Z""","[1,0,1,1]","","","","","","","","","0","","[""arrowright"",""arrowleft"",""arrowright"",""arrowright"",""arrowleft""]","[990,1331,820,747,4188]","[31,57,24,39,62]","[0,57,0,0,62]","[[63.1965,50]]","[9726]","[]","[]","1","[]","[]","[]","[]","horizontal","practice","","",""
"","","","","","horizons-trial","8","239188","0.0-6.0-2.0","","","","","","","10","[64,50,57,35,52,38,44,61,39,38]","[70,69,76,71,75,58,81,84,57,61]","""2023-10-27T14:17:19.129Z""","[0,0,1,1]","","","","","","","","","1","","[""arrowleft"",""arrowleft"",""arrowright"",""arrowright"",""arrowright"",""arrowleft"",""arrowright"",""arrowright"",""arrowright"",""arrowright""]","[983,533,1529,509,2005,1777,1443,739,482,445]","[64,50,76,71,75,38,81,84,57,61]","[0,0,76,71,75,0,81,84,57,61]","[[77.8592,78.6748]]","[11492]","[]","[]","1","[]","[]","[]","[]","horizontal","practice","","",""
"","","","","","instructions","9","263430","0.0-6.0-3.0","24239","","[{""page_index"":0,""viewing_time"":928},{""page_index"":1,""viewing_time"":18319},{""page_index"":2,""viewing_time"":2760},{""page_index"":3,""viewing_time"":2232}]","","","","","","","","","","","","","","","","","","","","","","","","","","","","","","","","","","","",""
"","","","","","horizons-comprehension","10","281068","0.0-6.0-4.0","17636","","","","","","","","","","","","","","","","","","","","","","","","","","","","","","","","","","","","[""true"",""true"",""false"",""true""]","0",""
"","","","","","instructions","11","282218","0.0-7.0","1148","","[{""page_index"":0,""viewing_time"":1148}]","","","","","","","","","","","","","","","","","","","","","","","","","","","","","","","","","","","",""
"","","","","","horizons-trial","12","303871","0.0-8.0","","","","","","","10","[61,57,45,79,53,64,65,56,63,68]","[49,41,48,39,39,46,53,39,53,51]","""2023-10-27T14:18:23.812Z""","[1,0,0,0]","1","0","1","60","48","60","48","12","0","0","[""arrowright"",""arrowleft"",""arrowleft"",""arrowleft"",""arrowleft"",""arrowleft"",""arrowleft"",""arrowleft"",""arrowleft"",""arrowleft""]","[1176,728,1541,563,1915,2039,657,487,557,455]","[49,57,45,79,53,64,65,56,63,68]","[0,57,0,79,53,64,65,56,63,68]","[[64.2962,72.5984]]","[10088]","[]","[]","1","[]","[]","[]","[]","horizontal","","","",""
"","","","","","horizons-trial","13","320481","0.0-9.0","","","","","","","5","[47,43,43,35,51]","[32,35,30,37,44]","""2023-10-27T14:18:40.422Z""","[0,1,0,0]","1","1","0","40","44","44","40","4","0","0","[""arrowleft"",""arrowright"",""arrowleft"",""arrowleft"",""arrowleft""]","[930,434,629,793,1748]","[47,35,43,35,51]","[47,0,43,0,51]","[[18.8416,50]]","[9623]","[]","[]","1","[]","[]","[]","[]","horizontal","","","",""
"","","","","","horizons-trial","14","343248","0.0-10.0","","","","","","","10","[42,41,19,31,45,34,38,34,40,43]","[36,49,44,49,39,33,47,59,38,39]","""2023-10-27T14:19:03.189Z""","[0,0,1,0]","1","1","1","40","44","44","40","4","0","0","[""arrowleft"",""arrowleft"",""arrowright"",""arrowleft"",""arrowright"",""arrowleft"",""arrowleft"",""arrowright"",""arrowright"",""arrowright""]","[539,447,412,446,1411,1737,592,495,715,1010]","[42,41,44,31,39,34,38,59,38,39]","[42,0,44,0,0,34,0,59,0,0]","[[40.1026,39.1782]]","[13805]","[]","[]","1","[]","[]","[]","[]","horizontal","","","",""
"","","","","","horizons-trial","15","350661","0.0-11.0","","","","","","","5","[43,40,49,44,58]","[63,63,63,63,66]","""2023-10-27T14:19:10.603Z""","[0,1,1,1]","1","1","0","60","40","40","60","20","0","0","[""arrowleft"",""arrowright"",""arrowright"",""arrowright"",""arrowright""]","[612,327,779,475,684]","[43,63,63,63,66]","[0,63,63,63,66]","[[87.0235,50]]","[2558]","[]","[]","1","[]","[]","[]","[]","horizontal","","","",""
"","","","","","horizons-trial","16","366425","0.0-12.0","","","","","","","10","[46,41,53,50,56,56,50,57,49,55]","[54,63,59,66,61,54,60,67,63,69]","""2023-10-27T14:19:26.366Z""","[1,0,0,1]","0","1","1","60","48","48","60","12","0","0","[""arrowright"",""arrowleft"",""arrowleft"",""arrowright"",""arrowright"",""arrowright"",""arrowright"",""arrowright"",""arrowright"",""arrowright""]","[600,390,567,653,1777,670,730,605,545,1025]","[54,41,53,66,61,54,60,67,63,69]","[54,0,0,66,61,0,60,67,63,69]","[[19.2082,20.515]]","[7664]","[]","[]","1","[]","[]","[]","[]","horizontal","","","",""
"","","","","","horizons-trial","17","378418","0.0-13.0","","","","","","","5","[47,38,46,33,39]","[47,51,37,46,38]","""2023-10-27T14:19:38.360Z""","[0,0,0,1]","1","0","0","40","44","40","44","4","0","0","[""arrowleft"",""arrowleft"",""arrowleft"",""arrowright"",""arrowright""]","[612,703,751,1048,557]","[47,38,46,46,38]","[47,0,46,46,0]","[[50.7331,50]]","[6349]","[]","[]","1","[]","[]","[]","[]","horizontal","","","",""
"","","","","","horizons-trial","18","388565","0.0-14.0","","","","","","","5","[57,51,61,54,46]","[67,64,47,58,59]","""2023-10-27T14:19:48.506Z""","[1,1,0,0]","0","1","0","60","59","59","60","1","0","0","[""arrowright"",""arrowright"",""arrowleft"",""arrowleft"",""arrowright""]","[986,356,610,522,3376]","[67,64,61,54,59]","[67,64,61,0,59]","[[55.8651,50]]","[2517]","[]","[]","1","[]","[]","[]","[]","horizontal","","","",""
"","","","","","horizons-trial","19","405884","0.0-15.0","","","","","","","10","[49,58,67,50,67,64,64,44,75,53]","[54,53,27,47,48,30,31,34,28,37]","""2023-10-27T14:20:05.826Z""","[0,1,1,1]","1","0","1","60","40","60","40","20","0","0","[""arrowleft"",""arrowright"",""arrowright"",""arrowright"",""arrowright"",""arrowleft"",""arrowleft"",""arrowleft"",""arrowleft"",""arrowleft""]","[885,496,403,653,1494,1371,699,681,2760,1118]","[49,53,27,47,48,64,64,44,75,53]","[0,0,0,0,0,64,64,44,75,53]","[[73.4604,82.581]]","[5556]","[]","[]","1","[]","[]","[]","[]","horizontal","","","",""
"","","","","","horizons-trial","20","413952","0.0-16.0","","","","","","","5","[38,40,29,27,46]","[28,37,31,28,48]","""2023-10-27T14:20:13.893Z""","[1,0,1,1]","1","0","0","40","41","40","41","1","0","0","[""arrowright"",""arrowleft"",""arrowright"",""arrowright"",""arrowleft""]","[472,503,553,499,1625]","[28,40,31,28,46]","[0,40,31,28,0]","[[66.4956,50]]","[2353]","[]","[]","1","[]","[]","[]","[]","horizontal","","","",""
"","","","","","horizons-trial","21","428696","0.0-17.0","","","","","","","10","[41,40,38,47,45,46,45,41,44,37]","[47,32,35,45,40,45,50,38,55,49]","""2023-10-27T14:20:28.638Z""","[0,1,0,0]","1","1","1","40","42","42","40","2","0","0","[""arrowleft"",""arrowright"",""arrowleft"",""arrowleft"",""arrowleft"",""arrowleft"",""arrowright"",""arrowright"",""arrowleft"",""arrowright""]","[1006,362,400,521,1335,793,491,977,763,624]","[41,32,38,47,45,46,50,38,44,49]","[0,0,38,47,45,46,50,0,0,49]","[[68.3284,38.7442]]","[6473]","[]","[]","1","[]","[]","[]","[]","horizontal","","","",""
"","","","","","horizons-trial","22","442278","0.0-18.0","","","","","","","10","[59,66,49,53,63,60,70,77,69,46]","[59,58,63,65,47,48,68,57,62,48]","""2023-10-27T14:20:42.218Z""","[1,1,1,0]","1","1","1","60","59","59","60","1","0","0","[""arrowright"",""arrowright"",""arrowright"",""arrowleft"",""arrowright"",""arrowleft"",""arrowleft"",""arrowleft"",""arrowleft"",""arrowleft""]","[494,705,538,655,1464,911,805,475,433,569]","[59,58,63,53,47,60,70,77,69,46]","[59,0,63,0,0,60,70,77,69,0]","[[71.261,40.9144]]","[5406]","[]","[]","1","[]","[]","[]","[]","horizontal","","","",""
"","","","","","horizons-trial","23","457408","0.0-19.0","","","","","","","10","[53,57,60,49,45,51,52,53,49,61]","[59,68,55,53,69,63,37,62,51,65]","""2023-10-27T14:20:57.350Z""","[1,1,0,1]","1","1","1","60","56","56","60","4","0","0","[""arrowright"",""arrowright"",""arrowleft"",""arrowright"",""arrowleft"",""arrowright"",""arrowright"",""arrowleft"",""arrowleft"",""arrowright""]","[641,520,429,450,528,740,643,1463,2444,454]","[59,68,60,53,45,63,37,53,49,65]","[59,68,60,53,0,63,0,0,0,65]","[[22.5073,40.4803]]","[5734]","[]","[]","1","[]","[]","[]","[]","horizontal","","","",""
"","","","","","horizons-trial","24","471420","0.0-20.0","","","","","","","10","[43,37,19,52,26,31,45,24,13,17]","[82,60,59,52,61,69,54,54,70,54]","""2023-10-27T14:21:11.362Z""","[0,1,1,0]","0","1","1","60","30","30","60","30","0","0","[""arrowleft"",""arrowright"",""arrowright"",""arrowleft"",""arrowright"",""arrowright"",""arrowright"",""arrowright"",""arrowright"",""arrowright""]","[907,371,425,590,441,559,470,1023,767,455]","[43,60,59,52,61,69,54,54,70,54]","[0,60,59,52,61,69,54,54,70,54]","[[70.8944,63.9178]]","[6976]","[]","[]","1","[]","[]","[]","[]","horizontal","","","",""
"","","","","","horizons-trial","25","489499","0.0-21.0","","","","","","","10","[50,49,50,39,49,51,41,43,48,42]","[35,34,38,46,37,32,48,48,29,17]","""2023-10-27T14:21:29.441Z""","[1,1,0,0]","0","1","1","40","42","42","40","2","0","0","[""arrowright"",""arrowright"",""arrowleft"",""arrowleft"",""arrowleft"",""arrowleft"",""arrowright"",""arrowleft"",""arrowright"",""arrowleft""]","[509,404,830,487,900,632,521,989,422,749]","[35,34,50,39,49,51,48,43,29,42]","[0,0,50,0,49,51,48,0,0,42]","[[77.4927,32.2338]]","[10445]","[]","[]","1","[]","[]","[]","[]","horizontal","","","",""
"","","","","","horizons-trial","26","499330","0.0-22.0","","","","","","","10","[38,41,28,55,45,29,32,54,48,40]","[63,65,66,58,61,61,62,56,54,61]","""2023-10-27T14:21:39.272Z""","[0,1,0,1]","0","0","1","40","60","40","60","20","0","0","[""arrowleft"",""arrowright"",""arrowleft"",""arrowright"",""arrowright"",""arrowright"",""arrowright"",""arrowleft"",""arrowright"",""arrowright""]","[519,399,505,425,603,604,753,633,1078,637]","[38,65,28,58,61,61,62,54,54,61]","[0,65,0,58,61,61,62,0,54,61]","[[92.1554,89.0914]]","[2894]","[]","[]","1","[]","[]","[]","[]","horizontal","","","",""
"","","","","","horizons-trial","27","507807","0.0-23.0","","","","","","","5","[39,47,63,24,38]","[82,82,76,74,66]","""2023-10-27T14:21:47.749Z""","[1,0,1,0]","0","0","0","40","70","40","70","30","0","0","[""arrowright"",""arrowleft"",""arrowright"",""arrowleft"",""arrowright""]","[420,410,311,540,1189]","[82,47,76,24,66]","[82,0,76,0,66]","[[73.0938,50]]","[4812]","[]","[]","1","[]","[]","[]","[]","horizontal","","","",""
"","","","","","horizons-trial","28","514226","0.0-24.0","","","","","","","5","[55,66,56,65,59]","[61,55,56,54,53]","""2023-10-27T14:21:54.168Z""","[1,0,1,0]","0","0","0","60","58","60","58","2","0","0","[""arrowright"",""arrowleft"",""arrowright"",""arrowleft"",""arrowleft""]","[600,345,340,531,1492]","[61,66,56,65,59]","[61,66,56,65,59]","[[51.0997,50]]","[1861]","[]","[]","1","[]","[]","[]","[]","horizontal","","","",""
"","","","","","horizons-trial","29","527863","0.0-25.0","","","","","","","5","[58,65,62,68,43]","[50,57,64,64,62]","""2023-10-27T14:22:07.805Z""","[1,0,1,1]","1","0","0","60","58","60","58","2","0","0","[""arrowright"",""arrowleft"",""arrowright"",""arrowright"",""arrowleft""]","[519,358,398,428,7499]","[50,65,64,64,43]","[0,65,64,0,0]","[[38.6364,50]]","[3344]","[]","[]","1","[]","[]","[]","[]","horizontal","","","",""
"","","","","","horizons-trial","30","534396","0.0-26.0","","","","","","","5","[67,75,66,62,52]","[52,39,37,39,28]","""2023-10-27T14:22:14.338Z""","[1,0,0,1]","0","0","0","60","40","60","40","20","0","0","[""arrowright"",""arrowleft"",""arrowleft"",""arrowright"",""arrowright""]","[961,443,442,419,663]","[52,75,66,39,28]","[0,75,66,0,0]","[[30.2053,50]]","[2791]","[]","[]","1","[]","[]","[]","[]","horizontal","","","",""
"","","","","","horizons-trial","31","545756","0.0-27.0","","","","","","","10","[43,34,33,43,42,36,41,28,48,36]","[79,73,57,67,55,77,59,48,69,65]","""2023-10-27T14:22:25.697Z""","[1,0,0,0]","1","0","1","40","60","40","60","20","0","0","[""arrowright"",""arrowleft"",""arrowleft"",""arrowleft"",""arrowright"",""arrowright"",""arrowright"",""arrowright"",""arrowright"",""arrowright""]","[523,466,830,529,1279,862,580,688,576,654]","[79,34,33,43,55,77,59,48,69,65]","[79,0,0,0,55,77,59,48,69,65]","[[76.7595,77.3727]]","[3593]","[]","[]","1","[]","[]","[]","[]","horizontal","","","",""
"","","","","","horizons-trial","32","555510","0.0-28.0","","","","","","","5","[62,49,43,71,67]","[59,51,56,57,51]","""2023-10-27T14:22:35.451Z""","[0,0,1,1]","0","0","0","60","52","60","52","8","0","0","[""arrowleft"",""arrowleft"",""arrowright"",""arrowright"",""arrowleft""]","[848,416,470,438,4054]","[62,49,56,57,67]","[62,0,56,0,67]","[[26.173,50]]","[2577]","[]","[]","1","[]","[]","[]","[]","horizontal","","","",""
"","","","","","horizons-trial","33","585107","0.0-29.0","","","","","","","5","[55,59,47,33,71]","[38,36,46,40,32]","""2023-10-27T14:23:05.048Z""","[0,0,1,1]","0","1","0","40","52","52","40","12","0","0","[""arrowleft"",""arrowleft"",""arrowright"",""arrowright"",""arrowleft""]","[747,508,572,529,1240]","[55,59,46,40,71]","[55,59,0,40,71]","[[72.3607,50]]","[4684]","[]","[]","1","[]","[]","[]","[]","horizontal","","","",""
"","","","","","horizons-trial","34","590598","0.0-30.0","","","","","","","5","[45,52,38,38,57]","[64,62,58,61,52]","""2023-10-27T14:23:10.539Z""","[1,1,0,0]","0","1","0","60","52","52","60","8","0","0","[""arrowright"",""arrowright"",""arrowleft"",""arrowleft"",""arrowright""]","[611,423,511,737,673]","[64,62,38,38,52]","[64,62,0,0,0]","[[72.3607,50]]","[1436]","[]","[]","1","[]","[]","[]","[]","horizontal","","","",""
"","","","","","horizons-trial","35","598997","0.0-31.0","","","","","","","5","[30,35,46,37,28]","[50,53,52,50,43]","""2023-10-27T14:23:18.939Z""","[1,1,0,1]","1","0","0","40","52","40","52","12","0","0","[""arrowright"",""arrowright"",""arrowleft"",""arrowright"",""arrowright""]","[539,358,1064,500,1099]","[50,53,46,50,43]","[50,53,0,50,43]","[[84.0909,50]]","[3873]","[]","[]","1","[]","[]","[]","[]","horizontal","","","",""
"","","","","","horizons-trial","36","609832","0.0-32.0","","","","","","","10","[41,45,40,40,36,40,45,31,40,44]","[43,44,49,39,53,42,41,40,31,42]","""2023-10-27T14:23:29.774Z""","[1,0,0,1]","0","0","1","40","44","40","44","4","0","0","[""arrowright"",""arrowleft"",""arrowleft"",""arrowright"",""arrowleft"",""arrowright"",""arrowleft"",""arrowleft"",""arrowright"",""arrowleft""]","[583,372,396,401,1057,935,1052,1368,580,632]","[43,45,40,39,36,42,45,31,31,44]","[43,45,0,0,0,42,45,0,0,44]","[[32.0381,49.5949]]","[2605]","[]","[]","1","[]","[]","[]","[]","horizontal","","","",""
"","","","","","horizons-trial","37","621928","0.0-33.0","","","","","","","10","[70,42,53,37,79,64,52,52,72,71]","[59,46,55,65,59,53,59,65,47,58]","""2023-10-27T14:23:41.869Z""","[0,1,1,0]","0","1","1","60","59","59","60","1","0","0","[""arrowleft"",""arrowright"",""arrowright"",""arrowleft"",""arrowright"",""arrowright"",""arrowleft"",""arrowright"",""arrowright"",""arrowright""]","[590,350,534,429,402,512,764,588,530,908]","[70,46,55,37,59,53,52,65,47,58]","[70,46,55,0,0,0,0,65,0,0]","[[47.434,50.897]]","[5522]","[]","[]","1","[]","[]","[]","[]","horizontal","","","",""
"","","","","","horizons-trial","38","633990","0.0-34.0","","","","","","","10","[55,60,44,56,65,68,71,65,61,55]","[53,53,62,75,56,60,47,51,58,62]","""2023-10-27T14:23:53.932Z""","[0,0,1,1]","0","1","1","60","58","58","60","2","0","0","[""arrowleft"",""arrowleft"",""arrowright"",""arrowright"",""arrowright"",""arrowright"",""arrowright"",""arrowright"",""arrowleft"",""arrowleft""]","[604,607,391,442,1709,847,527,1134,985,739]","[55,60,62,75,56,60,47,51,61,55]","[55,60,62,75,0,0,0,0,61,0]","[[47.434,50.897]]","[2008]","[]","[]","1","[]","[]","[]","[]","horizontal","","","",""
"","","","","","horizons-trial","39","655177","0.0-35.0","","","","","","","10","[47,35,42,38,35,37,43,46,26,25]","[54,42,64,55,51,52,46,51,51,62]","""2023-10-27T14:24:15.118Z""","[0,0,1,0]","1","0","1","40","52","40","52","12","0","0","[""arrowleft"",""arrowleft"",""arrowright"",""arrowleft"",""arrowright"",""arrowright"",""arrowright"",""arrowleft"",""arrowright"",""arrowright""]","[595,958,416,1051,465,4430,681,536,458,400]","[47,35,64,38,51,52,46,46,51,62]","[0,0,64,0,51,52,46,0,51,62]","[[88.8563,72.5984]]","[9711]","[]","[]","1","[]","[]","[]","[]","horizontal","","","",""
"","","","","","horizons-trial","40","664470","0.0-36.0","","","","","","","10","[64,76,65,51,61,65,69,63,63,62]","[33,35,35,57,38,30,44,19,41,32]","""2023-10-27T14:24:24.410Z""","[1,0,1,0]","0","0","1","60","40","60","40","20","0","0","[""arrowright"",""arrowleft"",""arrowright"",""arrowleft"",""arrowleft"",""arrowleft"",""arrowright"",""arrowleft"",""arrowleft"",""arrowleft""]","[415,620,366,588,644,452,694,329,455,399]","[33,76,35,51,61,65,44,63,63,62]","[0,76,0,0,61,65,0,63,63,62]","[[86.6569,82.14699999999999]]","[3216]","[]","[]","1","[]","[]","[]","[]","horizontal","","","",""
"","","","","","horizons-trial","41","675813","0.0-37.0","","","","","","","5","[43,47,56,50,56]","[49,76,48,57,76]","""2023-10-27T14:24:35.755Z""","[1,1,1,0]","1","1","0","60","52","52","60","8","0","0","[""arrowright"",""arrowright"",""arrowright"",""arrowleft"",""arrowright""]","[574,375,491,409,357]","[49,76,48,50,76]","[49,76,0,0,76]","[[74.5601,50]]","[8404]","[]","[]","1","[]","[]","[]","[]","horizontal","","","",""
"","","","","","horizons-trial","42","688719","0.0-38.0","","","","","","","5","[70,51,56,67,62]","[61,50,64,51,55]","""2023-10-27T14:24:48.660Z""","[1,1,1,0]","1","1","0","60","59","59","60","1","0","0","[""arrowright"",""arrowright"",""arrowright"",""arrowleft"",""arrowleft""]","[415,744,414,1220,1594]","[61,50,64,67,62]","[0,0,64,67,62]","[[51.4663,50]]","[5329]","[]","[]","1","[]","[]","[]","[]","horizontal","","","",""
"","","","","","horizons-trial","43","702404","0.0-39.0","","","","","","","10","[57,76,67,51,73,51,58,71,63,63]","[50,49,50,64,48,71,60,51,51,62]","""2023-10-27T14:25:02.346Z""","[0,0,1,0]","1","0","1","60","59","60","59","1","0","0","[""arrowleft"",""arrowleft"",""arrowright"",""arrowleft"",""arrowleft"",""arrowleft"",""arrowleft"",""arrowright"",""arrowleft"",""arrowleft""]","[629,451,448,388,2258,714,453,710,556,433]","[57,76,50,51,73,51,58,51,63,63]","[57,76,0,0,73,0,0,0,63,63]","[[72.3607,50.897]]","[5380]","[]","[]","1","[]","[]","[]","[]","horizontal","","","",""
"","","","","","horizons-trial","44","712437","0.0-40.0","","","","","","","10","[34,34,34,36,31,34,42,51,28,50]","[69,54,72,73,70,72,65,65,71,62]","""2023-10-27T14:25:12.379Z""","[1,0,1,0]","0","0","1","40","70","40","70","30","0","0","[""arrowright"",""arrowleft"",""arrowright"",""arrowleft"",""arrowright"",""arrowright"",""arrowright"",""arrowright"",""arrowright"",""arrowright""]","[578,332,449,408,875,516,348,438,417,406]","[69,34,72,36,70,72,65,65,71,62]","[69,0,72,0,70,72,65,65,71,62]","[[95.8211,62.1817]]","[3566]","[]","[]","1","[]","[]","[]","[]","horizontal","","","",""
"","","","","","horizons-trial","45","728421","0.0-41.0","","","","","","","10","[57,38,40,55,38,38,39,40,33,25]","[39,38,38,46,44,42,45,42,32,34]","""2023-10-27T14:25:28.362Z""","[1,1,1,0]","1","1","1","40","41","41","40","1","0","0","[""arrowright"",""arrowright"",""arrowright"",""arrowleft"",""arrowleft"",""arrowleft"",""arrowright"",""arrowleft"",""arrowright"",""arrowleft""]","[572,439,492,719,1706,1284,2273,1430,872,818]","[39,38,38,55,38,38,45,40,32,25]","[0,38,0,55,0,0,45,0,0,0]","[[75.6598,68.6921]]","[3804]","[]","[]","1","[]","[]","[]","[]","horizontal","","","",""
"","","","","","horizons-trial","46","738675","0.0-42.0","","","","","","","10","[44,57,54,60,53,64,46,62,61,52]","[56,60,56,52,57,51,48,49,65,59]","""2023-10-27T14:25:38.616Z""","[0,1,1,1]","1","0","1","60","56","60","56","4","0","0","[""arrowleft"",""arrowright"",""arrowright"",""arrowright"",""arrowright"",""arrowright"",""arrowleft"",""arrowright"",""arrowright"",""arrowright""]","[1058,406,397,413,1487,510,555,503,366,494]","[44,60,56,52,57,51,46,49,65,59]","[0,60,56,0,57,0,0,0,65,59]","[[59.8974,57.8414]]","[3472]","[]","[]","1","[]","[]","[]","[]","horizontal","","","",""
"","","","","","horizons-trial","47","748332","0.0-43.0","","","","","","","10","[60,62,64,61,52,60,53,48,59,61]","[75,53,64,80,69,61,62,57,75,53]","""2023-10-27T14:25:48.274Z""","[1,0,1,1]","1","1","1","60","58","58","60","2","0","0","[""arrowright"",""arrowleft"",""arrowright"",""arrowright"",""arrowright"",""arrowright"",""arrowright"",""arrowleft"",""arrowright"",""arrowright""]","[571,498,762,447,1819,349,491,690,370,457]","[75,62,64,80,69,61,62,48,75,53]","[75,62,64,80,69,61,62,0,75,0]","[[73.0938,57.4074]]","[1987]","[]","[]","1","[]","[]","[]","[]","horizontal","","","",""
"","","","","","horizons-trial","48","759705","0.0-44.0","","","","","","","10","[44,33,42,39,45,42,43,44,24,36]","[40,45,43,43,58,49,52,47,56,40]","""2023-10-27T14:25:59.647Z""","[0,0,1,1]","0","0","1","40","52","40","52","12","0","0","[""arrowleft"",""arrowleft"",""arrowright"",""arrowright"",""arrowleft"",""arrowleft"",""arrowright"",""arrowleft"",""arrowright"",""arrowright""]","[504,460,537,459,1652,598,602,552,737,442]","[44,33,43,43,45,42,52,44,56,40]","[44,0,43,43,0,0,52,0,56,40]","[[12.2434,14.438699999999997]]","[3484]","[]","[]","1","[]","[]","[]","[]","horizontal","","","",""
"","","","","","horizons-trial","49","768382","0.0-45.0","","","","","","","5","[27,20,16,21,25]","[50,48,45,62,74]","""2023-10-27T14:26:08.323Z""","[1,1,0,1]","1","1","0","60","30","30","60","30","0","0","[""arrowright"",""arrowright"",""arrowleft"",""arrowright"",""arrowright""]","[884,419,515,789,1179]","[50,48,16,62,74]","[50,48,0,62,74]","[[83.3578,50]]","[3075]","[]","[]","1","[]","[]","[]","[]","horizontal","","","",""
"","","","","","horizons-trial","50","779475","0.0-46.0","","","","","","","10","[52,67,48,63,46,49,61,48,48,54]","[42,35,41,42,34,54,42,52,39,32]","""2023-10-27T14:26:19.417Z""","[0,1,1,0]","0","1","1","40","52","52","40","12","0","0","[""arrowleft"",""arrowright"",""arrowright"",""arrowleft"",""arrowleft"",""arrowleft"",""arrowleft"",""arrowleft"",""arrowleft"",""arrowleft""]","[595,342,468,657,1218,471,1038,672,479,351]","[52,35,41,63,46,49,61,48,48,54]","[52,0,0,63,46,0,61,0,48,54]","[[77.1261,58.7095]]","[3634]","[]","[]","1","[]","[]","[]","[]","horizontal","","","",""
"","","","","","horizons-trial","51","785912","0.0-47.0","","","","","","","5","[34,53,49,49,55]","[61,55,56,77,52]","""2023-10-27T14:26:25.853Z""","[0,0,1,1]","0","1","0","60","56","56","60","4","0","0","[""arrowleft"",""arrowleft"",""arrowright"",""arrowright"",""arrowright""]","[379,380,437,650,1118]","[34,53,56,77,52]","[0,0,56,77,0]","[[87.7566,50]]","[2646]","[]","[]","1","[]","[]","[]","[]","horizontal","","","",""
"","","","","","horizons-trial","52","795451","0.0-48.0","","","","","","","5","[56,56,43,38,41]","[71,62,66,75,65]","""2023-10-27T14:26:35.392Z""","[1,0,1,1]","1","1","0","60","48","48","60","12","0","0","[""arrowright"",""arrowleft"",""arrowright"",""arrowright"",""arrowright""]","[432,345,348,462,1252]","[71,56,66,75,65]","[71,0,66,75,65]","[[84.0909,50]]","[5994]","[]","[]","1","[]","[]","[]","[]","horizontal","","","",""
"","","","","","horizons-trial","53","806881","0.0-49.0","","","","","","","10","[55,48,65,45,58,41,47,40,40,42]","[34,28,37,34,30,49,37,47,42,48]","""2023-10-27T14:26:46.822Z""","[1,0,1,0]","0","1","1","40","48","48","40","8","0","0","[""arrowright"",""arrowleft"",""arrowright"",""arrowleft"",""arrowleft"",""arrowleft"",""arrowright"",""arrowleft"",""arrowleft"",""arrowleft""]","[556,418,399,502,1308,357,893,576,795,585]","[34,48,37,45,58,41,37,40,40,42]","[0,48,0,45,58,0,0,0,0,0]","[[86.2903,77.3727]]","[4214]","[]","[]","1","[]","[]","[]","[]","horizontal","","","",""
"","","","","","horizons-trial","54","820068","0.0-50.0","","","","","","","5","[62,57,61,73,63]","[14,38,24,24,33]","""2023-10-27T14:27:00.009Z""","[0,0,1,1]","0","0","0","60","30","60","30","30","0","0","[""arrowleft"",""arrowleft"",""arrowright"",""arrowright"",""arrowleft""]","[1369,581,797,428,396]","[62,57,24,24,63]","[62,57,0,0,63]","[[80.4252,50]]","[8812]","[]","[]","1","[]","[]","[]","[]","horizontal","","","",""
"","","","","","horizons-trial","55","828419","0.0-51.0","","","","","","","5","[48,42,36,49,41]","[47,43,31,45,38]","""2023-10-27T14:27:08.361Z""","[1,0,0,1]","0","1","0","40","41","41","40","1","0","0","[""arrowright"",""arrowleft"",""arrowleft"",""arrowright"",""arrowleft""]","[599,340,547,479,466]","[47,42,36,45,41]","[0,0,36,0,41]","[[32.4047,50]]","[4464]","[]","[]","1","[]","[]","[]","[]","horizontal","","","",""
"","","","","","horizons-trial","56","838541","0.0-52.0","","","","","","","5","[59,54,47,73,68]","[23,12,29,21,28]","""2023-10-27T14:27:18.482Z""","[1,1,1,0]","1","0","0","60","30","60","30","30","0","0","[""arrowright"",""arrowright"",""arrowright"",""arrowleft"",""arrowleft""]","[519,677,418,468,1092]","[23,12,29,73,68]","[0,0,0,73,68]","[[81.8915,50]]","[5925]","[]","[]","1","[]","[]","[]","[]","horizontal","","","",""
"","","","","","horizons-trial","57","853509","0.0-53.0","","","","","","","10","[53,55,35,49,47,23,49,39,37,37]","[51,51,48,44,37,57,48,38,55,49]","""2023-10-27T14:27:33.450Z""","[0,1,1,0]","0","0","1","40","48","40","48","8","0","0","[""arrowleft"",""arrowright"",""arrowright"",""arrowleft"",""arrowleft"",""arrowright"",""arrowleft"",""arrowright"",""arrowleft"",""arrowleft""]","[576,324,483,519,2282,878,1059,488,2179,1100]","[53,51,48,49,47,57,49,38,37,37]","[53,0,48,49,47,57,49,0,0,0]","[[14.0762,17.910899999999998]]","[3850]","[]","[]","1","[]","[]","[]","[]","horizontal","","","",""
"","","","","","horizons-trial","58","864613","0.0-54.0","","","","","","","5","[70,73,60,54,64]","[55,74,41,43,53]","""2023-10-27T14:27:44.554Z""","[1,0,0,0]","1","1","0","60","58","58","60","2","0","0","[""arrowright"",""arrowleft"",""arrowleft"",""arrowleft"",""arrowleft""]","[542,473,486,493,558]","[55,73,60,54,64]","[0,0,60,54,64]","[[86.6569,50]]","[7791]","[]","[]","1","[]","[]","[]","[]","horizontal","","","",""
"","","","","","horizons-trial","59","871598","0.0-55.0","","","","","","","5","[55,58,59,68,52]","[74,51,45,61,57]","""2023-10-27T14:27:51.540Z""","[1,0,0,0]","1","1","0","60","56","56","60","4","0","0","[""arrowright"",""arrowleft"",""arrowleft"",""arrowleft"",""arrowright""]","[589,413,419,665,632]","[74,58,59,68,57]","[74,58,59,68,57]","[[77.4927,50]]","[3143]","[]","[]","1","[]","[]","[]","[]","horizontal","","","",""
"","","","","","horizons-trial","60","878586","0.0-56.0","","","","","","","5","[45,43,35,50,48]","[47,31,50,54,39]","""2023-10-27T14:27:58.528Z""","[1,1,0,1]","1","1","0","40","42","42","40","2","0","0","[""arrowright"",""arrowright"",""arrowleft"",""arrowright"",""arrowright""]","[634,379,511,409,1197]","[47,31,35,54,39]","[47,0,0,54,0]","[[55.8651,50]]","[2813]","[]","[]","1","[]","[]","[]","[]","horizontal","","","",""
"","","","","","horizons-trial","61","884789","0.0-57.0","","","","","","","5","[78,73,54,66,79]","[45,44,33,57,56]","""2023-10-27T14:28:04.731Z""","[1,1,0,0]","0","1","0","40","70","70","40","30","0","0","[""arrowright"",""arrowright"",""arrowleft"",""arrowleft"",""arrowleft""]","[593,541,428,463,1201]","[45,44,54,66,79]","[0,0,54,66,79]","[[67.2287,50]]","[2351]","[]","[]","1","[]","[]","[]","[]","horizontal","","","",""
"","","","","","horizons-trial","62","894703","0.0-58.0","","","","","","","5","[43,49,25,27,56]","[26,48,35,44,45]","""2023-10-27T14:28:14.645Z""","[0,1,1,1]","1","1","0","40","41","41","40","1","0","0","[""arrowleft"",""arrowright"",""arrowright"",""arrowright"",""arrowright""]","[510,454,365,372,2667]","[43,48,35,44,45]","[43,0,35,44,0]","[[36.8035,50]]","[4514]","[]","[]","1","[]","[]","[]","[]","horizontal","","","",""
"","","","","","horizons-trial","63","906725","0.0-59.0","","","","","","","5","[26,41,44,48,43]","[32,55,52,42,23]","""2023-10-27T14:28:26.667Z""","[0,1,0,1]","0","0","0","40","42","40","42","2","0","0","[""arrowleft"",""arrowright"",""arrowleft"",""arrowright"",""arrowright""]","[644,384,430,394,469]","[26,55,44,42,23]","[0,55,0,0,0]","[[67.5953,50]]","[5058]","[]","[]","1","[]","[]","[]","[]","horizontal","","","",""
"","","","","","horizons-trial","64","913542","0.0-60.0","","","","","","","5","[55,54,68,60,71]","[49,44,51,50,37]","""2023-10-27T14:28:33.482Z""","[1,0,0,0]","1","0","0","60","40","60","40","20","0","0","[""arrowright"",""arrowleft"",""arrowleft"",""arrowleft"",""arrowleft""]","[1039,380,453,436,973]","[49,54,68,60,71]","[0,54,68,60,71]","[[67.5953,50]]","[2375]","[]","[]","1","[]","[]","[]","[]","horizontal","","","",""
"","","","","","horizons-trial","65","920866","0.0-61.0","","","","","","","5","[60,54,65,44,66]","[61,61,65,59,67]","""2023-10-27T14:28:40.808Z""","[1,0,1,0]","0","1","0","60","58","58","60","2","0","0","[""arrowright"",""arrowleft"",""arrowright"",""arrowleft"",""arrowright""]","[670,375,344,597,814]","[61,54,65,44,67]","[61,0,65,0,67]","[[82.6246,50]]","[3571]","[]","[]","1","[]","[]","[]","[]","horizontal","","","",""
"","","","","","horizons-trial","66","933248","0.0-62.0","","","","","","","10","[34,41,28,39,33,36,40,38,47,53]","[44,30,49,38,24,26,42,37,42,32]","""2023-10-27T14:28:53.190Z""","[0,1,1,0]","0","0","1","40","41","40","41","1","0","0","[""arrowleft"",""arrowright"",""arrowright"",""arrowleft"",""arrowleft"",""arrowright"",""arrowleft"",""arrowleft"",""arrowleft"",""arrowleft""]","[593,348,403,517,1521,1164,754,646,861,412]","[34,30,49,39,33,26,40,38,47,53]","[0,0,49,39,33,0,0,38,47,53]","[[13.3431,26.157399999999996]]","[4087]","[]","[]","1","[]","[]","[]","[]","horizontal","","","",""
"","","","","","horizons-trial","67","944199","0.0-63.0","","","","","","","10","[66,55,64,69,56,68,77,53,44,60]","[33,54,52,57,44,50,43,55,48,59]","""2023-10-27T14:29:04.141Z""","[0,1,1,0]","0","0","1","60","48","60","48","12","0","0","[""arrowleft"",""arrowright"",""arrowright"",""arrowleft"",""arrowleft"",""arrowleft"",""arrowright"",""arrowleft"",""arrowleft"",""arrowleft""]","[429,355,488,526,1501,800,888,471,600,1009]","[66,54,52,69,56,68,43,53,44,60]","[66,0,0,69,56,68,0,0,0,60]","[[60.2639,56.1053]]","[2691]","[]","[]","1","[]","[]","[]","[]","horizontal","","","",""
"","","","","","horizons-trial","68","953587","0.0-64.0","","","","","","","10","[48,38,44,32,54,47,56,39,42,48]","[67,63,69,68,62,67,64,55,64,61]","""2023-10-27T14:29:13.529Z""","[1,0,0,0]","1","0","1","40","70","40","70","30","0","0","[""arrowright"",""arrowleft"",""arrowleft"",""arrowleft"",""arrowright"",""arrowright"",""arrowright"",""arrowright"",""arrowright"",""arrowright""]","[520,353,506,508,1198,289,387,710,479,316]","[67,38,44,32,62,67,64,55,64,61]","[67,0,0,0,62,67,64,55,64,61]","[[81.5249,83.015]]","[3028]","[]","[]","1","[]","[]","[]","[]","horizontal","","","",""
"","","","","","horizons-trial","69","966789","0.0-65.0","","","","","","","10","[55,46,77,69,64,59,63,42,63,56]","[52,49,49,53,53,63,51,56,49,39]","""2023-10-27T14:29:26.730Z""","[0,0,1,1]","0","0","1","60","52","60","52","8","0","0","[""arrowleft"",""arrowleft"",""arrowright"",""arrowright"",""arrowright"",""arrowright"",""arrowright"",""arrowright"",""arrowleft"",""arrowleft""]","[566,620,503,568,3902,727,449,404,492,721]","[55,46,49,53,53,63,51,56,63,56]","[55,0,0,0,0,63,0,56,63,56]","[[21.4076,30.063699999999997]]","[2966]","[]","[]","1","[]","[]","[]","[]","horizontal","","","",""
"","","","","","horizons-trial","70","978780","0.0-66.0","","","","","","","10","[48,38,35,46,41,35,48,43,41,22]","[27,42,32,31,55,46,41,43,33,40]","""2023-10-27T14:29:38.720Z""","[1,1,1,0]","1","0","1","40","41","40","41","1","0","0","[""arrowright"",""arrowright"",""arrowright"",""arrowleft"",""arrowleft"",""arrowleft"",""arrowright"",""arrowleft"",""arrowleft"",""arrowleft""]","[516,694,888,507,881,559,504,828,396,286]","[27,42,32,46,41,35,41,43,41,22]","[0,42,0,46,0,0,0,43,41,0]","[[50,42.2164]]","[5355]","[]","[]","1","[]","[]","[]","[]","horizontal","","","",""
"","","","","","horizons-trial","71","989916","0.0-67.0","","","","","","","10","[52,54,51,51,50,46,53,56,55,61]","[62,63,62,66,60,46,56,64,49,57]","""2023-10-27T14:29:49.858Z""","[0,1,0,0]","1","1","1","60","52","52","60","8","0","0","[""arrowleft"",""arrowright"",""arrowleft"",""arrowleft"",""arrowright"",""arrowright"",""arrowright"",""arrowleft"",""arrowright"",""arrowright""]","[572,439,393,492,887,1037,909,757,930,612]","[52,63,51,51,60,46,56,56,49,57]","[0,63,0,0,60,46,56,0,0,0]","[[50.7331,25.723399999999998]]","[2915]","[]","[]","1","[]","[]","[]","[]","horizontal","","","",""
"","","","","","horizons-trial","72","997883","0.0-68.0","","","","","","","5","[35,43,51,57,41]","[59,73,61,61,70]","""2023-10-27T14:29:57.825Z""","[1,0,0,1]","0","1","0","60","40","40","60","20","0","0","[""arrowright"",""arrowleft"",""arrowleft"",""arrowright"",""arrowright""]","[476,515,640,521,1215]","[59,43,51,61,70]","[59,0,0,61,70]","[[72.3607,50]]","[3651]","[]","[]","1","[]","[]","[]","[]","horizontal","","","",""
"","","","","","horizons-trial","73","1013911","0.0-69.0","","","","","","","10","[68,53,50,58,66,70,57,65,76,56]","[61,46,53,63,48,57,57,56,72,60]","""2023-10-27T14:30:13.852Z""","[1,1,0,0]","0","0","1","60","58","60","58","2","0","0","[""arrowright"",""arrowright"",""arrowleft"",""arrowleft"",""arrowleft"",""arrowleft"",""arrowright"",""arrowleft"",""arrowright"",""arrowleft""]","[500,458,589,854,2141,956,934,520,1129,511]","[61,46,50,58,66,70,57,65,72,56]","[0,0,0,0,66,70,57,65,0,0]","[[21.0411,46.1227]]","[5981]","[]","[]","1","[]","[]","[]","[]","horizontal","","","",""
"","","","","","horizons-trial","74","1022500","0.0-70.0","","","","","","","5","[47,39,54,46,53]","[34,36,49,49,38]","""2023-10-27T14:30:22.442Z""","[0,0,1,1]","0","1","0","40","48","48","40","8","0","0","[""arrowleft"",""arrowleft"",""arrowright"",""arrowright"",""arrowright""]","[598,392,487,422,1857]","[47,39,49,49,38]","[47,39,0,49,0]","[[65.7625,50]]","[4241]","[]","[]","1","[]","[]","[]","[]","horizontal","","","",""
"","","","","","horizons-trial","75","1029040","0.0-71.0","","","","","","","5","[60,71,67,57,56]","[46,39,47,41,30]","""2023-10-27T14:30:28.982Z""","[1,0,1,1]","1","1","0","40","60","60","40","20","0","0","[""arrowright"",""arrowleft"",""arrowright"",""arrowright"",""arrowleft""]","[619,382,441,501,465]","[46,71,47,41,56]","[0,71,0,0,56]","[[65.7625,50]]","[3348]","[]","[]","1","[]","[]","[]","[]","horizontal","","","",""
"","","","","","horizons-trial","76","1034906","0.0-72.0","","","","","","","5","[72,51,55,60,62]","[45,52,52,47,56]","""2023-10-27T14:30:34.848Z""","[1,0,0,1]","0","0","0","60","48","60","48","12","0","0","[""arrowright"",""arrowleft"",""arrowleft"",""arrowright"",""arrowleft""]","[499,406,529,453,1143]","[45,51,55,47,62]","[0,0,55,0,62]","[[65.7625,50]]","[1881]","[]","[]","1","[]","[]","[]","[]","horizontal","","","",""
"","","","","","horizons-trial","77","1044277","0.0-73.0","","","","","","","10","[33,32,26,26,26,23,18,26,28,30]","[57,56,69,51,59,68,47,61,59,37]","""2023-10-27T14:30:44.219Z""","[1,1,1,0]","1","1","1","60","30","30","60","30","0","0","[""arrowright"",""arrowright"",""arrowright"",""arrowleft"",""arrowleft"",""arrowright"",""arrowright"",""arrowright"",""arrowright"",""arrowright""]","[519,478,385,716,1226,706,413,403,387,379]","[57,56,69,26,26,68,47,61,59,37]","[57,56,69,0,0,68,47,61,59,37]","[[14.0762,15.306700000000006]]","[2659]","[]","[]","1","[]","[]","[]","[]","horizontal","","","",""
"","","","","","horizons-trial","78","1054029","0.0-74.0","","","","","","","10","[38,41,25,52,42,27,20,35,46,40]","[65,62,53,58,65,56,61,53,56,50]","""2023-10-27T14:30:53.971Z""","[0,1,1,1]","1","1","1","60","40","40","60","20","0","0","[""arrowleft"",""arrowright"",""arrowright"",""arrowright"",""arrowright"",""arrowright"",""arrowright"",""arrowright"",""arrowright"",""arrowright""]","[673,396,453,462,1033,616,446,386,357,326]","[38,62,53,58,65,56,61,53,56,50]","[0,62,53,58,65,56,61,53,56,50]","[[67.2287,77.8067]]","[3425]","[]","[]","1","[]","[]","[]","[]","horizontal","","","",""
"","","","","","horizons-trial","79","1063792","0.0-75.0","","","","","","","10","[37,58,68,58,63,52,59,64,63,52]","[30,46,42,52,34,24,45,30,44,43]","""2023-10-27T14:31:03.733Z""","[1,1,0,0]","0","1","1","40","60","60","40","20","0","0","[""arrowright"",""arrowright"",""arrowleft"",""arrowleft"",""arrowleft"",""arrowleft"",""arrowleft"",""arrowleft"",""arrowleft"",""arrowleft""]","[470,331,815,944,1328,641,440,347,462,318]","[30,46,68,58,63,52,59,64,63,52]","[0,0,68,58,63,52,59,64,63,52]","[[74.9267,68.6921]]","[2848]","[]","[]","1","[]","[]","[]","[]","horizontal","","","",""
"","","","","","horizons-trial","80","1070407","0.0-76.0","","","","","","","5","[64,67,56,89,63]","[41,40,37,26,45]","""2023-10-27T14:31:10.348Z""","[1,0,1,1]","1","1","0","40","70","70","40","30","0","0","[""arrowright"",""arrowleft"",""arrowright"",""arrowright"",""arrowleft""]","[706,355,660,592,535]","[41,67,37,26,63]","[0,67,0,0,63]","[[82.9912,50]]","[3080]","[]","[]","1","[]","[]","[]","[]","horizontal","","","",""
"","","","","","horizons-trial","81","1143127","0.0-77.0","","","","","","","5","[60,61,60,47,68]","[49,61,56,60,54]","""2023-10-27T14:32:23.069Z""","[1,1,0,0]","0","0","0","60","59","60","59","1","0","0","[""arrowright"",""arrowright"",""arrowleft"",""arrowleft"",""arrowright""]","[615,689,399,544,1521]","[49,61,60,47,54]","[0,61,60,0,0]","[[64.1383,50]]","[19811]","[]","[]","1","[]","[]","[]","[]","horizontal","","","",""
"","","","","","horizons-trial","82","1154514","0.0-78.0","","","","","","","10","[52,43,61,52,56,75,45,57,70,65]","[47,47,55,71,48,59,52,54,66,49]","""2023-10-27T14:32:34.456Z""","[0,1,0,1]","0","1","1","60","56","56","60","4","0","0","[""arrowleft"",""arrowright"",""arrowleft"",""arrowright"",""arrowright"",""arrowright"",""arrowleft"",""arrowright"",""arrowright"",""arrowright""]","[1429,410,755,500,2358,994,660,444,458,450]","[52,47,61,71,48,59,45,54,66,49]","[52,47,61,71,0,0,0,0,0,0]","[[50,64.8582]]","[2268]","[]","[]","1","[]","[]","[]","[]","horizontal","","","",""
"","","","","","horizons-trial","83","1164645","0.0-79.0","","","","","","","10","[73,67,65,68,68,67,77,68,89,84]","[33,41,41,36,40,42,12,42,43,48]","""2023-10-27T14:32:44.587Z""","[1,1,0,0]","0","1","1","40","70","70","40","30","0","0","[""arrowright"",""arrowright"",""arrowleft"",""arrowleft"",""arrowright"",""arrowleft"",""arrowleft"",""arrowleft"",""arrowleft"",""arrowleft""]","[724,491,410,586,461,557,358,355,547,471]","[33,41,65,68,40,67,77,68,89,84]","[0,0,65,68,0,67,77,68,89,84]","[[20.1526,21.889499999999998]]","[4335]","[]","[]","1","[]","[]","[]","[]","horizontal","","","",""
"","","","","","horizons-trial","84","1172569","0.0-80.0","","","","","","","5","[29,41,45,54,35]","[35,50,43,32,36]","""2023-10-27T14:32:52.510Z""","[1,1,0,0]","0","0","0","40","44","40","44","4","0","0","[""arrowright"",""arrowright"",""arrowleft"",""arrowleft"",""arrowleft""]","[571,727,418,1296,1722]","[35,50,45,54,35]","[35,50,45,54,0]","[[53.3663,50]]","[2022]","[]","[]","1","[]","[]","[]","[]","horizontal","","","",""
"","","","","","horizons-trial","85","1191098","0.0-81.0","","","","","","","10","[54,60,50,43,26,57,51,57,58,46]","[58,50,66,72,56,62,50,52,64,58]","""2023-10-27T14:33:11.039Z""","[1,0,0,0]","1","1","1","60","48","48","60","12","0","0","[""arrowright"",""arrowleft"",""arrowleft"",""arrowleft"",""arrowleft"",""arrowright"",""arrowright"",""arrowright"",""arrowleft"",""arrowleft""]","[4659,544,935,599,1632,1604,601,425,700,1109]","[58,60,50,43,26,62,50,52,58,46]","[58,60,0,0,0,62,0,0,0,0]","[[50.6733,76.577]]","[5014]","[]","[]","1","[]","[]","[]","[]","horizontal","","","",""
"","","","","","horizons-trial","86","1206040","0.0-82.0","","","","","","","5","[30,35,33,41,41]","[66,80,66,72,83]","""2023-10-27T14:33:25.982Z""","[0,1,1,1]","1","0","0","40","70","40","70","30","0","0","[""arrowleft"",""arrowright"",""arrowright"",""arrowright"",""arrowright""]","[7267,839,536,504,520]","[30,80,66,72,83]","[0,80,66,72,83]","[[76.2567,50]]","[4220]","[]","[]","1","[]","[]","[]","[]","horizontal","","","",""
"","","","","","horizons-trial","87","1211989","0.0-83.0","","","","","","","5","[39,54,38,45,37]","[62,49,60,42,48]","""2023-10-27T14:33:31.931Z""","[1,0,1,0]","0","0","0","40","52","40","52","12","0","0","[""arrowright"",""arrowleft"",""arrowright"",""arrowleft"",""arrowright""]","[1566,622,522,1030,387]","[62,54,60,45,48]","[62,54,60,45,48]","[[76.2567,50]]","[1227]","[]","[]","1","[]","[]","[]","[]","horizontal","","","",""
"","","","","","horizons-trial","88","1223086","0.0-84.0","","","","","","","10","[38,48,49,53,50,41,39,50,29,38]","[55,62,60,77,65,63,56,64,56,59]","""2023-10-27T14:33:43.027Z""","[1,0,1,0]","0","1","1","60","40","40","60","20","0","0","[""arrowright"",""arrowleft"",""arrowright"",""arrowleft"",""arrowright"",""arrowright"",""arrowright"",""arrowright"",""arrowright"",""arrowright""]","[3751,396,342,697,558,859,358,394,344,329]","[55,48,60,53,65,63,56,64,56,59]","[55,0,60,0,65,63,56,64,56,59]","[[77.1544,68.9815]]","[2498]","[]","[]","1","[]","[]","[]","[]","horizontal","","","",""
"","","","","","horizons-trial","89","1229451","0.0-85.0","","","","","","","5","[66,58,72,58,45]","[41,44,27,40,50]","""2023-10-27T14:33:49.393Z""","[1,1,0,0]","0","1","0","40","60","60","40","20","0","0","[""arrowright"",""arrowright"",""arrowleft"",""arrowleft"",""arrowleft""]","[720,340,545,561,657]","[41,44,72,58,45]","[0,0,72,58,0]","[[83.4381,50]]","[1712]","[]","[]","1","[]","[]","[]","[]","horizontal","","","",""
"","","","","","horizons-trial","90","1240515","0.0-86.0","","","","","","","10","[59,51,57,56,66,57,59,54,44,71]","[47,62,60,51,54,41,46,46,47,51]","""2023-10-27T14:34:00.457Z""","[1,1,1,0]","1","0","1","60","52","60","52","8","0","0","[""arrowright"",""arrowright"",""arrowright"",""arrowleft"",""arrowright"",""arrowright"",""arrowright"",""arrowleft"",""arrowleft"",""arrowleft""]","[564,436,380,545,946,1459,443,366,791,1354]","[47,62,60,56,54,41,46,54,44,71]","[0,62,60,56,0,0,0,54,0,71]","[[61.4453,53.1395]]","[3134]","[]","[]","1","[]","[]","[]","[]","horizontal","","","",""
"","","","","","horizons-trial","91","1255093","0.0-87.0","","","","","","","10","[51,51,48,51,54,54,61,56,65,39]","[63,56,65,69,70,71,64,57,61,52]","""2023-10-27T14:34:15.035Z""","[1,1,0,0]","0","1","1","60","52","52","60","8","0","0","[""arrowright"",""arrowright"",""arrowleft"",""arrowleft"",""arrowright"",""arrowright"",""arrowright"",""arrowright"",""arrowright"",""arrowright""]","[4326,462,789,1105,404,740,428,370,305,376]","[63,56,48,51,70,71,64,57,61,52]","[63,56,0,0,70,71,64,57,0,52]","[[59.2011,27.9658]]","[4699]","[]","[]","1","[]","[]","[]","[]","horizontal","","","",""
"","","","","","horizons-trial","92","1262522","0.0-88.0","","","","","","","5","[47,53,52,64,38]","[34,38,41,32,47]","""2023-10-27T14:34:22.464Z""","[0,1,0,0]","1","1","0","40","52","52","40","12","0","0","[""arrowleft"",""arrowright"",""arrowleft"",""arrowleft"",""arrowleft""]","[817,423,811,777,1462]","[47,38,52,64,38]","[47,0,52,64,0]","[[88.8241,50]]","[2619]","[]","[]","1","[]","[]","[]","[]","horizontal","","","",""
"","","","","","horizons-trial","93","1273685","0.0-89.0","","","","","","","10","[37,59,56,33,31,46,47,38,44,47]","[29,41,45,39,36,42,39,40,35,48]","""2023-10-27T14:34:33.626Z""","[1,0,1,0]","0","1","1","40","44","44","40","4","0","0","[""arrowright"",""arrowleft"",""arrowright"",""arrowleft"",""arrowleft"",""arrowright"",""arrowright"",""arrowright"",""arrowleft"",""arrowright""]","[534,785,381,438,2627,1045,847,480,605,504]","[29,59,45,33,31,42,39,40,44,48]","[0,59,0,0,0,0,0,40,44,48]","[[36.535,36.8634]]","[1965]","[]","[]","1","[]","[]","[]","[]","horizontal","","","",""
"","","","","","horizons-trial","94","1280488","0.0-90.0","","","","","","","5","[62,50,73,51,60]","[56,47,41,66,59]","""2023-10-27T14:34:40.429Z""","[1,0,0,0]","1","0","0","60","56","60","56","4","0","0","[""arrowright"",""arrowleft"",""arrowleft"",""arrowleft"",""arrowright""]","[562,473,526,602,1061]","[56,50,73,51,59]","[0,50,73,0,0]","[[77.8277,50]]","[2901]","[]","[]","1","[]","[]","[]","[]","horizontal","","","",""
"","","","","","horizons-trial","95","1300494","0.0-91.0","","","","","","","10","[70,68,70,57,69,65,64,52,50,56]","[65,62,50,71,53,47,54,50,48,71]","""2023-10-27T14:35:00.436Z""","[1,1,1,0]","1","0","1","60","58","60","58","2","0","0","[""arrowright"",""arrowright"",""arrowright"",""arrowleft"",""arrowright"",""arrowright"",""arrowright"",""arrowright"",""arrowright"",""arrowright""]","[903,428,396,842,1186,514,9406,506,475,376]","[65,62,50,57,53,47,54,50,48,71]","[0,0,0,0,0,0,0,0,0,71]","[[46.4093,54.2245]]","[2862]","[]","[]","1","[]","[]","[]","[]","horizontal","","","",""
"","","","","","horizons-trial","96","1311268","0.0-92.0","","","","","","","10","[60,80,62,64,62,53,72,70,59,49]","[60,64,76,67,47,70,69,58,56,51]","""2023-10-27T14:35:11.210Z""","[1,0,1,0]","0","0","1","60","59","60","59","1","0","0","[""arrowright"",""arrowleft"",""arrowright"",""arrowleft"",""arrowleft"",""arrowleft"",""arrowleft"",""arrowright"",""arrowleft"",""arrowleft""]","[1158,465,345,631,1173,631,428,422,802,460]","[60,80,76,64,62,53,72,58,59,49]","[60,80,76,0,62,0,72,0,59,0]","[[71.544,73.10470000000001]]","[3442]","[]","[]","1","[]","[]","[]","[]","horizontal","","","",""
"","","","","","horizons-trial","97","1323056","0.0-93.0","","","","","","","10","[45,58,36,45,32,30,29,38,40,34]","[40,33,38,53,42,51,37,41,48,47]","""2023-10-27T14:35:22.997Z""","[0,1,1,1]","1","0","1","40","42","40","42","2","0","0","[""arrowleft"",""arrowright"",""arrowright"",""arrowright"",""arrowleft"",""arrowleft"",""arrowright"",""arrowright"",""arrowleft"",""arrowright""]","[830,386,2998,512,462,750,407,945,563,435]","[45,33,38,53,32,30,37,41,40,47]","[45,0,38,53,0,0,37,41,0,47]","[[57.4058,61.386]]","[2642]","[]","[]","1","[]","[]","[]","[]","horizontal","","","",""
"","","","","","horizons-trial","98","1328798","0.0-94.0","","","","","","","5","[43,30,44,33,43]","[37,45,49,37,66]","""2023-10-27T14:35:28.740Z""","[0,1,0,1]","0","0","0","40","48","40","48","8","0","0","[""arrowleft"",""arrowright"",""arrowleft"",""arrowright"",""arrowright""]","[617,334,348,388,84]","[43,45,44,37,66]","[43,45,0,37,66]","[[49.1023,50]]","[2822]","[]","[]","1","[]","[]","[]","[]","horizontal","","","",""
"","","","","","horizons-trial","99","1336980","0.0-95.0","","","","","","","10","[71,67,69,84,75,65,78,80,67,71]","[32,47,50,45,58,21,24,44,34,35]","""2023-10-27T14:35:36.922Z""","[0,1,0,0]","1","1","1","40","70","70","40","30","0","0","[""arrowleft"",""arrowright"",""arrowleft"",""arrowleft"",""arrowleft"",""arrowleft"",""arrowleft"",""arrowleft"",""arrowleft"",""arrowleft""]","[616,291,407,658,1317,589,306,323,354,341]","[71,47,69,84,75,65,78,80,67,71]","[71,0,69,84,75,65,78,80,67,71]","[[79.8474,82.6534]]","[2200]","[]","[]","1","[]","[]","[]","[]","horizontal","","","",""
"","","","","","horizons-trial","100","1343797","0.0-96.0","","","","","","","10","[61,63,55,66,63,54,78,66,58,67]","[23,30,26,28,51,25,33,29,33,20]","""2023-10-27T14:35:43.738Z""","[1,1,0,0]","0","0","1","60","30","60","30","30","0","0","[""arrowright"",""arrowright"",""arrowleft"",""arrowleft"",""arrowleft"",""arrowleft"",""arrowleft"",""arrowleft"",""arrowleft"",""arrowleft""]","[468,597,441,446,604,612,675,322,357,316]","[23,30,55,66,63,54,78,66,58,67]","[0,0,55,66,63,54,78,66,58,67]","[[79.8474,82.6534]]","[1115]","[]","[]","1","[]","[]","[]","[]","horizontal","","","",""
"","","","","","horizons-trial","101","1350872","0.0-97.0","","","","","","","5","[45,58,65,40,49]","[70,35,66,53,52]","""2023-10-27T14:35:50.813Z""","[1,0,1,0]","0","1","0","60","48","48","60","12","0","0","[""arrowright"",""arrowleft"",""arrowright"",""arrowleft"",""arrowright""]","[867,468,373,353,924]","[70,58,66,40,52]","[70,58,66,0,52]","[[79.8474,50]]","[3022]","[]","[]","1","[]","[]","[]","[]","horizontal","","","",""
"","","","","","horizons-trial","102","1355715","0.0-98.0","","","","","","","5","[43,42,23,44,40]","[32,28,32,41,45]","""2023-10-27T14:35:55.657Z""","[0,1,1,0]","0","1","0","40","44","44","40","4","0","0","[""arrowleft"",""arrowright"",""arrowright"",""arrowleft"",""arrowleft""]","[511,325,862,513,897]","[43,28,32,44,40]","[43,0,32,44,0]","[[79.8474,50]]","[1105]","[]","[]","1","[]","[]","[]","[]","horizontal","","","",""
"","","","","","horizons-trial","103","1364112","0.0-99.0","","","","","","","5","[69,60,74,51,40]","[47,52,38,49,56]","""2023-10-27T14:36:04.054Z""","[1,1,1,0]","1","0","0","60","52","60","52","8","0","0","[""arrowright"",""arrowright"",""arrowright"",""arrowleft"",""arrowright""]","[530,460,528,538,2353]","[47,52,38,51,56]","[0,0,0,51,56]","[[53.8151,50]]","[3223]","[]","[]","1","[]","[]","[]","[]","horizontal","","","",""
"","","","","","horizons-trial","104","1371229","0.0-100.0","","","","","","","10","[70,65,62,56,64,67,60,62,70,77]","[33,41,37,52,43,45,42,32,40,42]","""2023-10-27T14:36:11.170Z""","[0,1,0,0]","1","1","1","40","60","60","40","20","0","0","[""arrowleft"",""arrowright"",""arrowleft"",""arrowleft"",""arrowleft"",""arrowleft"",""arrowleft"",""arrowleft"",""arrowleft"",""arrowleft""]","[537,344,366,517,988,496,276,403,334,367]","[70,41,62,56,64,67,60,62,70,77]","[70,0,62,56,64,67,60,62,70,77]","[[68.6266,72.4537]]","[1644]","[]","[]","1","[]","[]","[]","[]","horizontal","","","",""
"","","","","","horizons-trial","105","1381521","0.0-101.0","","","","","","","10","[26,30,41,36,65,45,44,29,45,45]","[39,36,32,40,39,48,50,34,32,39]","""2023-10-27T14:36:21.463Z""","[1,1,0,0]","0","0","1","40","42","40","42","2","0","0","[""arrowright"",""arrowright"",""arrowleft"",""arrowleft"",""arrowleft"",""arrowleft"",""arrowright"",""arrowright"",""arrowleft"",""arrowright""]","[559,429,547,530,1246,624,762,853,774,945]","[39,36,41,36,65,45,50,34,45,39]","[39,36,41,0,65,0,50,34,45,0]","[[26.8851,34.042199999999994]]","[2210]","[]","[]","1","[]","[]","[]","[]","horizontal","","","",""
"","","","","","horizons-trial","106","1388917","0.0-102.0","","","","","","","5","[43,48,42,35,44]","[57,58,46,55,46]","""2023-10-27T14:36:28.858Z""","[0,1,1,1]","1","0","0","40","48","40","48","8","0","0","[""arrowleft"",""arrowright"",""arrowright"",""arrowright"",""arrowright""]","[871,304,595,448,1105]","[43,58,46,55,46]","[0,58,46,55,46]","[[74.0126,50]]","[3161]","[]","[]","1","[]","[]","[]","[]","horizontal","","","",""
"","","","","","horizons-trial","107","1397688","0.0-103.0","","","","","","","10","[64,51,43,43,43,52,53,37,65,54]","[32,33,44,51,36,40,32,43,29,42]","""2023-10-27T14:36:37.629Z""","[1,1,0,1]","1","1","1","40","52","52","40","12","0","0","[""arrowright"",""arrowright"",""arrowleft"",""arrowright"",""arrowright"",""arrowright"",""arrowright"",""arrowleft"",""arrowright"",""arrowright""]","[537,573,439,422,781,797,458,435,452,464]","[32,33,43,51,36,40,32,37,29,42]","[0,0,0,51,0,0,0,0,0,0]","[[83.2137,82.0023]]","[2738]","[]","[]","1","[]","[]","[]","[]","horizontal","","","",""
"","","","","","horizons-trial","108","1403382","0.0-104.0","","","","","","","5","[43,37,48,32,43]","[62,69,76,66,53]","""2023-10-27T14:36:43.323Z""","[1,1,1,0]","1","0","0","40","60","40","60","20","0","0","[""arrowright"",""arrowright"",""arrowright"",""arrowleft"",""arrowright""]","[427,465,646,681,464]","[62,69,76,32,53]","[62,69,76,0,53]","[[92.1903,50]]","[2147]","[]","[]","1","[]","[]","[]","[]","horizontal","","","",""
"","","","","","horizons-trial","109","1413566","0.0-105.0","","","","","","","10","[44,42,23,48,47,37,33,49,33,42]","[25,49,34,36,34,35,38,37,36,48]","""2023-10-27T14:36:53.508Z""","[1,0,0,1]","0","1","1","40","41","41","40","1","0","0","[""arrowright"",""arrowleft"",""arrowleft"",""arrowright"",""arrowright"",""arrowright"",""arrowleft"",""arrowright"",""arrowright"",""arrowright""]","[403,504,525,952,2609,732,430,677,409,380]","[25,42,23,36,34,35,33,37,36,48]","[0,0,0,0,0,0,0,0,36,48]","[[41.6966,47.0631]]","[1922]","[]","[]","1","[]","[]","[]","[]","horizontal","","","",""
"","","","","","horizons-trial","110","1420187","0.0-106.0","","","","","","","5","[56,26,38,47,36]","[23,57,42,36,32]","""2023-10-27T14:37:00.129Z""","[0,1,1,1]","1","0","0","40","42","40","42","2","0","0","[""arrowleft"",""arrowright"",""arrowright"",""arrowright"",""arrowright""]","[550,258,450,405,1276]","[56,57,42,36,32]","[56,57,42,0,0]","[[75.8079,50]]","[2823]","[]","[]","1","[]","[]","[]","[]","horizontal","","","",""
"","","","","","horizons-trial","111","1427866","0.0-107.0","","","","","","","5","[59,49,49,57,59]","[41,55,41,54,48]","""2023-10-27T14:37:07.807Z""","[1,1,1,0]","1","0","0","60","48","60","48","12","0","0","[""arrowright"",""arrowright"",""arrowright"",""arrowleft"",""arrowleft""]","[369,491,693,505,737]","[41,55,41,57,59]","[0,55,0,57,59]","[[64.3627,50]]","[4297]","[]","[]","1","[]","[]","[]","[]","horizontal","","","",""
"","","","","","horizons-trial","112","1434059","0.0-108.0","","","","","","","10","[61,76,53,65,54,65,55,68,62,64]","[23,17,21,24,32,27,34,45,30,40]","""2023-10-27T14:37:14.000Z""","[1,1,1,0]","1","0","1","60","30","60","30","30","0","0","[""arrowright"",""arrowright"",""arrowright"",""arrowleft"",""arrowleft"",""arrowleft"",""arrowleft"",""arrowleft"",""arrowleft"",""arrowleft""]","[478,349,327,433,969,417,282,291,277,322]","[23,17,21,65,54,65,55,68,62,64]","[0,0,0,65,54,65,55,68,62,64]","[[78.9497,81.7853]]","[1264]","[]","[]","1","[]","[]","[]","[]","horizontal","","","",""
"","","","","","horizons-trial","113","1440388","0.0-109.0","","","","","","","5","[50,48,31,42,39]","[32,30,34,41,49]","""2023-10-27T14:37:20.329Z""","[0,0,1,1]","0","0","0","40","41","40","41","1","0","0","[""arrowleft"",""arrowleft"",""arrowright"",""arrowright"",""arrowleft""]","[584,352,380,370,1193]","[50,48,34,41,39]","[50,48,34,0,0]","[[69.5243,50]]","[2623]","[]","[]","1","[]","[]","[]","[]","horizontal","","","",""
"","","","","","horizons-trial","114","1447848","0.0-110.0","","","","","","","5","[33,47,55,46,56]","[46,46,46,31,51]","""2023-10-27T14:37:27.790Z""","[0,1,0,0]","1","1","0","40","48","48","40","8","0","0","[""arrowleft"",""arrowright"",""arrowleft"",""arrowleft"",""arrowleft""]","[621,861,422,701,1445]","[33,46,55,46,56]","[0,0,55,46,56]","[[72.6661,50]]","[2298]","[]","[]","1","[]","[]","[]","[]","horizontal","","","",""
"","","","","","horizons-trial","115","1454371","0.0-111.0","","","","","","","5","[39,47,49,57,46]","[63,59,59,54,58]","""2023-10-27T14:37:34.312Z""","[0,1,0,1]","0","0","0","40","60","40","60","20","0","0","[""arrowleft"",""arrowright"",""arrowleft"",""arrowright"",""arrowright""]","[1365,380,433,761,377]","[39,59,49,54,58]","[0,59,0,0,58]","[[72.6661,50]]","[2381]","[]","[]","1","[]","[]","[]","[]","horizontal","","","",""
"","","","","","horizons-trial","116","1458875","0.0-112.0","","","","","","","5","[49,57,69,74,64]","[52,58,65,50,76]","""2023-10-27T14:37:38.816Z""","[0,0,0,1]","1","0","0","60","59","60","59","1","0","0","[""arrowleft"",""arrowleft"",""arrowleft"",""arrowright"",""arrowleft""]","[562,424,362,567,657]","[49,57,69,50,64]","[0,0,69,0,0]","[[72.6661,50]]","[1153]","[]","[]","1","[]","[]","[]","[]","horizontal","","","",""
"","","","","","horizons-trial","117","1469589","0.0-113.0","","","","","","","10","[51,40,70,57,68,58,57,61,66,55]","[57,51,41,61,58,50,61,49,44,60]","""2023-10-27T14:37:49.531Z""","[1,0,1,0]","0","0","1","60","56","60","56","4","0","0","[""arrowright"",""arrowleft"",""arrowright"",""arrowleft"",""arrowright"",""arrowright"",""arrowright"",""arrowright"",""arrowright"",""arrowright""]","[892,381,326,383,3669,998,369,439,345,610]","[57,40,41,57,58,50,61,49,44,60]","[57,0,0,0,0,0,61,0,0,60]","[[47.5314,47.2801]]","[1721]","[]","[]","1","[]","[]","[]","[]","horizontal","","","",""
"","","","","","horizons-trial","118","1479702","0.0-114.0","","","","","","","10","[52,43,24,42,34,41,40,49,47,33]","[59,40,49,43,41,51,37,33,58,48]","""2023-10-27T14:37:59.643Z""","[1,0,1,1]","1","0","1","40","48","40","48","8","0","0","[""arrowright"",""arrowleft"",""arrowright"",""arrowright"",""arrowright"",""arrowright"",""arrowright"",""arrowright"",""arrowright"",""arrowleft""]","[962,411,569,748,1264,898,891,430,492,456]","[59,43,49,43,41,51,37,33,58,33]","[59,43,49,43,41,51,0,0,58,0]","[[47.5314,47.2801]]","[1953]","[]","[]","1","[]","[]","[]","[]","horizontal","","","",""
"","","","","","horizons-trial","119","1489789","0.0-115.0","","","","","","","5","[57,52,64,62,61]","[52,52,53,46,50]","""2023-10-27T14:38:09.731Z""","[0,0,1,1]","0","0","0","60","56","60","56","4","0","0","[""arrowleft"",""arrowleft"",""arrowright"",""arrowright"",""arrowleft""]","[694,455,416,568,1342]","[57,52,53,46,61]","[57,52,0,0,61]","[[62.3429,50]]","[2119]","[]","[]","1","[]","[]","[]","[]","horizontal","","","",""
"","","","","","horizons-trial","120","1494854","0.0-116.0","","","","","","","5","[26,9,21,41,21]","[60,70,76,63,64]","""2023-10-27T14:38:14.796Z""","[1,1,0,0]","0","1","0","60","30","30","60","30","0","0","[""arrowright"",""arrowright"",""arrowleft"",""arrowleft"",""arrowright""]","[526,491,504,391,526]","[60,70,21,41,64]","[60,70,0,0,64]","[[85.9067,50]]","[1882]","[]","[]","1","[]","[]","[]","[]","horizontal","","","",""
"","","","","","horizons-trial","121","1506498","0.0-117.0","","","","","","","10","[46,53,41,40,33,34,26,45,40,40]","[44,51,56,42,43,51,39,41,40,41]","""2023-10-27T14:38:26.440Z""","[0,1,1,1]","1","0","1","40","44","40","44","4","0","0","[""arrowleft"",""arrowright"",""arrowright"",""arrowright"",""arrowright"",""arrowright"",""arrowright"",""arrowright"",""arrowright"",""arrowright""]","[739,343,524,1539,1126,3211,505,284,507,278]","[46,51,56,42,43,51,39,41,40,41]","[46,0,56,42,43,51,39,0,40,41]","[[68.851,75.7089]]","[1992]","[]","[]","1","[]","[]","[]","[]","horizontal","","","",""
"","","","","","horizons-trial","122","1514367","0.0-118.0","","","","","","","5","[38,48,30,47,26]","[35,31,36,39,34]","""2023-10-27T14:38:34.308Z""","[1,0,1,0]","0","1","0","40","42","42","40","2","0","0","[""arrowright"",""arrowleft"",""arrowright"",""arrowleft"",""arrowright""]","[1132,380,442,498,605]","[35,48,36,47,34]","[0,48,36,47,34]","[[9.82945,50]]","[4232]","[]","[]","1","[]","[]","[]","[]","horizontal","","","",""
"","","","","","horizons-trial","123","1523283","0.0-119.0","","","","","","","10","[46,35,36,49,41,48,52,55,54,47]","[52,39,51,34,38,39,49,51,34,39]","""2023-10-27T14:38:43.225Z""","[1,1,0,1]","1","1","1","40","48","48","40","8","0","0","[""arrowright"",""arrowright"",""arrowleft"",""arrowright"",""arrowright"",""arrowright"",""arrowleft"",""arrowleft"",""arrowleft"",""arrowleft""]","[599,400,518,555,1570,896,419,572,378,392]","[52,39,36,34,38,39,52,55,54,47]","[52,39,0,0,0,0,52,55,54,47]","[[34.9641,68.1134]]","[1723]","[]","[]","1","[]","[]","[]","[]","horizontal","","","",""
"","","","","","survey-html-form","124","1582173","0.0-120.0","58889","{""comments"":""Strategy didn't differ between 5 and 10 choices. I tried to determine what one seemed to be offering the higher numbers, ""}","","","","","","","","","","","","","","","","","","","","","","","","","","","","","","","","","","","","",""
"","","","","","survey-html-form","125","1608494","0.0-121.0","26319","{""comments"":""Gut feeling mainly! Sometimes I knew I had picked the correct ones, other times I knew I had made a mistkae""}","","","","","","","","","","","","","","","","","","","","","","","","","","","","","","","","","","","","",""
"","","","","","survey-html-form","126","1634509","0.0-122.0","26012","{""comments"":"" Gut feeling again, if there was a mix I would feel less confident about my choice""}","","","","","","","","","","","","","","","","","","","","","","","","","","","","","","","","","","","","",""
"","","","","","survey-html-form","127","1636205","0.0-123.0","1695","{""comments"":"" ""}","","","","","","","","","","","","","","","","","","","","","","","","","","","","","","","","","","","","","[{""event"":""fullscreenenter"",""trial"":2,""time"":5871}]"
