"success","timeout","failed_images","failed_audio","failed_video","trial_type","trial_index","time_elapsed","internal_node_id","rt","response","stimulus","view_history","horizon","rewards_L","rewards_R","date","forced_choices","r_info","r_side","r_h","r_mean","r_otherMean","r_mean_L","r_mean_R","r_difference","confidence_immediate_overall","confidence_question_order","key_presses","response_times","outcomes","outcomes_counted_points","confidence","confidence_rt","confidence_2","confidence_2_rt","screen_resolution","belief_confidence_1","belief_confidence_2","belief_confidence_3","belief_confidence_4","immediate_judgement_orientation","phase","responses","num_errors","interactions"
"true","false","[]","[]","[]","preload","0","379","0.0-0.0","","","","","","","","","","","","","","","","","","","","","","","","","","","","","","","","","","","","",""
"","","","","","survey-html-form","1","4244","0.0-1.0","3861","{""comments"":""63cffdbf780f8b199748645b""}","","","","","","","","","","","","","","","","","","","","","","","","","","","","","","","","","","",""
"true","","","","","fullscreen","2","6906","0.0-2.0","","","","","","","","","","","","","","","","","","","","","","","","","","","","","","","","","","","","",""
"","","","","","html-button-response","3","9939","0.0-3.0","3031","0","
      <h1>Consent to Participate in the Learning and Cognitive Control Study</h1>

      <p>This is a psychology experiment being conducted by Dr. Peter Dayan, 
      director of the Max Planck Institute for Biological Cybernetics, and the 
      members of his lab. In order to consent to participate, you MUST meet the 
      following criteria:</p>

      <p>
      - 18 years of age or older<br>
      - Fluent speaker of English<br>
      - Have not previously participated in this experiment<br></p>

      <p>This study is designed to look at how people learn how to make decisions 
      to accomplish their goals. In this task, you will be asked to make choices, 
      play games, and answer questions related to those games. The study will take 
      about 45 minutes. </p> 

      <p>Your participation in this research is voluntary. You may refrain from 
      answering any questions that make you uncomfortable and may withdraw your 
      participation at any time without penalty by exiting this task and alerting 
      the experimenter. You may choose not to complete certain parts of the task 
      or answer certain questions. You may contact us at the address provided 
      below if you have additional questions or concerns.</p> 

      <p>Other than monetary compensation, participating in this study will 
      provide no direct benefits to you. But we hope that this research will 
      benefit society at large by contributing towards establishing a scientific 
      foundation for improving people's learning and cognitive control abilities.</p>

      <p>Your online username may be connected to your individual responses, but 
      we will not be asking for any additional personally identifying information, 
      and we will handle responses as confidentially as possible. We cannot however 
      guarantee the confidentiality of information transmitted over the Internet. 
      We will be keeping de-identified data collected as part of this experiment 
      indefinitely. Data used in scientific publications will remain completely 
      anonymous.</p>

      <p>If you have any questions about the study, feel free to contact our lab. 
      Dr. Dayan and his lab members can be reached at <a href='mailto:kyblab.tuebingen@gmail.com'>kyblab.tuebingen@gmail.com</a></p>
      
      <p>By selecting the â€œconsentâ€ option below, I acknowledge that I am 18 or older, that I am a fluent speaker of
            English, that I have read this consent form, and that I agree to take part in the research.</p>","","","","","","","","","","","","","","","","","","","","","","","","","","","","","","","","","",""
"","","","","","html-button-response","4","13367","0.0-4.0","3427","0","<h1>Legal Declaration of Consent under Data Protection Law</h1>
    <p><a target=""_blank"" rel=""noopener noreferrer"" href=""https://kyblab.tuebingen.mpg.de/fma/dataprotection.pdf"">Please click here to view our Data Protection Information Sheet, yours to keep.</a></p>
    <p>I have received and took note of the written Data Protection Information Sheet for this study. In doing so, I had sufficient time and opportunity to ask questions about data protection and reconsider my participation in the study. </p>
    <p>I am aware that:</p>
    <ul>
        <li>the processing and use of the collected data occur in a pseudonymized form within the scope of the legally prescribed provisions.
            As a general rule, the storage occurs in the form of questionnaires, as well as on electronic data media, for 10 years
            or longer, if this is required by the purpose of the study.</li>
        <li>by providing further personal data in pseudonymized form, collected personal data may be used for the preparation of anonymized
            scientific research work and may also be published and used in an anonymized form in medical journals, scientific publications
            and publicly accessible scientific databases, so that a direct assignment to my person cannot be established.</li>
        <li>the information obtained during this study may also be sent in an anonymized form to cooperation partners within the
            scope of the European General Data Protection Regulation for scientific purposes and to cooperation partners outside of the
            European Union, i.e. to countries with a lower data protection level (this also applies to the USA).</li>
        <li>the data collected within the scope of the study can also be used and processed in the future inside of the Institute.</li>
    </ul>
    <p>I was informed about my rights, that at any time:</p>
    <ul>
          <li>I can withdraw this declaration of consent.</li>
          <li>I can request information about my stored data and request the correction or blocking of data.</li>
          <li>by cancellation of my participation in the study, I can request that my personal data collected until that time are immediately deleted or anonymized.</li>
          <li>I can request that my data are handed out to me or to third parties (if technically feasible).</li>
    </ul>

    <p>I herewith declare that:</p>
    <ul>
          <li>I have been adequately informed about the collection and processing of my data and rights.</li>
          <li>I consent to the collection and processing of personal data within the scope of the study and its pseudonymized disclosure so that
            only the persons conducting the study can establish a link between the data and my person.</li>
    </ul>
    <p>By selecting the consent option below, I agree to participate in online studies or experiments using learning, and I consent to the use of my data described in the Data Protection Information Sheet and confirm having received a copy of the Data Protection Sheet.</p>
    <p>Note: If you do not consent to participate in this study or have your data used as outlined in the Data Protection Information Sheet, then this experiment will now close and you will not proceed any further. No information about you will be retained. </p>
    <br><br>","","","","","","","","","","","","","","","","","","","","","","","","","","","","","","","","","",""
"","","","","","instructions","5","156741","0.0-5.0-0.0","143368","","","[{""page_index"":0,""viewing_time"":4542},{""page_index"":1,""viewing_time"":5063},{""page_index"":2,""viewing_time"":10633},{""page_index"":3,""viewing_time"":18667},{""page_index"":4,""viewing_time"":13256},{""page_index"":5,""viewing_time"":5719},{""page_index"":6,""viewing_time"":8344},{""page_index"":7,""viewing_time"":9895},{""page_index"":8,""viewing_time"":6438},{""page_index"":9,""viewing_time"":19873},{""page_index"":10,""viewing_time"":30581},{""page_index"":11,""viewing_time"":10356}]","","","","","","","","","","","","","","","","","","","","","","","","","","","","","","","","",""
"","","","","","horizons-trial","6","189424","0.0-5.0-1.0","","","","","5","[44,57,74,72,62]","[31,33,24,39,29]","""2023-07-16T20:50:52.415Z""","[1,0,1,1]","","","","","","","","","0","","[""arrowright"",""arrowleft"",""arrowright"",""arrowright"",""arrowleft""]","[1089,2585,466,671,2995]","[31,57,24,39,62]","[0,57,0,0,62]","[[50,100]]","[]","[]","[]","1","[]","[]","[]","[]","vertical","practice","","",""
"","","","","","horizons-trial","7","213386","0.0-5.0-2.0","","","","","10","[64,50,57,35,52,38,44,61,39,38]","[70,69,76,71,75,58,81,84,57,61]","""2023-07-16T20:51:16.376Z""","[0,0,1,1]","","","","","","","","","1","","[""arrowleft"",""arrowleft"",""arrowright"",""arrowright"",""arrowright"",""arrowright"",""arrowright"",""arrowright"",""arrowright"",""arrowright""]","[5227,577,547,571,2892,1213,1130,1520,850,614]","[64,50,76,71,75,58,81,84,57,61]","[0,0,76,71,75,58,81,84,57,61]","[[89.0411,92.96875]]","[]","[]","[]","1","[]","[]","[]","[]","vertical","practice","","",""
"","","","","","instructions","8","244892","0.0-5.0-3.0","31503","","","[{""page_index"":0,""viewing_time"":1753},{""page_index"":1,""viewing_time"":20267},{""page_index"":2,""viewing_time"":6692},{""page_index"":3,""viewing_time"":2791}]","","","","","","","","","","","","","","","","","","","","","","","","","","","","","","","","",""
"","","","","","horizons-comprehension","9","271001","0.0-5.0-4.0","26105.700000286102","","","","","","","","","","","","","","","","","","","","","","","","","","","","","","","","","","[""true"",""false"",""false"",""true""]","0",""
"","","","","","instructions","10","272915","0.0-6.0","1910","","","[{""page_index"":0,""viewing_time"":1909}]","","","","","","","","","","","","","","","","","","","","","","","","","","","","","","","","",""
"","","","","","horizons-trial","11","284917","0.0-7.0","","","","","5","[55,61,47,29,48]","[46,27,49,35,43]","""2023-07-16T20:52:27.908Z""","[0,0,0,1]","1","1","0","40","48","48","40","8","0","0","[""arrowleft"",""arrowleft"",""arrowleft"",""arrowright"",""arrowleft""]","[1688,483,480,813,1722]","[55,61,47,35,48]","[55,61,0,35,48]","[[50,100]]","[]","[]","[]","1","[]","[]","[]","[]","vertical","","","",""
"","","","","","horizons-trial","12","297706","0.0-8.0","","","","","5","[36,46,55,44,50]","[48,36,44,30,45]","""2023-07-16T20:52:40.696Z""","[1,1,1,0]","1","1","0","40","44","44","40","4","0","0","[""arrowright"",""arrowright"",""arrowright"",""arrowleft"",""arrowleft""]","[1034,983,601,560,2797]","[48,36,44,44,50]","[48,0,0,44,50]","[[50,53.9062]]","[]","[]","[]","1","[]","[]","[]","[]","vertical","","","",""
"","","","","","horizons-trial","13","310946","0.0-9.0","","","","","10","[52,65,63,72,67,66,57,49,67,43]","[48,52,41,42,40,38,36,44,47,44]","""2023-07-16T20:52:53.937Z""","[0,1,1,0]","0","0","1","60","40","60","40","20","0","0","[""arrowleft"",""arrowright"",""arrowright"",""arrowleft"",""arrowleft"",""arrowleft"",""arrowleft"",""arrowleft"",""arrowleft"",""arrowleft""]","[1399,489,502,555,1771,1057,636,931,761,686]","[52,52,41,72,67,66,57,49,67,43]","[52,0,0,72,67,66,57,49,67,0]","[[91.4384,90.625]]","[]","[]","[]","1","[]","[]","[]","[]","vertical","","","",""
"","","","","","horizons-trial","14","321763","0.0-10.0","","","","","5","[40,35,41,44,36]","[54,57,53,49,43]","""2023-07-16T20:53:04.753Z""","[1,0,0,1]","0","0","0","40","48","40","48","8","0","0","[""arrowright"",""arrowleft"",""arrowleft"",""arrowright"",""arrowright""]","[1636,594,636,574,1787]","[54,35,41,49,43]","[54,0,0,49,43]","[[50,98.4375]]","[]","[]","[]","1","[]","[]","[]","[]","vertical","","","",""
"","","","","","horizons-trial","15","335183","0.0-11.0","","","","","10","[36,57,44,31,37,42,29,32,45,46]","[45,39,42,53,48,43,40,44,40,44]","""2023-07-16T20:53:18.174Z""","[0,1,0,1]","0","0","1","40","42","40","42","2","0","0","[""arrowleft"",""arrowright"",""arrowleft"",""arrowright"",""arrowright"",""arrowleft"",""arrowright"",""arrowleft"",""arrowright"",""arrowright""]","[1578,496,475,468,734,1492,1297,925,639,614]","[36,39,44,53,48,42,40,32,40,44]","[0,0,44,53,48,0,40,0,0,0]","[[50,55.8594]]","[]","[]","[]","1","[]","[]","[]","[]","vertical","","","",""
"","","","","","horizons-trial","16","349042","0.0-12.0","","","","","10","[41,45,45,31,41,51,50,58,37,24]","[44,35,39,30,35,40,37,36,35,22]","""2023-07-16T20:53:32.033Z""","[1,1,0,0]","0","1","1","40","44","44","40","4","0","0","[""arrowright"",""arrowright"",""arrowleft"",""arrowleft"",""arrowleft"",""arrowleft"",""arrowleft"",""arrowleft"",""arrowleft"",""arrowleft""]","[1297,465,599,529,4009,921,524,541,567,601]","[44,35,45,31,41,51,50,58,37,24]","[44,0,45,31,41,51,50,58,37,24]","[[10.6164,32.421899999999994]]","[]","[]","[]","1","[]","[]","[]","[]","vertical","","","",""
"","","","","","horizons-trial","17","362305","0.0-13.0","","","","","10","[49,38,64,43,47,44,58,58,62,49]","[44,59,64,61,71,65,74,61,62,46]","""2023-07-16T20:53:45.296Z""","[1,0,0,0]","1","1","1","60","52","52","60","8","0","0","[""arrowright"",""arrowleft"",""arrowleft"",""arrowleft"",""arrowright"",""arrowright"",""arrowright"",""arrowright"",""arrowright"",""arrowright""]","[917,479,496,546,749,817,985,371,327,1509]","[44,38,64,43,71,65,74,61,62,46]","[0,0,64,0,71,65,74,61,62,0]","[[10.6164,30.4688]]","[]","[]","[]","1","[]","[]","[]","[]","vertical","","","",""
"","","","","","horizons-trial","18","373980","0.0-14.0","","","","","10","[59,53,38,63,62,65,70,51,66,58]","[62,59,51,58,50,66,71,58,58,53]","""2023-07-16T20:53:56.970Z""","[1,0,0,1]","0","1","1","60","56","56","60","4","0","0","[""arrowright"",""arrowleft"",""arrowleft"",""arrowright"",""arrowright"",""arrowright"",""arrowright"",""arrowright"",""arrowright"",""arrowright""]","[938,554,474,475,2372,639,477,339,317,805]","[62,53,38,58,50,66,71,58,58,53]","[62,0,0,0,0,66,71,58,0,0]","[[94.5205,96.48438]]","[]","[]","[]","1","[]","[]","[]","[]","vertical","","","",""
"","","","","","horizons-trial","19","381790","0.0-15.0","","","","","5","[37,36,43,38,44]","[44,59,31,42,21]","""2023-07-16T20:54:04.781Z""","[1,0,0,0]","1","1","0","40","42","42","40","2","0","0","[""arrowright"",""arrowleft"",""arrowleft"",""arrowleft"",""arrowright""]","[705,405,507,453,2064]","[44,36,43,38,21]","[44,0,43,0,0]","[[50,25.7812]]","[]","[]","[]","1","[]","[]","[]","[]","vertical","","","",""
"","","","","","horizons-trial","20","391773","0.0-16.0","","","","","5","[47,53,48,43,38]","[29,50,30,30,38]","""2023-07-16T20:54:14.764Z""","[1,0,1,1]","1","1","0","40","41","41","40","1","0","0","[""arrowright"",""arrowleft"",""arrowright"",""arrowright"",""arrowleft""]","[1821,489,488,437,1144]","[29,53,30,30,38]","[0,53,0,0,38]","[[50,100]]","[]","[]","[]","1","[]","[]","[]","[]","vertical","","","",""
"","","","","","horizons-trial","21","402672","0.0-17.0","","","","","10","[62,69,58,67,54,50,44,62,67,59]","[61,34,35,47,40,37,48,53,25,37]","""2023-07-16T20:54:25.662Z""","[1,0,0,0]","1","1","1","40","60","60","40","20","0","0","[""arrowright"",""arrowleft"",""arrowleft"",""arrowleft"",""arrowright"",""arrowleft"",""arrowright"",""arrowleft"",""arrowleft"",""arrowleft""]","[674,413,435,380,2016,1073,771,597,453,404]","[61,69,58,67,40,50,48,62,67,59]","[0,69,58,67,0,50,48,62,67,59]","[[50.3425,51.5625]]","[]","[]","[]","1","[]","[]","[]","[]","vertical","","","",""
"","","","","","horizons-trial","22","415364","0.0-18.0","","","","","10","[33,52,34,49,36,24,36,35,48,46]","[61,79,83,60,64,63,58,81,62,64]","""2023-07-16T20:54:38.355Z""","[1,1,0,0]","0","0","1","40","70","40","70","30","0","0","[""arrowright"",""arrowright"",""arrowleft"",""arrowleft"",""arrowright"",""arrowright"",""arrowright"",""arrowright"",""arrowright"",""arrowright""]","[739,470,802,607,781,2470,700,539,373,375]","[61,79,34,49,64,63,58,81,62,64]","[61,79,0,0,64,63,58,81,62,64]","[[99.3151,99.21875]]","[]","[]","[]","1","[]","[]","[]","[]","vertical","","","",""
"","","","","","horizons-trial","23","424430","0.0-19.0","","","","","5","[59,66,60,60,76]","[66,41,53,50,48]","""2023-07-16T20:54:47.421Z""","[0,1,0,1]","0","0","0","60","56","60","56","4","0","0","[""arrowleft"",""arrowright"",""arrowleft"",""arrowright"",""arrowleft""]","[1454,460,463,792,1973]","[59,41,60,50,76]","[0,0,60,0,76]","[[50,100]]","[]","[]","[]","1","[]","[]","[]","[]","vertical","","","",""
"","","","","","horizons-trial","24","436480","0.0-20.0","","","","","5","[44,48,40,48,17]","[38,45,44,43,47]","""2023-07-16T20:54:59.471Z""","[0,0,0,1]","1","0","0","40","44","40","44","4","0","0","[""arrowleft"",""arrowleft"",""arrowleft"",""arrowright"",""arrowleft""]","[625,528,424,454,3244]","[44,48,40,43,17]","[44,48,0,0,0]","[[50,23.4375]]","[]","[]","[]","1","[]","[]","[]","[]","vertical","","","",""
"","","","","","horizons-trial","25","449526","0.0-21.0","","","","","5","[40,72,56,51,69]","[71,57,65,63,58]","""2023-07-16T20:55:12.517Z""","[1,0,0,1]","0","0","0","60","58","60","58","2","0","0","[""arrowright"",""arrowleft"",""arrowleft"",""arrowright"",""arrowleft""]","[2492,914,721,701,1365]","[71,72,56,63,69]","[71,72,0,63,69]","[[50,91.40625]]","[]","[]","[]","1","[]","[]","[]","[]","vertical","","","",""
"","","","","","horizons-trial","26","459224","0.0-22.0","","","","","10","[40,38,64,34,43,41,45,46,54,39]","[62,79,60,55,41,58,61,45,62,46]","""2023-07-16T20:55:22.215Z""","[0,0,1,1]","0","1","1","60","48","48","60","12","0","0","[""arrowleft"",""arrowleft"",""arrowright"",""arrowright"",""arrowright"",""arrowright"",""arrowright"",""arrowright"",""arrowright"",""arrowright""]","[1425,587,497,503,992,1466,429,199,165,152]","[40,38,60,55,41,58,61,45,62,46]","[0,0,0,55,0,58,61,0,62,46]","[[86.9863,84.375]]","[]","[]","[]","1","[]","[]","[]","[]","vertical","","","",""
"","","","","","horizons-trial","27","469917","0.0-23.0","","","","","5","[38,34,43,36,51]","[36,35,45,47,29]","""2023-07-16T20:55:32.907Z""","[1,0,1,1]","1","0","0","40","41","40","41","1","0","0","[""arrowright"",""arrowleft"",""arrowright"",""arrowright"",""arrowright""]","[3344,469,433,515,1292]","[36,34,45,47,29]","[0,0,45,47,0]","[[50,55.4688]]","[]","[]","[]","1","[]","[]","[]","[]","vertical","","","",""
"","","","","","horizons-trial","28","481539","0.0-24.0","","","","","10","[63,61,66,64,63,59,50,61,79,67]","[57,52,53,60,63,53,60,51,55,71]","""2023-07-16T20:55:44.530Z""","[1,1,1,0]","1","0","1","60","59","60","59","1","0","0","[""arrowright"",""arrowright"",""arrowright"",""arrowleft"",""arrowright"",""arrowright"",""arrowleft"",""arrowleft"",""arrowleft"",""arrowleft""]","[875,419,424,492,467,1158,671,1769,589,489]","[57,52,53,64,63,53,50,61,79,67]","[0,0,0,64,63,0,0,61,79,0]","[[8.21918,32.8125]]","[]","[]","[]","1","[]","[]","[]","[]","vertical","","","",""
"","","","","","horizons-trial","29","493345","0.0-25.0","","","","","10","[40,43,38,29,56,46,45,36,36,27]","[49,51,55,50,58,59,64,73,59,63]","""2023-07-16T20:55:56.335Z""","[0,0,1,1]","0","0","1","40","60","40","60","20","0","0","[""arrowleft"",""arrowleft"",""arrowright"",""arrowright"",""arrowright"",""arrowright"",""arrowright"",""arrowright"",""arrowright"",""arrowright""]","[4002,423,522,888,1344,583,517,270,196,156]","[40,43,55,50,58,59,64,73,59,63]","[0,0,55,50,58,59,64,73,59,63]","[[90.0685,96.48438]]","[]","[]","[]","1","[]","[]","[]","[]","vertical","","","",""
"","","","","","horizons-trial","30","503440","0.0-26.0","","","","","10","[59,46,72,70,59,59,57,79,54,66]","[49,57,50,42,47,51,63,48,49,35]","""2023-07-16T20:56:06.430Z""","[1,1,1,0]","1","0","1","60","48","60","48","12","0","0","[""arrowright"",""arrowright"",""arrowright"",""arrowleft"",""arrowright"",""arrowleft"",""arrowleft"",""arrowleft"",""arrowright"",""arrowleft""]","[1283,426,407,562,428,867,1091,775,251,427]","[49,57,50,70,47,59,57,79,49,66]","[0,57,0,70,0,59,0,79,0,66]","[[16.0959,30.078100000000006]]","[]","[]","[]","1","[]","[]","[]","[]","vertical","","","",""
"","","","","","horizons-trial","31","511947","0.0-27.0","","","","","5","[44,43,58,47,53]","[32,34,38,35,46]","""2023-07-16T20:56:14.938Z""","[0,0,1,1]","0","1","0","40","48","48","40","8","0","0","[""arrowleft"",""arrowleft"",""arrowright"",""arrowright"",""arrowleft""]","[1281,480,441,497,1877]","[44,43,38,35,53]","[44,43,0,0,53]","[[50,86.3281]]","[]","[]","[]","1","[]","[]","[]","[]","vertical","","","",""
"","","","","","horizons-trial","32","522986","0.0-28.0","","","","","10","[20,30,32,17,36,24,34,40,31,24]","[55,60,68,48,48,64,53,63,69,69]","""2023-07-16T20:56:25.977Z""","[0,0,1,1]","0","1","1","60","30","30","60","30","0","0","[""arrowleft"",""arrowleft"",""arrowright"",""arrowright"",""arrowright"",""arrowright"",""arrowright"",""arrowright"",""arrowright"",""arrowright""]","[706,465,487,422,1259,739,179,163,137,148]","[20,30,68,48,48,64,53,63,69,69]","[0,0,68,48,48,64,53,63,69,69]","[[83.5616,88.6719]]","[]","[]","[]","1","[]","[]","[]","[]","vertical","","","",""
"","","","","","horizons-trial","33","532017","0.0-29.0","","","","","10","[34,19,32,38,28,30,31,25,30,31]","[67,39,61,39,65,66,56,61,57,54]","""2023-07-16T20:56:35.007Z""","[0,1,0,0]","1","1","1","60","30","30","60","30","0","0","[""arrowleft"",""arrowright"",""arrowleft"",""arrowleft"",""arrowleft"",""arrowleft"",""arrowright"",""arrowright"",""arrowright"",""arrowright""]","[950,431,323,421,666,638,571,454,270,202]","[34,39,32,38,28,30,56,61,57,54]","[0,39,0,0,0,0,56,61,57,54]","[[14.726,45.7031]]","[]","[]","[]","1","[]","[]","[]","[]","vertical","","","",""
"","","","","","horizons-trial","34","542538","0.0-30.0","","","","","10","[50,55,57,64,56,62,76,52,65,43]","[61,51,56,50,53,52,51,56,48,51]","""2023-07-16T20:56:45.529Z""","[0,0,0,1]","1","0","1","60","56","60","56","4","0","0","[""arrowleft"",""arrowleft"",""arrowleft"",""arrowright"",""arrowright"",""arrowright"",""arrowleft"",""arrowleft"",""arrowleft"",""arrowleft""]","[909,375,540,430,522,815,406,408,180,216]","[50,55,57,50,53,52,76,52,65,43]","[0,55,57,0,0,0,76,0,65,0]","[[14.726,89.0625]]","[]","[]","[]","1","[]","[]","[]","[]","vertical","","","",""
"","","","","","horizons-trial","35","555887","0.0-31.0","","","","","10","[52,54,69,55,77,54,51,68,72,47]","[64,60,49,58,71,53,53,64,64,53]","""2023-07-16T20:56:58.878Z""","[0,0,1,1]","0","0","1","60","59","60","59","1","0","0","[""arrowleft"",""arrowleft"",""arrowright"",""arrowright"",""arrowleft"",""arrowleft"",""arrowleft"",""arrowleft"",""arrowleft"",""arrowleft""]","[906,411,457,434,1632,696,179,143,143,133]","[52,54,49,58,77,54,51,68,72,47]","[0,0,0,58,77,54,0,68,72,0]","[[25.6849,96.875]]","[]","[]","[]","1","[]","[]","[]","[]","vertical","","","",""
"","","","","","horizons-trial","36","564421","0.0-32.0","","","","","5","[30,29,44,42,29]","[48,46,43,55,35]","""2023-07-16T20:57:07.412Z""","[1,0,1,0]","0","0","0","40","52","40","52","12","0","0","[""arrowright"",""arrowleft"",""arrowright"",""arrowleft"",""arrowright""]","[1579,626,421,471,1463]","[48,29,43,42,35]","[48,0,0,0,35]","[[50,100]]","[]","[]","[]","1","[]","[]","[]","[]","vertical","","","",""
"","","","","","horizons-trial","37","574726","0.0-33.0","","","","","5","[49,22,34,35,43]","[60,45,58,48,43]","""2023-07-16T20:57:17.716Z""","[1,0,1,1]","1","0","0","40","52","40","52","12","0","0","[""arrowright"",""arrowleft"",""arrowright"",""arrowright"",""arrowright""]","[611,392,423,418,954]","[60,22,58,48,43]","[60,0,58,48,43]","[[50,100]]","[]","[]","[]","1","[]","[]","[]","[]","vertical","","","",""
"","","","","","horizons-trial","38","581774","0.0-34.0","","","","","5","[54,52,60,47,66]","[35,23,35,20,24]","""2023-07-16T20:57:24.765Z""","[0,0,0,1]","1","0","0","60","30","60","30","30","0","0","[""arrowleft"",""arrowleft"",""arrowleft"",""arrowright"",""arrowleft""]","[1152,676,421,539,796]","[54,52,60,20,66]","[54,52,60,0,66]","[[50,100]]","[]","[]","[]","1","[]","[]","[]","[]","vertical","","","",""
"","","","","","horizons-trial","39","590570","0.0-35.0","","","","","10","[28,37,50,28,40,52,31,44,44,47]","[43,60,50,39,58,44,47,52,60,51]","""2023-07-16T20:57:33.561Z""","[1,1,1,0]","1","0","1","40","52","40","52","12","0","0","[""arrowright"",""arrowright"",""arrowright"",""arrowleft"",""arrowright"",""arrowright"",""arrowright"",""arrowright"",""arrowright"",""arrowright""]","[1395,407,436,901,1141,549,185,308,121,132]","[43,60,50,28,58,44,47,52,60,51]","[43,60,50,0,58,0,47,52,60,51]","[[85.274,92.96875]]","[]","[]","[]","1","[]","[]","[]","[]","vertical","","","",""
"","","","","","horizons-trial","40","601747","0.0-36.0","","","","","10","[70,67,68,75,65,71,63,44,68,57]","[46,38,33,42,38,38,33,38,35,45]","""2023-07-16T20:57:44.737Z""","[1,1,1,0]","1","0","1","60","40","60","40","20","0","0","[""arrowright"",""arrowright"",""arrowright"",""arrowleft"",""arrowleft"",""arrowleft"",""arrowleft"",""arrowleft"",""arrowleft"",""arrowleft""]","[946,484,382,444,1385,968,168,133,140,154]","[46,38,33,75,65,71,63,44,68,57]","[0,0,0,75,65,71,63,44,68,57]","[[29.7945,97.65625]]","[]","[]","[]","1","[]","[]","[]","[]","vertical","","","",""
"","","","","","horizons-trial","41","609662","0.0-37.0","","","","","10","[41,59,42,38,37,41,39,47,35,50]","[29,33,45,34,57,39,45,44,52,33]","""2023-07-16T20:57:52.653Z""","[1,0,1,1]","1","1","1","40","44","44","40","4","0","0","[""arrowright"",""arrowleft"",""arrowright"",""arrowright"",""arrowright"",""arrowleft"",""arrowleft"",""arrowleft"",""arrowleft"",""arrowleft""]","[1160,434,397,439,491,576,160,141,129,157]","[29,59,45,34,57,41,39,47,35,50]","[0,59,45,0,57,41,0,47,0,50]","[[15.0685,95.3125]]","[]","[]","[]","1","[]","[]","[]","[]","vertical","","","",""
"","","","","","horizons-trial","42","619854","0.0-38.0","","","","","5","[50,55,61,56,51]","[45,33,31,42,49]","""2023-07-16T20:58:02.845Z""","[0,1,0,0]","1","1","0","40","52","52","40","12","0","0","[""arrowleft"",""arrowright"",""arrowleft"",""arrowleft"",""arrowleft""]","[2668,437,482,437,1483]","[50,33,61,56,51]","[50,0,61,56,51]","[[50,100]]","[]","[]","[]","1","[]","[]","[]","[]","vertical","","","",""
"","","","","","horizons-trial","43","627519","0.0-39.0","","","","","5","[68,73,56,74,51]","[54,50,70,62,64]","""2023-07-16T20:58:10.509Z""","[1,1,0,1]","1","1","0","60","59","59","60","1","0","0","[""arrowright"",""arrowright"",""arrowleft"",""arrowright"",""arrowright""]","[537,441,739,563,693]","[54,50,56,62,64]","[0,0,0,0,64]","[[50,100]]","[]","[]","[]","1","[]","[]","[]","[]","vertical","","","",""
"","","","","","horizons-trial","44","638508","0.0-40.0","","","","","10","[35,32,42,47,40,38,39,28,38,52]","[42,44,53,42,51,58,38,54,37,45]","""2023-07-16T20:58:21.499Z""","[1,1,0,0]","0","0","1","40","48","40","48","8","0","0","[""arrowright"",""arrowright"",""arrowleft"",""arrowleft"",""arrowleft"",""arrowleft"",""arrowleft"",""arrowleft"",""arrowright"",""arrowright""]","[594,460,423,427,1613,965,312,193,503,447]","[42,44,42,47,40,38,39,28,37,45]","[42,44,0,47,0,0,39,0,0,0]","[[14.726,62.5]]","[]","[]","[]","1","[]","[]","[]","[]","vertical","","","",""
"","","","","","horizons-trial","45","650456","0.0-41.0","","","","","10","[45,55,33,31,41,50,50,50,36,33]","[37,40,39,40,50,44,33,42,39,42]","""2023-07-16T20:58:33.447Z""","[1,0,1,1]","1","1","1","40","41","41","40","1","0","0","[""arrowright"",""arrowleft"",""arrowright"",""arrowright"",""arrowleft"",""arrowleft"",""arrowleft"",""arrowleft"",""arrowleft"",""arrowleft""]","[1009,417,400,484,951,658,477,740,366,371]","[37,55,39,40,41,50,50,50,36,33]","[0,55,39,40,0,50,50,50,0,0]","[[19.1781,50.7812]]","[]","[]","[]","1","[]","[]","[]","[]","vertical","","","",""
"","","","","","horizons-trial","46","658568","0.0-42.0","","","","","5","[68,37,73,58,61]","[52,51,52,53,42]","""2023-07-16T20:58:41.559Z""","[0,1,0,1]","0","0","0","60","48","60","48","12","0","0","[""arrowleft"",""arrowright"",""arrowleft"",""arrowright"",""arrowleft""]","[792,415,488,432,1419]","[68,51,73,53,61]","[68,51,73,0,61]","[[50,100]]","[]","[]","[]","1","[]","[]","[]","[]","vertical","","","",""
"","","","","","horizons-trial","47","665630","0.0-43.0","","","","","5","[31,26,51,43,34]","[36,48,49,49,53]","""2023-07-16T20:58:48.621Z""","[1,1,0,0]","0","1","0","40","41","41","40","1","0","0","[""arrowright"",""arrowright"",""arrowleft"",""arrowleft"",""arrowright""]","[717,465,505,439,1415]","[36,48,51,43,53]","[36,48,51,0,53]","[[50,28.125]]","[]","[]","[]","1","[]","[]","[]","[]","vertical","","","",""
"","","","","","horizons-trial","48","693064","0.0-44.0","","","","","10","[61,53,69,53,48,62,53,59,52,61]","[42,54,37,41,49,57,48,49,58,48]","""2023-07-16T20:59:16.054Z""","[0,1,1,0]","0","0","1","60","48","60","48","12","0","0","[""arrowleft"",""arrowright"",""arrowright"",""arrowleft"",""arrowleft"",""arrowleft"",""arrowleft"",""arrowleft"",""arrowleft"",""arrowleft""]","[19014,491,464,873,796,708,167,135,138,134]","[61,54,37,53,48,62,53,59,52,61]","[61,54,0,53,0,62,53,59,0,61]","[[32.1918,87.1094]]","[]","[]","[]","1","[]","[]","[]","[]","vertical","","","",""
"","","","","","horizons-trial","49","701081","0.0-45.0","","","","","10","[47,32,39,23,47,44,53,39,43,31]","[56,50,54,64,52,34,42,54,44,43]","""2023-07-16T20:59:24.072Z""","[0,0,1,0]","1","0","1","40","48","40","48","8","0","0","[""arrowleft"",""arrowleft"",""arrowright"",""arrowleft"",""arrowright"",""arrowright"",""arrowright"",""arrowleft"",""arrowright"",""arrowleft""]","[706,391,406,372,1167,489,307,533,542,477]","[47,32,54,23,52,34,42,39,44,31]","[0,0,54,0,52,0,0,0,44,0]","[[88.0137,47.2656]]","[]","[]","[]","1","[]","[]","[]","[]","vertical","","","",""
"","","","","","horizons-trial","50","715348","0.0-46.0","","","","","10","[55,46,49,54,61,60,55,55,49,53]","[65,40,61,53,59,72,65,55,54,53]","""2023-07-16T20:59:38.339Z""","[1,0,1,0]","0","1","1","60","52","52","60","8","0","0","[""arrowright"",""arrowleft"",""arrowright"",""arrowleft"",""arrowright"",""arrowright"",""arrowright"",""arrowright"",""arrowright"",""arrowright""]","[5434,2038,509,392,445,1015,170,154,340,141]","[65,46,61,54,59,72,65,55,54,53]","[65,46,61,54,0,72,65,55,54,53]","[[89.3836,92.96875]]","[]","[]","[]","1","[]","[]","[]","[]","vertical","","","",""
"","","","","","horizons-trial","51","722574","0.0-47.0","","","","","10","[45,44,40,36,54,38,39,49,38,40]","[39,25,27,42,21,37,44,45,36,35]","""2023-07-16T20:59:45.564Z""","[0,1,0,1]","0","1","1","40","42","42","40","2","0","0","[""arrowleft"",""arrowright"",""arrowleft"",""arrowright"",""arrowleft"",""arrowleft"",""arrowleft"",""arrowleft"",""arrowleft"",""arrowleft""]","[835,374,220,422,1744,516,179,322,122,146]","[45,25,40,42,54,38,39,49,38,40]","[45,0,40,42,54,38,0,49,38,40]","[[4.79452,93.35938]]","[]","[]","[]","1","[]","[]","[]","[]","vertical","","","",""
"","","","","","horizons-trial","52","730236","0.0-48.0","","","","","5","[27,48,35,47,31]","[67,71,72,55,59]","""2023-07-16T20:59:53.227Z""","[0,1,1,1]","1","0","0","40","70","40","70","30","0","0","[""arrowleft"",""arrowright"",""arrowright"",""arrowright"",""arrowright""]","[1054,376,447,553,744]","[27,71,72,55,59]","[0,71,72,55,59]","[[50,100]]","[]","[]","[]","1","[]","[]","[]","[]","vertical","","","",""
"","","","","","horizons-trial","53","745608","0.0-49.0","","","","","10","[47,32,45,55,23,33,40,47,28,28]","[44,40,51,39,43,43,44,47,47,51]","""2023-07-16T21:00:08.598Z""","[1,1,0,0]","0","0","1","40","44","40","44","4","0","0","[""arrowright"",""arrowright"",""arrowleft"",""arrowleft"",""arrowleft"",""arrowleft"",""arrowleft"",""arrowright"",""arrowright"",""arrowright""]","[682,677,566,361,269,689,471,418,760,396]","[44,40,45,55,23,33,40,47,47,51]","[0,40,0,55,0,0,0,47,47,51]","[[17.8082,74.6094]]","[]","[]","[]","1","[]","[]","[]","[]","vertical","","","",""
"","","","","","horizons-trial","54","754479","0.0-50.0","","","","","10","[51,53,53,50,54,45,34,47,53,52]","[51,44,37,47,32,24,44,27,39,33]","""2023-07-16T21:00:17.470Z""","[1,1,0,0]","0","1","1","40","52","52","40","12","0","0","[""arrowright"",""arrowright"",""arrowleft"",""arrowleft"",""arrowleft"",""arrowleft"",""arrowleft"",""arrowleft"",""arrowright"",""arrowleft""]","[798,459,478,444,1223,448,315,199,680,545]","[51,44,53,50,54,45,34,47,39,52]","[51,0,53,50,54,45,0,47,0,52]","[[22.2603,60.1562]]","[]","[]","[]","1","[]","[]","[]","[]","vertical","","","",""
"","","","","","horizons-trial","55","764215","0.0-51.0","","","","","5","[69,59,46,58,62]","[21,31,31,41,40]","""2023-07-16T21:00:27.206Z""","[1,0,1,0]","0","0","0","60","40","60","40","20","0","0","[""arrowright"",""arrowleft"",""arrowright"",""arrowleft"",""arrowleft""]","[722,403,403,410,1157]","[21,59,31,58,62]","[0,59,0,58,62]","[[50,100]]","[]","[]","[]","1","[]","[]","[]","[]","vertical","","","",""
"","","","","","horizons-trial","56","774759","0.0-52.0","","","","","5","[59,52,61,46,68]","[65,69,58,60,64]","""2023-07-16T21:00:37.750Z""","[0,1,0,1]","0","1","0","60","59","59","60","1","0","0","[""arrowleft"",""arrowright"",""arrowleft"",""arrowright"",""arrowright""]","[3728,455,953,1104,1330]","[59,69,61,60,64]","[0,69,61,60,0]","[[50,88.2812]]","[]","[]","[]","1","[]","[]","[]","[]","vertical","","","",""
"","","","","","horizons-trial","57","780765","0.0-53.0","","","","","5","[54,54,59,57,58]","[76,74,61,51,60]","""2023-07-16T21:00:43.756Z""","[1,1,0,0]","0","0","0","60","59","60","59","1","0","0","[""arrowright"",""arrowright"",""arrowleft"",""arrowleft"",""arrowright""]","[526,404,439,477,842]","[76,74,59,57,60]","[76,74,0,57,60]","[[50,100]]","[]","[]","[]","1","[]","[]","[]","[]","vertical","","","",""
"","","","","","horizons-trial","58","791024","0.0-54.0","","","","","5","[60,67,48,55,64]","[74,62,71,60,53]","""2023-07-16T21:00:54.015Z""","[0,1,0,1]","0","1","0","60","56","56","60","4","0","0","[""arrowleft"",""arrowright"",""arrowleft"",""arrowright"",""arrowright""]","[3770,422,414,538,2036]","[60,62,48,60,53]","[0,0,0,60,0]","[[50,69.1406]]","[]","[]","[]","1","[]","[]","[]","[]","vertical","","","",""
"","","","","","horizons-trial","59","803187","0.0-55.0","","","","","10","[30,44,48,42,37,41,43,52,31,44]","[37,26,43,31,38,59,47,42,48,38]","""2023-07-16T21:01:06.178Z""","[0,1,1,0]","0","1","1","40","41","41","40","1","0","0","[""arrowleft"",""arrowright"",""arrowright"",""arrowleft"",""arrowleft"",""arrowleft"",""arrowleft"",""arrowleft"",""arrowleft"",""arrowleft""]","[532,850,766,592,3082,636,358,548,386,344]","[30,26,43,42,37,41,43,52,31,44]","[0,0,0,42,0,0,0,52,0,44]","[[14.3836,31.25]]","[]","[]","[]","1","[]","[]","[]","[]","vertical","","","",""
"","","","","","horizons-trial","60","809947","0.0-56.0","","","","","5","[41,44,43,30,50]","[42,67,65,58,60]","""2023-07-16T21:01:12.938Z""","[1,1,0,1]","1","0","0","40","60","40","60","20","0","0","[""arrowright"",""arrowright"",""arrowleft"",""arrowright"",""arrowright""]","[1322,532,454,479,1001]","[42,67,43,58,60]","[42,67,0,58,60]","[[50,33.203100000000006]]","[]","[]","[]","1","[]","[]","[]","[]","vertical","","","",""
"","","","","","horizons-trial","61","815588","0.0-57.0","","","","","5","[57,58,40,57,64]","[58,65,53,56,56]","""2023-07-16T21:01:18.579Z""","[1,1,0,1]","1","0","0","60","59","60","59","1","0","0","[""arrowright"",""arrowright"",""arrowleft"",""arrowright"",""arrowright""]","[452,373,533,565,683]","[58,65,40,56,56]","[58,65,0,0,0]","[[50,84.375]]","[]","[]","[]","1","[]","[]","[]","[]","vertical","","","",""
"","","","","","horizons-trial","62","823235","0.0-58.0","","","","","10","[58,54,57,48,64,73,66,53,57,62]","[50,53,53,47,51,46,44,49,58,62]","""2023-07-16T21:01:26.226Z""","[0,0,1,0]","1","0","1","60","52","60","52","8","0","0","[""arrowleft"",""arrowleft"",""arrowright"",""arrowleft"",""arrowright"",""arrowright"",""arrowright"",""arrowright"",""arrowleft"",""arrowright""]","[545,416,384,376,389,576,380,281,462,313]","[58,54,53,48,51,46,44,49,57,62]","[58,54,0,48,0,0,0,0,0,62]","[[86.6438,21.875]]","[]","[]","[]","1","[]","[]","[]","[]","vertical","","","",""
"","","","","","horizons-trial","63","844006","0.0-59.0","","","","","10","[62,45,54,40,33,60,43,48,46,54]","[61,55,56,66,71,70,59,62,57,65]","""2023-07-16T21:01:46.997Z""","[1,1,0,1]","1","1","1","60","48","48","60","12","0","0","[""arrowright"",""arrowright"",""arrowleft"",""arrowright"",""arrowright"",""arrowright"",""arrowright"",""arrowright"",""arrowright"",""arrowright""]","[12782,434,1642,999,845,540,203,177,207,298]","[61,55,54,66,71,70,59,62,57,65]","[0,55,0,66,71,70,59,62,57,65]","[[86.6438,21.875]]","[]","[]","[]","1","[]","[]","[]","[]","vertical","","","",""
"","","","","","horizons-trial","64","857060","0.0-60.0","","","","","5","[53,67,64,69,74]","[34,64,48,43,39]","""2023-07-16T21:02:00.051Z""","[0,1,1,1]","1","0","0","60","48","60","48","12","0","0","[""arrowleft"",""arrowright"",""arrowright"",""arrowright"",""arrowleft""]","[7780,495,234,395,1157]","[53,64,48,43,74]","[53,0,0,0,74]","[[50,42.5781]]","[]","[]","[]","1","[]","[]","[]","[]","vertical","","","",""
"","","","","","horizons-trial","65","867163","0.0-61.0","","","","","5","[70,56,69,50,56]","[36,37,48,50,44]","""2023-07-16T21:02:10.154Z""","[0,1,1,0]","0","1","0","40","52","52","40","12","0","0","[""arrowleft"",""arrowright"",""arrowright"",""arrowleft"",""arrowleft""]","[1211,437,466,509,1398]","[70,37,48,50,56]","[70,0,0,50,56]","[[50,100]]","[]","[]","[]","1","[]","[]","[]","[]","vertical","","","",""
"","","","","","horizons-trial","66","876073","0.0-62.0","","","","","10","[59,71,51,73,58,53,50,49,59,58]","[58,57,47,54,57,56,67,47,68,63]","""2023-07-16T21:02:19.063Z""","[0,0,0,1]","1","0","1","60","58","60","58","2","0","0","[""arrowleft"",""arrowleft"",""arrowleft"",""arrowright"",""arrowright"",""arrowright"",""arrowright"",""arrowleft"",""arrowright"",""arrowright""]","[635,407,279,436,618,598,328,954,690,458]","[59,71,51,54,57,56,67,49,68,63]","[59,71,51,0,0,56,67,49,68,63]","[[64.3836,49.6094]]","[]","[]","[]","1","[]","[]","[]","[]","vertical","","","",""
"","","","","","horizons-trial","67","882831","0.0-63.0","","","","","5","[60,64,60,63,66]","[50,47,62,42,58]","""2023-07-16T21:02:25.822Z""","[1,0,0,0]","1","0","0","60","52","60","52","8","0","0","[""arrowright"",""arrowleft"",""arrowleft"",""arrowleft"",""arrowleft""]","[1003,614,1343,454,871]","[50,64,60,63,66]","[0,64,0,63,66]","[[50,78.5156]]","[]","[]","[]","1","[]","[]","[]","[]","vertical","","","",""
"","","","","","horizons-trial","68","890644","0.0-64.0","","","","","10","[56,56,76,58,54,50,69,54,56,59]","[46,55,54,50,50,59,72,67,57,61]","""2023-07-16T21:02:33.635Z""","[1,0,0,0]","1","1","1","60","59","59","60","1","0","0","[""arrowright"",""arrowleft"",""arrowleft"",""arrowleft"",""arrowleft"",""arrowleft"",""arrowleft"",""arrowleft"",""arrowleft"",""arrowleft""]","[1263,445,511,343,312,1347,148,146,137,140]","[46,56,76,58,54,50,69,54,56,59]","[0,56,76,58,54,0,0,0,0,0]","[[17.4658,90.625]]","[]","[]","[]","1","[]","[]","[]","[]","vertical","","","",""
"","","","","","horizons-trial","69","899783","0.0-65.0","","","","","5","[37,23,39,44,54]","[35,49,42,37,28]","""2023-07-16T21:02:42.774Z""","[1,0,0,0]","1","0","0","40","42","40","42","2","0","0","[""arrowright"",""arrowleft"",""arrowleft"",""arrowleft"",""arrowleft""]","[905,486,360,329,1963]","[35,23,39,44,54]","[0,0,0,44,54]","[[50,100]]","[]","[]","[]","1","[]","[]","[]","[]","vertical","","","",""
"","","","","","horizons-trial","70","905236","0.0-66.0","","","","","5","[18,27,38,35,29]","[44,66,62,62,57]","""2023-07-16T21:02:48.227Z""","[1,1,1,0]","1","1","0","60","30","30","60","30","0","0","[""arrowright"",""arrowright"",""arrowright"",""arrowleft"",""arrowright""]","[471,346,372,444,953]","[44,66,62,35,57]","[44,66,62,0,57]","[[50,42.9688]]","[]","[]","[]","1","[]","[]","[]","[]","vertical","","","",""
"","","","","","horizons-trial","71","912014","0.0-67.0","","","","","10","[46,36,35,35,36,46,39,49,49,36]","[49,41,37,45,39,41,37,43,45,38]","""2023-07-16T21:02:55.005Z""","[1,0,1,0]","0","0","1","40","41","40","41","1","0","0","[""arrowright"",""arrowleft"",""arrowright"",""arrowleft"",""arrowright"",""arrowright"",""arrowright"",""arrowright"",""arrowleft"",""arrowright""]","[473,312,491,152,180,530,366,179,206,285]","[49,36,37,35,39,41,37,43,49,38]","[49,0,37,0,39,0,0,0,49,38]","[[82.1918,79.6875]]","[]","[]","[]","1","[]","[]","[]","[]","vertical","","","",""
"","","","","","horizons-trial","72","919060","0.0-68.0","","","","","5","[39,41,21,54,32]","[71,85,73,80,60]","""2023-07-16T21:03:02.050Z""","[0,1,1,0]","0","0","0","40","70","40","70","30","0","0","[""arrowleft"",""arrowright"",""arrowright"",""arrowleft"",""arrowright""]","[1095,416,559,936,1167]","[39,85,73,54,60]","[0,85,73,0,60]","[[50,100]]","[]","[]","[]","1","[]","[]","[]","[]","vertical","","","",""
"","","","","","horizons-trial","73","927651","0.0-69.0","","","","","10","[37,43,34,49,29,50,42,32,42,49]","[60,48,48,41,53,36,45,27,39,46]","""2023-07-16T21:03:10.641Z""","[1,0,0,0]","1","0","1","40","44","40","44","4","0","0","[""arrowright"",""arrowleft"",""arrowleft"",""arrowleft"",""arrowleft"",""arrowleft"",""arrowright"",""arrowleft"",""arrowleft"",""arrowright""]","[472,292,543,351,295,719,607,455,725,426]","[60,43,34,49,29,50,45,32,42,46]","[60,0,0,49,0,50,45,32,42,0]","[[12.6712,50]]","[]","[]","[]","1","[]","[]","[]","[]","vertical","","","",""
"","","","","","horizons-trial","74","934686","0.0-70.0","","","","","10","[46,54,50,35,35,57,42,45,39,20]","[46,37,49,31,38,43,46,36,39,36]","""2023-07-16T21:03:17.677Z""","[0,1,0,0]","1","0","1","40","42","40","42","2","0","0","[""arrowleft"",""arrowright"",""arrowleft"",""arrowleft"",""arrowleft"",""arrowleft"",""arrowleft"",""arrowleft"",""arrowleft"",""arrowleft""]","[772,504,464,275,264,513,355,400,382,173]","[46,37,50,35,35,57,42,45,39,20]","[46,0,50,35,0,57,0,45,39,0]","[[17.4658,32.0312]]","[]","[]","[]","1","[]","[]","[]","[]","vertical","","","",""
"","","","","","horizons-trial","75","941474","0.0-71.0","","","","","5","[26,44,36,29,37]","[48,44,58,47,47]","""2023-07-16T21:03:24.465Z""","[0,1,1,0]","0","0","0","40","44","40","44","4","0","0","[""arrowleft"",""arrowright"",""arrowright"",""arrowleft"",""arrowright""]","[853,382,421,653,1369]","[26,44,58,29,47]","[0,44,58,0,47]","[[50,100]]","[]","[]","[]","1","[]","[]","[]","[]","vertical","","","",""
"","","","","","horizons-trial","76","947195","0.0-72.0","","","","","5","[41,45,49,53,47]","[43,45,36,44,29]","""2023-07-16T21:03:30.186Z""","[0,0,1,1]","0","1","0","40","44","44","40","4","0","0","[""arrowleft"",""arrowleft"",""arrowright"",""arrowright"",""arrowleft""]","[840,365,477,406,730]","[41,45,36,44,47]","[0,45,0,0,47]","[[50,80.8594]]","[]","[]","[]","1","[]","[]","[]","[]","vertical","","","",""
"","","","","","horizons-trial","77","953767","0.0-73.0","","","","","5","[40,43,46,49,49]","[64,50,60,62,69]","""2023-07-16T21:03:36.757Z""","[1,0,1,0]","0","1","0","60","48","48","60","12","0","0","[""arrowright"",""arrowleft"",""arrowright"",""arrowleft"",""arrowright""]","[475,509,419,727,1637]","[64,43,60,49,69]","[64,0,60,0,69]","[[50,100]]","[]","[]","[]","1","[]","[]","[]","[]","vertical","","","",""
"","","","","","horizons-trial","78","960248","0.0-74.0","","","","","5","[76,74,63,69,54]","[34,41,31,54,40]","""2023-07-16T21:03:43.239Z""","[0,1,0,1]","0","1","0","40","70","70","40","30","0","0","[""arrowleft"",""arrowright"",""arrowleft"",""arrowright"",""arrowleft""]","[781,430,450,777,974]","[76,41,63,54,54]","[76,0,63,0,54]","[[50,87.5]]","[]","[]","[]","1","[]","[]","[]","[]","vertical","","","",""
"","","","","","horizons-trial","79","964140","0.0-75.0","","","","","5","[59,50,66,55,57]","[39,34,35,40,41]","""2023-07-16T21:03:47.130Z""","[1,0,0,1]","0","1","0","40","60","60","40","20","0","0","[""arrowright"",""arrowleft"",""arrowleft"",""arrowright"",""arrowleft""]","[392,257,282,195,1111]","[39,50,66,40,57]","[0,50,66,0,57]","[[50,87.5]]","[]","[]","[]","1","[]","[]","[]","[]","vertical","","","",""
"","","","","","horizons-trial","80","973732","0.0-76.0","","","","","10","[67,49,65,52,70,68,65,44,62,70]","[59,49,67,57,42,56,65,54,57,52]","""2023-07-16T21:03:56.723Z""","[1,1,0,0]","0","0","1","60","56","60","56","4","0","0","[""arrowright"",""arrowright"",""arrowleft"",""arrowleft"",""arrowleft"",""arrowleft"",""arrowleft"",""arrowleft"",""arrowleft"",""arrowleft""]","[662,408,381,469,1644,573,292,294,342,216]","[59,49,65,52,70,68,65,44,62,70]","[0,49,0,0,70,68,65,0,62,70]","[[26.3699,43.75]]","[]","[]","[]","1","[]","[]","[]","[]","vertical","","","",""
"","","","","","horizons-trial","81","979401","0.0-77.0","","","","","5","[45,43,29,50,50]","[45,35,26,47,33]","""2023-07-16T21:04:02.392Z""","[1,0,0,1]","0","0","0","40","41","40","41","1","0","0","[""arrowright"",""arrowleft"",""arrowleft"",""arrowright"",""arrowright""]","[615,410,379,521,1138]","[45,43,29,47,33]","[45,43,29,0,0]","[[50,48.8281]]","[]","[]","[]","1","[]","[]","[]","[]","vertical","","","",""
"","","","","","horizons-trial","82","984323","0.0-78.0","","","","","5","[39,40,33,55,26]","[54,58,64,58,58]","""2023-07-16T21:04:07.314Z""","[1,0,0,1]","0","1","0","60","30","30","60","30","0","0","[""arrowright"",""arrowleft"",""arrowleft"",""arrowright"",""arrowright""]","[433,355,334,764,649]","[54,40,33,58,58]","[54,0,0,58,58]","[[50,100]]","[]","[]","[]","1","[]","[]","[]","[]","vertical","","","",""
"","","","","","horizons-trial","83","992078","0.0-79.0","","","","","10","[22,52,44,41,48,43,40,23,38,40]","[57,55,59,60,66,59,54,64,60,56]","""2023-07-16T21:04:15.069Z""","[1,1,0,1]","1","1","1","60","40","40","60","20","0","0","[""arrowright"",""arrowright"",""arrowleft"",""arrowright"",""arrowleft"",""arrowright"",""arrowright"",""arrowright"",""arrowright"",""arrowright""]","[902,634,433,392,132,601,360,363,563,350]","[57,55,44,60,48,59,54,64,60,56]","[57,55,0,60,0,59,54,64,60,56]","[[91.0959,85.5469]]","[]","[]","[]","1","[]","[]","[]","[]","vertical","","","",""
"","","","","","horizons-trial","84","999705","0.0-80.0","","","","","10","[58,69,54,47,56,53,54,62,58,54]","[34,34,28,35,43,45,36,48,55,61]","""2023-07-16T21:04:22.696Z""","[0,1,1,0]","0","1","1","40","60","60","40","20","0","0","[""arrowleft"",""arrowright"",""arrowright"",""arrowleft"",""arrowleft"",""arrowleft"",""arrowleft"",""arrowleft"",""arrowleft"",""arrowleft""]","[600,394,430,682,769,711,282,193,173,194]","[58,34,28,47,56,53,54,62,58,54]","[58,0,0,47,56,53,54,62,58,0]","[[15.7534,96.09375]]","[]","[]","[]","1","[]","[]","[]","[]","vertical","","","",""
"","","","","","horizons-trial","85","1006140","0.0-81.0","","","","","5","[53,43,34,25,39]","[38,35,37,41,43]","""2023-07-16T21:04:29.131Z""","[0,1,0,1]","0","1","0","40","42","42","40","2","0","0","[""arrowleft"",""arrowright"",""arrowleft"",""arrowright"",""arrowleft""]","[241,454,476,703,1801]","[53,35,34,41,39]","[53,0,0,41,0]","[[50,52.3438]]","[]","[]","[]","1","[]","[]","[]","[]","vertical","","","",""
"","","","","","horizons-trial","86","1013846","0.0-82.0","","","","","10","[54,65,58,57,69,76,64,71,65,70]","[45,63,64,61,67,47,35,56,62,56]","""2023-07-16T21:04:36.837Z""","[0,0,1,1]","0","1","1","60","59","59","60","1","0","0","[""arrowleft"",""arrowleft"",""arrowright"",""arrowright"",""arrowright"",""arrowright"",""arrowright"",""arrowright"",""arrowleft"",""arrowright""]","[541,460,485,402,1503,558,396,173,72,445]","[54,65,64,61,67,47,35,56,65,56]","[54,65,64,61,0,0,0,0,65,0]","[[88.3562,38.2812]]","[]","[]","[]","1","[]","[]","[]","[]","vertical","","","",""
"","","","","","horizons-trial","87","1024439","0.0-83.0","","","","","10","[32,47,27,45,31,46,37,27,36,32]","[47,62,58,56,68,64,51,66,57,58]","""2023-07-16T21:04:47.429Z""","[1,0,1,0]","0","1","1","60","40","40","60","20","0","0","[""arrowright"",""arrowleft"",""arrowright"",""arrowleft"",""arrowright"",""arrowright"",""arrowright"",""arrowright"",""arrowleft"",""arrowright""]","[826,626,474,452,1281,845,294,402,352,315]","[47,47,58,45,68,64,51,66,36,58]","[47,0,58,0,68,64,51,66,0,58]","[[80.8219,68.75]]","[]","[]","[]","1","[]","[]","[]","[]","vertical","","","",""
"","","","","","horizons-trial","88","1036028","0.0-84.0","","","","","10","[52,61,50,70,64,73,64,57,56,62]","[60,61,55,64,55,55,60,54,50,62]","""2023-07-16T21:04:59.019Z""","[1,1,1,0]","1","1","1","60","58","58","60","2","0","0","[""arrowright"",""arrowright"",""arrowright"",""arrowleft"",""arrowleft"",""arrowleft"",""arrowleft"",""arrowleft"",""arrowleft"",""arrowleft""]","[3286,365,475,601,1413,1208,482,383,353,337]","[60,61,55,70,64,73,64,57,56,62]","[60,61,55,70,64,73,64,57,56,62]","[[20.2055,92.1875]]","[]","[]","[]","1","[]","[]","[]","[]","vertical","","","",""
"","","","","","horizons-trial","89","1042990","0.0-85.0","","","","","10","[62,38,61,55,60,57,48,71,62,67]","[68,61,60,56,64,58,53,47,68,49]","""2023-07-16T21:05:05.981Z""","[1,0,1,0]","0","1","1","60","58","58","60","2","0","0","[""arrowright"",""arrowleft"",""arrowright"",""arrowleft"",""arrowright"",""arrowright"",""arrowright"",""arrowright"",""arrowright"",""arrowright""]","[651,421,398,448,807,427,229,210,357,431]","[68,38,60,55,64,58,53,47,68,49]","[68,0,0,0,64,58,53,0,68,0]","[[82.5342,92.96875]]","[]","[]","[]","1","[]","[]","[]","[]","vertical","","","",""
"","","","","","horizons-trial","90","1051692","0.0-86.0","","","","","10","[38,30,41,59,34,33,53,43,28,37]","[32,26,33,37,41,48,38,41,40,35]","""2023-07-16T21:05:14.683Z""","[0,1,0,0]","1","0","1","40","41","40","41","1","0","0","[""arrowleft"",""arrowright"",""arrowleft"",""arrowleft"",""arrowleft"",""arrowleft"",""arrowleft"",""arrowright"",""arrowright"",""arrowleft""]","[722,441,442,606,1075,596,437,411,517,356]","[38,26,41,59,34,33,53,41,40,37]","[38,0,41,59,0,0,53,0,40,37]","[[26.7123,94.14062]]","[]","[]","[]","1","[]","[]","[]","[]","vertical","","","",""
"","","","","","horizons-trial","91","1058840","0.0-87.0","","","","","10","[49,54,60,47,63,67,67,57,64,59]","[69,62,50,44,49,59,73,60,64,64]","""2023-07-16T21:05:21.831Z""","[1,0,0,1]","0","0","1","60","58","60","58","2","0","0","[""arrowright"",""arrowleft"",""arrowleft"",""arrowright"",""arrowright"",""arrowright"",""arrowright"",""arrowright"",""arrowright"",""arrowright""]","[914,437,252,643,1313,631,244,161,274,214]","[69,54,60,44,49,59,73,60,64,64]","[69,0,60,0,0,0,73,60,64,64]","[[86.6438,24.609399999999994]]","[]","[]","[]","1","[]","[]","[]","[]","vertical","","","",""
"","","","","","horizons-trial","92","1064755","0.0-88.0","","","","","10","[38,29,40,42,42,38,38,50,37,38]","[59,56,53,51,52,67,61,72,55,55]","""2023-07-16T21:05:27.746Z""","[0,1,1,1]","1","0","1","40","60","40","60","20","0","0","[""arrowleft"",""arrowright"",""arrowright"",""arrowright"",""arrowleft"",""arrowright"",""arrowright"",""arrowright"",""arrowright"",""arrowright""]","[1047,200,307,208,23,759,227,188,172,157]","[38,56,53,51,42,67,61,72,55,55]","[0,56,53,51,0,67,61,72,55,55]","[[90.0685,89.8438]]","[]","[]","[]","1","[]","[]","[]","[]","vertical","","","",""
"","","","","","horizons-trial","93","1071708","0.0-89.0","","","","","5","[53,61,52,62,61]","[27,12,23,27,27]","""2023-07-16T21:05:34.699Z""","[1,1,0,0]","0","0","0","60","30","60","30","30","0","0","[""arrowright"",""arrowright"",""arrowleft"",""arrowleft"",""arrowleft""]","[856,406,778,540,983]","[27,12,52,62,61]","[0,0,52,62,61]","[[50,100]]","[]","[]","[]","1","[]","[]","[]","[]","vertical","","","",""
"","","","","","horizons-trial","94","1077078","0.0-90.0","","","","","5","[58,50,42,55,61]","[38,43,44,32,43]","""2023-07-16T21:05:40.069Z""","[0,0,0,1]","1","0","0","60","40","60","40","20","0","0","[""arrowleft"",""arrowleft"",""arrowleft"",""arrowright"",""arrowleft""]","[743,475,444,387,745]","[58,50,42,32,61]","[58,50,0,0,61]","[[50,65.625]]","[]","[]","[]","1","[]","[]","[]","[]","vertical","","","",""
"","","","","","horizons-trial","95","1082875","0.0-91.0","","","","","5","[50,58,39,69,57]","[48,52,54,54,58]","""2023-07-16T21:05:45.865Z""","[1,0,0,0]","1","1","0","60","58","58","60","2","0","0","[""arrowright"",""arrowleft"",""arrowleft"",""arrowleft"",""arrowleft""]","[575,383,671,496,801]","[48,58,39,69,57]","[0,58,0,69,0]","[[50,100]]","[]","[]","[]","1","[]","[]","[]","[]","vertical","","","",""
"","","","","","horizons-trial","96","1089146","0.0-92.0","","","","","5","[58,53,60,41,65]","[63,70,63,43,63]","""2023-07-16T21:05:52.137Z""","[1,0,0,0]","1","1","0","60","52","52","60","8","0","0","[""arrowright"",""arrowleft"",""arrowleft"",""arrowleft"",""arrowright""]","[552,369,396,430,1085]","[63,53,60,41,63]","[63,0,0,0,0]","[[50,84.7656]]","[]","[]","[]","1","[]","[]","[]","[]","vertical","","","",""
"","","","","","horizons-trial","97","1096175","0.0-93.0","","","","","10","[38,44,43,43,48,37,32,30,31,47]","[49,53,49,42,48,50,56,62,53,56]","""2023-07-16T21:05:59.166Z""","[1,1,0,0]","0","0","1","40","52","40","52","12","0","0","[""arrowright"",""arrowright"",""arrowleft"",""arrowleft"",""arrowright"",""arrowright"",""arrowright"",""arrowleft"",""arrowright"",""arrowleft""]","[77,544,471,644,1589,386,302,207,227,146]","[49,53,43,43,48,50,56,30,53,47]","[49,53,0,43,48,50,56,0,53,0]","[[80.137,11.328100000000006]]","[]","[]","[]","1","[]","[]","[]","[]","vertical","","","",""
"","","","","","horizons-trial","98","1106219","0.0-94.0","","","","","10","[43,63,43,53,60,70,51,63,59,59]","[56,60,61,56,62,68,59,49,52,58]","""2023-07-16T21:06:09.210Z""","[0,0,0,1]","1","1","1","60","56","56","60","4","0","0","[""arrowleft"",""arrowleft"",""arrowleft"",""arrowright"",""arrowright"",""arrowright"",""arrowright"",""arrowright"",""arrowright"",""arrowright""]","[725,211,156,492,763,584,339,208,166,151]","[43,63,43,56,62,68,59,49,52,58]","[0,63,0,56,62,0,59,0,0,0]","[[79.7945,77.7344]]","[]","[]","[]","1","[]","[]","[]","[]","vertical","","","",""
"","","","","","horizons-trial","99","1113187","0.0-95.0","","","","","10","[66,57,63,70,52,69,78,58,49,63]","[27,29,37,36,36,37,32,20,45,20]","""2023-07-16T21:06:16.178Z""","[0,1,0,0]","1","0","1","60","30","60","30","30","0","0","[""arrowleft"",""arrowright"",""arrowleft"",""arrowleft"",""arrowleft"",""arrowleft"",""arrowright"",""arrowleft"",""arrowleft"",""arrowleft""]","[678,506,538,367,305,842,260,228,168,204]","[66,29,63,70,52,69,32,58,49,63]","[66,0,63,70,52,69,0,58,49,63]","[[29.7945,93.35938]]","[]","[]","[]","1","[]","[]","[]","[]","vertical","","","",""
"","","","","","horizons-trial","100","1121056","0.0-96.0","","","","","10","[77,71,71,68,74,71,70,76,76,70]","[37,43,33,36,34,40,50,41,43,28]","""2023-07-16T21:06:24.047Z""","[0,1,0,1]","0","1","1","40","70","70","40","30","0","0","[""arrowleft"",""arrowright"",""arrowleft"",""arrowright"",""arrowright"",""arrowleft"",""arrowleft"",""arrowleft"",""arrowleft"",""arrowleft""]","[664,426,391,816,278,835,385,172,140,156]","[77,43,71,36,34,71,70,76,76,70]","[77,0,71,0,0,71,70,76,76,70]","[[78.0822,13.671899999999994]]","[]","[]","[]","1","[]","[]","[]","[]","vertical","","","",""
"","","","","","horizons-trial","101","1128178","0.0-97.0","","","","","10","[43,58,42,42,50,43,57,49,45,48]","[44,44,49,35,48,36,36,33,40,35]","""2023-07-16T21:06:31.169Z""","[1,1,0,0]","0","1","1","40","48","48","40","8","0","0","[""arrowright"",""arrowright"",""arrowleft"",""arrowleft"",""arrowleft"",""arrowleft"",""arrowleft"",""arrowright"",""arrowleft"",""arrowleft""]","[742,370,715,469,468,467,399,344,416,207]","[44,44,42,42,50,43,57,33,45,48]","[44,0,0,42,50,43,57,0,45,48]","[[18.4932,9.765600000000006]]","[]","[]","[]","1","[]","[]","[]","[]","vertical","","","",""
"","","","","","horizons-trial","102","1135172","0.0-98.0","","","","","10","[70,56,79,71,72,74,69,72,65,58]","[33,49,44,54,31,42,34,43,39,41]","""2023-07-16T21:06:38.163Z""","[0,1,0,0]","1","1","1","40","70","70","40","30","0","0","[""arrowleft"",""arrowright"",""arrowleft"",""arrowleft"",""arrowleft"",""arrowleft"",""arrowleft"",""arrowleft"",""arrowleft"",""arrowleft""]","[755,328,298,281,955,728,190,153,149,159]","[70,49,79,71,72,74,69,72,65,58]","[70,0,79,71,72,74,69,72,65,58]","[[32.8767,86.7188]]","[]","[]","[]","1","[]","[]","[]","[]","vertical","","","",""
"","","","","","horizons-trial","103","1141642","0.0-99.0","","","","","5","[71,58,49,62,40]","[58,46,38,38,57]","""2023-07-16T21:06:44.633Z""","[1,1,0,1]","1","0","0","60","58","60","58","2","0","0","[""arrowright"",""arrowright"",""arrowleft"",""arrowright"",""arrowleft""]","[937,424,490,592,1196]","[58,46,49,38,40]","[0,0,49,0,0]","[[50,16.4062]]","[]","[]","[]","1","[]","[]","[]","[]","vertical","","","",""
"","","","","","horizons-trial","104","1149986","0.0-100.0","","","","","5","[53,45,45,55,55]","[60,50,55,58,64]","""2023-07-16T21:06:52.977Z""","[0,1,1,1]","1","1","0","60","56","56","60","4","0","0","[""arrowleft"",""arrowright"",""arrowright"",""arrowright"",""arrowright""]","[936,483,468,580,1875]","[53,50,55,58,64]","[0,50,55,58,64]","[[50,100]]","[]","[]","[]","1","[]","[]","[]","[]","vertical","","","",""
"","","","","","horizons-trial","105","1159084","0.0-101.0","","","","","10","[42,44,49,34,28,31,47,35,53,49]","[47,46,26,45,52,34,47,31,31,41]","""2023-07-16T21:07:02.075Z""","[1,0,1,1]","1","1","1","40","42","42","40","2","0","0","[""arrowright"",""arrowleft"",""arrowright"",""arrowright"",""arrowright"",""arrowright"",""arrowright"",""arrowleft"",""arrowright"",""arrowright""]","[490,347,473,463,687,1133,520,365,445,413]","[47,44,26,45,52,34,47,35,31,41]","[47,0,0,45,52,34,47,35,0,0]","[[65.7534,66.7969]]","[]","[]","[]","1","[]","[]","[]","[]","vertical","","","",""
"","","","","","horizons-trial","106","1165538","0.0-102.0","","","","","5","[37,39,44,32,48]","[68,45,57,56,54]","""2023-07-16T21:07:08.529Z""","[0,1,1,0]","0","0","0","40","60","40","60","20","0","0","[""arrowleft"",""arrowright"",""arrowright"",""arrowleft"",""arrowright""]","[826,474,484,655,1155]","[37,45,57,32,54]","[0,45,57,0,54]","[[50,100]]","[]","[]","[]","1","[]","[]","[]","[]","vertical","","","",""
"","","","","","horizons-trial","107","1173630","0.0-103.0","","","","","5","[70,58,72,75,74]","[27,37,30,32,40]","""2023-07-16T21:07:16.621Z""","[1,0,1,1]","1","1","0","40","70","70","40","30","0","0","[""arrowright"",""arrowleft"",""arrowright"",""arrowright"",""arrowleft""]","[518,404,489,451,3295]","[27,58,30,32,74]","[0,58,0,0,74]","[[50,51.9531]]","[]","[]","[]","1","[]","[]","[]","[]","vertical","","","",""
"","","","","","horizons-trial","108","1178792","0.0-104.0","","","","","5","[50,51,54,62,52]","[51,56,63,58,51]","""2023-07-16T21:07:21.783Z""","[1,0,1,1]","1","1","0","60","48","48","60","12","0","0","[""arrowright"",""arrowleft"",""arrowright"",""arrowright"",""arrowright""]","[444,437,441,579,771]","[51,51,63,58,51]","[51,0,63,0,0]","[[50,100]]","[]","[]","[]","1","[]","[]","[]","[]","vertical","","","",""
"","","","","","horizons-trial","109","1185599","0.0-105.0","","","","","10","[44,47,42,41,35,60,50,60,61,51]","[49,40,33,35,45,37,35,29,43,42]","""2023-07-16T21:07:28.589Z""","[1,1,0,1]","1","1","1","40","48","48","40","8","0","0","[""arrowright"",""arrowright"",""arrowleft"",""arrowright"",""arrowleft"",""arrowleft"",""arrowleft"",""arrowright"",""arrowleft"",""arrowright""]","[529,596,456,418,398,642,373,305,246,184]","[49,40,42,35,35,60,50,29,61,42]","[49,0,42,0,0,60,50,0,61,0]","[[17.4658,29.6875]]","[]","[]","[]","1","[]","[]","[]","[]","vertical","","","",""
"","","","","","horizons-trial","110","1193294","0.0-106.0","","","","","5","[50,59,43,46,61]","[64,70,65,67,61]","""2023-07-16T21:07:36.285Z""","[1,0,1,0]","0","1","0","60","52","52","60","8","0","0","[""arrowright"",""arrowleft"",""arrowright"",""arrowleft"",""arrowright""]","[585,357,272,156,2625]","[64,59,65,46,61]","[64,0,65,0,61]","[[50,100]]","[]","[]","[]","1","[]","[]","[]","[]","vertical","","","",""
"","","","","","horizons-trial","111","1199711","0.0-107.0","","","","","5","[63,62,69,64,57]","[44,38,38,39,42]","""2023-07-16T21:07:42.702Z""","[0,0,1,0]","1","1","0","40","60","60","40","20","0","0","[""arrowleft"",""arrowleft"",""arrowright"",""arrowleft"",""arrowleft""]","[775,344,453,643,611]","[63,62,38,64,57]","[63,62,0,64,57]","[[50,100]]","[]","[]","[]","1","[]","[]","[]","[]","vertical","","","",""
"","","","","","horizons-trial","112","1208337","0.0-108.0","","","","","10","[57,38,70,50,42,61,58,52,57,56]","[45,32,33,48,40,35,34,51,44,35]","""2023-07-16T21:07:51.328Z""","[1,0,0,0]","1","1","1","40","52","52","40","12","0","0","[""arrowright"",""arrowleft"",""arrowleft"",""arrowleft"",""arrowright"",""arrowright"",""arrowright"",""arrowright"",""arrowleft"",""arrowright""]","[798,426,369,274,781,475,374,525,342,160]","[45,38,70,50,40,35,34,51,57,35]","[0,38,70,50,0,0,0,0,57,0]","[[93.4932,73.4375]]","[]","[]","[]","1","[]","[]","[]","[]","vertical","","","",""
"","","","","","horizons-trial","113","1215814","0.0-109.0","","","","","5","[55,60,54,67,47]","[51,67,55,56,56]","""2023-07-16T21:07:58.804Z""","[0,0,1,1]","0","1","0","60","58","58","60","2","0","0","[""arrowleft"",""arrowleft"",""arrowright"",""arrowright"",""arrowleft""]","[715,443,526,574,1365]","[55,60,55,56,47]","[55,0,55,0,0]","[[50,16.4062]]","[]","[]","[]","1","[]","[]","[]","[]","vertical","","","",""
"","","","","","horizons-trial","114","1222113","0.0-110.0","","","","","10","[27,36,23,47,46,41,29,33,25,29]","[68,68,70,70,67,58,74,60,69,73]","""2023-07-16T21:08:05.103Z""","[0,1,0,0]","1","0","1","40","70","40","70","30","0","0","[""arrowleft"",""arrowright"",""arrowleft"",""arrowleft"",""arrowleft"",""arrowleft"",""arrowleft"",""arrowleft"",""arrowleft"",""arrowleft""]","[610,565,262,318,422,492,225,159,157,147]","[27,68,23,47,46,41,29,33,25,29]","[0,68,0,0,0,0,0,0,0,0]","[[25.6849,73.4375]]","[]","[]","[]","1","[]","[]","[]","[]","vertical","","","",""
"","","","","","horizons-trial","115","1230438","0.0-111.0","","","","","5","[42,35,35,39,39]","[64,46,40,60,36]","""2023-07-16T21:08:13.428Z""","[0,1,0,0]","1","0","0","40","48","40","48","8","0","0","[""arrowleft"",""arrowright"",""arrowleft"",""arrowleft"",""arrowright""]","[704,520,633,441,1775]","[42,46,35,39,36]","[0,46,0,0,0]","[[50,13.281199999999998]]","[]","[]","[]","1","[]","[]","[]","[]","vertical","","","",""
"","","","","","horizons-trial","116","1237158","0.0-112.0","","","","","10","[61,62,70,63,56,50,55,53,60,48]","[53,43,47,49,49,48,38,47,37,51]","""2023-07-16T21:08:20.149Z""","[0,1,1,0]","0","0","1","60","52","60","52","8","0","0","[""arrowleft"",""arrowright"",""arrowright"",""arrowleft"",""arrowleft"",""arrowleft"",""arrowleft"",""arrowleft"",""arrowleft"",""arrowleft""]","[946,401,394,595,345,586,311,194,234,189]","[61,43,47,63,56,50,55,53,60,48]","[61,0,0,63,56,50,55,53,60,0]","[[36.3014,70.7031]]","[]","[]","[]","1","[]","[]","[]","[]","vertical","","","",""
"","","","","","horizons-trial","117","1243028","0.0-113.0","","","","","5","[38,34,52,44,49]","[67,66,60,57,54]","""2023-07-16T21:08:26.019Z""","[1,0,1,1]","1","1","0","60","40","40","60","20","0","0","[""arrowright"",""arrowleft"",""arrowright"",""arrowright"",""arrowright""]","[686,472,267,773,548]","[67,34,60,57,54]","[67,0,60,57,54]","[[50,91.01562]]","[]","[]","[]","1","[]","[]","[]","[]","vertical","","","",""
"","","","","","horizons-trial","118","1248247","0.0-114.0","","","","","5","[54,54,72,56,50]","[64,59,57,51,63]","""2023-07-16T21:08:31.238Z""","[0,1,0,1]","0","0","0","60","52","60","52","8","0","0","[""arrowleft"",""arrowright"",""arrowleft"",""arrowright"",""arrowleft""]","[558,394,521,446,1222]","[54,59,72,51,50]","[0,59,72,0,0]","[[50,86.7188]]","[]","[]","[]","1","[]","[]","[]","[]","vertical","","","",""
"","","","","","horizons-trial","119","1254027","0.0-115.0","","","","","5","[73,71,59,81,68]","[52,55,48,52,55]","""2023-07-16T21:08:37.017Z""","[0,0,1,0]","1","0","0","60","56","60","56","4","0","0","[""arrowleft"",""arrowleft"",""arrowright"",""arrowleft"",""arrowleft""]","[713,422,496,763,607]","[73,71,48,81,68]","[73,71,0,81,68]","[[50,100]]","[]","[]","[]","1","[]","[]","[]","[]","vertical","","","",""
"","","","","","horizons-trial","120","1259922","0.0-116.0","","","","","5","[35,35,35,31,43]","[67,76,49,64,48]","""2023-07-16T21:08:42.913Z""","[0,1,1,0]","0","1","0","60","40","40","60","20","0","0","[""arrowleft"",""arrowright"",""arrowright"",""arrowleft"",""arrowright""]","[545,487,484,509,1337]","[35,76,49,31,48]","[0,76,49,0,48]","[[50,100]]","[]","[]","[]","1","[]","[]","[]","[]","vertical","","","",""
"","","","","","horizons-trial","121","1265870","0.0-117.0","","","","","5","[37,46,35,38,34]","[54,46,49,23,39]","""2023-07-16T21:08:48.860Z""","[1,0,1,0]","0","0","0","40","42","40","42","2","0","0","[""arrowright"",""arrowleft"",""arrowright"",""arrowleft"",""arrowright""]","[642,384,416,697,1259]","[54,46,49,38,39]","[54,46,49,38,39]","[[50,75.3906]]","[]","[]","[]","1","[]","[]","[]","[]","vertical","","","",""
"","","","","","horizons-trial","122","1275292","0.0-118.0","","","","","10","[51,46,52,50,58,54,55,61,68,59]","[30,29,35,25,27,55,34,29,32,49]","""2023-07-16T21:08:58.283Z""","[1,0,1,0]","0","0","1","60","30","60","30","30","0","0","[""arrowright"",""arrowleft"",""arrowright"",""arrowleft"",""arrowleft"",""arrowleft"",""arrowleft"",""arrowleft"",""arrowleft"",""arrowleft""]","[637,397,439,637,1700,529,182,135,141,147]","[30,46,35,50,58,54,55,61,68,59]","[0,46,0,50,58,0,55,61,68,59]","[[29.7945,88.6719]]","[]","[]","[]","1","[]","[]","[]","[]","vertical","","","",""
"","","","","","survey-html-form","123","1306578","0.0-119.0","31282","{""comments"":"" Just tried to work out the average of what had been revealed. ""}","","","","","","","","","","","","","","","","","","","","","","","","","","","","","","","","","","",""
"","","","","","survey-html-form","124","1323608","0.0-120.0","17028","{""comments"":"" Same as before - the highest average was the route i took.""}","","","","","","","","","","","","","","","","","","","","","","","","","","","","","","","","","","",""
"","","","","","survey-html-form","125","1325503","0.0-121.0","1894","{""comments"":"" ""}","","","","","","","","","","","","","","","","","","","","","","","","","","","","","","","","","","","[{""event"":""fullscreenenter"",""trial"":2,""time"":5925}]"
