"success","timeout","failed_images","failed_audio","failed_video","trial_type","trial_index","time_elapsed","internal_node_id","rt","response","view_history","task","stimulus","question_order","horizon","rewards_L","rewards_R","date","forced_choices","r_info","r_side","r_h","r_mean","r_otherMean","r_mean_L","r_mean_R","r_difference","confidence_immediate_overall","confidence_question_order","key_presses","response_times","outcomes","outcomes_counted_points","confidence","confidence_rt","confidence_2","confidence_2_rt","screen_resolution","belief_confidence_1","belief_confidence_2","belief_confidence_3","belief_confidence_4","immediate_judgement_orientation","phase","responses","num_errors","interactions"
"true","false","[]","[]","[]","preload","0","300","0.0-0.0","","","","","","","","","","","","","","","","","","","","","","","","","","","","","","","","","","","","","","",""
"","","","","","survey-html-form","1","3986","0.0-1.0","3684","{""comments"":"" 5c059841bbe1c80001c742c5""}","","","","","","","","","","","","","","","","","","","","","","","","","","","","","","","","","","","","",""
"true","","","","","fullscreen","2","20953","0.0-2.0","","","","","","","","","","","","","","","","","","","","","","","","","","","","","","","","","","","","","","",""
"","","","","","instructions","3","92930","0.0-3.0","71974","","[{""page_index"":0,""viewing_time"":14894},{""page_index"":1,""viewing_time"":21251},{""page_index"":2,""viewing_time"":8255},{""page_index"":3,""viewing_time"":10582},{""page_index"":4,""viewing_time"":9569},{""page_index"":5,""viewing_time"":7420}]","Consent","","","","","","","","","","","","","","","","","","","","","","","","","","","","","","","","","","",""
"","","","","","html-button-response","4","103419","0.0-4.0","10486","0","","","<p>Declaration of consent for study participation:</p>
            <ul>
                <li> I was informed about the study 'Metacognition in a bandit task', its course, meaning, scope and risks, and I have read and understood the study information.</li>
                <li> I had the opportunity to clarify all open questions. </li>
                <li> I have the right to request further information about the study at any time.</li>
                <li> I voluntarily agree to participate in the study described in the study information provided.</li>
                <li> I have been informed that I may withdraw from this study at any time without incurring any disadvantage.</li>
            </ul>","","","","","","","","","","","","","","","","","","","","","","","","","","","","","","","","","",""
"","","","","","survey-multi-choice","5","119318","0.0-5.0","15892","{""firstDataProtectionQ"":""yes"",""secondDataProtectionQ"":""yes"",""thirdDataProtectionQ"":""yes"",""fourthDataProtectionQ"":""yes""}","","","","[0,1,2,3]","","","","","","","","","","","","","","","","","","","","","","","","","","","","","","","","",""
"","","","","","instructions","6","297272","0.0-6.0-0.0","177951","","[{""page_index"":0,""viewing_time"":3026},{""page_index"":1,""viewing_time"":5597},{""page_index"":2,""viewing_time"":10435},{""page_index"":3,""viewing_time"":26894},{""page_index"":4,""viewing_time"":10636},{""page_index"":5,""viewing_time"":7802},{""page_index"":6,""viewing_time"":10596},{""page_index"":7,""viewing_time"":9753},{""page_index"":8,""viewing_time"":20009},{""page_index"":9,""viewing_time"":34502},{""page_index"":10,""viewing_time"":31529},{""page_index"":11,""viewing_time"":7172}]","","","","","","","","","","","","","","","","","","","","","","","","","","","","","","","","","","","",""
"","","","","","horizons-trial","7","346659","0.0-6.0-1.0","","","","","","","5","[44,57,74,72,62]","[31,33,24,39,29]","""2023-09-15T14:48:06.983Z""","[1,0,1,1]","","","","","","","","","0","","[""arrowright"",""arrowleft"",""arrowright"",""arrowright"",""arrowleft""]","[2138,1214,1032,1236,8658]","[31,57,24,39,62]","[0,57,0,0,62]","[[50,12.0903]]","[]","[]","[]","1","[]","[]","[]","[]","vertical","practice","","",""
"","","","","","horizons-trial","8","392918","0.0-6.0-2.0","","","","","","","10","[64,50,57,35,52,38,44,61,39,38]","[70,69,76,71,75,58,81,84,57,61]","""2023-09-15T14:48:53.242Z""","[0,0,1,1]","","","","","","","","","1","","[""arrowleft"",""arrowleft"",""arrowright"",""arrowright"",""arrowright"",""arrowright"",""arrowleft"",""arrowright"",""arrowright"",""arrowright""]","[944,577,728,713,7739,4238,3063,1710,2114,1967]","[64,50,76,71,75,58,44,84,57,61]","[0,0,76,71,75,58,0,84,57,61]","[[70.262,64.7401]]","[]","[]","[]","1","[]","[]","[]","[]","vertical","practice","","",""
"","","","","","instructions","9","425498","0.0-6.0-3.0","32576","","[{""page_index"":0,""viewing_time"":2319},{""page_index"":1,""viewing_time"":21601},{""page_index"":2,""viewing_time"":4729},{""page_index"":3,""viewing_time"":3926}]","","","","","","","","","","","","","","","","","","","","","","","","","","","","","","","","","","","",""
"","","","","","horizons-comprehension","10","497072","0.0-6.0-4.0","71570","","","","","","","","","","","","","","","","","","","","","","","","","","","","","","","","","","","","[""true"",""true"",""false"",""true""]","0",""
"","","","","","instructions","11","498839","0.0-7.0","1758","","[{""page_index"":0,""viewing_time"":1758}]","","","","","","","","","","","","","","","","","","","","","","","","","","","","","","","","","","","",""
"","","","","","horizons-trial","12","512934","0.0-8.0","","","","","","","5","[39,35,27,27,21]","[52,64,66,52,57]","""2023-09-15T14:50:53.258Z""","[1,1,0,0]","0","1","0","60","30","30","60","30","0","0","[""arrowright"",""arrowright"",""arrowleft"",""arrowleft"",""arrowright""]","[2669,704,858,825,1848]","[52,64,27,27,57]","[52,64,0,0,57]","[[50,91.91413]]","[]","[]","[]","1","[]","[]","[]","[]","vertical","","","",""
"","","","","","horizons-trial","13","546645","0.0-9.0","","","","","","","10","[53,60,45,44,54,42,55,60,48,76]","[44,48,28,42,48,42,53,45,43,51]","""2023-09-15T14:51:26.970Z""","[0,0,1,1]","0","1","1","40","52","52","40","12","0","0","[""arrowleft"",""arrowleft"",""arrowright"",""arrowright"",""arrowleft"",""arrowleft"",""arrowright"",""arrowright"",""arrowleft"",""arrowleft""]","[1280,703,944,826,1707,3168,1472,1717,1737,8319]","[53,60,28,42,54,42,53,45,48,76]","[53,60,0,0,54,42,0,0,48,76]","[[85.5365,61.0036]]","[]","[]","[]","1","[]","[]","[]","[]","vertical","","","",""
"","","","","","horizons-trial","14","565147","0.0-10.0","","","","","","","5","[49,43,58,37,47]","[55,79,44,65,52]","""2023-09-15T14:51:45.471Z""","[1,0,0,0]","1","0","0","40","52","40","52","12","0","0","[""arrowright"",""arrowleft"",""arrowleft"",""arrowleft"",""arrowright""]","[996,504,648,2054,6745]","[55,43,58,37,52]","[55,0,58,0,52]","[[50,27.375699999999995]]","[]","[]","[]","1","[]","[]","[]","[]","vertical","","","",""
"","","","","","horizons-trial","15","597628","0.0-11.0","","","","","","","10","[25,35,46,43,50,42,44,47,43,38]","[44,62,76,59,56,68,65,53,67,48]","""2023-09-15T14:52:17.953Z""","[0,0,0,1]","1","0","1","40","60","40","60","20","0","0","[""arrowleft"",""arrowleft"",""arrowleft"",""arrowright"",""arrowright"",""arrowright"",""arrowleft"",""arrowright"",""arrowleft"",""arrowright""]","[1173,356,490,1848,3846,2585,1253,964,3357,1087]","[25,35,46,59,56,68,44,53,43,48]","[0,0,0,59,56,68,0,53,0,48]","[[55.2993,27.375699999999995]]","[]","[]","[]","1","[]","[]","[]","[]","vertical","","","",""
"","","","","","horizons-trial","16","618027","0.0-12.0","","","","","","","5","[42,36,27,30,29]","[44,55,43,33,43]","""2023-09-15T14:52:38.351Z""","[0,1,1,1]","1","0","0","40","42","40","42","2","0","0","[""arrowleft"",""arrowright"",""arrowright"",""arrowright"",""arrowleft""]","[1071,557,757,732,5281]","[42,55,43,33,29]","[0,55,43,33,0]","[[50,20.5822]]","[]","[]","[]","1","[]","[]","[]","[]","vertical","","","",""
"","","","","","horizons-trial","17","660109","0.0-13.0","","","","","","","10","[58,58,62,66,65,57,55,55,62,53]","[54,51,46,63,51,69,62,66,61,59]","""2023-09-15T14:53:20.433Z""","[0,1,0,1]","0","0","1","60","58","60","58","2","0","0","[""arrowleft"",""arrowright"",""arrowleft"",""arrowright"",""arrowleft"",""arrowleft"",""arrowright"",""arrowright"",""arrowleft"",""arrowright""]","[3199,717,557,431,8327,3161,1264,989,2540,11787]","[58,51,62,63,65,57,62,66,62,59]","[58,0,62,0,65,0,62,66,62,59]","[[51.5586,44.3595]]","[]","[]","[]","1","[]","[]","[]","[]","vertical","","","",""
"","","","","","horizons-trial","18","692911","0.0-14.0","","","","","","","5","[35,40,27,39,50]","[44,47,46,51,37]","""2023-09-15T14:53:53.235Z""","[0,0,0,1]","1","0","0","40","44","40","44","4","0","0","[""arrowleft"",""arrowleft"",""arrowleft"",""arrowright"",""arrowright""]","[2006,453,577,596,17358]","[35,40,27,51,37]","[0,0,0,51,0]","[[50,22.280600000000007]]","[]","[]","[]","1","[]","[]","[]","[]","vertical","","","",""
"","","","","","horizons-trial","19","709763","0.0-15.0","","","","","","","5","[42,53,49,39,35]","[38,58,53,34,42]","""2023-09-15T14:54:10.088Z""","[1,0,1,0]","0","0","0","40","44","40","44","4","0","0","[""arrowright"",""arrowleft"",""arrowright"",""arrowleft"",""arrowleft""]","[1133,858,994,3132,4034]","[38,53,53,39,35]","[0,0,53,39,0]","[[50,50.134]]","[]","[]","[]","1","[]","[]","[]","[]","vertical","","","",""
"","","","","","horizons-trial","20","727594","0.0-16.0","","","","","","","10","[45,55,31,54,45,57,55,58,43,48]","[57,54,60,52,62,74,43,46,63,57]","""2023-09-15T14:54:27.918Z""","[0,1,0,1]","0","1","1","60","48","48","60","12","0","0","[""arrowleft"",""arrowright"",""arrowleft"",""arrowright"",""arrowright"",""arrowright"",""arrowleft"",""arrowright"",""arrowleft"",""arrowright""]","[1055,432,532,462,2540,4218,1009,672,847,1360]","[45,54,31,52,62,74,55,46,43,57]","[0,0,0,0,62,74,55,0,0,57]","[[96.1351,79.3461]]","[]","[]","[]","1","[]","[]","[]","[]","vertical","","","",""
"","","","","","horizons-trial","21","753285","0.0-17.0","","","","","","","10","[54,67,73,55,73,51,61,53,43,58]","[55,69,50,52,51,64,58,55,66,71]","""2023-09-15T14:54:53.610Z""","[0,0,1,0]","1","1","1","60","59","59","60","1","0","0","[""arrowleft"",""arrowleft"",""arrowright"",""arrowleft"",""arrowleft"",""arrowleft"",""arrowright"",""arrowright"",""arrowleft"",""arrowleft""]","[1139,837,552,577,1719,1270,749,761,1112,4692]","[54,67,50,55,73,51,58,55,43,58]","[0,0,0,55,73,0,0,55,0,0]","[[57.7931,68.8162]]","[]","[]","[]","1","[]","[]","[]","[]","vertical","","","",""
"","","","","","horizons-trial","22","769363","0.0-18.0","","","","","","","5","[59,66,58,65,61]","[69,48,76,59,66]","""2023-09-15T14:55:09.687Z""","[0,1,0,1]","0","0","0","60","59","60","59","1","0","0","[""arrowleft"",""arrowright"",""arrowleft"",""arrowright"",""arrowleft""]","[1019,444,462,546,1951]","[59,48,58,59,61]","[0,0,0,0,0]","[[50,87.4983]]","[]","[]","[]","1","[]","[]","[]","[]","vertical","","","",""
"","","","","","horizons-trial","23","793161","0.0-19.0","","","","","","","10","[53,55,44,53,47,65,61,61,54,61]","[58,52,53,58,65,34,60,60,72,52]","""2023-09-15T14:55:33.485Z""","[1,0,1,0]","0","1","1","60","56","56","60","4","0","0","[""arrowright"",""arrowleft"",""arrowright"",""arrowleft"",""arrowleft"",""arrowleft"",""arrowright"",""arrowright"",""arrowleft"",""arrowright""]","[1208,562,622,1313,3162,5865,665,830,2963,1213]","[58,55,53,53,47,65,60,60,54,52]","[58,55,53,0,0,65,0,0,0,0]","[[47.8179,42.3215]]","[]","[]","[]","1","[]","[]","[]","[]","vertical","","","",""
"","","","","","horizons-trial","24","807064","0.0-20.0","","","","","","","5","[37,33,37,26,37]","[53,43,49,47,36]","""2023-09-15T14:55:47.389Z""","[0,0,1,1]","0","0","0","40","42","40","42","2","0","0","[""arrowleft"",""arrowleft"",""arrowright"",""arrowright"",""arrowright""]","[2024,954,564,703,2132]","[37,33,49,47,36]","[0,0,49,47,0]","[[50,63.3814]]","[]","[]","[]","1","[]","[]","[]","[]","vertical","","","",""
"","","","","","horizons-trial","25","827195","0.0-21.0","","","","","","","10","[52,57,69,63,58,51,62,55,45,53]","[60,69,54,50,77,58,64,70,72,57]","""2023-09-15T14:56:07.520Z""","[0,0,1,0]","1","1","1","60","58","58","60","2","0","0","[""arrowleft"",""arrowleft"",""arrowright"",""arrowleft"",""arrowleft"",""arrowright"",""arrowright"",""arrowright"",""arrowleft"",""arrowright""]","[1736,428,564,628,2969,3852,630,1658,1337,1020]","[52,57,54,63,58,58,64,70,45,57]","[0,0,0,63,0,58,64,70,0,57]","[[70.262,37.9057]]","[]","[]","[]","1","[]","[]","[]","[]","vertical","","","",""
"","","","","","horizons-trial","26","844427","0.0-22.0","","","","","","","10","[33,30,22,14,31,27,40,34,22,10]","[75,65,54,64,64,52,74,60,55,57]","""2023-09-15T14:56:24.752Z""","[0,1,1,0]","0","1","1","60","30","30","60","30","0","0","[""arrowleft"",""arrowright"",""arrowright"",""arrowleft"",""arrowright"",""arrowright"",""arrowleft"",""arrowleft"",""arrowright"",""arrowright""]","[1000,743,816,800,2363,3943,903,604,577,1150]","[33,65,54,14,64,52,40,34,55,57]","[0,65,54,0,64,52,0,0,55,57]","[[83.3544,81.0445]]","[]","[]","[]","1","[]","[]","[]","[]","vertical","","","",""
"","","","","","horizons-trial","27","872055","0.0-23.0","","","","","","","10","[69,54,58,45,60,62,55,53,53,56]","[36,45,42,52,68,51,45,49,48,44]","""2023-09-15T14:56:52.379Z""","[0,0,1,0]","1","0","1","60","48","60","48","12","0","0","[""arrowleft"",""arrowleft"",""arrowright"",""arrowleft"",""arrowleft"",""arrowright"",""arrowright"",""arrowright"",""arrowleft"",""arrowleft""]","[2703,537,1334,723,2362,4440,2222,4891,978,1737]","[69,54,42,45,60,51,45,49,53,56]","[69,54,0,0,0,0,0,0,53,56]","[[52.4938,63.3814]]","[]","[]","[]","1","[]","[]","[]","[]","vertical","","","",""
"","","","","","horizons-trial","28","899433","0.0-24.0","","","","","","","10","[65,45,48,59,61,64,63,51,67,58]","[37,40,27,39,20,31,22,26,34,34]","""2023-09-15T14:57:19.757Z""","[1,1,0,0]","0","0","1","60","30","60","30","30","0","0","[""arrowright"",""arrowright"",""arrowleft"",""arrowleft"",""arrowleft"",""arrowright"",""arrowright"",""arrowleft"",""arrowleft"",""arrowleft""]","[1810,813,721,805,1365,3544,442,647,726,768]","[37,40,48,59,61,31,22,51,67,58]","[0,0,48,59,61,0,0,51,67,58]","[[50,48.7753]]","[]","[]","[]","1","[]","[]","[]","[]","vertical","","","",""
"","","","","","horizons-trial","29","915804","0.0-25.0","","","","","","","5","[43,62,50,54,50]","[58,55,60,72,75]","""2023-09-15T14:57:36.129Z""","[1,0,0,0]","1","1","0","60","48","48","60","12","0","0","[""arrowright"",""arrowleft"",""arrowleft"",""arrowleft"",""arrowleft""]","[1129,599,692,1435,4456]","[58,62,50,54,50]","[58,62,0,0,0]","[[50,59.3053]]","[]","[]","[]","1","[]","[]","[]","[]","vertical","","","",""
"","","","","","horizons-trial","30","935394","0.0-26.0","","","","","","","10","[56,53,49,62,72,56,73,60,70,56]","[56,53,47,64,53,46,39,62,49,51]","""2023-09-15T14:57:55.719Z""","[0,0,1,0]","1","0","1","60","56","60","56","4","0","0","[""arrowleft"",""arrowleft"",""arrowright"",""arrowleft"",""arrowleft"",""arrowright"",""arrowright"",""arrowleft"",""arrowleft"",""arrowleft""]","[1019,687,700,900,2791,2102,433,711,652,738]","[56,53,47,62,72,46,39,60,70,56]","[56,53,0,0,72,0,0,0,70,56]","[[44.7007,57.6069]]","[]","[]","[]","1","[]","[]","[]","[]","vertical","","","",""
"","","","","","horizons-trial","31","965318","0.0-27.0","","","","","","","10","[34,45,25,36,40,36,55,52,50,32]","[44,37,67,43,52,55,58,45,51,52]","""2023-09-15T14:58:25.643Z""","[1,1,0,0]","0","0","1","40","48","40","48","8","0","0","[""arrowright"",""arrowright"",""arrowleft"",""arrowleft"",""arrowright"",""arrowleft"",""arrowright"",""arrowleft"",""arrowright"",""arrowright""]","[2103,751,511,847,5471,9159,686,1283,1722,791]","[44,37,25,36,52,36,58,52,51,52]","[44,0,0,0,52,0,58,52,51,52]","[[35.349,37.2263]]","[]","[]","[]","1","[]","[]","[]","[]","vertical","","","",""
"","","","","","horizons-trial","32","983884","0.0-28.0","","","","","","","5","[36,45,50,34,44]","[68,47,49,56,55]","""2023-09-15T14:58:44.209Z""","[1,0,0,0]","1","1","0","60","40","40","60","20","0","0","[""arrowright"",""arrowleft"",""arrowleft"",""arrowleft"",""arrowright""]","[1140,479,594,756,9239]","[68,45,50,34,55]","[68,0,50,0,55]","[[50,20.921899999999994]]","[]","[]","[]","1","[]","[]","[]","[]","vertical","","","",""
"","","","","","horizons-trial","33","1016580","0.0-29.0","","","","","","","10","[49,26,48,49,48,32,52,50,52,51]","[33,28,36,55,32,35,30,41,33,33]","""2023-09-15T14:59:16.904Z""","[0,0,0,1]","1","1","1","40","42","42","40","2","0","0","[""arrowleft"",""arrowleft"",""arrowleft"",""arrowright"",""arrowright"",""arrowleft"",""arrowleft"",""arrowright"",""arrowright"",""arrowright""]","[890,511,687,686,4823,3423,1184,868,979,12722]","[49,26,48,55,32,32,52,41,33,33]","[49,0,48,55,0,0,52,0,0,0]","[[36.5959,37.566]]","[]","[]","[]","1","[]","[]","[]","[]","vertical","","","",""
"","","","","","horizons-trial","34","1034864","0.0-30.0","","","","","","","10","[72,61,59,68,55,55,58,63,62,45]","[25,30,22,29,17,28,19,40,19,12]","""2023-09-15T14:59:35.189Z""","[0,1,0,0]","1","0","1","60","30","60","30","30","0","0","[""arrowleft"",""arrowright"",""arrowleft"",""arrowleft"",""arrowright"",""arrowright"",""arrowleft"",""arrowleft"",""arrowleft"",""arrowleft""]","[885,678,545,605,604,3772,524,669,1089,535]","[72,30,59,68,17,28,58,63,62,45]","[72,0,59,68,0,0,58,63,62,45]","[[6.98212,7.674499999999995]]","[]","[]","[]","1","[]","[]","[]","[]","vertical","","","",""
"","","","","","horizons-trial","35","1048400","0.0-31.0","","","","","","","5","[55,64,65,71,46]","[47,65,58,63,56]","""2023-09-15T14:59:48.724Z""","[0,1,0,0]","1","0","0","60","56","60","56","4","0","0","[""arrowleft"",""arrowright"",""arrowleft"",""arrowleft"",""arrowleft""]","[2188,426,446,818,3936]","[55,65,65,71,46]","[55,65,65,71,0]","[[50,48.4356]]","[]","[]","[]","1","[]","[]","[]","[]","vertical","","","",""
"","","","","","horizons-trial","36","1063661","0.0-32.0","","","","","","","10","[63,63,65,63,61,59,70,74,75,62]","[58,46,50,53,41,39,51,48,59,40]","""2023-09-15T15:00:03.986Z""","[0,1,1,0]","0","0","1","60","48","60","48","12","0","0","[""arrowleft"",""arrowright"",""arrowright"",""arrowleft"",""arrowleft"",""arrowright"",""arrowright"",""arrowleft"",""arrowleft"",""arrowleft""]","[926,425,608,856,2625,2108,1306,588,769,602]","[63,46,50,63,61,39,51,74,75,62]","[63,0,0,63,61,0,0,74,75,62]","[[57.7931,67.45750000000001]]","[]","[]","[]","1","[]","[]","[]","[]","vertical","","","",""
"","","","","","horizons-trial","37","1100543","0.0-33.0","","","","","","","5","[63,59,56,72,55]","[42,34,41,54,43]","""2023-09-15T15:00:40.867Z""","[0,1,1,1]","1","0","0","60","48","60","48","12","0","0","[""arrowleft"",""arrowright"",""arrowright"",""arrowright"",""arrowleft""]","[2892,618,4645,929,6688]","[63,34,41,54,55]","[63,0,0,0,55]","[[50,35.1883]]","[]","[]","[]","1","[]","[]","[]","[]","vertical","","","",""
"","","","","","horizons-trial","38","1124949","0.0-34.0","","","","","","","10","[52,66,60,62,56,63,50,57,52,54]","[44,58,63,65,76,61,65,62,57,46]","""2023-09-15T15:01:05.273Z""","[1,1,0,1]","1","0","1","60","58","60","58","2","0","0","[""arrowright"",""arrowright"",""arrowleft"",""arrowright"",""arrowright"",""arrowright"",""arrowleft"",""arrowleft"",""arrowright"",""arrowright""]","[1212,791,761,848,6193,2777,542,1770,1813,1723]","[44,58,60,65,76,61,50,57,57,46]","[0,0,0,65,76,0,0,0,57,0]","[[38.1545,29.0741]]","[]","[]","[]","1","[]","[]","[]","[]","vertical","","","",""
"","","","","","horizons-trial","39","1137052","0.0-35.0","","","","","","","5","[47,63,49,63,66]","[33,39,28,30,34]","""2023-09-15T15:01:17.377Z""","[0,1,0,0]","1","1","0","40","60","60","40","20","0","0","[""arrowleft"",""arrowright"",""arrowleft"",""arrowleft"",""arrowleft""]","[1064,346,395,717,3293]","[47,39,49,63,66]","[47,0,49,63,66]","[[50,73.232]]","[]","[]","[]","1","[]","[]","[]","[]","vertical","","","",""
"","","","","","horizons-trial","40","1162449","0.0-36.0","","","","","","","10","[48,54,66,59,61,69,58,68,51,48]","[42,41,41,35,46,31,25,41,36,43]","""2023-09-15T15:01:42.773Z""","[1,0,0,0]","1","0","1","60","40","60","40","20","0","0","[""arrowright"",""arrowleft"",""arrowleft"",""arrowleft"",""arrowleft"",""arrowright"",""arrowright"",""arrowleft"",""arrowright"",""arrowleft""]","[770,379,551,584,2759,4211,539,737,728,804]","[42,54,66,59,61,31,25,68,36,48]","[0,54,66,59,61,0,0,68,0,48]","[[59.04,68.1368]]","[]","[]","[]","1","[]","[]","[]","[]","vertical","","","",""
"","","","","","horizons-trial","41","1187539","0.0-37.0","","","","","","","10","[67,73,80,79,80,72,75,78,72,76]","[30,47,39,27,51,45,43,39,46,47]","""2023-09-15T15:02:07.863Z""","[0,0,0,1]","1","1","1","40","70","70","40","30","0","0","[""arrowleft"",""arrowleft"",""arrowleft"",""arrowright"",""arrowleft"",""arrowleft"",""arrowright"",""arrowright"",""arrowleft"",""arrowleft""]","[3073,566,684,646,6368,3237,538,703,484,936]","[67,73,80,27,80,72,43,39,72,76]","[67,73,80,0,80,72,0,0,72,76]","[[83.6662,89.5364]]","[]","[]","[]","1","[]","[]","[]","[]","vertical","","","",""
"","","","","","horizons-trial","42","1208399","0.0-38.0","","","","","","","10","[35,40,24,36,55,50,42,22,35,60]","[49,39,42,37,37,50,62,36,57,45]","""2023-09-15T15:02:28.724Z""","[1,1,0,1]","1","0","1","40","42","40","42","2","0","0","[""arrowright"",""arrowright"",""arrowleft"",""arrowright"",""arrowright"",""arrowright"",""arrowleft"",""arrowleft"",""arrowleft"",""arrowright""]","[820,579,483,500,2068,4488,513,514,3838,1552]","[49,39,24,37,37,50,42,22,35,45]","[49,0,0,37,0,50,0,0,0,0]","[[63.7158,49.4547]]","[]","[]","[]","1","[]","[]","[]","[]","vertical","","","",""
"","","","","","horizons-trial","43","1225169","0.0-39.0","","","","","","","10","[61,62,60,60,62,62,51,58,61,53]","[54,66,62,55,64,57,45,54,55,47]","""2023-09-15T15:02:45.494Z""","[1,1,0,0]","0","0","1","60","59","60","59","1","0","0","[""arrowright"",""arrowright"",""arrowleft"",""arrowleft"",""arrowleft"",""arrowright"",""arrowright"",""arrowleft"",""arrowleft"",""arrowleft""]","[1094,727,609,616,3940,1717,564,662,620,939]","[54,66,60,60,62,57,45,58,61,53]","[0,66,0,60,0,0,0,58,61,53]","[[63.4041,58.9656]]","[]","[]","[]","1","[]","[]","[]","[]","vertical","","","",""
"","","","","","horizons-trial","44","1241584","0.0-40.0","","","","","","","5","[47,52,47,49,41]","[24,33,53,24,13]","""2023-09-15T15:03:01.908Z""","[1,1,1,0]","1","1","0","40","52","52","40","12","0","0","[""arrowright"",""arrowright"",""arrowright"",""arrowleft"",""arrowleft""]","[1032,468,688,645,5088]","[24,33,53,49,41]","[0,0,53,49,41]","[[50,21.9409]]","[]","[]","[]","1","[]","[]","[]","[]","vertical","","","",""
"","","","","","horizons-trial","45","1259130","0.0-41.0","","","","","","","10","[48,50,56,52,66,65,54,58,47,59]","[36,32,45,22,41,41,45,47,42,35]","""2023-09-15T15:03:19.454Z""","[1,1,1,0]","1","1","1","40","52","52","40","12","0","0","[""arrowright"",""arrowright"",""arrowright"",""arrowleft"",""arrowleft"",""arrowright"",""arrowright"",""arrowleft"",""arrowleft"",""arrowleft""]","[863,595,1109,1055,3097,1720,408,497,560,1771]","[36,32,45,52,66,41,45,58,47,59]","[0,0,0,52,66,0,0,58,47,59]","[[56.8579,49.7943]]","[]","[]","[]","1","[]","[]","[]","[]","vertical","","","",""
"","","","","","horizons-trial","46","1284902","0.0-42.0","","","","","","","10","[41,35,32,32,36,35,33,34,34,50]","[41,42,48,29,42,44,50,40,29,44]","""2023-09-15T15:03:45.226Z""","[1,0,0,1]","0","0","1","40","44","40","44","4","0","0","[""arrowright"",""arrowleft"",""arrowleft"",""arrowright"",""arrowleft"",""arrowright"",""arrowleft"",""arrowright"",""arrowleft"",""arrowright""]","[867,442,475,510,11336,1604,1086,1569,854,2114]","[41,35,32,29,36,44,33,40,34,44]","[41,0,0,0,0,44,0,40,34,0]","[[52.4938,24.998000000000005]]","[]","[]","[]","1","[]","[]","[]","[]","vertical","","","",""
"","","","","","horizons-trial","47","1314670","0.0-43.0","","","","","","","10","[47,43,37,43,39,19,29,50,32,43]","[51,37,34,57,36,43,45,46,51,40]","""2023-09-15T15:04:14.994Z""","[0,1,0,0]","1","0","1","40","48","40","48","8","0","0","[""arrowleft"",""arrowright"",""arrowleft"",""arrowleft"",""arrowleft"",""arrowright"",""arrowright"",""arrowleft"",""arrowright"",""arrowright""]","[1544,510,585,821,2939,4864,386,596,4087,4885]","[47,37,37,43,39,43,45,50,51,40]","[0,0,37,0,39,43,45,50,51,0]","[[64.3393,61.0036]]","[]","[]","[]","1","[]","[]","[]","[]","vertical","","","",""
"","","","","","horizons-trial","48","1325818","0.0-44.0","","","","","","","5","[65,61,64,63,56]","[63,65,67,53,42]","""2023-09-15T15:04:26.142Z""","[0,1,1,1]","1","1","0","60","59","59","60","1","0","0","[""arrowleft"",""arrowright"",""arrowright"",""arrowright"",""arrowright""]","[861,467,678,829,4371]","[65,65,67,53,42]","[65,65,67,0,0]","[[50,72.5526]]","[]","[]","[]","1","[]","[]","[]","[]","vertical","","","",""
"","","","","","horizons-trial","49","1340306","0.0-45.0","","","","","","","5","[35,35,50,49,49]","[60,80,60,69,72]","""2023-09-15T15:04:40.631Z""","[1,0,0,0]","1","0","0","40","70","40","70","30","0","0","[""arrowright"",""arrowleft"",""arrowleft"",""arrowleft"",""arrowleft""]","[816,488,506,950,5785]","[60,35,50,49,49]","[60,0,0,0,0]","[[50,22.959999999999994]]","[]","[]","[]","1","[]","[]","[]","[]","vertical","","","",""
"","","","","","horizons-trial","50","1356159","0.0-46.0","","","","","","","5","[54,66,63,52,67]","[57,64,58,59,68]","""2023-09-15T15:04:56.484Z""","[0,1,0,1]","0","1","0","60","52","52","60","8","0","0","[""arrowleft"",""arrowright"",""arrowleft"",""arrowright"",""arrowright""]","[987,438,417,476,9376]","[54,64,63,59,68]","[0,0,63,59,68]","[[50,52.5117]]","[]","[]","[]","1","[]","[]","[]","[]","vertical","","","",""
"","","","","","horizons-trial","51","1370090","0.0-47.0","","","","","","","5","[53,30,53,44,44]","[42,48,34,44,28]","""2023-09-15T15:05:10.414Z""","[0,1,0,0]","1","1","0","40","48","48","40","8","0","0","[""arrowleft"",""arrowright"",""arrowleft"",""arrowleft"",""arrowleft""]","[1046,464,428,937,5736]","[53,48,53,44,44]","[53,48,53,44,44]","[[50,44.6992]]","[]","[]","[]","1","[]","[]","[]","[]","vertical","","","",""
"","","","","","horizons-trial","52","1385095","0.0-48.0","","","","","","","10","[65,64,69,60,63,48,68,57,60,50]","[69,49,60,52,60,63,72,38,51,55]","""2023-09-15T15:05:25.420Z""","[0,0,1,1]","0","0","1","60","56","60","56","4","0","0","[""arrowleft"",""arrowleft"",""arrowright"",""arrowright"",""arrowleft"",""arrowright"",""arrowright"",""arrowleft"",""arrowleft"",""arrowright""]","[877,472,494,638,1815,2663,364,482,627,1485]","[65,64,60,52,63,63,72,57,60,55]","[0,64,0,0,63,63,72,57,60,55]","[[74.0027,63.0417]]","[]","[]","[]","1","[]","[]","[]","[]","vertical","","","",""
"","","","","","horizons-trial","53","1407711","0.0-49.0","","","","","","","10","[24,32,32,45,33,49,30,48,51,20]","[53,50,36,58,49,42,46,42,43,41]","""2023-09-15T15:05:48.036Z""","[0,0,0,1]","1","0","1","40","41","40","41","1","0","0","[""arrowleft"",""arrowleft"",""arrowleft"",""arrowright"",""arrowright"",""arrowleft"",""arrowleft"",""arrowright"",""arrowright"",""arrowright""]","[897,470,681,634,3388,2364,846,732,3562,5039]","[24,32,32,58,49,49,30,42,43,41]","[0,0,0,58,49,49,0,0,0,41]","[[56.2345,24.318700000000007]]","[]","[]","[]","1","[]","[]","[]","[]","vertical","","","",""
"","","","","","horizons-trial","54","1424348","0.0-50.0","","","","","","","5","[66,68,75,73,55]","[58,70,49,46,46]","""2023-09-15T15:06:04.672Z""","[1,1,1,0]","1","1","0","60","58","58","60","2","0","0","[""arrowright"",""arrowright"",""arrowright"",""arrowleft"",""arrowright""]","[3168,597,1236,641,4593]","[58,70,49,73,46]","[0,70,0,73,0]","[[50,41.9818]]","[]","[]","[]","1","[]","[]","[]","[]","vertical","","","",""
"","","","","","horizons-trial","55","1455389","0.0-51.0","","","","","","","10","[68,55,55,61,61,38,41,76,56,56]","[53,70,61,68,62,65,62,48,46,50]","""2023-09-15T15:06:35.713Z""","[0,1,1,0]","0","1","1","60","59","59","60","1","0","0","[""arrowleft"",""arrowright"",""arrowright"",""arrowleft"",""arrowright"",""arrowright"",""arrowleft"",""arrowleft"",""arrowright"",""arrowleft""]","[893,439,606,501,6653,2578,1016,737,5451,6625]","[68,70,61,61,62,65,41,76,46,56]","[68,70,61,0,62,65,0,76,0,56]","[[53.429,38.2454]]","[]","[]","[]","1","[]","[]","[]","[]","vertical","","","",""
"","","","","","horizons-trial","56","1486455","0.0-52.0","","","","","","","10","[33,31,27,21,26,17,31,21,31,34]","[55,61,52,59,53,59,64,91,62,70]","""2023-09-15T15:07:06.779Z""","[1,1,1,0]","1","1","1","60","30","30","60","30","0","0","[""arrowright"",""arrowright"",""arrowright"",""arrowleft"",""arrowright"",""arrowleft"",""arrowleft"",""arrowright"",""arrowright"",""arrowright""]","[1786,500,853,614,2339,2751,7072,978,870,675]","[55,61,52,21,53,17,31,91,62,70]","[55,61,52,0,53,0,0,91,62,70]","[[91.4593,80.3652]]","[]","[]","[]","1","[]","[]","[]","[]","vertical","","","",""
"","","","","","horizons-trial","57","1529367","0.0-53.0","","","","","","","10","[45,32,40,36,32,36,40,38,43,41]","[62,52,54,59,59,65,59,45,54,63]","""2023-09-15T15:07:49.691Z""","[1,1,0,0]","0","0","1","40","60","40","60","20","0","0","[""arrowright"",""arrowright"",""arrowleft"",""arrowleft"",""arrowright"",""arrowright"",""arrowleft"",""arrowleft"",""arrowright"",""arrowright""]","[1157,655,647,767,2554,2455,714,413,11063,766]","[62,52,40,36,59,65,40,38,54,63]","[62,52,0,0,59,65,0,0,54,63]","[[40.0248,86.4793]]","[]","[]","[]","1","[]","[]","[]","[]","vertical","","","",""
"","","","","","horizons-trial","58","1549713","0.0-54.0","","","","","","","10","[28,37,42,36,34,41,47,37,45,47]","[67,58,65,56,62,56,61,62,48,58]","""2023-09-15T15:08:10.037Z""","[0,0,1,1]","0","1","1","60","40","40","60","20","0","0","[""arrowleft"",""arrowleft"",""arrowright"",""arrowright"",""arrowright"",""arrowright"",""arrowleft"",""arrowleft"",""arrowleft"",""arrowright""]","[918,444,434,781,4433,1542,411,489,2523,840]","[28,37,65,56,62,56,47,37,45,58]","[0,0,65,56,62,56,0,0,0,58]","[[78.9903,88.857]]","[]","[]","[]","1","[]","[]","[]","[]","vertical","","","",""
"","","","","","horizons-trial","59","1559655","0.0-55.0","","","","","","","5","[69,64,65,59,57]","[37,34,33,47,42]","""2023-09-15T15:08:19.980Z""","[0,1,0,0]","1","0","0","60","40","60","40","20","0","0","[""arrowleft"",""arrowright"",""arrowleft"",""arrowleft"",""arrowleft""]","[1062,430,466,760,2388]","[69,34,65,59,57]","[69,0,65,59,57]","[[50,92.59348]]","[]","[]","[]","1","[]","[]","[]","[]","vertical","","","",""
"","","","","","horizons-trial","60","1571598","0.0-56.0","","","","","","","5","[66,60,56,49,49]","[32,47,47,38,57]","""2023-09-15T15:08:31.922Z""","[0,0,1,1]","0","0","0","60","48","60","48","12","0","0","[""arrowleft"",""arrowleft"",""arrowright"",""arrowright"",""arrowleft""]","[1526,448,1099,556,1292]","[66,60,47,38,49]","[66,60,0,0,0]","[[50,86.819]]","[]","[]","[]","1","[]","[]","[]","[]","vertical","","","",""
"","","","","","horizons-trial","61","1594391","0.0-57.0","","","","","","","5","[55,64,70,71,80]","[45,52,35,49,39]","""2023-09-15T15:08:54.715Z""","[0,1,1,1]","1","1","0","40","70","70","40","30","0","0","[""arrowleft"",""arrowright"",""arrowright"",""arrowright"",""arrowright""]","[961,380,487,614,9659]","[55,52,35,49,39]","[55,0,0,0,0]","[[50,26.696399999999997]]","[]","[]","[]","1","[]","[]","[]","[]","vertical","","","",""
"","","","","","horizons-trial","62","1614803","0.0-58.0","","","","","","","5","[62,61,64,57,62]","[62,54,64,51,54]","""2023-09-15T15:09:15.128Z""","[0,0,1,1]","0","0","0","60","56","60","56","4","0","0","[""arrowleft"",""arrowleft"",""arrowright"",""arrowright"",""arrowleft""]","[2740,448,463,879,9237]","[62,61,64,51,62]","[62,61,64,0,62]","[[50,22.959999999999994]]","[]","[]","[]","1","[]","[]","[]","[]","vertical","","","",""
"","","","","","horizons-trial","63","1661801","0.0-59.0","","","","","","","10","[61,64,48,54,53,57,61,57,67,73]","[46,54,53,60,53,63,49,45,55,42]","""2023-09-15T15:10:02.125Z""","[0,1,1,0]","0","0","1","60","52","60","52","8","0","0","[""arrowleft"",""arrowright"",""arrowright"",""arrowleft"",""arrowleft"",""arrowright"",""arrowright"",""arrowleft"",""arrowright"",""arrowright""]","[833,427,535,1533,9421,4418,5039,1562,4869,4414]","[61,54,53,54,53,63,49,57,55,42]","[61,0,53,0,53,63,0,57,0,0]","[[18.8276,11.071299999999994]]","[]","[]","[]","1","[]","[]","[]","[]","vertical","","","",""
"","","","","","horizons-trial","64","1673659","0.0-60.0","","","","","","","5","[43,40,35,52,52]","[58,53,51,60,69]","""2023-09-15T15:10:13.984Z""","[1,1,0,1]","1","0","0","40","60","40","60","20","0","0","[""arrowright"",""arrowright"",""arrowleft"",""arrowright"",""arrowright""]","[857,382,495,690,2726]","[58,53,35,60,69]","[58,53,0,60,69]","[[50,78.3271]]","[]","[]","[]","1","[]","[]","[]","[]","vertical","","","",""
"","","","","","horizons-trial","65","1691729","0.0-61.0","","","","","","","5","[21,12,24,36,21]","[62,68,54,80,64]","""2023-09-15T15:10:32.053Z""","[1,0,0,0]","1","1","0","60","30","30","60","30","0","0","[""arrowright"",""arrowleft"",""arrowleft"",""arrowleft"",""arrowright""]","[901,568,877,688,7408]","[62,12,24,36,64]","[62,0,0,0,64]","[[50,93.95218]]","[]","[]","[]","1","[]","[]","[]","[]","vertical","","","",""
"","","","","","horizons-trial","66","1713478","0.0-62.0","","","","","","","10","[47,29,17,50,46,33,34,52,26,38]","[64,67,71,77,70,63,78,68,68,68]","""2023-09-15T15:10:53.803Z""","[0,1,0,0]","1","0","1","40","70","40","70","30","0","0","[""arrowleft"",""arrowright"",""arrowleft"",""arrowleft"",""arrowright"",""arrowright"",""arrowleft"",""arrowleft"",""arrowright"",""arrowright""]","[850,684,487,491,500,1664,1538,398,753,788]","[47,67,17,50,70,63,34,52,68,68]","[0,67,0,0,70,63,0,0,68,68]","[[10.0994,8.353899999999996]]","[]","[]","[]","1","[]","[]","[]","[]","vertical","","","",""
"","","","","","horizons-trial","67","1725448","0.0-63.0","","","","","","","5","[45,53,59,52,52]","[41,33,23,29,42]","""2023-09-15T15:11:05.773Z""","[0,0,1,1]","0","0","0","60","40","60","40","20","0","0","[""arrowleft"",""arrowleft"",""arrowright"",""arrowright"",""arrowleft""]","[823,780,414,731,3842]","[45,53,23,29,52]","[45,53,0,0,52]","[[50,92.93315]]","[]","[]","[]","1","[]","[]","[]","[]","vertical","","","",""
"","","","","","horizons-trial","68","1743626","0.0-64.0","","","","","","","10","[44,47,55,49,57,37,47,55,53,51]","[37,38,36,42,55,38,44,66,49,32]","""2023-09-15T15:11:23.951Z""","[0,1,0,1]","0","1","1","40","48","48","40","8","0","0","[""arrowleft"",""arrowright"",""arrowleft"",""arrowright"",""arrowleft"",""arrowright"",""arrowright"",""arrowleft"",""arrowleft"",""arrowleft""]","[896,408,425,541,2706,1812,456,332,990,1139]","[44,38,55,42,57,38,44,55,53,51]","[44,0,55,0,57,38,0,0,53,51]","[[12.5932,50.134]]","[]","[]","[]","1","[]","[]","[]","[]","vertical","","","",""
"","","","","","horizons-trial","69","1772869","0.0-65.0","","","","","","","10","[53,46,48,61,79,49,66,65,62,65]","[43,60,47,53,54,63,46,57,56,54]","""2023-09-15T15:11:53.194Z""","[0,0,0,1]","1","0","1","60","52","60","52","8","0","0","[""arrowleft"",""arrowleft"",""arrowleft"",""arrowright"",""arrowright"",""arrowright"",""arrowleft"",""arrowleft"",""arrowright"",""arrowright""]","[1142,619,703,601,9944,2037,786,682,1930,2960]","[53,46,48,53,54,63,66,65,56,54]","[53,0,48,0,0,63,66,65,0,0]","[[6.04695,10.7316]]","[]","[]","[]","1","[]","[]","[]","[]","vertical","","","",""
"","","","","","horizons-trial","70","1794108","0.0-66.0","","","","","","","10","[34,57,62,50,48,44,34,59,44,41]","[60,65,63,56,79,53,77,54,73,54]","""2023-09-15T15:12:14.432Z""","[0,1,0,0]","1","1","1","60","48","48","60","12","0","0","[""arrowleft"",""arrowright"",""arrowleft"",""arrowleft"",""arrowright"",""arrowright"",""arrowright"",""arrowleft"",""arrowleft"",""arrowright""]","[2220,499,467,632,1406,2775,1011,541,995,887]","[34,65,62,50,79,53,77,59,44,54]","[0,65,0,0,79,53,77,59,0,54]","[[6.6704,9.372900000000001]]","[]","[]","[]","1","[]","[]","[]","[]","vertical","","","",""
"","","","","","horizons-trial","71","1817860","0.0-67.0","","","","","","","10","[44,45,48,40,30,43,47,37,48,49]","[41,39,36,56,37,31,28,35,43,39]","""2023-09-15T15:12:38.184Z""","[1,0,1,0]","0","0","1","40","42","40","42","2","0","0","[""arrowright"",""arrowleft"",""arrowright"",""arrowleft"",""arrowleft"",""arrowright"",""arrowright"",""arrowleft"",""arrowleft"",""arrowleft""]","[958,390,388,509,7101,2155,307,642,428,2258]","[41,45,36,40,30,31,28,37,48,49]","[0,45,0,0,0,0,0,37,48,49]","[[5.73523,6.315799999999996]]","[]","[]","[]","1","[]","[]","[]","[]","vertical","","","",""
"","","","","","horizons-trial","72","1850109","0.0-68.0","","","","","","","10","[32,47,26,46,33,35,41,31,57,20]","[41,50,53,34,28,39,30,42,38,39]","""2023-09-15T15:13:10.433Z""","[0,0,0,1]","1","1","1","40","41","41","40","1","0","0","[""arrowleft"",""arrowleft"",""arrowleft"",""arrowright"",""arrowleft"",""arrowright"",""arrowright"",""arrowright"",""arrowleft"",""arrowright""]","[959,588,879,529,5708,1757,373,770,799,6331]","[32,47,26,34,33,39,30,42,57,39]","[0,0,0,0,33,39,0,42,57,39]","[[6.04695,8.014200000000002]]","[]","[]","[]","1","[]","[]","[]","[]","vertical","","","",""
"","","","","","horizons-trial","73","1899908","0.0-69.0","","","","","","","5","[57,52,54,53,73]","[55,77,53,54,66]","""2023-09-15T15:14:00.232Z""","[1,0,1,0]","0","1","0","60","59","59","60","1","0","0","[""arrowright"",""arrowleft"",""arrowright"",""arrowleft"",""arrowright""]","[1694,440,432,612,6155]","[55,52,53,53,66]","[0,0,0,0,0]","[[50,8.014200000000002]]","[]","[]","[]","1","[]","[]","[]","[]","vertical","","","",""
"","","","","","horizons-trial","74","1910574","0.0-70.0","","","","","","","5","[71,49,55,60,58]","[69,61,68,62,34]","""2023-09-15T15:14:10.899Z""","[1,0,1,0]","0","1","0","60","56","56","60","4","0","0","[""arrowright"",""arrowleft"",""arrowright"",""arrowleft"",""arrowright""]","[675,419,472,408,4448]","[69,49,68,60,34]","[0,0,68,0,0]","[[50,54.5498]]","[]","[]","[]","1","[]","[]","[]","[]","vertical","","","",""
"","","","","","horizons-trial","75","1938178","0.0-71.0","","","","","","","10","[45,45,54,39,35,42,35,37,23,43]","[66,65,53,51,50,49,38,63,54,54]","""2023-09-15T15:14:38.502Z""","[0,1,0,1]","0","0","1","40","52","40","52","12","0","0","[""arrowleft"",""arrowright"",""arrowleft"",""arrowright"",""arrowright"",""arrowleft"",""arrowleft"",""arrowright"",""arrowright"",""arrowright""]","[1269,431,345,457,1981,2033,397,592,528,842]","[45,65,54,51,50,42,35,63,54,54]","[0,65,54,51,50,0,0,63,54,54]","[[21.9449,55.2291]]","[]","[]","[]","1","[]","[]","[]","[]","vertical","","","",""
"","","","","","horizons-trial","76","1947887","0.0-72.0","","","","","","","5","[35,39,29,44,45]","[37,57,56,61,45]","""2023-09-15T15:14:48.211Z""","[0,1,0,0]","1","0","0","40","48","40","48","8","0","0","[""arrowleft"",""arrowright"",""arrowleft"",""arrowleft"",""arrowright""]","[1062,368,380,1600,1973]","[35,57,29,44,45]","[0,57,0,0,45]","[[50,51.153]]","[]","[]","[]","1","[]","[]","[]","[]","vertical","","","",""
"","","","","","horizons-trial","77","1958086","0.0-73.0","","","","","","","5","[61,45,54,56,58]","[63,73,61,67,61]","""2023-09-15T15:14:58.410Z""","[1,0,0,0]","1","1","0","60","56","56","60","4","0","0","[""arrowright"",""arrowleft"",""arrowleft"",""arrowleft"",""arrowright""]","[782,402,481,936,2662]","[63,45,54,56,61]","[63,0,0,0,61]","[[50,28.734399999999994]]","[]","[]","[]","1","[]","[]","[]","[]","vertical","","","",""
"","","","","","horizons-trial","78","1973427","0.0-74.0","","","","","","","5","[39,40,47,45,43]","[46,43,50,44,49]","""2023-09-15T15:15:13.751Z""","[0,1,1,0]","0","1","0","40","42","42","40","2","0","0","[""arrowleft"",""arrowright"",""arrowright"",""arrowleft"",""arrowright""]","[939,479,611,690,4802]","[39,43,50,45,49]","[0,43,50,45,49]","[[50,59.3053]]","[]","[]","[]","1","[]","[]","[]","[]","vertical","","","",""
"","","","","","horizons-trial","79","1981827","0.0-75.0","","","","","","","5","[58,37,37,40,46]","[46,47,32,37,39]","""2023-09-15T15:15:22.152Z""","[0,1,1,1]","1","0","0","40","41","40","41","1","0","0","[""arrowleft"",""arrowright"",""arrowright"",""arrowright"",""arrowleft""]","[773,411,492,645,1590]","[58,47,32,37,46]","[58,47,0,0,46]","[[50,67.45750000000001]]","[]","[]","[]","1","[]","[]","[]","[]","vertical","","","",""
"","","","","","horizons-trial","80","1998659","0.0-76.0","","","","","","","10","[43,52,43,54,44,46,39,39,45,38]","[26,43,22,44,32,32,45,27,30,38]","""2023-09-15T15:15:38.984Z""","[0,1,0,0]","1","1","1","40","48","48","40","8","0","0","[""arrowleft"",""arrowright"",""arrowleft"",""arrowleft"",""arrowleft"",""arrowright"",""arrowright"",""arrowright"",""arrowleft"",""arrowleft""]","[720,302,441,468,4201,1141,1382,596,1764,1019]","[43,43,43,54,44,32,45,27,45,38]","[43,0,43,54,44,0,45,0,45,38]","[[9.16419,17.864800000000002]]","[]","[]","[]","1","[]","[]","[]","[]","vertical","","","",""
"","","","","","horizons-trial","81","2012701","0.0-77.0","","","","","","","5","[76,72,55,35,67]","[54,61,56,46,58]","""2023-09-15T15:15:53.026Z""","[1,0,0,0]","1","0","0","60","52","60","52","8","0","0","[""arrowright"",""arrowleft"",""arrowleft"",""arrowleft"",""arrowleft""]","[902,425,544,622,4733]","[54,72,55,35,67]","[0,72,0,0,67]","[[50,39.2644]]","[]","[]","[]","1","[]","[]","[]","[]","vertical","","","",""
"","","","","","horizons-trial","82","2026961","0.0-78.0","","","","","","","10","[38,33,43,31,40,33,41,32,40,36]","[59,68,71,70,74,64,76,67,66,50]","""2023-09-15T15:16:07.286Z""","[1,0,1,0]","0","0","1","40","70","40","70","30","0","0","[""arrowright"",""arrowleft"",""arrowright"",""arrowleft"",""arrowright"",""arrowright"",""arrowright"",""arrowleft"",""arrowleft"",""arrowright""]","[853,447,424,453,1511,1130,1180,897,991,772]","[59,33,71,31,74,64,76,32,40,50]","[59,0,71,0,74,64,76,0,0,50]","[[76.4965,74.5907]]","[]","[]","[]","1","[]","[]","[]","[]","vertical","","","",""
"","","","","","horizons-trial","83","2051302","0.0-79.0","","","","","","","10","[44,38,24,30,47,37,45,42,35,29]","[47,39,47,46,28,30,43,43,31,33]","""2023-09-15T15:16:31.626Z""","[1,0,0,0]","1","0","1","40","44","40","44","4","0","0","[""arrowright"",""arrowleft"",""arrowleft"",""arrowleft"",""arrowright"",""arrowright"",""arrowright"",""arrowleft"",""arrowleft"",""arrowleft""]","[1157,456,489,531,3003,2828,409,443,642,6166]","[47,38,24,30,28,30,43,42,35,29]","[47,0,0,0,0,0,0,0,35,0]","[[22.5683,55.9085]]","[]","[]","[]","1","[]","[]","[]","[]","vertical","","","",""
"","","","","","horizons-trial","84","2072059","0.0-80.0","","","","","","","10","[62,67,66,68,66,76,62,64,58,62]","[55,56,67,53,60,64,57,56,63,39]","""2023-09-15T15:16:52.383Z""","[0,0,1,0]","1","0","1","60","59","60","59","1","0","0","[""arrowleft"",""arrowleft"",""arrowright"",""arrowleft"",""arrowleft"",""arrowright"",""arrowright"",""arrowright"",""arrowleft"",""arrowleft""]","[808,637,562,388,3080,804,391,690,385,1272]","[62,67,67,68,66,64,57,56,58,62]","[62,67,67,68,66,0,0,0,0,62]","[[32.2317,64.7401]]","[]","[]","[]","1","[]","[]","[]","[]","vertical","","","",""
"","","","","","horizons-trial","85","2089210","0.0-81.0","","","","","","","10","[60,67,59,56,57,77,53,69,47,49]","[32,43,47,44,40,35,42,31,46,48]","""2023-09-15T15:17:09.535Z""","[1,0,1,1]","1","1","1","40","60","60","40","20","0","0","[""arrowright"",""arrowleft"",""arrowright"",""arrowright"",""arrowleft"",""arrowright"",""arrowleft"",""arrowleft"",""arrowleft"",""arrowleft""]","[1425,362,371,662,1819,1208,460,361,2265,1093]","[32,67,47,44,57,35,53,69,47,49]","[0,67,0,0,57,0,53,69,47,49]","[[83.9779,25.677400000000006]]","[]","[]","[]","1","[]","[]","[]","[]","vertical","","","",""
"","","","","","horizons-trial","86","2098992","0.0-82.0","","","","","","","5","[33,48,37,42,37]","[45,42,55,57,37]","""2023-09-15T15:17:19.317Z""","[1,1,0,0]","0","0","0","40","48","40","48","8","0","0","[""arrowright"",""arrowright"",""arrowleft"",""arrowleft"",""arrowright""]","[902,451,515,634,3254]","[45,42,37,42,37]","[45,0,0,0,37]","[[50,30.4328]]","[]","[]","[]","1","[]","[]","[]","[]","vertical","","","",""
"","","","","","horizons-trial","87","2113270","0.0-83.0","","","","","","","5","[41,33,35,41,48]","[46,41,28,32,46]","""2023-09-15T15:17:33.594Z""","[1,0,1,0]","0","0","0","40","41","40","41","1","0","0","[""arrowright"",""arrowleft"",""arrowright"",""arrowleft"",""arrowleft""]","[718,394,420,481,8375]","[46,33,28,41,48]","[46,0,0,41,48]","[[50,15.487099999999998]]","[]","[]","[]","1","[]","[]","[]","[]","vertical","","","",""
"","","","","","horizons-trial","88","2136438","0.0-84.0","","","","","","","10","[54,51,61,54,62,46,51,39,46,57]","[58,61,56,70,57,55,56,64,64,68]","""2023-09-15T15:17:56.763Z""","[0,0,1,1]","0","1","1","60","52","52","60","8","0","0","[""arrowleft"",""arrowleft"",""arrowright"",""arrowright"",""arrowright"",""arrowleft"",""arrowleft"",""arrowright"",""arrowright"",""arrowright""]","[1031,425,450,435,4366,1838,368,374,2238,1228]","[54,51,56,70,57,46,51,64,64,68]","[0,0,0,70,0,0,0,64,64,68]","[[30.9849,47.7563]]","[]","[]","[]","1","[]","[]","[]","[]","vertical","","","",""
"","","","","","horizons-trial","89","2152471","0.0-85.0","","","","","","","10","[59,62,65,58,52,55,55,60,55,50]","[26,37,44,43,37,38,30,45,45,38]","""2023-09-15T15:18:12.796Z""","[1,0,0,1]","0","0","1","60","40","60","40","20","0","0","[""arrowright"",""arrowleft"",""arrowleft"",""arrowright"",""arrowleft"",""arrowright"",""arrowright"",""arrowleft"",""arrowleft"",""arrowleft""]","[1096,630,632,615,1992,1205,1428,966,602,637]","[26,62,65,43,52,38,30,60,55,50]","[0,62,65,0,52,0,0,60,55,50]","[[74.9379,87.4983]]","[]","[]","[]","1","[]","[]","[]","[]","vertical","","","",""
"","","","","","horizons-trial","90","2173222","0.0-86.0","","","","","","","10","[60,44,53,60,68,67,63,67,53,67]","[47,42,36,42,21,34,36,42,42,45]","""2023-09-15T15:18:33.547Z""","[1,1,0,0]","0","1","1","40","60","60","40","20","0","0","[""arrowright"",""arrowright"",""arrowleft"",""arrowleft"",""arrowleft"",""arrowright"",""arrowright"",""arrowleft"",""arrowright"",""arrowleft""]","[2743,736,806,873,3439,1504,482,518,1958,629]","[47,42,53,60,68,34,36,67,42,67]","[0,0,53,60,68,0,0,67,0,67]","[[45.9476,57.6069]]","[]","[]","[]","1","[]","[]","[]","[]","vertical","","","",""
"","","","","","horizons-trial","91","2184143","0.0-87.0","","","","","","","5","[52,36,76,47,54]","[54,60,53,76,64]","""2023-09-15T15:18:44.467Z""","[0,0,1,1]","0","1","0","60","58","58","60","2","0","0","[""arrowleft"",""arrowleft"",""arrowright"",""arrowright"",""arrowright""]","[1038,498,420,465,2485]","[52,36,53,76,64]","[0,0,0,76,64]","[[50,75.6097]]","[]","[]","[]","1","[]","[]","[]","[]","vertical","","","",""
"","","","","","horizons-trial","92","2215623","0.0-88.0","","","","","","","10","[40,39,42,39,41,41,29,41,47,31]","[37,27,17,40,44,36,48,51,35,34]","""2023-09-15T15:19:15.947Z""","[0,0,1,1]","0","0","1","40","41","40","41","1","0","0","[""arrowleft"",""arrowleft"",""arrowright"",""arrowright"",""arrowleft"",""arrowright"",""arrowright"",""arrowleft"",""arrowleft"",""arrowleft""]","[3464,476,387,457,4274,2334,333,2251,4631,1322]","[40,39,17,40,41,36,48,41,47,31]","[40,39,0,40,0,0,48,0,47,0]","[[64.3393,85.4603]]","[]","[]","[]","1","[]","[]","[]","[]","vertical","","","",""
"","","","","","horizons-trial","93","2247857","0.0-89.0","","","","","","","10","[41,31,28,36,46,38,48,25,35,43]","[42,35,44,48,45,34,40,43,41,43]","""2023-09-15T15:19:48.182Z""","[0,1,0,1]","0","1","1","40","44","44","40","4","0","0","[""arrowleft"",""arrowright"",""arrowleft"",""arrowright"",""arrowright"",""arrowright"",""arrowleft"",""arrowleft"",""arrowleft"",""arrowright""]","[1348,529,602,1605,7207,1874,800,400,4413,4521]","[41,35,28,48,45,34,48,25,35,43]","[0,35,0,48,0,0,48,0,0,43]","[[24.1269,24.998000000000005]]","[]","[]","[]","1","[]","[]","[]","[]","vertical","","","",""
"","","","","","horizons-trial","94","2280286","0.0-90.0","","","","","","","10","[67,43,39,72,69,55,49,64,66,55]","[52,65,52,52,68,51,48,68,48,69]","""2023-09-15T15:20:20.610Z""","[1,0,1,0]","0","1","1","60","58","58","60","2","0","0","[""arrowright"",""arrowleft"",""arrowright"",""arrowleft"",""arrowright"",""arrowleft"",""arrowleft"",""arrowright"",""arrowright"",""arrowright""]","[907,485,448,446,9657,1405,502,466,1398,1706]","[52,43,52,72,68,55,49,68,48,69]","[0,0,52,72,0,55,49,68,0,69]","[[9.78764,11.071299999999994]]","[]","[]","[]","1","[]","[]","[]","[]","vertical","","","",""
"","","","","","horizons-trial","95","2305503","0.0-91.0","","","","","","","10","[58,68,71,71,70,66,65,77,69,83]","[33,32,49,57,44,43,37,33,26,40]","""2023-09-15T15:20:45.828Z""","[0,0,1,1]","0","1","1","40","70","70","40","30","0","0","[""arrowleft"",""arrowleft"",""arrowright"",""arrowright"",""arrowleft"",""arrowright"",""arrowright"",""arrowleft"",""arrowleft"",""arrowleft""]","[1342,538,474,843,2509,2792,371,441,968,716]","[58,68,49,57,70,43,37,77,69,83]","[58,68,0,0,70,0,0,77,69,83]","[[30.9849,44.6992]]","[]","[]","[]","1","[]","[]","[]","[]","vertical","","","",""
"","","","","","horizons-trial","96","2327071","0.0-92.0","","","","","","","5","[62,62,73,66,62]","[45,42,41,39,31]","""2023-09-15T15:21:07.395Z""","[1,0,1,0]","0","1","0","40","60","60","40","20","0","0","[""arrowright"",""arrowleft"",""arrowright"",""arrowleft"",""arrowleft""]","[2903,660,1064,6747,1854]","[45,62,41,66,62]","[0,62,0,66,62]","[[50,93.95218]]","[]","[]","[]","1","[]","[]","[]","[]","vertical","","","",""
"","","","","","horizons-trial","97","2344540","0.0-93.0","","","","","","","5","[41,46,47,47,50]","[54,31,37,35,27]","""2023-09-15T15:21:24.864Z""","[1,0,1,0]","0","1","0","40","52","52","40","12","0","0","[""arrowright"",""arrowleft"",""arrowright"",""arrowleft"",""arrowleft""]","[875,435,521,2786,4212]","[54,46,37,47,50]","[54,46,0,47,50]","[[50,23.979]]","[]","[]","[]","1","[]","[]","[]","[]","vertical","","","",""
"","","","","","horizons-trial","98","2369750","0.0-94.0","","","","","","","10","[47,63,49,46,27,68,30,39,49,39]","[49,45,50,36,43,35,23,34,40,43]","""2023-09-15T15:21:50.075Z""","[1,1,0,0]","0","1","1","40","42","42","40","2","0","0","[""arrowright"",""arrowright"",""arrowleft"",""arrowleft"",""arrowright"",""arrowleft"",""arrowleft"",""arrowright"",""arrowright"",""arrowleft""]","[903,546,509,461,6771,2993,410,476,676,4310]","[49,45,49,46,43,68,30,34,40,39]","[49,0,0,46,43,68,30,0,0,0]","[[6.98212,9.033299999999997]]","[]","[]","[]","1","[]","[]","[]","[]","vertical","","","",""
"","","","","","horizons-trial","99","2383522","0.0-95.0","","","","","","","5","[58,51,27,34,48]","[33,47,46,42,34]","""2023-09-15T15:22:03.847Z""","[1,1,0,1]","1","1","0","40","44","44","40","4","0","0","[""arrowright"",""arrowright"",""arrowleft"",""arrowright"",""arrowright""]","[2700,381,517,537,1768]","[33,47,27,42,34]","[0,0,0,42,0]","[[50,67.1178]]","[]","[]","[]","1","[]","[]","[]","[]","vertical","","","",""
"","","","","","horizons-trial","100","2394505","0.0-96.0","","","","","","","5","[50,47,34,46,32]","[56,77,87,73,74]","""2023-09-15T15:22:14.829Z""","[0,0,1,1]","0","0","0","40","70","40","70","30","0","0","[""arrowleft"",""arrowleft"",""arrowright"",""arrowright"",""arrowright""]","[1070,555,427,475,4377]","[50,47,87,73,74]","[0,0,87,73,74]","[[50,77.6477]]","[]","[]","[]","1","[]","[]","[]","[]","vertical","","","",""
"","","","","","horizons-trial","101","2402735","0.0-97.0","","","","","","","5","[43,45,33,48,36]","[55,67,62,57,68]","""2023-09-15T15:22:23.059Z""","[1,1,0,0]","0","0","0","40","60","40","60","20","0","0","[""arrowright"",""arrowright"",""arrowleft"",""arrowleft"",""arrowright""]","[739,462,453,416,1705]","[55,67,33,48,68]","[55,67,0,0,68]","[[50,44.3595]]","[]","[]","[]","1","[]","[]","[]","[]","vertical","","","",""
"","","","","","horizons-trial","102","2422159","0.0-98.0","","","","","","","5","[57,69,58,57,58]","[56,68,46,69,65]","""2023-09-15T15:22:42.484Z""","[1,1,0,0]","0","0","0","60","58","60","58","2","0","0","[""arrowright"",""arrowright"",""arrowleft"",""arrowleft"",""arrowright""]","[1249,362,457,519,12978]","[56,68,58,57,65]","[0,0,58,0,65]","[[50,24.318700000000007]]","[]","[]","[]","1","[]","[]","[]","[]","vertical","","","",""
"","","","","","horizons-trial","103","2444120","0.0-99.0","","","","","","","10","[28,32,54,46,35,28,39,51,39,43]","[43,38,54,60,54,61,64,54,42,50]","""2023-09-15T15:23:04.444Z""","[0,1,0,0]","1","0","1","40","52","40","52","12","0","0","[""arrowleft"",""arrowright"",""arrowleft"",""arrowleft"",""arrowleft"",""arrowright"",""arrowright"",""arrowright"",""arrowleft"",""arrowright""]","[878,441,495,2015,3094,1057,466,6903,1124,980]","[28,38,54,46,35,61,64,54,39,50]","[0,38,54,0,0,61,64,54,0,50]","[[30.3614,32.13120000000001]]","[]","[]","[]","1","[]","[]","[]","[]","vertical","","","",""
"","","","","","horizons-trial","104","2459932","0.0-100.0","","","","","","","5","[58,60,44,59,51]","[47,66,64,55,56]","""2023-09-15T15:23:20.256Z""","[0,0,0,1]","1","1","0","60","52","52","60","8","0","0","[""arrowleft"",""arrowleft"",""arrowleft"",""arrowright"",""arrowleft""]","[988,1062,1912,575,6339]","[58,60,44,55,51]","[58,0,0,0,0]","[[50,14.1284]]","[]","[]","[]","1","[]","[]","[]","[]","vertical","","","",""
"","","","","","horizons-trial","105","2484338","0.0-101.0","","","","","","","10","[52,56,61,59,52,50,51,52,55,62]","[63,63,53,59,59,53,67,65,78,62]","""2023-09-15T15:23:44.663Z""","[1,1,1,0]","1","1","1","60","56","56","60","4","0","0","[""arrowright"",""arrowright"",""arrowright"",""arrowleft"",""arrowright"",""arrowleft"",""arrowleft"",""arrowleft"",""arrowright"",""arrowright""]","[985,624,703,585,4516,1299,1239,1675,941,2793]","[63,63,53,59,59,50,51,52,78,62]","[63,63,0,59,59,0,0,0,78,62]","[[20.3862,13.788700000000006]]","[]","[]","[]","1","[]","[]","[]","[]","vertical","","","",""
"","","","","","horizons-trial","106","2496119","0.0-102.0","","","","","","","5","[69,63,74,56,68]","[33,36,53,47,29]","""2023-09-15T15:23:56.443Z""","[0,1,1,0]","0","1","0","40","70","70","40","30","0","0","[""arrowleft"",""arrowright"",""arrowright"",""arrowleft"",""arrowleft""]","[886,400,599,1116,4029]","[69,36,53,56,68]","[69,0,0,56,68]","[[50,48.4356]]","[]","[]","[]","1","[]","[]","[]","[]","vertical","","","",""
"","","","","","horizons-trial","107","2509511","0.0-103.0","","","","","","","5","[51,44,27,51,41]","[54,59,58,64,61]","""2023-09-15T15:24:09.835Z""","[0,0,1,1]","0","1","0","60","48","48","60","12","0","0","[""arrowleft"",""arrowleft"",""arrowright"",""arrowright"",""arrowright""]","[1774,538,647,599,5582]","[51,44,58,64,61]","[0,0,58,64,61]","[[50,75.9494]]","[]","[]","[]","1","[]","[]","[]","[]","vertical","","","",""
"","","","","","horizons-trial","108","2523379","0.0-104.0","","","","","","","5","[44,51,35,45,50]","[33,18,31,39,29]","""2023-09-15T15:24:23.704Z""","[0,1,1,0]","0","1","0","40","48","48","40","8","0","0","[""arrowleft"",""arrowright"",""arrowright"",""arrowleft"",""arrowleft""]","[1220,532,1008,619,2529]","[44,18,31,45,50]","[44,0,0,45,50]","[[50,46.3976]]","[]","[]","[]","1","[]","[]","[]","[]","vertical","","","",""
"","","","","","horizons-trial","109","2548277","0.0-105.0","","","","","","","10","[44,52,49,34,23,44,45,45,46,45]","[38,52,37,31,43,49,29,29,31,49]","""2023-09-15T15:24:48.601Z""","[1,0,0,1]","0","1","1","40","41","41","40","1","0","0","[""arrowright"",""arrowleft"",""arrowleft"",""arrowright"",""arrowleft"",""arrowright"",""arrowright"",""arrowleft"",""arrowleft"",""arrowleft""]","[744,498,553,608,2004,1623,4063,2125,2525,3633]","[38,52,49,31,23,49,29,45,46,45]","[0,52,49,0,0,49,0,45,46,0]","[[56.2345,76.9684]]","[]","[]","[]","1","[]","[]","[]","[]","vertical","","","",""
"","","","","","horizons-trial","110","2559092","0.0-106.0","","","","","","","5","[40,49,45,40,41]","[59,47,62,68,53]","""2023-09-15T15:24:59.417Z""","[0,1,0,1]","0","0","0","40","52","40","52","12","0","0","[""arrowleft"",""arrowright"",""arrowleft"",""arrowright"",""arrowright""]","[925,368,424,440,2361]","[40,47,45,68,53]","[0,0,0,68,53]","[[50,69.8352]]","[]","[]","[]","1","[]","[]","[]","[]","vertical","","","",""
"","","","","","horizons-trial","111","2573570","0.0-107.0","","","","","","","5","[50,55,52,52,56]","[59,46,46,59,59]","""2023-09-15T15:25:13.894Z""","[1,0,0,0]","1","0","0","60","58","60","58","2","0","0","[""arrowright"",""arrowleft"",""arrowleft"",""arrowleft"",""arrowright""]","[992,520,1531,1297,3809]","[59,55,52,52,59]","[59,55,52,0,59]","[[50,8.353899999999996]]","[]","[]","[]","1","[]","[]","[]","[]","vertical","","","",""
"","","","","","horizons-trial","112","2608831","0.0-108.0","","","","","","","10","[47,51,57,55,60,41,57,51,54,51]","[63,37,67,60,52,47,55,62,51,51]","""2023-09-15T15:25:49.156Z""","[0,0,0,1]","1","1","1","60","52","52","60","8","0","0","[""arrowleft"",""arrowleft"",""arrowleft"",""arrowright"",""arrowright"",""arrowright"",""arrowright"",""arrowleft"",""arrowleft"",""arrowright""]","[969,611,550,458,15752,2572,903,821,733,3070]","[47,51,57,60,52,47,55,51,54,51]","[0,51,0,60,0,47,0,0,54,51]","[[14.1518,35.867599999999996]]","[]","[]","[]","1","[]","[]","[]","[]","vertical","","","",""
"","","","","","horizons-trial","113","2639139","0.0-109.0","","","","","","","10","[39,63,52,52,35,42,36,53,37,47]","[49,25,30,25,33,56,29,41,26,24]","""2023-09-15T15:26:19.463Z""","[1,0,0,0]","1","1","1","40","44","44","40","4","0","0","[""arrowright"",""arrowleft"",""arrowleft"",""arrowleft"",""arrowleft"",""arrowright"",""arrowright"",""arrowright"",""arrowleft"",""arrowleft""]","[875,407,606,608,4555,3416,401,779,1175,10988]","[49,63,52,52,35,56,29,41,37,47]","[49,63,52,52,35,56,0,0,37,47]","[[28.4911,60.3243]]","[]","[]","[]","1","[]","[]","[]","[]","vertical","","","",""
"","","","","","horizons-trial","114","2648530","0.0-110.0","","","","","","","5","[33,46,36,41,44]","[62,54,60,72,58]","""2023-09-15T15:26:28.854Z""","[1,1,0,0]","0","1","0","60","40","40","60","20","0","0","[""arrowright"",""arrowright"",""arrowleft"",""arrowleft"",""arrowright""]","[1828,512,856,349,1551]","[62,54,36,41,58]","[62,54,0,0,58]","[[50,83.0826]]","[]","[]","[]","1","[]","[]","[]","[]","vertical","","","",""
"","","","","","horizons-trial","115","2657020","0.0-111.0","","","","","","","5","[34,45,33,37,31]","[39,36,25,57,24]","""2023-09-15T15:26:37.344Z""","[1,0,1,0]","0","1","0","40","41","41","40","1","0","0","[""arrowright"",""arrowleft"",""arrowright"",""arrowleft"",""arrowleft""]","[712,401,404,667,2825]","[39,45,25,37,31]","[39,45,0,0,31]","[[50,83.0826]]","[]","[]","[]","1","[]","[]","[]","[]","vertical","","","",""
"","","","","","horizons-trial","116","2670669","0.0-112.0","","","","","","","5","[43,51,53,26,40]","[38,35,32,46,43]","""2023-09-15T15:26:50.993Z""","[1,0,1,1]","1","1","0","40","41","41","40","1","0","0","[""arrowright"",""arrowleft"",""arrowright"",""arrowright"",""arrowleft""]","[787,425,491,976,5278]","[38,51,32,46,40]","[0,51,0,46,0]","[[50,20.5822]]","[]","[]","[]","1","[]","[]","[]","[]","vertical","","","",""
"","","","","","horizons-trial","117","2684644","0.0-113.0","","","","","","","5","[62,56,56,66,58]","[34,27,22,37,19]","""2023-09-15T15:27:04.968Z""","[1,0,0,0]","1","0","0","60","30","60","30","30","0","0","[""arrowright"",""arrowleft"",""arrowleft"",""arrowleft"",""arrowleft""]","[829,385,520,1242,5296]","[34,56,56,66,58]","[0,56,56,66,58]","[[50,58.6259]]","[]","[]","[]","1","[]","[]","[]","[]","vertical","","","",""
"","","","","","horizons-trial","118","2693612","0.0-114.0","","","","","","","5","[68,58,49,65,62]","[21,32,15,35,21]","""2023-09-15T15:27:13.937Z""","[1,0,0,1]","0","0","0","60","30","60","30","30","0","0","[""arrowright"",""arrowleft"",""arrowleft"",""arrowright"",""arrowleft""]","[917,366,492,473,2193]","[21,58,49,35,62]","[0,58,49,0,62]","[[50,68.1368]]","[]","[]","[]","1","[]","[]","[]","[]","vertical","","","",""
"","","","","","horizons-trial","119","2718659","0.0-115.0","","","","","","","10","[32,46,37,39,44,39,32,35,43,49]","[59,52,42,70,63,39,52,61,82,47]","""2023-09-15T15:27:38.983Z""","[0,0,0,1]","1","1","1","60","40","40","60","20","0","0","[""arrowleft"",""arrowleft"",""arrowleft"",""arrowright"",""arrowright"",""arrowright"",""arrowright"",""arrowleft"",""arrowleft"",""arrowright""]","[928,1560,516,494,1980,1347,335,570,456,8329]","[32,46,37,70,63,39,52,35,43,47]","[0,0,0,70,63,39,52,0,0,0]","[[27.8676,24.658299999999997]]","[]","[]","[]","1","[]","[]","[]","[]","vertical","","","",""
"","","","","","horizons-trial","120","2732390","0.0-116.0","","","","","","","5","[35,54,39,26,45]","[35,30,47,52,36]","""2023-09-15T15:27:52.715Z""","[0,1,0,0]","1","1","0","40","42","42","40","2","0","0","[""arrowleft"",""arrowright"",""arrowleft"",""arrowleft"",""arrowleft""]","[1030,688,679,634,3499]","[35,30,39,26,45]","[35,0,0,0,45]","[[50,22.959999999999994]]","[]","[]","[]","1","[]","[]","[]","[]","vertical","","","",""
"","","","","","horizons-trial","121","2745322","0.0-117.0","","","","","","","5","[49,65,53,63,49]","[66,61,47,63,68]","""2023-09-15T15:28:05.646Z""","[1,1,1,0]","1","0","0","60","59","60","59","1","0","0","[""arrowright"",""arrowright"",""arrowright"",""arrowleft"",""arrowright""]","[662,437,567,1200,5792]","[66,61,47,63,68]","[66,0,0,63,68]","[[50,6.995199999999997]]","[]","[]","[]","1","[]","[]","[]","[]","vertical","","","",""
"","","","","","horizons-trial","122","2756596","0.0-118.0","","","","","","","5","[63,52,49,51,52]","[46,40,57,39,47]","""2023-09-15T15:28:16.920Z""","[0,1,1,0]","0","0","0","60","52","60","52","8","0","0","[""arrowleft"",""arrowright"",""arrowright"",""arrowleft"",""arrowleft""]","[735,457,598,605,3480]","[63,40,57,51,52]","[63,0,57,51,52]","[[50,32.810599999999994]]","[]","[]","[]","1","[]","[]","[]","[]","vertical","","","",""
"","","","","","horizons-trial","123","2772863","0.0-119.0","","","","","","","5","[41,53,44,31,38]","[50,18,40,46,30]","""2023-09-15T15:28:33.187Z""","[1,1,0,0]","0","1","0","40","44","44","40","4","0","0","[""arrowright"",""arrowright"",""arrowleft"",""arrowleft"",""arrowleft""]","[716,434,1240,677,4358]","[50,18,44,31,38]","[50,0,44,0,38]","[[50,47.0769]]","[]","[]","[]","1","[]","[]","[]","[]","vertical","","","",""
"","","","","","survey-html-form","124","3666565","0.0-120.0","893691","{""comments"":""I used similar tactics in the 5 and 10 choices.\n\nIn the 5 choices I tried to see whether there was a large difference between the numbers revealed, but where there was only 1 number revealed for one of the bandits, I saw whether there was a huge difference between the numbers of the other bandit and the number revealed. If the difference was great, eg 70 on one side and 35,42,56 on the other, then I risked choosing the bandit with only one number revealed as there was a big difference between the highest number of the other bandit. I also took note of whether the numbers in the same bandit revealed where close to one another or the was a difference, where the numbers in one bandit were of a closer range and the other only had one number revealed but there wasn't a big difference between the highest numbers in both bandits, then I chose the one with more numbers revealed because the other number might be the highest among lower numbers.\n\nFor the 10 choice: I used the same tactic for the 5 choice but then I tried to reveal more info on the bandit that only had 1 number revealed before making my choice on the same principles as for the 5.""}","","","","","","","","","","","","","","","","","","","","","","","","","","","","","","","","","","","","",""
"","","","","","survey-html-form","125","3885031","0.0-121.0","218463","{""comments"":""If 2 numbers have been revealed on each side then compared highest and lowest and I rated higher confidence. Also if only 1 number was revealed on one side and there was a big difference with the highest on the other side then rated higher confidence. Where numbers where of similar value or didn't have enough info on one of the side to assess the possibility then I rated lower confidence.""}","","","","","","","","","","","","","","","","","","","","","","","","","","","","","","","","","","","","",""
"","","","","","survey-html-form","126","4165620","0.0-122.0","280586","{""comments"":""If only one number was revealed on one side by turn 4, then I rated lower confidence as a higher number might have been a fluke. If two numbers have been revealed and had similar values then I rated lower confidence. If two on each side had been revealed and there was a big difference between numbers on either side then rated a higher confidence.""}","","","","","","","","","","","","","","","","","","","","","","","","","","","","","","","","","","","","",""
"","","","","","survey-html-form","127","4377189","0.0-123.0","211565","{""comments"":"" Giving feedback on our tactics was a bit tiring as we had to explain the different situations before explaining our tactics. If would have been easier if there was an example above the box and a question asking us what we would select and why.""}","","","","","","","","","","","","","","","","","","","","","","","","","","","","","","","","","","","","","[{""event"":""fullscreenenter"",""trial"":2,""time"":19972}]"
