"success","timeout","failed_images","failed_audio","failed_video","trial_type","trial_index","time_elapsed","internal_node_id","rt","response","view_history","task","stimulus","question_order","horizon","rewards_L","rewards_R","date","forced_choices","r_info","r_side","r_h","r_mean","r_otherMean","r_mean_L","r_mean_R","r_difference","confidence_immediate_overall","confidence_question_order","key_presses","response_times","outcomes","outcomes_counted_points","confidence","confidence_rt","confidence_2","confidence_2_rt","screen_resolution","belief_confidence_1","belief_confidence_2","belief_confidence_3","belief_confidence_4","immediate_judgement_orientation","phase","responses","num_errors","interactions"
"true","false","[]","[]","[]","preload","0","934","0.0-0.0","","","","","","","","","","","","","","","","","","","","","","","","","","","","","","","","","","","","","","",""
"","","","","","survey-html-form","1","674641","0.0-1.0","673704","{""comments"":"" 63d41c63af65d54621b0d37a""}","","","","","","","","","","","","","","","","","","","","","","","","","","","","","","","","","","","","",""
"true","","","","","fullscreen","2","677508","0.0-2.0","","","","","","","","","","","","","","","","","","","","","","","","","","","","","","","","","","","","","","",""
"","","","","","instructions","3","797868","0.0-3.0","120359","","[{""page_index"":0,""viewing_time"":84932},{""page_index"":1,""viewing_time"":15744},{""page_index"":2,""viewing_time"":5180},{""page_index"":3,""viewing_time"":7684},{""page_index"":4,""viewing_time"":2816},{""page_index"":5,""viewing_time"":4001}]","Consent","","","","","","","","","","","","","","","","","","","","","","","","","","","","","","","","","","",""
"","","","","","html-button-response","4","801381","0.0-4.0","3512","0","","","<p>Declaration of consent for study participation:</p>
            <ul>
                <li> I was informed about the study 'Metacognition in a bandit task', its course, meaning, scope and risks, and I have read and understood the study information.</li>
                <li> I had the opportunity to clarify all open questions. </li>
                <li> I have the right to request further information about the study at any time.</li>
                <li> I voluntarily agree to participate in the study described in the study information provided.</li>
                <li> I have been informed that I may withdraw from this study at any time without incurring any disadvantage.</li>
            </ul>","","","","","","","","","","","","","","","","","","","","","","","","","","","","","","","","","",""
"","","","","","survey-multi-choice","5","817996","0.0-5.0","16613","{""firstDataProtectionQ"":""yes"",""secondDataProtectionQ"":""yes"",""thirdDataProtectionQ"":""yes"",""fourthDataProtectionQ"":""yes""}","","","","[0,1,2,3]","","","","","","","","","","","","","","","","","","","","","","","","","","","","","","","","",""
"","","","","","instructions","6","971645","0.0-6.0-0.0","153645","","[{""page_index"":0,""viewing_time"":3829},{""page_index"":1,""viewing_time"":6046},{""page_index"":2,""viewing_time"":10880},{""page_index"":3,""viewing_time"":23497},{""page_index"":4,""viewing_time"":13580},{""page_index"":5,""viewing_time"":5182},{""page_index"":6,""viewing_time"":6982},{""page_index"":7,""viewing_time"":11548},{""page_index"":8,""viewing_time"":8430},{""page_index"":9,""viewing_time"":13999},{""page_index"":10,""viewing_time"":43038},{""page_index"":11,""viewing_time"":6633}]","","","","","","","","","","","","","","","","","","","","","","","","","","","","","","","","","","","",""
"","","","","","horizons-trial","7","988290","0.0-6.0-1.0","","","","","","","5","[44,57,74,72,62]","[31,33,24,39,29]","""2023-10-26T11:07:33.183Z""","[1,0,1,1]","","","","","","","","","0","","[""arrowright"",""arrowleft"",""arrowright"",""arrowright"",""arrowleft""]","[1037,1081,658,674,1384]","[31,57,24,39,62]","[0,57,0,0,62]","[[85.1391,50]]","[8106]","[]","[]","1","[]","[]","[]","[]","horizontal","practice","","",""
"","","","","","horizons-trial","8","1009795","0.0-6.0-2.0","","","","","","","10","[64,50,57,35,52,38,44,61,39,38]","[70,69,76,71,75,58,81,84,57,61]","""2023-10-26T11:07:54.696Z""","[0,0,1,1]","","","","","","","","","1","","[""arrowleft"",""arrowleft"",""arrowright"",""arrowright"",""arrowright"",""arrowright"",""arrowleft"",""arrowright"",""arrowright"",""arrowright""]","[1081,756,607,553,1920,1607,1816,990,954,841]","[64,50,76,71,75,58,44,84,57,61]","[0,0,76,71,75,58,0,84,57,61]","[[81.2347,99.145497]]","[8002]","[]","[]","1","[]","[]","[]","[]","horizontal","practice","","",""
"","","","","","instructions","9","1030516","0.0-6.0-3.0","20719","","[{""page_index"":0,""viewing_time"":2581},{""page_index"":1,""viewing_time"":9722},{""page_index"":2,""viewing_time"":4167},{""page_index"":3,""viewing_time"":4249}]","","","","","","","","","","","","","","","","","","","","","","","","","","","","","","","","","","","",""
"","","","","","horizons-comprehension","10","1057263","0.0-6.0-4.0","26744.69999998808","","","","","","","","","","","","","","","","","","","","","","","","","","","","","","","","","","","","[""true"",""true"",""true"",""true""]","1",""
"","","","","","instructions","11","1159771","0.0-6.1-0.1","99510","","[{""page_index"":0,""viewing_time"":5548},{""page_index"":1,""viewing_time"":2713},{""page_index"":2,""viewing_time"":3170},{""page_index"":3,""viewing_time"":13463},{""page_index"":4,""viewing_time"":23946},{""page_index"":5,""viewing_time"":3535},{""page_index"":6,""viewing_time"":4694},{""page_index"":7,""viewing_time"":3286},{""page_index"":8,""viewing_time"":2298},{""page_index"":9,""viewing_time"":24210},{""page_index"":10,""viewing_time"":10348},{""page_index"":11,""viewing_time"":2300}]","","","","","","","","","","","","","","","","","","","","","","","","","","","","","","","","","","","",""
"","","","","","horizons-trial","12","1184709","0.0-6.1-1.1","","","","","","","5","[44,57,74,72,62]","[31,33,24,39,29]","""2023-10-26T11:10:49.610Z""","[1,0,1,1]","","","","","","","","","0","","[""arrowright"",""arrowleft"",""arrowright"",""arrowright"",""arrowleft""]","[1152,658,669,626,707]","[31,57,24,39,62]","[0,57,0,0,62]","[[99.6802,50]]","[8909]","[]","[]","1","[]","[]","[]","[]","horizontal","practice","","",""
"","","","","","horizons-trial","13","1218273","0.0-6.1-2.1","","","","","","","10","[64,50,57,35,52,38,44,61,39,38]","[70,69,76,71,75,58,81,84,57,61]","""2023-10-26T11:11:23.174Z""","[0,0,1,1]","","","","","","","","","1","","[""arrowleft"",""arrowleft"",""arrowright"",""arrowright"",""arrowright"",""arrowright"",""arrowright"",""arrowright"",""arrowright"",""arrowright""]","[719,648,508,560,1565,1645,929,581,520,552]","[64,50,76,71,75,58,81,84,57,61]","[0,0,76,71,75,58,81,84,57,61]","[[77.8061,1.3478000000000065]]","[14789]","[]","[]","1","[]","[]","[]","[]","horizontal","practice","","",""
"","","","","","instructions","14","1242526","0.0-6.1-3.1","24251","","[{""page_index"":0,""viewing_time"":2866},{""page_index"":1,""viewing_time"":17376},{""page_index"":2,""viewing_time"":2754},{""page_index"":3,""viewing_time"":1254}]","","","","","","","","","","","","","","","","","","","","","","","","","","","","","","","","","","","",""
"","","","","","horizons-comprehension","15","1275260","0.0-6.1-4.1","32732.5","","","","","","","","","","","","","","","","","","","","","","","","","","","","","","","","","","","","[""true"",""true"",""false"",""true""]","0",""
"","","","","","instructions","16","1277482","0.0-7.0","2219","","[{""page_index"":0,""viewing_time"":2218}]","","","","","","","","","","","","","","","","","","","","","","","","","","","","","","","","","","","",""
"","","","","","horizons-trial","17","1305177","0.0-8.0","","","","","","","10","[54,59,54,64,48,68,56,61,68,66]","[69,62,47,54,41,63,64,29,58,61]","""2023-10-26T11:12:50.078Z""","[0,1,1,1]","1","1","1","60","56","56","60","4","0","0","[""arrowleft"",""arrowright"",""arrowright"",""arrowright"",""arrowleft"",""arrowleft"",""arrowleft"",""arrowright"",""arrowleft"",""arrowleft""]","[1498,647,617,560,2940,2479,2411,1524,767,1273]","[54,62,47,54,48,68,56,29,68,66]","[0,62,0,0,48,68,0,0,68,66]","[[49.6292,1.3478000000000065]]","[11350]","[]","[]","1","[]","[]","[]","[]","horizontal","","","",""
"","","","","","horizons-trial","18","1339495","0.0-9.0","","","","","","","10","[53,61,67,58,55,44,59,63,68,47]","[65,63,56,60,52,46,61,70,53,60]","""2023-10-26T11:13:24.396Z""","[1,0,1,0]","0","1","1","60","56","56","60","4","0","0","[""arrowright"",""arrowleft"",""arrowright"",""arrowleft"",""arrowright"",""arrowright"",""arrowleft"",""arrowright"",""arrowright"",""arrowright""]","[839,430,495,465,2448,3431,1026,1210,917,756]","[65,61,56,58,52,46,59,70,53,60]","[65,0,0,0,0,46,0,70,0,60]","[[0,83.0977]]","[20716]","[]","[]","1","[]","[]","[]","[]","horizontal","","","",""
"","","","","","horizons-trial","19","1356760","0.0-10.0","","","","","","","10","[40,42,42,36,50,35,32,35,37,36]","[43,43,58,48,48,59,55,41,60,45]","""2023-10-26T11:13:41.661Z""","[1,0,0,1]","0","0","1","40","48","40","48","8","0","0","[""arrowright"",""arrowleft"",""arrowleft"",""arrowright"",""arrowleft"",""arrowleft"",""arrowright"",""arrowright"",""arrowleft"",""arrowright""]","[1251,489,483,504,2938,2413,723,792,1056,577]","[43,42,42,48,50,35,55,41,37,45]","[43,0,0,48,50,0,55,41,0,45]","[[0.319766,52.1653]]","[4620]","[]","[]","1","[]","[]","[]","[]","horizontal","","","",""
"","","","","","horizons-trial","20","1377140","0.0-11.0","","","","","","","10","[57,60,60,61,54,47,55,53,62,65]","[22,27,26,32,34,30,39,16,27,18]","""2023-10-26T11:14:02.041Z""","[1,0,0,1]","0","0","1","60","30","60","30","30","0","0","[""arrowright"",""arrowleft"",""arrowleft"",""arrowright"",""arrowleft"",""arrowleft"",""arrowleft"",""arrowleft"",""arrowleft"",""arrowleft""]","[1081,406,506,409,1480,713,1437,673,460,574]","[22,60,60,32,54,47,55,53,62,65]","[0,60,60,0,54,47,55,53,62,65]","[[91.5238,0.9059000000000026]]","[11537]","[]","[]","1","[]","[]","[]","[]","horizontal","","","",""
"","","","","","horizons-trial","21","1449806","0.0-12.0","","","","","","","5","[51,69,53,69,62]","[58,59,51,67,71]","""2023-10-26T11:15:14.706Z""","[0,0,1,1]","0","1","0","60","56","56","60","4","0","0","[""arrowleft"",""arrowleft"",""arrowright"",""arrowright"",""arrowleft""]","[1090,482,417,559,3398]","[51,69,51,67,62]","[0,69,0,0,0]","[[76.6797,50]]","[47572]","[]","[]","1","[]","[]","[]","[]","horizontal","","","",""
"","","","","","horizons-trial","22","1459503","0.0-13.0","","","","","","","5","[56,71,65,61,53]","[33,37,35,29,45]","""2023-10-26T11:15:24.404Z""","[0,1,0,0]","1","0","0","60","40","60","40","20","0","0","[""arrowleft"",""arrowright"",""arrowleft"",""arrowleft"",""arrowleft""]","[713,506,578,485,1817]","[56,37,65,61,53]","[56,0,65,61,53]","[[77.3304,50]]","[3715]","[]","[]","1","[]","[]","[]","[]","horizontal","","","",""
"","","","","","horizons-trial","23","1471498","0.0-14.0","","","","","","","5","[44,57,67,58,54]","[52,67,64,44,44]","""2023-10-26T11:15:36.399Z""","[0,0,1,0]","1","0","0","60","56","60","56","4","0","0","[""arrowleft"",""arrowleft"",""arrowright"",""arrowleft"",""arrowright""]","[937,521,435,714,2179]","[44,57,64,58,44]","[0,0,0,58,0]","[[70.8232,50]]","[3396]","[]","[]","1","[]","[]","[]","[]","horizontal","","","",""
"","","","","","horizons-trial","24","1491298","0.0-15.0","","","","","","","10","[70,56,57,66,61,52,62,52,57,62]","[60,37,50,61,51,41,47,46,35,44]","""2023-10-26T11:15:56.199Z""","[1,0,0,0]","1","0","1","60","48","60","48","12","0","0","[""arrowright"",""arrowleft"",""arrowleft"",""arrowleft"",""arrowright"",""arrowleft"",""arrowright"",""arrowleft"",""arrowleft"",""arrowleft""]","[820,650,412,502,2282,2989,634,568,604,664]","[60,56,57,66,51,52,47,52,57,62]","[0,56,57,66,0,52,0,52,57,62]","[[0.219615,50.3165]]","[8097]","[]","[]","1","[]","[]","[]","[]","horizontal","","","",""
"","","","","","horizons-trial","25","1503678","0.0-16.0","","","","","","","10","[67,48,70,58,64,49,66,60,49,62]","[33,44,42,57,45,25,35,18,35,45]","""2023-10-26T11:16:08.579Z""","[0,1,1,0]","0","1","1","40","60","60","40","20","0","0","[""arrowleft"",""arrowright"",""arrowright"",""arrowleft"",""arrowleft"",""arrowleft"",""arrowleft"",""arrowleft"",""arrowleft"",""arrowleft""]","[814,391,556,438,2087,695,531,550,527,564]","[67,44,42,58,64,49,66,60,49,62]","[67,0,0,58,64,49,66,60,49,62]","[[0.219615,96.25193]]","[4110]","[]","[]","1","[]","[]","[]","[]","horizontal","","","",""
"","","","","","horizons-trial","26","1520096","0.0-17.0","","","","","","","10","[45,44,68,50,41,51,42,34,30,28]","[46,31,36,42,37,53,53,40,37,66]","""2023-10-26T11:16:24.996Z""","[0,1,0,0]","1","0","1","40","41","40","41","1","0","0","[""arrowleft"",""arrowright"",""arrowleft"",""arrowleft"",""arrowleft"",""arrowleft"",""arrowright"",""arrowright"",""arrowleft"",""arrowleft""]","[932,371,346,462,3076,1030,646,948,737,541]","[45,31,68,50,41,51,53,40,30,28]","[0,0,68,50,41,0,53,40,0,0]","[[0,77.4437]]","[5028]","[]","[]","1","[]","[]","[]","[]","horizontal","","","",""
"","","","","","horizons-trial","27","1532751","0.0-18.0","","","","","","","5","[56,56,53,52,66]","[69,38,41,47,32]","""2023-10-26T11:16:37.651Z""","[0,1,1,1]","1","0","0","60","48","60","48","12","0","0","[""arrowleft"",""arrowright"",""arrowright"",""arrowright"",""arrowleft""]","[709,365,485,642,1547]","[56,38,41,47,66]","[0,0,0,0,66]","[[66.9188,50]]","[3130]","[]","[]","1","[]","[]","[]","[]","horizontal","","","",""
"","","","","","horizons-trial","28","1551051","0.0-19.0","","","","","","","10","[53,51,45,61,57,60,56,48,52,65]","[70,64,63,59,63,64,47,52,46,70]","""2023-10-26T11:16:55.952Z""","[1,1,1,0]","1","1","1","60","59","59","60","1","0","0","[""arrowright"",""arrowright"",""arrowright"",""arrowleft"",""arrowright"",""arrowright"",""arrowright"",""arrowright"",""arrowright"",""arrowright""]","[1499,352,395,466,2655,859,622,767,617,701]","[70,64,63,61,63,64,47,52,46,70]","[70,64,63,61,63,64,0,52,0,70]","[[0,86.4861]]","[6862]","[]","[]","1","[]","[]","[]","[]","horizontal","","","",""
"","","","","","horizons-trial","29","1560301","0.0-20.0","","","","","","","5","[71,54,54,62,49]","[29,31,34,21,28]","""2023-10-26T11:17:05.201Z""","[0,1,0,1]","0","0","0","60","30","60","30","30","0","0","[""arrowleft"",""arrowright"",""arrowleft"",""arrowright"",""arrowleft""]","[687,561,495,488,1483]","[71,31,54,21,49]","[71,0,54,0,49]","[[90.3449,50]]","[3407]","[]","[]","1","[]","[]","[]","[]","horizontal","","","",""
"","","","","","horizons-trial","30","1574684","0.0-21.0","","","","","","","5","[42,52,54,49,54]","[50,32,43,53,28]","""2023-10-26T11:17:19.585Z""","[1,1,0,1]","1","1","0","40","48","48","40","8","0","0","[""arrowright"",""arrowright"",""arrowleft"",""arrowright"",""arrowleft""]","[677,492,433,423,3562]","[50,32,54,53,54]","[50,0,54,53,54]","[[40.2391,50]]","[5302]","[]","[]","1","[]","[]","[]","[]","horizontal","","","",""
"","","","","","horizons-trial","31","1586614","0.0-22.0","","","","","","","5","[48,68,58,68,64]","[48,57,64,64,54]","""2023-10-26T11:17:31.515Z""","[0,1,1,0]","0","0","0","60","56","60","56","4","0","0","[""arrowleft"",""arrowright"",""arrowright"",""arrowleft"",""arrowleft""]","[938,374,406,359,4781]","[48,57,64,68,64]","[48,0,64,68,64]","[[31.4544,50]]","[3128]","[]","[]","1","[]","[]","[]","[]","horizontal","","","",""
"","","","","","horizons-trial","32","1596816","0.0-23.0","","","","","","","5","[47,29,31,32,43]","[53,69,65,65,57]","""2023-10-26T11:17:41.717Z""","[0,0,1,0]","1","0","0","40","60","40","60","20","0","0","[""arrowleft"",""arrowleft"",""arrowright"",""arrowleft"",""arrowright""]","[670,438,399,399,1796]","[47,29,65,32,57]","[0,0,65,0,57]","[[89.6942,50]]","[5078]","[]","[]","1","[]","[]","[]","[]","horizontal","","","",""
"","","","","","horizons-trial","33","1613106","0.0-24.0","","","","","","","10","[53,67,46,61,65,67,65,63,54,60]","[31,35,21,34,31,58,43,42,26,46]","""2023-10-26T11:17:58.007Z""","[0,1,1,1]","1","1","1","40","60","60","40","20","0","0","[""arrowleft"",""arrowright"",""arrowright"",""arrowright"",""arrowleft"",""arrowleft"",""arrowleft"",""arrowleft"",""arrowleft"",""arrowleft""]","[559,414,376,513,2191,795,599,589,551,599]","[53,35,21,34,65,67,65,63,54,60]","[53,0,0,0,65,67,65,63,54,60]","[[0,89.3797]]","[7691]","[]","[]","1","[]","[]","[]","[]","horizontal","","","",""
"","","","","","horizons-trial","34","1627880","0.0-25.0","","","","","","","10","[51,64,66,44,55,57,57,51,62,67]","[42,45,40,46,44,45,37,42,42,54]","""2023-10-26T11:18:12.781Z""","[1,1,0,0]","0","0","1","60","48","60","48","12","0","0","[""arrowright"",""arrowright"",""arrowleft"",""arrowleft"",""arrowleft"",""arrowright"",""arrowleft"",""arrowleft"",""arrowleft"",""arrowleft""]","[657,543,412,503,3035,1708,510,554,558,564]","[42,45,66,44,55,45,57,51,62,67]","[0,0,66,0,55,0,57,51,62,67]","[[0,56.827]]","[2786]","[]","[]","1","[]","[]","[]","[]","horizontal","","","",""
"","","","","","horizons-trial","35","1647055","0.0-26.0","","","","","","","10","[51,45,37,54,53,54,60,51,50,59]","[38,35,31,35,29,48,43,38,53,31]","""2023-10-26T11:18:31.956Z""","[1,0,0,0]","1","1","1","40","48","48","40","8","0","0","[""arrowright"",""arrowleft"",""arrowleft"",""arrowleft"",""arrowleft"",""arrowleft"",""arrowright"",""arrowleft"",""arrowleft"",""arrowleft""]","[802,487,609,1119,5018,970,2448,537,463,480]","[38,45,37,54,53,54,43,51,50,59]","[0,45,37,54,53,54,0,51,0,59]","[[0,45.2527]]","[5299]","[]","[]","1","[]","[]","[]","[]","horizontal","","","",""
"","","","","","horizons-trial","36","1658718","0.0-27.0","","","","","","","10","[59,63,60,71,62,53,69,62,68,57]","[50,50,63,61,56,46,53,53,55,57]","""2023-10-26T11:18:43.619Z""","[1,1,0,0]","0","0","1","60","56","60","56","4","0","0","[""arrowright"",""arrowright"",""arrowleft"",""arrowleft"",""arrowleft"",""arrowleft"",""arrowleft"",""arrowleft"",""arrowleft"",""arrowleft""]","[1548,530,433,444,1465,530,667,872,448,389]","[50,50,60,71,62,53,69,62,68,57]","[0,0,0,71,62,53,69,62,68,57]","[[0.219615,71.6566]]","[3115]","[]","[]","1","[]","[]","[]","[]","horizontal","","","",""
"","","","","","horizons-trial","37","1670377","0.0-28.0","","","","","","","5","[55,65,59,56,62]","[62,54,67,51,64]","""2023-10-26T11:18:55.277Z""","[0,0,1,0]","1","1","0","60","56","56","60","4","0","0","[""arrowleft"",""arrowleft"",""arrowright"",""arrowleft"",""arrowright""]","[747,443,401,422,3667]","[55,65,67,56,64]","[0,65,67,56,64]","[[59.7609,50]]","[4707]","[]","[]","1","[]","[]","[]","[]","horizontal","","","",""
"","","","","","horizons-trial","38","1685429","0.0-29.0","","","","","","","5","[68,53,69,61,65]","[72,55,57,59,67]","""2023-10-26T11:19:10.330Z""","[1,1,1,0]","1","0","0","60","59","60","59","1","0","0","[""arrowright"",""arrowright"",""arrowright"",""arrowleft"",""arrowright""]","[621,432,409,508,3557]","[72,55,57,61,67]","[72,55,0,61,67]","[[33.0812,50]]","[7292]","[]","[]","1","[]","[]","[]","[]","horizontal","","","",""
"","","","","","horizons-trial","39","1699049","0.0-30.0","","","","","","","10","[75,54,69,47,57,55,59,65,68,60]","[50,57,57,61,65,71,55,61,65,58]","""2023-10-26T11:19:23.950Z""","[0,1,1,0]","0","1","1","60","59","59","60","1","0","0","[""arrowleft"",""arrowright"",""arrowright"",""arrowleft"",""arrowright"",""arrowleft"",""arrowright"",""arrowright"",""arrowright"",""arrowright""]","[633,446,433,394,471,2788,822,606,557,513]","[75,57,57,47,65,55,55,61,65,58]","[75,57,0,0,65,0,0,0,0,0]","[[0,65.8694]]","[4961]","[]","[]","1","[]","[]","[]","[]","horizontal","","","",""
"","","","","","horizons-trial","40","1715618","0.0-31.0","","","","","","","5","[56,63,52,68,71]","[56,66,73,57,58]","""2023-10-26T11:19:40.518Z""","[1,0,0,1]","0","1","0","60","59","59","60","1","0","0","[""arrowright"",""arrowleft"",""arrowleft"",""arrowright"",""arrowleft""]","[792,450,591,943,5350]","[56,63,52,57,71]","[56,0,0,0,71]","[[70.4978,50]]","[2925]","[]","[]","1","[]","[]","[]","[]","horizontal","","","",""
"","","","","","horizons-trial","41","1727267","0.0-32.0","","","","","","","10","[21,52,30,48,42,33,43,33,42,50]","[30,54,45,44,40,49,47,24,33,27]","""2023-10-26T11:19:52.168Z""","[1,0,1,0]","0","0","1","40","44","40","44","4","0","0","[""arrowright"",""arrowleft"",""arrowright"",""arrowleft"",""arrowleft"",""arrowleft"",""arrowleft"",""arrowleft"",""arrowleft"",""arrowright""]","[734,380,393,357,1885,1038,1383,465,409,783]","[30,52,45,48,42,33,43,33,42,27]","[30,0,45,48,42,0,0,33,42,0]","[[0,92.99666]]","[2725]","[]","[]","1","[]","[]","[]","[]","horizontal","","","",""
"","","","","","horizons-trial","42","1739070","0.0-33.0","","","","","","","10","[41,40,40,47,39,25,33,45,37,41]","[63,62,54,46,51,62,53,52,44,49]","""2023-10-26T11:20:03.970Z""","[0,0,1,0]","1","0","1","40","52","40","52","12","0","0","[""arrowleft"",""arrowleft"",""arrowright"",""arrowleft"",""arrowright"",""arrowleft"",""arrowright"",""arrowright"",""arrowright"",""arrowright""]","[1404,427,606,536,1563,1075,496,580,471,581]","[41,40,54,47,51,25,53,52,44,49]","[0,0,54,47,51,0,53,52,44,49]","[[0,92.99666]]","[2091]","[]","[]","1","[]","[]","[]","[]","horizontal","","","",""
"","","","","","horizons-trial","43","1750779","0.0-34.0","","","","","","","5","[33,36,36,55,45]","[28,37,44,39,36]","""2023-10-26T11:20:15.680Z""","[1,0,0,0]","1","0","0","40","41","40","41","1","0","0","[""arrowright"",""arrowleft"",""arrowleft"",""arrowleft"",""arrowleft""]","[851,399,534,672,3101]","[28,36,36,55,45]","[0,0,0,55,45]","[[65.292,50]]","[4028]","[]","[]","1","[]","[]","[]","[]","horizontal","","","",""
"","","","","","horizons-trial","44","1764688","0.0-35.0","","","","","","","10","[38,41,43,48,43,37,40,41,42,37]","[48,43,45,47,48,33,45,60,48,40]","""2023-10-26T11:20:29.588Z""","[0,0,0,1]","1","0","1","40","48","40","48","8","0","0","[""arrowleft"",""arrowleft"",""arrowleft"",""arrowright"",""arrowright"",""arrowleft"",""arrowright"",""arrowright"",""arrowright"",""arrowright""]","[792,472,407,456,2135,2309,518,527,516,491]","[38,41,43,47,48,37,45,60,48,40]","[0,0,0,0,48,37,45,60,48,40]","[[0,73.82679999999999]]","[3096]","[]","[]","1","[]","[]","[]","[]","horizontal","","","",""
"","","","","","horizons-trial","45","1772748","0.0-36.0","","","","","","","5","[45,53,56,61,70]","[44,33,29,30,38]","""2023-10-26T11:20:37.648Z""","[0,0,1,1]","0","1","0","40","60","60","40","20","0","0","[""arrowleft"",""arrowleft"",""arrowright"",""arrowright"",""arrowleft""]","[713,446,459,634,1927]","[45,53,29,30,70]","[45,53,0,0,70]","[[77.005,50]]","[2367]","[]","[]","1","[]","[]","[]","[]","horizontal","","","",""
"","","","","","horizons-trial","46","1781849","0.0-37.0","","","","","","","5","[42,58,23,37,32]","[56,35,44,49,30]","""2023-10-26T11:20:46.750Z""","[0,0,0,1]","1","0","0","40","42","40","42","2","0","0","[""arrowleft"",""arrowleft"",""arrowleft"",""arrowright"",""arrowright""]","[667,361,600,836,3060]","[42,58,23,49,30]","[0,58,0,49,0]","[[66.5935,50]]","[2176]","[]","[]","1","[]","[]","[]","[]","horizontal","","","",""
"","","","","","horizons-trial","47","1789137","0.0-38.0","","","","","","","5","[42,32,36,41,40]","[48,40,46,52,49]","""2023-10-26T11:20:54.038Z""","[1,0,1,1]","1","0","0","40","44","40","44","4","0","0","[""arrowright"",""arrowleft"",""arrowright"",""arrowright"",""arrowright""]","[673,337,368,373,1865]","[48,32,46,52,49]","[48,0,46,52,49]","[[87.742,50]]","[2433]","[]","[]","1","[]","[]","[]","[]","horizontal","","","",""
"","","","","","horizons-trial","48","1796717","0.0-39.0","","","","","","","5","[62,48,48,47,40]","[54,53,53,68,55]","""2023-10-26T11:21:01.617Z""","[1,1,1,0]","1","1","0","60","48","48","60","12","0","0","[""arrowright"",""arrowright"",""arrowright"",""arrowleft"",""arrowright""]","[675,357,379,485,1619]","[54,53,53,47,55]","[0,53,53,0,55]","[[95.5507,50]]","[2876]","[]","[]","1","[]","[]","[]","[]","horizontal","","","",""
"","","","","","horizons-trial","49","1817163","0.0-40.0","","","","","","","10","[66,57,62,47,58,56,62,50,53,54]","[36,49,51,39,34,41,46,41,34,43]","""2023-10-26T11:21:22.064Z""","[0,1,0,1]","0","0","1","60","40","60","40","20","0","0","[""arrowleft"",""arrowright"",""arrowleft"",""arrowright"",""arrowleft"",""arrowleft"",""arrowleft"",""arrowleft"",""arrowleft"",""arrowleft""]","[691,358,416,407,1579,1427,1921,435,402,443]","[66,49,62,39,58,56,62,50,53,54]","[66,0,62,0,58,56,62,50,53,54]","[[91.6463,0.4024000000000001]]","[11142]","[]","[]","1","[]","[]","[]","[]","horizontal","","","",""
"","","","","","horizons-trial","50","1837322","0.0-41.0","","","","","","","10","[58,59,57,58,61,61,70,77,66,69]","[71,58,65,50,67,46,58,56,61,60]","""2023-10-26T11:21:42.222Z""","[0,1,1,0]","0","0","1","60","59","60","59","1","0","0","[""arrowleft"",""arrowright"",""arrowright"",""arrowleft"",""arrowright"",""arrowright"",""arrowright"",""arrowright"",""arrowright"",""arrowright""]","[602,537,435,593,2138,1183,643,512,604,637]","[58,58,65,58,67,46,58,56,61,60]","[0,0,65,58,67,0,0,0,0,0]","[[0.544977,93.72005]]","[10823]","[]","[]","1","[]","[]","[]","[]","horizontal","","","",""
"","","","","","horizons-trial","51","1853631","0.0-42.0","","","","","","","10","[48,74,55,45,71,55,60,56,37,57]","[59,66,58,53,63,58,55,68,61,56]","""2023-10-26T11:21:58.532Z""","[0,0,0,1]","1","0","1","60","56","60","56","4","0","0","[""arrowleft"",""arrowleft"",""arrowleft"",""arrowright"",""arrowright"",""arrowleft"",""arrowright"",""arrowleft"",""arrowright"",""arrowleft""]","[1775,476,435,623,2960,1266,1057,764,592,666]","[48,74,55,53,63,55,55,56,61,57]","[0,74,0,53,0,0,0,0,61,57]","[[0,68.03960000000001]]","[4203]","[]","[]","1","[]","[]","[]","[]","horizontal","","","",""
"","","","","","horizons-trial","52","1867863","0.0-43.0","","","","","","","10","[32,52,52,36,38,38,32,50,40,27]","[47,42,39,56,32,40,49,49,43,57]","""2023-10-26T11:22:12.764Z""","[1,1,0,0]","0","1","1","40","41","41","40","1","0","0","[""arrowright"",""arrowright"",""arrowleft"",""arrowleft"",""arrowright"",""arrowleft"",""arrowleft"",""arrowleft"",""arrowright"",""arrowleft""]","[720,623,633,481,2744,3021,897,455,484,492]","[47,42,52,36,32,38,32,50,43,27]","[47,0,52,0,0,0,0,50,43,0]","[[0,57.9121]]","[2736]","[]","[]","1","[]","[]","[]","[]","horizontal","","","",""
"","","","","","horizons-trial","53","1886232","0.0-44.0","","","","","","","5","[49,47,62,51,59]","[52,41,29,41,43]","""2023-10-26T11:22:31.132Z""","[1,0,0,0]","1","1","0","40","52","52","40","12","0","0","[""arrowright"",""arrowleft"",""arrowleft"",""arrowleft"",""arrowleft""]","[837,342,437,722,5040]","[52,47,62,51,59]","[52,47,62,51,59]","[[62.0384,50]]","[6673]","[]","[]","1","[]","[]","[]","[]","horizontal","","","",""
"","","","","","horizons-trial","54","1893928","0.0-45.0","","","","","","","5","[56,48,51,44,53]","[35,45,44,54,33]","""2023-10-26T11:22:38.829Z""","[0,0,1,0]","1","1","0","40","44","44","40","4","0","0","[""arrowleft"",""arrowleft"",""arrowright"",""arrowleft"",""arrowleft""]","[588,384,390,418,2006]","[56,48,44,44,53]","[56,48,0,0,53]","[[78.6318,50]]","[2984]","[]","[]","1","[]","[]","[]","[]","horizontal","","","",""
"","","","","","horizons-trial","55","1904820","0.0-46.0","","","","","","","5","[64,62,57,52,66]","[59,60,58,63,55]","""2023-10-26T11:22:49.721Z""","[1,1,0,0]","0","0","0","60","59","60","59","1","0","0","[""arrowright"",""arrowright"",""arrowleft"",""arrowleft"",""arrowright""]","[978,996,471,580,2437]","[59,60,57,52,55]","[0,0,0,0,0]","[[78.6318,50]]","[1929]","[]","[]","1","[]","[]","[]","[]","horizontal","","","",""
"","","","","","horizons-trial","56","1917422","0.0-47.0","","","","","","","10","[48,65,51,64,43,53,37,73,67,46]","[45,54,25,40,43,46,53,48,52,47]","""2023-10-26T11:23:02.323Z""","[0,1,1,0]","0","0","1","60","52","60","52","8","0","0","[""arrowleft"",""arrowright"",""arrowright"",""arrowleft"",""arrowleft"",""arrowleft"",""arrowright"",""arrowleft"",""arrowleft"",""arrowleft""]","[665,511,419,395,2000,937,770,609,800,640]","[48,54,25,64,43,53,53,73,67,46]","[48,0,0,64,43,53,53,73,67,0]","[[0,91.91157]]","[3546]","[]","[]","1","[]","[]","[]","[]","horizontal","","","",""
"","","","","","horizons-trial","57","1929700","0.0-48.0","","","","","","","10","[73,54,58,40,61,53,67,50,61,45]","[52,57,59,53,69,47,51,72,57,55]","""2023-10-26T11:23:14.600Z""","[0,0,1,0]","1","0","1","60","59","60","59","1","0","0","[""arrowleft"",""arrowleft"",""arrowright"",""arrowleft"",""arrowright"",""arrowleft"",""arrowright"",""arrowright"",""arrowright"",""arrowright""]","[1149,448,498,361,2643,1361,616,583,622,613]","[73,54,59,40,69,53,51,72,57,55]","[73,0,59,0,69,53,0,72,0,55]","[[0,91.91157]]","[2117]","[]","[]","1","[]","[]","[]","[]","horizontal","","","",""
"","","","","","horizons-trial","58","1940659","0.0-49.0","","","","","","","10","[64,66,67,70,53,65,71,59,66,52]","[56,60,58,67,62,64,50,73,63,58]","""2023-10-26T11:23:25.560Z""","[1,1,1,0]","1","0","1","60","58","60","58","2","0","0","[""arrowright"",""arrowright"",""arrowright"",""arrowleft"",""arrowleft"",""arrowleft"",""arrowleft"",""arrowleft"",""arrowleft"",""arrowleft""]","[825,611,370,468,1781,719,1531,531,637,485]","[56,60,58,70,53,65,71,59,66,52]","[0,0,0,70,0,65,71,0,66,0]","[[0,91.91157]]","[1951]","[]","[]","1","[]","[]","[]","[]","horizontal","","","",""
"","","","","","horizons-trial","59","1950315","0.0-50.0","","","","","","","5","[37,43,56,39,40]","[42,29,44,31,42]","""2023-10-26T11:23:35.216Z""","[1,1,0,1]","1","1","0","40","41","41","40","1","0","0","[""arrowright"",""arrowright"",""arrowleft"",""arrowright"",""arrowleft""]","[676,385,463,484,1555]","[42,29,56,31,40]","[42,0,56,0,0]","[[77.3304,50]]","[4400]","[]","[]","1","[]","[]","[]","[]","horizontal","","","",""
"","","","","","horizons-trial","60","1976149","0.0-51.0","","","","","","","10","[28,25,46,37,38,31,46,36,47,51]","[64,66,66,60,71,68,65,64,65,50]","""2023-10-26T11:24:01.050Z""","[1,1,0,1]","1","0","1","40","70","40","70","30","0","0","[""arrowright"",""arrowright"",""arrowleft"",""arrowright"",""arrowright"",""arrowright"",""arrowright"",""arrowright"",""arrowright"",""arrowright""]","[633,434,498,384,1348,1612,513,416,374,386]","[64,66,46,60,71,68,65,64,65,50]","[64,66,0,60,71,68,65,64,65,0]","[[0,92.27327]]","[18392]","[]","[]","1","[]","[]","[]","[]","horizontal","","","",""
"","","","","","horizons-trial","61","1984008","0.0-52.0","","","","","","","5","[39,32,52,49,39]","[42,36,34,41,36]","""2023-10-26T11:24:08.909Z""","[0,1,1,0]","0","1","0","40","42","42","40","2","0","0","[""arrowleft"",""arrowright"",""arrowright"",""arrowleft"",""arrowleft""]","[606,330,359,330,2102]","[39,36,34,49,39]","[0,36,0,49,39]","[[76.6797,50]]","[3007]","[]","[]","1","[]","[]","[]","[]","horizontal","","","",""
"","","","","","horizons-trial","62","1991369","0.0-53.0","","","","","","","5","[66,55,57,72,51]","[47,49,68,48,47]","""2023-10-26T11:24:16.270Z""","[1,1,1,0]","1","0","0","60","52","60","52","8","0","0","[""arrowright"",""arrowright"",""arrowright"",""arrowleft"",""arrowleft""]","[622,362,345,487,1231]","[47,49,68,72,51]","[0,0,68,72,51]","[[91.9717,50]]","[3202]","[]","[]","1","[]","[]","[]","[]","horizontal","","","",""
"","","","","","horizons-trial","63","1998730","0.0-54.0","","","","","","","5","[47,46,34,44,39]","[42,56,57,45,49]","""2023-10-26T11:24:23.630Z""","[0,1,1,0]","0","0","0","40","52","40","52","12","0","0","[""arrowleft"",""arrowright"",""arrowright"",""arrowleft"",""arrowright""]","[951,361,416,387,1184]","[47,56,57,44,49]","[47,56,57,0,49]","[[96.8521,50]]","[2883]","[]","[]","1","[]","[]","[]","[]","horizontal","","","",""
"","","","","","horizons-trial","64","2013277","0.0-55.0","","","","","","","10","[31,44,51,53,44,59,56,36,46,56]","[72,71,60,57,45,58,57,72,41,71]","""2023-10-26T11:24:38.178Z""","[0,0,1,1]","0","1","1","60","48","48","60","12","0","0","[""arrowleft"",""arrowleft"",""arrowright"",""arrowright"",""arrowright"",""arrowright"",""arrowright"",""arrowright"",""arrowright"",""arrowright""]","[706,407,448,464,1478,791,582,392,556,525]","[31,44,60,57,45,58,57,72,41,71]","[0,0,60,57,45,0,57,72,0,71]","[[94.5746,0.7640999999999991]]","[7314]","[]","[]","1","[]","[]","[]","[]","horizontal","","","",""
"","","","","","horizons-trial","65","2021507","0.0-56.0","","","","","","","5","[59,64,61,53,58]","[41,62,39,51,54]","""2023-10-26T11:24:46.407Z""","[1,0,0,1]","0","0","0","60","52","60","52","8","0","0","[""arrowright"",""arrowleft"",""arrowleft"",""arrowright"",""arrowleft""]","[656,367,390,388,1629]","[41,64,61,51,58]","[0,64,61,0,58]","[[97.8282,50]]","[2988]","[]","[]","1","[]","[]","[]","[]","horizontal","","","",""
"","","","","","horizons-trial","66","2028032","0.0-57.0","","","","","","","5","[45,43,28,1,24]","[75,62,55,56,56]","""2023-10-26T11:24:52.933Z""","[1,0,0,1]","0","1","0","60","30","30","60","30","0","0","[""arrowright"",""arrowleft"",""arrowleft"",""arrowright"",""arrowright""]","[609,398,421,421,1060]","[75,43,28,56,56]","[75,0,0,56,56]","[[99.455,50]]","[2566]","[]","[]","1","[]","[]","[]","[]","horizontal","","","",""
"","","","","","horizons-trial","67","2033977","0.0-58.0","","","","","","","5","[30,45,40,59,43]","[73,60,78,85,71]","""2023-10-26T11:24:58.878Z""","[0,1,0,1]","0","0","0","40","70","40","70","30","0","0","[""arrowleft"",""arrowright"",""arrowleft"",""arrowright"",""arrowright""]","[615,395,360,405,985]","[30,60,40,85,71]","[0,60,0,85,71]","[[99.455,50]]","[2032]","[]","[]","1","[]","[]","[]","[]","horizontal","","","",""
"","","","","","horizons-trial","68","2040389","0.0-59.0","","","","","","","5","[38,25,34,45,43]","[69,64,58,60,50]","""2023-10-26T11:25:05.290Z""","[0,0,1,1]","0","1","0","60","40","40","60","20","0","0","[""arrowleft"",""arrowleft"",""arrowright"",""arrowright"",""arrowright""]","[654,369,422,510,1375]","[38,25,58,60,50]","[0,0,58,60,50]","[[99.455,50]]","[1348]","[]","[]","1","[]","[]","[]","[]","horizontal","","","",""
"","","","","","horizons-trial","69","2052850","0.0-60.0","","","","","","","10","[40,36,49,32,59,63,42,54,41,37]","[37,39,38,37,41,35,35,49,59,40]","""2023-10-26T11:25:17.751Z""","[0,1,1,0]","0","1","1","40","44","44","40","4","0","0","[""arrowleft"",""arrowright"",""arrowright"",""arrowleft"",""arrowright"",""arrowleft"",""arrowleft"",""arrowleft"",""arrowleft"",""arrowleft""]","[604,386,460,420,2205,925,747,574,479,526]","[40,39,38,32,41,63,42,54,41,37]","[40,39,0,0,0,63,42,54,0,0]","[[0.544977,55.0185]]","[4210]","[]","[]","1","[]","[]","[]","[]","horizontal","","","",""
"","","","","","horizons-trial","70","2061019","0.0-61.0","","","","","","","5","[35,45,34,42,31]","[55,58,52,52,48]","""2023-10-26T11:25:25.920Z""","[0,1,1,0]","0","0","0","40","44","40","44","4","0","0","[""arrowleft"",""arrowright"",""arrowright"",""arrowleft"",""arrowright""]","[1277,371,466,422,1447]","[35,58,52,42,48]","[0,58,52,0,48]","[[98.4789,50]]","[3221]","[]","[]","1","[]","[]","[]","[]","horizontal","","","",""
"","","","","","horizons-trial","71","2067331","0.0-62.0","","","","","","","5","[37,53,53,49,51]","[50,70,46,44,53]","""2023-10-26T11:25:32.232Z""","[1,0,1,0]","0","1","0","60","48","48","60","12","0","0","[""arrowright"",""arrowleft"",""arrowright"",""arrowleft"",""arrowleft""]","[680,385,392,392,1786]","[50,53,46,49,51]","[50,0,0,49,0]","[[98.4789,50]]","[1367]","[]","[]","1","[]","[]","[]","[]","horizontal","","","",""
"","","","","","horizons-trial","72","2074607","0.0-63.0","","","","","","","5","[50,52,52,38,46]","[34,39,42,26,33]","""2023-10-26T11:25:39.508Z""","[1,0,1,0]","0","1","0","40","44","44","40","4","0","0","[""arrowright"",""arrowleft"",""arrowright"",""arrowleft"",""arrowleft""]","[510,358,419,420,1993]","[34,52,42,38,46]","[0,52,0,38,46]","[[96.5268,50]]","[2712]","[]","[]","1","[]","[]","[]","[]","horizontal","","","",""
"","","","","","horizons-trial","73","2080371","0.0-64.0","","","","","","","5","[63,74,53,54,63]","[30,38,31,39,35]","""2023-10-26T11:25:45.271Z""","[1,1,1,0]","1","0","0","60","30","60","30","30","0","0","[""arrowright"",""arrowright"",""arrowright"",""arrowleft"",""arrowleft""]","[529,447,566,406,1220]","[30,38,31,54,63]","[0,0,0,54,63]","[[96.5268,50]]","[1420]","[]","[]","1","[]","[]","[]","[]","horizontal","","","",""
"","","","","","horizons-trial","74","2086941","0.0-65.0","","","","","","","5","[73,45,63,70,71]","[38,39,43,34,42]","""2023-10-26T11:25:51.841Z""","[1,1,0,1]","1","1","0","40","60","60","40","20","0","0","[""arrowright"",""arrowright"",""arrowleft"",""arrowright"",""arrowleft""]","[594,422,522,529,956]","[38,39,63,34,71]","[0,0,63,0,71]","[[96.5268,50]]","[1141]","[]","[]","1","[]","[]","[]","[]","horizontal","","","",""
"","","","","","horizons-trial","75","2096837","0.0-66.0","","","","","","","10","[51,69,65,47,74,48,58,64,68,68]","[48,35,46,39,35,38,30,51,40,32]","""2023-10-26T11:26:01.738Z""","[0,1,1,1]","1","0","1","60","40","60","40","20","0","0","[""arrowleft"",""arrowright"",""arrowright"",""arrowright"",""arrowleft"",""arrowleft"",""arrowleft"",""arrowleft"",""arrowleft"",""arrowleft""]","[596,431,438,530,1322,883,451,409,386,440]","[51,35,46,39,74,48,58,64,68,68]","[51,0,0,0,74,48,58,64,68,68]","[[0,94.08175]]","[3050]","[]","[]","1","[]","[]","[]","[]","horizontal","","","",""
"","","","","","horizons-trial","76","2105709","0.0-67.0","","","","","","","5","[56,56,55,63,65]","[53,67,65,68,64]","""2023-10-26T11:26:10.610Z""","[0,1,1,1]","1","1","0","60","59","59","60","1","0","0","[""arrowleft"",""arrowright"",""arrowright"",""arrowright"",""arrowright""]","[956,501,457,1508,1118]","[56,67,65,68,64]","[56,67,65,68,0]","[[96.8521,50]]","[2718]","[]","[]","1","[]","[]","[]","[]","horizontal","","","",""
"","","","","","horizons-trial","77","2112209","0.0-68.0","","","","","","","5","[66,70,70,68,61]","[61,49,67,55,59]","""2023-10-26T11:26:17.110Z""","[0,0,1,1]","0","0","0","60","58","60","58","2","0","0","[""arrowleft"",""arrowleft"",""arrowright"",""arrowright"",""arrowleft""]","[818,390,784,559,1275]","[66,70,67,55,61]","[66,70,0,0,61]","[[96.8521,50]]","[1581]","[]","[]","1","[]","[]","[]","[]","horizontal","","","",""
"","","","","","horizons-trial","78","2119858","0.0-69.0","","","","","","","5","[56,57,49,55,50]","[76,59,60,47,55]","""2023-10-26T11:26:24.759Z""","[0,0,1,1]","0","1","0","60","52","52","60","8","0","0","[""arrowleft"",""arrowleft"",""arrowright"",""arrowright"",""arrowleft""]","[585,335,401,516,2500]","[56,57,60,47,50]","[0,0,60,0,0]","[[96.8521,50]]","[1266]","[]","[]","1","[]","[]","[]","[]","horizontal","","","",""
"","","","","","horizons-trial","79","2126535","0.0-70.0","","","","","","","5","[62,58,63,58,54]","[66,52,60,43,50]","""2023-10-26T11:26:31.436Z""","[0,0,1,1]","0","0","0","60","48","60","48","12","0","0","[""arrowleft"",""arrowleft"",""arrowright"",""arrowright"",""arrowleft""]","[875,495,362,585,1626]","[62,58,60,43,54]","[0,58,0,0,54]","[[96.8521,50]]","[1446]","[]","[]","1","[]","[]","[]","[]","horizontal","","","",""
"","","","","","horizons-trial","80","2139224","0.0-71.0","","","","","","","10","[65,59,61,72,63,68,63,61,61,63]","[52,42,59,66,63,52,62,68,67,56]","""2023-10-26T11:26:44.125Z""","[1,0,0,1]","0","1","1","60","58","58","60","2","0","0","[""arrowright"",""arrowleft"",""arrowleft"",""arrowright"",""arrowleft"",""arrowleft"",""arrowright"",""arrowleft"",""arrowright"",""arrowright""]","[673,426,472,454,2835,675,517,688,656,680]","[52,59,61,66,63,68,62,61,67,56]","[0,59,61,0,63,68,0,0,67,0]","[[0.544977,57.5504]]","[3168]","[]","[]","1","[]","[]","[]","[]","horizontal","","","",""
"","","","","","horizons-trial","81","2146066","0.0-72.0","","","","","","","5","[47,37,38,39,45]","[58,66,28,58,53]","""2023-10-26T11:26:50.967Z""","[0,1,1,0]","0","0","0","40","60","40","60","20","0","0","[""arrowleft"",""arrowright"",""arrowright"",""arrowleft"",""arrowright""]","[894,397,369,429,1590]","[47,66,28,39,53]","[0,66,0,0,53]","[[81.2347,50]]","[2155]","[]","[]","1","[]","[]","[]","[]","horizontal","","","",""
"","","","","","horizons-trial","82","2151600","0.0-73.0","","","","","","","5","[27,54,33,39,43]","[36,53,45,32,32]","""2023-10-26T11:26:56.501Z""","[1,0,0,1]","0","0","0","40","42","40","42","2","0","0","[""arrowright"",""arrowleft"",""arrowleft"",""arrowright"",""arrowleft""]","[775,356,449,381,1474]","[36,54,33,32,43]","[36,54,0,0,43]","[[81.2347,50]]","[1016]","[]","[]","1","[]","[]","[]","[]","horizontal","","","",""
"","","","","","horizons-trial","83","2158425","0.0-74.0","","","","","","","5","[26,29,24,38,34]","[48,61,58,67,61]","""2023-10-26T11:27:03.326Z""","[0,1,1,1]","1","1","0","60","30","30","60","30","0","0","[""arrowleft"",""arrowright"",""arrowright"",""arrowright"",""arrowright""]","[541,392,374,625,1185]","[26,61,58,67,61]","[0,61,58,67,61]","[[99.1297,50]]","[2663]","[]","[]","1","[]","[]","[]","[]","horizontal","","","",""
"","","","","","horizons-trial","84","2186221","0.0-75.0","","","","","","","10","[51,55,68,54,65,47,56,64,53,57]","[58,61,62,53,45,52,54,65,53,56]","""2023-10-26T11:27:31.121Z""","[1,1,1,0]","1","0","1","60","52","60","52","8","0","0","[""arrowright"",""arrowright"",""arrowright"",""arrowleft"",""arrowright"",""arrowleft"",""arrowright"",""arrowright"",""arrowright"",""arrowright""]","[16911,607,395,457,1809,750,656,573,480,470]","[58,61,62,54,45,47,54,65,53,56]","[58,61,0,54,0,0,0,65,53,0]","[[0.219615,57.9121]]","[3604]","[]","[]","1","[]","[]","[]","[]","horizontal","","","",""
"","","","","","horizons-trial","85","2204362","0.0-76.0","","","","","","","10","[44,61,50,38,50,53,42,40,42,45]","[64,68,62,59,56,64,57,60,64,66]","""2023-10-26T11:27:49.263Z""","[0,1,0,1]","0","1","1","60","52","52","60","8","0","0","[""arrowleft"",""arrowright"",""arrowleft"",""arrowright"",""arrowright"",""arrowright"",""arrowright"",""arrowright"",""arrowright"",""arrowright""]","[753,625,418,455,1595,572,1177,573,509,461]","[44,68,50,59,56,64,57,60,64,66]","[0,68,0,59,56,64,57,60,64,66]","[[0,87.9329]]","[9914]","[]","[]","1","[]","[]","[]","[]","horizontal","","","",""
"","","","","","horizons-trial","86","2218612","0.0-77.0","","","","","","","10","[38,47,32,40,38,33,33,33,47,21]","[41,42,42,33,45,42,25,36,41,41]","""2023-10-26T11:28:03.513Z""","[1,0,0,0]","1","0","1","40","42","40","42","2","0","0","[""arrowright"",""arrowleft"",""arrowleft"",""arrowleft"",""arrowright"",""arrowright"",""arrowleft"",""arrowright"",""arrowright"",""arrowleft""]","[569,398,369,451,2483,2626,682,768,659,733]","[41,47,32,40,45,42,33,36,41,21]","[41,47,0,40,45,42,33,36,0,0]","[[0.544977,62.9759]]","[3500]","[]","[]","1","[]","[]","[]","[]","horizontal","","","",""
"","","","","","horizons-trial","87","2227492","0.0-78.0","","","","","","","5","[62,48,63,61,58]","[62,61,73,77,67]","""2023-10-26T11:28:12.393Z""","[0,1,1,1]","1","1","0","60","58","58","60","2","0","0","[""arrowleft"",""arrowright"",""arrowright"",""arrowright"",""arrowright""]","[808,414,373,1045,959]","[62,61,73,77,67]","[62,61,73,77,67]","[[97.8282,50]]","[4133]","[]","[]","1","[]","[]","[]","[]","horizontal","","","",""
"","","","","","horizons-trial","88","2233072","0.0-79.0","","","","","","","5","[47,41,34,46,33]","[55,74,61,67,52]","""2023-10-26T11:28:17.973Z""","[1,1,1,0]","1","0","0","40","70","40","70","30","0","0","[""arrowright"",""arrowright"",""arrowright"",""arrowleft"",""arrowright""]","[566,388,488,424,1368]","[55,74,61,46,52]","[55,74,61,0,52]","[[97.8282,50]]","[1007]","[]","[]","1","[]","[]","[]","[]","horizontal","","","",""
"","","","","","horizons-trial","89","2239622","0.0-80.0","","","","","","","5","[54,48,44,33,39]","[55,36,32,41,42]","""2023-10-26T11:28:24.523Z""","[0,1,0,0]","1","1","0","40","42","42","40","2","0","0","[""arrowleft"",""arrowright"",""arrowleft"",""arrowleft"",""arrowleft""]","[921,432,415,469,2057]","[54,36,44,33,39]","[0,0,44,0,0]","[[97.8282,50]]","[1147]","[]","[]","1","[]","[]","[]","[]","horizontal","","","",""
"","","","","","horizons-trial","90","2245840","0.0-81.0","","","","","","","5","[77,64,78,68,67]","[58,40,38,40,42]","""2023-10-26T11:28:30.740Z""","[0,1,1,0]","0","1","0","40","70","70","40","30","0","0","[""arrowleft"",""arrowright"",""arrowright"",""arrowleft"",""arrowleft""]","[490,419,459,404,1252]","[77,40,38,68,67]","[77,0,0,68,67]","[[97.8282,50]]","[2147]","[]","[]","1","[]","[]","[]","[]","horizontal","","","",""
"","","","","","horizons-trial","91","2256166","0.0-82.0","","","","","","","10","[30,37,15,30,35,28,23,20,26,16]","[54,65,58,58,58,65,74,66,49,66]","""2023-10-26T11:28:41.067Z""","[1,0,0,1]","0","1","1","60","30","30","60","30","0","0","[""arrowright"",""arrowleft"",""arrowleft"",""arrowright"",""arrowright"",""arrowright"",""arrowright"",""arrowright"",""arrowright"",""arrowright""]","[502,413,433,471,1544,730,486,359,342,384]","[54,37,15,58,58,65,74,66,49,66]","[54,0,0,58,58,65,74,66,49,66]","[[0.219615,83.9543]]","[3573]","[]","[]","1","[]","[]","[]","[]","horizontal","","","",""
"","","","","","horizons-trial","92","2271775","0.0-83.0","","","","","","","10","[25,26,43,40,36,39,31,42,37,29]","[38,36,59,28,40,26,38,39,47,56]","""2023-10-26T11:28:56.676Z""","[1,0,1,0]","0","0","1","40","42","40","42","2","0","0","[""arrowright"",""arrowleft"",""arrowright"",""arrowleft"",""arrowright"",""arrowright"",""arrowleft"",""arrowright"",""arrowright"",""arrowright""]","[492,363,373,375,1888,1484,522,697,507,506]","[38,26,59,40,40,26,31,39,47,56]","[38,0,59,40,40,0,0,0,47,56]","[[0,94.44344]]","[6928]","[]","[]","1","[]","[]","[]","[]","horizontal","","","",""
"","","","","","horizons-trial","93","2303600","0.0-84.0","","","","","","","10","[45,45,50,53,58,52,46,50,54,45]","[41,41,47,37,35,32,49,43,45,36]","""2023-10-26T11:29:28.501Z""","[0,1,1,0]","0","1","1","40","52","52","40","12","0","0","[""arrowleft"",""arrowright"",""arrowright"",""arrowleft"",""arrowleft"",""arrowleft"",""arrowright"",""arrowleft"",""arrowleft"",""arrowleft""]","[18167,407,390,439,1836,671,696,461,426,397]","[45,41,47,53,58,52,49,50,54,45]","[45,0,0,53,58,52,49,50,54,45]","[[51.6268,0.4024000000000001]]","[7108]","[]","[]","1","[]","[]","[]","[]","horizontal","","","",""
"","","","","","horizons-trial","94","2323637","0.0-85.0","","","","","","","10","[48,46,23,49,43,55,36,48,36,41]","[73,80,77,70,70,65,76,65,65,82]","""2023-10-26T11:29:48.537Z""","[0,0,1,1]","0","0","1","40","70","40","70","30","0","0","[""arrowleft"",""arrowleft"",""arrowright"",""arrowright"",""arrowright"",""arrowright"",""arrowright"",""arrowright"",""arrowright"",""arrowright""]","[605,355,450,593,677,858,2272,382,335,360]","[48,46,77,70,70,65,76,65,65,82]","[0,0,77,70,70,65,76,65,65,82]","[[98.1536,1.1257999999999981]]","[12114]","[]","[]","1","[]","[]","[]","[]","horizontal","","","",""
"","","","","","horizons-trial","95","2330468","0.0-86.0","","","","","","","5","[66,48,76,66,61]","[69,49,56,50,58]","""2023-10-26T11:29:55.369Z""","[1,1,0,1]","1","0","0","60","58","60","58","2","0","0","[""arrowright"",""arrowright"",""arrowleft"",""arrowright"",""arrowleft""]","[678,458,429,435,1546]","[69,49,76,50,61]","[69,49,76,0,61]","[[98.1536,50]]","[2186]","[]","[]","1","[]","[]","[]","[]","horizontal","","","",""
"","","","","","horizons-trial","96","2356385","0.0-87.0","","","","","","","10","[30,43,39,45,39,36,36,40,50,24]","[54,56,55,45,63,55,48,47,51,35]","""2023-10-26T11:30:21.286Z""","[0,1,1,0]","0","0","1","40","52","40","52","12","0","0","[""arrowleft"",""arrowright"",""arrowright"",""arrowleft"",""arrowright"",""arrowright"",""arrowright"",""arrowright"",""arrowright"",""arrowright""]","[623,425,394,442,1589,2515,429,289,313,304]","[30,56,55,45,63,55,48,47,51,35]","[0,56,55,45,63,55,48,47,51,35]","[[0,88.2946]]","[17797]","[]","[]","1","[]","[]","[]","[]","horizontal","","","",""
"","","","","","horizons-trial","97","2364669","0.0-88.0","","","","","","","10","[39,35,35,48,36,42,25,32,44,35]","[68,51,60,50,56,57,54,48,65,59]","""2023-10-26T11:30:29.570Z""","[1,0,1,1]","1","0","1","40","60","40","60","20","0","0","[""arrowright"",""arrowleft"",""arrowright"",""arrowright"",""arrowright"",""arrowright"",""arrowright"",""arrowright"",""arrowright"",""arrowright""]","[664,380,384,354,1315,618,455,302,281,300]","[68,35,60,50,56,57,54,48,65,59]","[68,0,60,50,56,57,54,48,65,59]","[[0,88.2946]]","[2277]","[]","[]","1","[]","[]","[]","[]","horizontal","","","",""
"","","","","","horizons-trial","98","2381070","0.0-89.0","","","","","","","10","[67,73,70,77,58,44,67,57,54,61]","[35,37,45,47,37,45,34,50,42,40]","""2023-10-26T11:30:45.970Z""","[0,0,1,1]","0","1","1","40","70","70","40","30","0","0","[""arrowleft"",""arrowleft"",""arrowright"",""arrowright"",""arrowleft"",""arrowleft"",""arrowleft"",""arrowleft"",""arrowleft"",""arrowleft""]","[548,373,411,541,1195,1101,294,240,245,226]","[67,73,45,47,58,44,67,57,54,61]","[67,73,0,0,58,0,67,57,54,61]","[[1.84643,92.99666]]","[10365]","[]","[]","1","[]","[]","[]","[]","horizontal","","","",""
"","","","","","horizons-trial","99","2390988","0.0-90.0","","","","","","","5","[52,57,49,47,50]","[37,58,43,30,43]","""2023-10-26T11:30:55.889Z""","[1,1,0,0]","0","1","0","40","52","52","40","12","0","0","[""arrowright"",""arrowright"",""arrowleft"",""arrowleft"",""arrowleft""]","[492,425,343,462,1708]","[37,58,49,47,50]","[0,58,49,47,50]","[[59.7609,50]]","[5262]","[]","[]","1","[]","[]","[]","[]","horizontal","","","",""
"","","","","","horizons-trial","100","2400744","0.0-91.0","","","","","","","10","[55,60,54,74,45,59,46,67,67,54]","[39,37,47,60,53,73,64,46,68,53]","""2023-10-26T11:31:05.644Z""","[1,1,0,0]","0","0","1","60","58","60","58","2","0","0","[""arrowright"",""arrowright"",""arrowleft"",""arrowleft"",""arrowleft"",""arrowleft"",""arrowleft"",""arrowleft"",""arrowleft"",""arrowleft""]","[503,369,368,379,1060,1425,446,302,346,438]","[39,37,54,74,45,59,46,67,67,54]","[0,0,54,74,0,0,0,67,0,54]","[[1.84643,96.61362]]","[3405]","[]","[]","1","[]","[]","[]","[]","horizontal","","","",""
"","","","","","horizons-trial","101","2410512","0.0-92.0","","","","","","","10","[30,44,29,33,24,44,39,27,40,47]","[52,41,48,45,47,23,36,43,60,50]","""2023-10-26T11:31:15.412Z""","[0,0,1,0]","1","0","1","40","44","40","44","4","0","0","[""arrowleft"",""arrowleft"",""arrowright"",""arrowleft"",""arrowright"",""arrowright"",""arrowright"",""arrowright"",""arrowright"",""arrowright""]","[601,410,468,467,1492,843,497,328,325,387]","[30,44,48,33,47,23,36,43,60,50]","[0,44,48,0,47,0,0,43,60,50]","[[0.219615,96.61362]]","[2883]","[]","[]","1","[]","[]","[]","[]","horizontal","","","",""
"","","","","","horizons-trial","102","2419201","0.0-93.0","","","","","","","10","[44,47,49,30,35,36,35,45,47,34]","[41,41,25,16,50,42,29,29,21,37]","""2023-10-26T11:31:24.102Z""","[1,1,0,1]","1","1","1","40","44","44","40","4","0","0","[""arrowright"",""arrowright"",""arrowleft"",""arrowright"",""arrowleft"",""arrowleft"",""arrowleft"",""arrowright"",""arrowleft"",""arrowleft""]","[622,368,365,377,1910,701,355,554,905,488]","[41,41,49,16,35,36,35,29,47,34]","[0,0,49,0,0,0,35,0,47,0]","[[0.219615,96.61362]]","[1334]","[]","[]","1","[]","[]","[]","[]","horizontal","","","",""
"","","","","","horizons-trial","103","2425566","0.0-94.0","","","","","","","10","[74,70,85,74,73,54,70,81,76,68]","[20,40,52,44,36,43,41,34,35,31]","""2023-10-26T11:31:30.467Z""","[0,0,0,1]","1","1","1","40","70","70","40","30","0","0","[""arrowleft"",""arrowleft"",""arrowleft"",""arrowright"",""arrowleft"",""arrowleft"",""arrowleft"",""arrowleft"",""arrowleft"",""arrowleft""]","[652,381,329,450,1030,484,287,271,230,287]","[74,70,85,44,73,54,70,81,76,68]","[74,70,85,0,73,54,70,81,76,68]","[[0.219615,96.61362]]","[1173]","[]","[]","1","[]","[]","[]","[]","horizontal","","","",""
"","","","","","horizons-trial","104","2432258","0.0-95.0","","","","","","","5","[42,54,34,50,35]","[42,48,43,52,59]","""2023-10-26T11:31:37.159Z""","[1,0,1,0]","0","0","0","40","48","40","48","8","0","0","[""arrowright"",""arrowleft"",""arrowright"",""arrowleft"",""arrowleft""]","[658,355,370,340,980]","[42,54,43,50,35]","[42,54,43,0,0]","[[91.9717,50]]","[2831]","[]","[]","1","[]","[]","[]","[]","horizontal","","","",""
"","","","","","horizons-trial","105","2443441","0.0-96.0","","","","","","","10","[57,56,52,46,51,51,62,52,50,53]","[47,62,58,58,71,55,69,67,53,43]","""2023-10-26T11:31:48.342Z""","[1,1,1,0]","1","1","1","60","52","52","60","8","0","0","[""arrowright"",""arrowright"",""arrowright"",""arrowleft"",""arrowright"",""arrowright"",""arrowright"",""arrowright"",""arrowright"",""arrowright""]","[786,395,324,526,1705,893,623,315,360,470]","[47,62,58,46,71,55,69,67,53,43]","[0,62,58,0,71,55,69,67,53,0]","[[1.52106,96.61362]]","[4029]","[]","[]","1","[]","[]","[]","[]","horizontal","","","",""
"","","","","","horizons-trial","106","2450221","0.0-97.0","","","","","","","10","[37,56,57,48,57,63,50,48,48,47]","[68,54,69,73,50,69,65,58,54,61]","""2023-10-26T11:31:55.122Z""","[1,1,1,0]","1","1","1","60","48","48","60","12","0","0","[""arrowright"",""arrowright"",""arrowright"",""arrowleft"",""arrowright"",""arrowright"",""arrowright"",""arrowright"",""arrowright"",""arrowright""]","[598,359,500,408,1293,415,289,226,249,240]","[68,54,69,48,50,69,65,58,54,61]","[68,0,69,0,0,69,65,58,54,61]","[[1.52106,96.61362]]","[1527]","[]","[]","1","[]","[]","[]","[]","horizontal","","","",""
"","","","","","horizons-trial","107","2457262","0.0-98.0","","","","","","","5","[71,68,63,80,74]","[36,40,37,35,42]","""2023-10-26T11:32:02.162Z""","[0,1,0,0]","1","1","0","40","70","70","40","30","0","0","[""arrowleft"",""arrowright"",""arrowleft"",""arrowleft"",""arrowleft""]","[572,344,368,645,1097]","[71,40,63,80,74]","[71,0,63,80,74]","[[96.8521,50]]","[2978]","[]","[]","1","[]","[]","[]","[]","horizontal","","","",""
"","","","","","horizons-trial","108","2462586","0.0-99.0","","","","","","","5","[29,45,38,38,30]","[71,65,59,54,60]","""2023-10-26T11:32:07.487Z""","[1,0,1,1]","1","1","0","60","40","40","60","20","0","0","[""arrowright"",""arrowleft"",""arrowright"",""arrowright"",""arrowright""]","[525,350,323,370,1674]","[71,45,59,54,60]","[71,0,59,54,60]","[[96.8521,50]]","[1279]","[]","[]","1","[]","[]","[]","[]","horizontal","","","",""
"","","","","","horizons-trial","109","2471920","0.0-100.0","","","","","","","10","[59,62,65,74,71,50,70,59,53,60]","[29,43,30,33,21,32,18,20,24,35]","""2023-10-26T11:32:16.820Z""","[1,1,0,1]","1","0","1","60","30","60","30","30","0","0","[""arrowright"",""arrowright"",""arrowleft"",""arrowright"",""arrowleft"",""arrowleft"",""arrowleft"",""arrowleft"",""arrowleft"",""arrowleft""]","[527,365,375,376,1203,514,455,365,344,402]","[29,43,65,33,71,50,70,59,53,60]","[0,0,65,0,71,50,70,59,53,60]","[[1.84643,96.97532]]","[3616]","[]","[]","1","[]","[]","[]","[]","horizontal","","","",""
"","","","","","horizons-trial","110","2478264","0.0-101.0","","","","","","","5","[45,44,41,49,51]","[38,56,45,48,29]","""2023-10-26T11:32:23.164Z""","[1,0,1,0]","0","1","0","40","48","48","40","8","0","0","[""arrowright"",""arrowleft"",""arrowright"",""arrowleft"",""arrowleft""]","[590,372,299,388,1149]","[38,44,45,49,51]","[0,0,45,49,51]","[[95.5507,50]]","[2621]","[]","[]","1","[]","[]","[]","[]","horizontal","","","",""
"","","","","","horizons-trial","111","2494309","0.0-102.0","","","","","","","10","[43,36,53,32,55,31,25,34,47,37]","[41,35,53,43,49,37,39,40,36,30]","""2023-10-26T11:32:39.210Z""","[0,1,1,1]","1","1","1","40","42","42","40","2","0","0","[""arrowleft"",""arrowright"",""arrowright"",""arrowright"",""arrowleft"",""arrowleft"",""arrowleft"",""arrowright"",""arrowright"",""arrowright""]","[486,415,388,693,2249,4689,871,678,519,430]","[43,35,53,43,55,31,25,40,36,30]","[43,0,53,43,55,0,0,40,0,0]","[[0.544977,57.5504]]","[3871]","[]","[]","1","[]","[]","[]","[]","horizontal","","","",""
"","","","","","horizons-trial","112","2504535","0.0-103.0","","","","","","","10","[51,41,30,42,43,63,25,47,48,56]","[68,68,59,51,54,65,65,52,58,53]","""2023-10-26T11:32:49.436Z""","[1,0,1,0]","0","1","1","60","40","40","60","20","0","0","[""arrowright"",""arrowleft"",""arrowright"",""arrowleft"",""arrowright"",""arrowright"",""arrowright"",""arrowright"",""arrowright"",""arrowright""]","[508,483,374,401,1222,984,633,432,337,364]","[68,41,59,42,54,65,65,52,58,53]","[68,0,59,0,54,65,65,52,58,0]","[[0.219615,94.08175]]","[3660]","[]","[]","1","[]","[]","[]","[]","horizontal","","","",""
"","","","","","horizons-trial","113","2512222","0.0-104.0","","","","","","","5","[45,71,46,59,67]","[49,58,62,78,58]","""2023-10-26T11:32:57.123Z""","[1,0,1,0]","0","1","0","60","58","58","60","2","0","0","[""arrowright"",""arrowleft"",""arrowright"",""arrowleft"",""arrowleft""]","[466,303,343,562,1863]","[49,71,62,59,67]","[49,71,62,0,67]","[[87.4166,50]]","[3292]","[]","[]","1","[]","[]","[]","[]","horizontal","","","",""
"","","","","","horizons-trial","114","2519036","0.0-105.0","","","","","","","5","[53,50,65,61,58]","[51,29,42,26,37]","""2023-10-26T11:33:03.937Z""","[1,0,0,1]","0","0","0","60","40","60","40","20","0","0","[""arrowright"",""arrowleft"",""arrowleft"",""arrowright"",""arrowleft""]","[601,336,397,618,1145]","[51,50,65,26,58]","[0,50,65,0,58]","[[99.455,50]]","[2583]","[]","[]","1","[]","[]","[]","[]","horizontal","","","",""
"","","","","","horizons-trial","115","2524089","0.0-106.0","","","","","","","5","[45,48,47,39,22]","[45,49,48,59,48]","""2023-10-26T11:33:08.989Z""","[1,1,1,0]","1","0","0","40","48","40","48","8","0","0","[""arrowright"",""arrowright"",""arrowright"",""arrowleft"",""arrowright""]","[529,356,433,555,778]","[45,49,48,39,48]","[45,49,48,0,48]","[[99.455,50]]","[1160]","[]","[]","1","[]","[]","[]","[]","horizontal","","","",""
"","","","","","horizons-trial","116","2533433","0.0-107.0","","","","","","","10","[34,37,48,45,32,24,34,26,34,40]","[54,52,67,62,55,60,54,62,50,57]","""2023-10-26T11:33:18.334Z""","[1,1,0,0]","0","0","1","40","60","40","60","20","0","0","[""arrowright"",""arrowright"",""arrowleft"",""arrowleft"",""arrowright"",""arrowright"",""arrowright"",""arrowright"",""arrowright"",""arrowright""]","[639,366,367,446,1421,639,381,215,369,285]","[54,52,48,45,55,60,54,62,50,57]","[54,52,0,0,55,60,54,62,50,57]","[[1.52106,95.89023]]","[3371]","[]","[]","1","[]","[]","[]","[]","horizontal","","","",""
"","","","","","horizons-trial","117","2541939","0.0-108.0","","","","","","","5","[46,42,20,45,44]","[44,52,48,36,46]","""2023-10-26T11:33:26.839Z""","[0,0,1,1]","0","0","0","40","41","40","41","1","0","0","[""arrowleft"",""arrowleft"",""arrowright"",""arrowright"",""arrowleft""]","[668,337,350,484,1213]","[46,42,48,36,44]","[46,0,48,0,0]","[[82.5362,50]]","[4503]","[]","[]","1","[]","[]","[]","[]","horizontal","","","",""
"","","","","","horizons-trial","118","2550136","0.0-109.0","","","","","","","5","[35,39,28,31,25]","[46,39,45,42,55]","""2023-10-26T11:33:35.037Z""","[1,1,0,0]","0","1","0","40","41","41","40","1","0","0","[""arrowright"",""arrowright"",""arrowleft"",""arrowleft"",""arrowright""]","[520,726,385,430,2107]","[46,39,28,31,55]","[46,39,0,0,55]","[[97.5028,50]]","[2384]","[]","[]","1","[]","[]","[]","[]","horizontal","","","",""
"","","","","","horizons-trial","119","2558083","0.0-110.0","","","","","","","10","[13,29,24,32,43,43,34,30,25,28]","[69,56,75,58,59,59,59,63,67,68]","""2023-10-26T11:33:42.984Z""","[0,0,1,0]","1","1","1","60","30","30","60","30","0","0","[""arrowleft"",""arrowleft"",""arrowright"",""arrowleft"",""arrowright"",""arrowright"",""arrowright"",""arrowright"",""arrowright"",""arrowright""]","[544,328,443,392,1114,582,326,246,206,147]","[13,29,75,32,59,59,59,63,67,68]","[0,0,75,0,59,59,59,63,67,68]","[[0.870339,98.06041]]","[2960]","[]","[]","1","[]","[]","[]","[]","horizontal","","","",""
"","","","","","horizons-trial","120","2565782","0.0-111.0","","","","","","","10","[50,44,47,52,49,59,34,56,51,57]","[39,46,45,39,38,37,30,34,39,42]","""2023-10-26T11:33:50.683Z""","[0,1,0,0]","1","1","1","40","52","52","40","12","0","0","[""arrowleft"",""arrowright"",""arrowleft"",""arrowleft"",""arrowleft"",""arrowleft"",""arrowleft"",""arrowleft"",""arrowleft"",""arrowleft""]","[574,378,335,410,1236,484,312,260,261,239]","[50,46,47,52,49,59,34,56,51,57]","[50,46,47,52,49,59,34,56,51,57]","[[0.870339,98.06041]]","[2229]","[]","[]","1","[]","[]","[]","[]","horizontal","","","",""
"","","","","","horizons-trial","121","2572240","0.0-112.0","","","","","","","10","[56,31,50,46,44,37,41,53,56,47]","[45,47,35,33,45,40,54,37,49,38]","""2023-10-26T11:33:57.140Z""","[0,0,1,1]","0","1","1","40","48","48","40","8","0","0","[""arrowleft"",""arrowleft"",""arrowright"",""arrowright"",""arrowleft"",""arrowleft"",""arrowleft"",""arrowleft"",""arrowleft"",""arrowleft""]","[498,341,387,418,1203,544,313,281,265,254]","[56,31,35,33,44,37,41,53,56,47]","[56,0,0,0,0,0,0,53,56,47]","[[0.870339,98.06041]]","[1335]","[]","[]","1","[]","[]","[]","[]","horizontal","","","",""
"","","","","","horizons-trial","122","2579586","0.0-113.0","","","","","","","10","[38,39,29,43,38,26,50,35,52,37]","[41,36,44,28,54,35,41,36,37,51]","""2023-10-26T11:34:04.487Z""","[0,0,1,1]","0","0","1","40","41","40","41","1","0","0","[""arrowleft"",""arrowleft"",""arrowright"",""arrowright"",""arrowleft"",""arrowleft"",""arrowleft"",""arrowleft"",""arrowleft"",""arrowleft""]","[597,331,354,362,1104,582,612,366,279,499]","[38,39,44,28,38,26,50,35,52,37]","[0,39,44,0,0,0,50,0,52,0]","[[0.870339,98.06041]]","[1355]","[]","[]","1","[]","[]","[]","[]","horizontal","","","",""
"","","","","","horizons-trial","123","2586036","0.0-114.0","","","","","","","10","[44,42,38,43,46,39,46,35,32,45]","[62,55,65,58,62,52,64,48,57,62]","""2023-10-26T11:34:10.937Z""","[0,0,1,0]","1","1","1","60","40","40","60","20","0","0","[""arrowleft"",""arrowleft"",""arrowright"",""arrowleft"",""arrowright"",""arrowright"",""arrowright"",""arrowright"",""arrowright"",""arrowright""]","[577,338,453,467,1159,580,418,257,183,219]","[44,42,65,43,62,52,64,48,57,62]","[0,0,65,0,62,52,64,48,57,62]","[[0.870339,98.06041]]","[1061]","[]","[]","1","[]","[]","[]","[]","horizontal","","","",""
"","","","","","horizons-trial","124","2598738","0.0-115.0","","","","","","","10","[61,62,47,45,66,56,61,58,62,58]","[55,57,54,48,62,59,68,63,71,44]","""2023-10-26T11:34:23.638Z""","[0,1,0,0]","1","1","1","60","58","58","60","2","0","0","[""arrowleft"",""arrowright"",""arrowleft"",""arrowleft"",""arrowright"",""arrowright"",""arrowright"",""arrowright"",""arrowright"",""arrowright""]","[565,358,306,445,1853,570,438,327,370,328]","[61,57,47,45,62,59,68,63,71,44]","[61,0,0,0,0,59,68,63,71,0]","[[0.870339,89.7414]]","[2170]","[]","[]","1","[]","[]","[]","[]","horizontal","","","",""
"","","","","","horizons-trial","125","2606492","0.0-116.0","","","","","","","5","[41,36,36,36,49]","[57,55,50,56,43]","""2023-10-26T11:34:31.393Z""","[1,0,0,0]","1","0","0","40","52","40","52","12","0","0","[""arrowright"",""arrowleft"",""arrowleft"",""arrowleft"",""arrowright""]","[1019,383,384,778,833]","[57,36,36,36,43]","[57,0,0,0,0]","[[84.4884,50]]","[3262]","[]","[]","1","[]","[]","[]","[]","horizontal","","","",""
"","","","","","horizons-trial","126","2611854","0.0-117.0","","","","","","","5","[54,47,45,53,71]","[61,67,72,65,55]","""2023-10-26T11:34:36.755Z""","[1,1,0,1]","1","1","0","60","52","52","60","8","0","0","[""arrowright"",""arrowright"",""arrowleft"",""arrowright"",""arrowright""]","[461,748,424,442,924]","[61,67,45,65,55]","[61,67,0,65,0]","[[84.4884,50]]","[1039]","[]","[]","1","[]","[]","[]","[]","horizontal","","","",""
"","","","","","horizons-trial","127","2620783","0.0-118.0","","","","","","","10","[33,54,17,32,38,45,43,62,43,38]","[32,53,35,46,51,40,53,37,41,50]","""2023-10-26T11:34:45.683Z""","[1,1,0,1]","1","1","1","40","41","41","40","1","0","0","[""arrowright"",""arrowright"",""arrowleft"",""arrowright"",""arrowright"",""arrowright"",""arrowright"",""arrowright"",""arrowright"",""arrowright""]","[539,358,382,400,1334,531,321,176,133,167]","[32,53,17,46,51,40,53,37,41,50]","[0,0,0,46,51,0,53,0,0,50]","[[2.17179,96.61362]]","[3755]","[]","[]","1","[]","[]","[]","[]","horizontal","","","",""
"","","","","","horizons-trial","128","2627720","0.0-119.0","","","","","","","10","[46,47,61,39,40,41,47,46,41,30]","[46,48,44,39,44,39,42,47,51,56]","""2023-10-26T11:34:52.621Z""","[1,0,0,1]","0","1","1","40","42","42","40","2","0","0","[""arrowright"",""arrowleft"",""arrowleft"",""arrowright"",""arrowleft"",""arrowleft"",""arrowleft"",""arrowleft"",""arrowleft"",""arrowleft""]","[498,381,360,335,1349,523,395,326,340,458]","[46,47,61,39,40,41,47,46,41,30]","[46,0,61,39,0,41,47,0,0,0]","[[2.17179,96.61362]]","[1179]","[]","[]","1","[]","[]","[]","[]","horizontal","","","",""
"","","","","","survey-html-form","129","2653727","0.0-120.0","26001","{""comments"":"" I didn't choose a strategie""}","","","","","","","","","","","","","","","","","","","","","","","","","","","","","","","","","","","","",""
"","","","","","survey-html-form","130","2667248","0.0-121.0","13520","{""comments"":"" I went off gut feeling""}","","","","","","","","","","","","","","","","","","","","","","","","","","","","","","","","","","","","",""
"","","","","","survey-html-form","131","2677517","0.0-122.0","10267","{""comments"":"" I went off gut feeling""}","","","","","","","","","","","","","","","","","","","","","","","","","","","","","","","","","","","","",""
"","","","","","survey-html-form","132","2680354","0.0-123.0","2836","{""comments"":"" ""}","","","","","","","","","","","","","","","","","","","","","","","","","","","","","","","","","","","","","[{""event"":""blur"",""trial"":1,""time"":667701},{""event"":""focus"",""trial"":1,""time"":670942},{""event"":""fullscreenenter"",""trial"":2,""time"":676519},{""event"":""blur"",""trial"":11,""time"":1060266},{""event"":""focus"",""trial"":11,""time"":1060268},{""event"":""fullscreenexit"",""trial"":11,""time"":1060276}]"
