"success","timeout","failed_images","failed_audio","failed_video","trial_type","trial_index","time_elapsed","internal_node_id","rt","response","stimulus","view_history","horizon","rewards_L","rewards_R","date","forced_choices","r_info","r_side","r_h","r_mean","r_otherMean","r_mean_L","r_mean_R","r_difference","confidence_immediate_overall","confidence_question_order","key_presses","response_times","outcomes","outcomes_counted_points","confidence","confidence_rt","confidence_2","confidence_2_rt","screen_resolution","belief_confidence_1","belief_confidence_2","belief_confidence_3","belief_confidence_4","immediate_judgement_orientation","phase","responses","num_errors","interactions"
"true","false","[]","[]","[]","preload","0","1944","0.0-0.0","","","","","","","","","","","","","","","","","","","","","","","","","","","","","","","","","","","","",""
"","","","","","survey-html-form","1","4747","0.0-1.0","2801","{""comments"":""5bb7b83ab791890001f4fd90 ""}","","","","","","","","","","","","","","","","","","","","","","","","","","","","","","","","","","",""
"true","","","","","fullscreen","2","11974","0.0-2.0","","","","","","","","","","","","","","","","","","","","","","","","","","","","","","","","","","","","",""
"","","","","","html-button-response","3","15269","0.0-3.0","3292","0","
      <h1>Consent to Participate in the Learning and Cognitive Control Study</h1>

      <p>This is a psychology experiment being conducted by Dr. Peter Dayan, 
      director of the Max Planck Institute for Biological Cybernetics, and the 
      members of his lab. In order to consent to participate, you MUST meet the 
      following criteria:</p>

      <p>
      - 18 years of age or older<br>
      - Fluent speaker of English<br>
      - Have not previously participated in this experiment<br></p>

      <p>This study is designed to look at how people learn how to make decisions 
      to accomplish their goals. In this task, you will be asked to make choices, 
      play games, and answer questions related to those games. The study will take 
      about 45 minutes. </p> 

      <p>Your participation in this research is voluntary. You may refrain from 
      answering any questions that make you uncomfortable and may withdraw your 
      participation at any time without penalty by exiting this task and alerting 
      the experimenter. You may choose not to complete certain parts of the task 
      or answer certain questions. You may contact us at the address provided 
      below if you have additional questions or concerns.</p> 

      <p>Other than monetary compensation, participating in this study will 
      provide no direct benefits to you. But we hope that this research will 
      benefit society at large by contributing towards establishing a scientific 
      foundation for improving people's learning and cognitive control abilities.</p>

      <p>Your online username may be connected to your individual responses, but 
      we will not be asking for any additional personally identifying information, 
      and we will handle responses as confidentially as possible. We cannot however 
      guarantee the confidentiality of information transmitted over the Internet. 
      We will be keeping de-identified data collected as part of this experiment 
      indefinitely. Data used in scientific publications will remain completely 
      anonymous.</p>

      <p>If you have any questions about the study, feel free to contact our lab. 
      Dr. Dayan and his lab members can be reached at <a href='mailto:kyblab.tuebingen@gmail.com'>kyblab.tuebingen@gmail.com</a></p>
      
      <p>By selecting the â€œconsentâ€ option below, I acknowledge that I am 18 or older, that I am a fluent speaker of
            English, that I have read this consent form, and that I agree to take part in the research.</p>","","","","","","","","","","","","","","","","","","","","","","","","","","","","","","","","","",""
"","","","","","html-button-response","4","17421","0.0-4.0","2149","0","<h1>Legal Declaration of Consent under Data Protection Law</h1>
    <p><a target=""_blank"" rel=""noopener noreferrer"" href=""https://kyblab.tuebingen.mpg.de/fma/dataprotection.pdf"">Please click here to view our Data Protection Information Sheet, yours to keep.</a></p>
    <p>I have received and took note of the written Data Protection Information Sheet for this study. In doing so, I had sufficient time and opportunity to ask questions about data protection and reconsider my participation in the study. </p>
    <p>I am aware that:</p>
    <ul>
        <li>the processing and use of the collected data occur in a pseudonymized form within the scope of the legally prescribed provisions.
            As a general rule, the storage occurs in the form of questionnaires, as well as on electronic data media, for 10 years
            or longer, if this is required by the purpose of the study.</li>
        <li>by providing further personal data in pseudonymized form, collected personal data may be used for the preparation of anonymized
            scientific research work and may also be published and used in an anonymized form in medical journals, scientific publications
            and publicly accessible scientific databases, so that a direct assignment to my person cannot be established.</li>
        <li>the information obtained during this study may also be sent in an anonymized form to cooperation partners within the
            scope of the European General Data Protection Regulation for scientific purposes and to cooperation partners outside of the
            European Union, i.e. to countries with a lower data protection level (this also applies to the USA).</li>
        <li>the data collected within the scope of the study can also be used and processed in the future inside of the Institute.</li>
    </ul>
    <p>I was informed about my rights, that at any time:</p>
    <ul>
          <li>I can withdraw this declaration of consent.</li>
          <li>I can request information about my stored data and request the correction or blocking of data.</li>
          <li>by cancellation of my participation in the study, I can request that my personal data collected until that time are immediately deleted or anonymized.</li>
          <li>I can request that my data are handed out to me or to third parties (if technically feasible).</li>
    </ul>

    <p>I herewith declare that:</p>
    <ul>
          <li>I have been adequately informed about the collection and processing of my data and rights.</li>
          <li>I consent to the collection and processing of personal data within the scope of the study and its pseudonymized disclosure so that
            only the persons conducting the study can establish a link between the data and my person.</li>
    </ul>
    <p>By selecting the consent option below, I agree to participate in online studies or experiments using learning, and I consent to the use of my data described in the Data Protection Information Sheet and confirm having received a copy of the Data Protection Sheet.</p>
    <p>Note: If you do not consent to participate in this study or have your data used as outlined in the Data Protection Information Sheet, then this experiment will now close and you will not proceed any further. No information about you will be retained. </p>
    <br><br>","","","","","","","","","","","","","","","","","","","","","","","","","","","","","","","","","",""
"","","","","","instructions","5","210988","0.0-5.0-0.0","193564","","","[{""page_index"":0,""viewing_time"":5493},{""page_index"":1,""viewing_time"":19769},{""page_index"":2,""viewing_time"":16663},{""page_index"":3,""viewing_time"":40496},{""page_index"":4,""viewing_time"":14144},{""page_index"":5,""viewing_time"":4104},{""page_index"":6,""viewing_time"":5967},{""page_index"":7,""viewing_time"":7889},{""page_index"":8,""viewing_time"":13247},{""page_index"":9,""viewing_time"":20272},{""page_index"":10,""viewing_time"":35481},{""page_index"":11,""viewing_time"":10039}]","","","","","","","","","","","","","","","","","","","","","","","","","","","","","","","","",""
"","","","","","horizons-trial","6","240601","0.0-5.0-1.0","","","","","5","[44,57,74,72,62]","[31,33,24,39,29]","""2023-06-15T17:19:21.888Z""","[1,0,1,1]","","","","","","","","","0","","[""arrowright"",""arrowleft"",""arrowright"",""arrowright"",""arrowleft""]","[2809,2152,1679,1128,3184]","[31,57,24,39,62]","[0,57,0,0,62]","[[50,65.2199]]","[]","[]","[]","1","[]","[]","[]","[]","vertical","practice","","",""
"","","","","","horizons-trial","7","287792","0.0-5.0-2.0","","","","","10","[64,50,57,35,52,38,44,61,39,38]","[70,69,76,71,75,58,81,84,57,61]","""2023-06-15T17:20:09.078Z""","[0,0,1,1]","","","","","","","","","1","","[""arrowleft"",""arrowleft"",""arrowright"",""arrowright"",""arrowright"",""arrowright"",""arrowright"",""arrowright"",""arrowright"",""arrowright""]","[3421,888,976,1776,5176,3110,1871,1392,1207,1593]","[64,50,76,71,75,58,81,84,57,61]","[0,0,76,71,75,58,81,84,57,61]","[[0.723824,62.9051]]","[]","[]","[]","1","[]","[]","[]","[]","vertical","practice","","",""
"","","","","","instructions","8","324072","0.0-5.0-3.0","36278","","","[{""page_index"":0,""viewing_time"":1536},{""page_index"":1,""viewing_time"":23001},{""page_index"":2,""viewing_time"":9885},{""page_index"":3,""viewing_time"":1856}]","","","","","","","","","","","","","","","","","","","","","","","","","","","","","","","","",""
"","","","","","horizons-comprehension","9","346109","0.0-5.0-4.0","22034","","","","","","","","","","","","","","","","","","","","","","","","","","","","","","","","","","[""true"",""false"",""false"",""true""]","0",""
"","","","","","instructions","10","347634","0.0-6.0","1522","","","[{""page_index"":0,""viewing_time"":1522}]","","","","","","","","","","","","","","","","","","","","","","","","","","","","","","","","",""
"","","","","","horizons-trial","11","365079","0.0-7.0","","","","","5","[59,68,39,56,63]","[42,43,47,51,42]","""2023-06-15T17:21:26.366Z""","[0,1,1,1]","1","1","0","40","60","60","40","20","0","0","[""arrowleft"",""arrowright"",""arrowright"",""arrowright"",""arrowleft""]","[1612,935,712,1223,1656]","[59,43,47,51,63]","[59,0,47,0,63]","[[50,64.9305]]","[]","[]","[]","1","[]","[]","[]","[]","vertical","","","",""
"","","","","","horizons-trial","12","406255","0.0-8.0","","","","","10","[51,70,74,57,60,72,64,65,61,58]","[54,61,59,69,52,55,54,59,53,60]","""2023-06-15T17:22:07.541Z""","[0,1,0,1]","0","1","1","60","56","56","60","4","0","0","[""arrowleft"",""arrowright"",""arrowleft"",""arrowright"",""arrowright"",""arrowright"",""arrowright"",""arrowleft"",""arrowleft"",""arrowleft""]","[1222,1839,927,672,4520,3112,2152,2168,1344,1135]","[51,61,74,69,52,55,54,65,61,58]","[0,0,74,69,0,0,0,65,61,0]","[[0.167031,61.169]]","[]","[]","[]","1","[]","[]","[]","[]","vertical","","","",""
"","","","","","horizons-trial","13","423063","0.0-9.0","","","","","5","[33,50,45,51,50]","[38,39,49,51,46]","""2023-06-15T17:22:24.350Z""","[1,0,0,1]","0","0","0","40","42","40","42","2","0","0","[""arrowright"",""arrowleft"",""arrowleft"",""arrowright"",""arrowleft""]","[2064,935,576,601,4567]","[38,50,45,51,50]","[38,50,0,51,50]","[[50,56.8287]]","[]","[]","[]","1","[]","[]","[]","[]","vertical","","","",""
"","","","","","horizons-trial","14","434935","0.0-10.0","","","","","5","[41,35,48,33,45]","[69,54,75,60,63]","""2023-06-15T17:22:36.221Z""","[1,0,1,1]","1","0","0","40","60","40","60","20","0","0","[""arrowright"",""arrowleft"",""arrowright"",""arrowright"",""arrowright""]","[942,671,688,688,1752]","[69,35,75,60,63]","[69,0,75,60,63]","[[50,70.1389]]","[]","[]","[]","1","[]","[]","[]","[]","vertical","","","",""
"","","","","","horizons-trial","15","448390","0.0-11.0","","","","","5","[59,50,74,50,60]","[65,61,63,62,61]","""2023-06-15T17:22:49.677Z""","[1,1,1,0]","1","1","0","60","59","59","60","1","0","0","[""arrowright"",""arrowright"",""arrowright"",""arrowleft"",""arrowright""]","[1151,703,856,1392,1736]","[65,61,63,50,61]","[65,61,0,0,61]","[[50,71.2963]]","[]","[]","[]","1","[]","[]","[]","[]","vertical","","","",""
"","","","","","horizons-trial","16","477958","0.0-12.0","","","","","10","[70,63,46,68,43,71,55,59,73,52]","[45,56,56,63,53,58,52,42,48,52]","""2023-06-15T17:23:19.245Z""","[0,1,1,1]","1","0","1","60","52","60","52","8","0","0","[""arrowleft"",""arrowright"",""arrowright"",""arrowright"",""arrowleft"",""arrowright"",""arrowright"",""arrowleft"",""arrowleft"",""arrowleft""]","[1934,785,1992,823,2969,2864,1207,785,1231,921]","[70,56,56,63,43,58,52,59,73,52]","[70,0,56,0,0,0,0,59,73,52]","[[24.1091,46.1227]]","[]","[]","[]","1","[]","[]","[]","[]","vertical","","","",""
"","","","","","horizons-trial","17","500062","0.0-13.0","","","","","10","[46,37,53,36,49,52,45,42,56,48]","[47,20,44,54,47,41,42,40,32,40]","""2023-06-15T17:23:41.349Z""","[1,0,1,1]","1","1","1","40","48","48","40","8","0","0","[""arrowright"",""arrowleft"",""arrowright"",""arrowright"",""arrowleft"",""arrowright"",""arrowleft"",""arrowleft"",""arrowright"",""arrowleft""]","[751,489,943,969,3383,2425,735,1720,559,856]","[47,37,44,54,49,41,45,42,32,48]","[47,37,0,54,49,0,45,42,0,48]","[[13.5301,38.3102]]","[]","[]","[]","1","[]","[]","[]","[]","vertical","","","",""
"","","","","","horizons-trial","18","528710","0.0-14.0","","","","","10","[68,47,60,50,53,67,56,57,56,63]","[31,24,23,33,30,54,27,26,25,24]","""2023-06-15T17:24:09.997Z""","[0,0,1,1]","0","0","1","60","30","60","30","30","0","0","[""arrowleft"",""arrowleft"",""arrowright"",""arrowright"",""arrowleft"",""arrowleft"",""arrowleft"",""arrowleft"",""arrowleft"",""arrowleft""]","[1510,808,1137,959,4097,1991,991,1112,736,776]","[68,47,23,33,53,67,56,57,56,63]","[68,47,0,0,53,67,56,57,56,63]","[[41.3697,45.544]]","[]","[]","[]","1","[]","[]","[]","[]","vertical","","","",""
"","","","","","horizons-trial","19","552342","0.0-15.0","","","","","10","[32,54,32,48,41,53,41,45,53,37]","[56,52,56,53,51,57,61,60,49,56]","""2023-06-15T17:24:33.629Z""","[1,0,1,0]","0","0","1","40","60","40","60","20","0","0","[""arrowright"",""arrowleft"",""arrowright"",""arrowleft"",""arrowright"",""arrowright"",""arrowright"",""arrowright"",""arrowright"",""arrowright""]","[1110,432,4120,1391,1648,1936,880,1088,928,1208]","[56,54,56,48,51,57,61,60,49,56]","[56,54,56,0,51,57,61,60,0,56]","[[36.9154,44.0972]]","[]","[]","[]","1","[]","[]","[]","[]","vertical","","","",""
"","","","","","horizons-trial","20","574102","0.0-16.0","","","","","10","[50,65,47,48,51,48,35,56,57,58]","[46,54,56,57,48,50,59,63,45,67]","""2023-06-15T17:24:55.388Z""","[0,1,0,0]","1","1","1","60","52","52","60","8","0","0","[""arrowleft"",""arrowright"",""arrowleft"",""arrowleft"",""arrowleft"",""arrowright"",""arrowright"",""arrowright"",""arrowright"",""arrowright""]","[647,968,2520,3576,4207,1504,903,801,632,1120]","[50,54,47,48,51,50,59,63,45,67]","[50,0,0,0,51,50,59,63,0,67]","[[31.9042,40.3356]]","[]","[]","[]","1","[]","[]","[]","[]","vertical","","","",""
"","","","","","horizons-trial","21","590526","0.0-17.0","","","","","10","[55,51,54,67,71,71,60,62,62,48]","[36,41,30,41,36,41,42,47,37,18]","""2023-06-15T17:25:11.812Z""","[1,0,0,0]","1","0","1","60","40","60","40","20","0","0","[""arrowright"",""arrowleft"",""arrowleft"",""arrowleft"",""arrowleft"",""arrowleft"",""arrowleft"",""arrowleft"",""arrowleft"",""arrowleft""]","[1207,488,824,671,2424,1215,496,792,504,487]","[36,51,54,67,71,71,60,62,62,48]","[0,51,54,67,71,71,60,62,62,48]","[[41.3697,61.4583]]","[]","[]","[]","1","[]","[]","[]","[]","vertical","","","",""
"","","","","","horizons-trial","22","616054","0.0-18.0","","","","","10","[38,30,43,36,41,38,37,43,30,42]","[69,57,50,42,39,52,31,42,50,52]","""2023-06-15T17:25:37.340Z""","[0,1,1,0]","0","0","1","40","44","40","44","4","0","0","[""arrowleft"",""arrowright"",""arrowright"",""arrowleft"",""arrowright"",""arrowleft"",""arrowright"",""arrowleft"",""arrowleft"",""arrowright""]","[631,575,769,736,1847,1895,776,664,639,712]","[38,57,50,36,39,38,31,43,30,52]","[0,57,50,0,0,0,0,43,0,52]","[[37.1938,61.169]]","[]","[]","[]","1","[]","[]","[]","[]","vertical","","","",""
"","","","","","horizons-trial","23","626390","0.0-19.0","","","","","5","[78,62,58,63,67]","[46,33,37,41,30]","""2023-06-15T17:25:47.676Z""","[1,1,0,0]","0","0","0","60","40","60","40","20","0","0","[""arrowright"",""arrowright"",""arrowleft"",""arrowleft"",""arrowleft""]","[846,753,1031,960,1224]","[46,33,58,63,67]","[0,0,58,63,67]","[[50,72.1643]]","[]","[]","[]","1","[]","[]","[]","[]","vertical","","","",""
"","","","","","horizons-trial","24","636637","0.0-20.0","","","","","5","[15,35,49,25,23]","[73,61,60,52,74]","""2023-06-15T17:25:57.924Z""","[1,1,0,0]","0","1","0","60","30","30","60","30","0","0","[""arrowright"",""arrowright"",""arrowleft"",""arrowleft"",""arrowright""]","[942,695,975,991,1199]","[73,61,49,25,74]","[73,61,0,0,74]","[[50,85.1852]]","[]","[]","[]","1","[]","[]","[]","[]","vertical","","","",""
"","","","","","horizons-trial","25","657077","0.0-21.0","","","","","10","[41,28,41,32,28,19,35,42,17,48]","[64,53,59,60,56,58,48,63,51,45]","""2023-06-15T17:26:18.364Z""","[0,1,1,0]","0","1","1","60","30","30","60","30","0","0","[""arrowleft"",""arrowright"",""arrowright"",""arrowleft"",""arrowright"",""arrowright"",""arrowright"",""arrowright"",""arrowright"",""arrowright""]","[846,3831,776,1345,1615,1047,585,599,463,432]","[41,53,59,32,56,58,48,63,51,45]","[0,53,59,0,56,58,48,63,51,0]","[[53.6192,60.8796]]","[]","[]","[]","1","[]","[]","[]","[]","vertical","","","",""
"","","","","","horizons-trial","26","669028","0.0-22.0","","","","","5","[33,38,48,53,39]","[54,68,40,66,73]","""2023-06-15T17:26:30.315Z""","[0,1,0,0]","1","1","0","60","40","40","60","20","0","0","[""arrowleft"",""arrowright"",""arrowleft"",""arrowleft"",""arrowright""]","[782,655,568,784,4200]","[33,68,48,53,73]","[0,68,48,0,73]","[[50,66.088]]","[]","[]","[]","1","[]","[]","[]","[]","vertical","","","",""
"","","","","","horizons-trial","27","678254","0.0-23.0","","","","","5","[52,58,57,56,50]","[42,32,45,40,32]","""2023-06-15T17:26:39.539Z""","[0,1,1,0]","0","1","0","40","52","52","40","12","0","0","[""arrowleft"",""arrowright"",""arrowright"",""arrowleft"",""arrowleft""]","[1663,815,608,753,1303]","[52,32,45,56,50]","[52,0,0,56,50]","[[50,66.088]]","[]","[]","[]","1","[]","[]","[]","[]","vertical","","","",""
"","","","","","horizons-trial","28","698885","0.0-24.0","","","","","10","[51,49,74,61,69,57,70,57,50,56]","[50,36,39,46,27,44,27,33,43,38]","""2023-06-15T17:27:00.172Z""","[1,0,0,0]","1","1","1","40","60","60","40","20","0","0","[""arrowright"",""arrowleft"",""arrowleft"",""arrowleft"",""arrowleft"",""arrowleft"",""arrowleft"",""arrowleft"",""arrowleft"",""arrowleft""]","[639,480,1119,511,2936,1248,432,519,528,455]","[50,49,74,61,69,57,70,57,50,56]","[0,49,74,61,69,57,70,57,50,56]","[[57.5167,65.7986]]","[]","[]","[]","1","[]","[]","[]","[]","vertical","","","",""
"","","","","","horizons-trial","29","716389","0.0-25.0","","","","","10","[42,41,26,48,29,48,55,32,31,47]","[48,56,49,53,48,50,48,61,46,51]","""2023-06-15T17:27:17.675Z""","[1,1,0,0]","0","0","1","40","48","40","48","8","0","0","[""arrowright"",""arrowright"",""arrowleft"",""arrowleft"",""arrowright"",""arrowright"",""arrowright"",""arrowright"",""arrowright"",""arrowright""]","[575,448,752,656,1344,3808,584,1647,600,703]","[48,56,26,48,48,50,48,61,46,51]","[48,56,0,0,48,50,0,61,46,51]","[[64.1982,65.2199]]","[]","[]","[]","1","[]","[]","[]","[]","vertical","","","",""
"","","","","","horizons-trial","30","728333","0.0-26.0","","","","","5","[34,40,38,46,26]","[36,39,48,58,37]","""2023-06-15T17:27:29.619Z""","[1,1,1,0]","1","0","0","40","44","40","44","4","0","0","[""arrowright"",""arrowright"",""arrowright"",""arrowleft"",""arrowleft""]","[783,640,727,816,5136]","[36,39,48,46,26]","[36,0,48,0,0]","[[50,56.8287]]","[]","[]","[]","1","[]","[]","[]","[]","vertical","","","",""
"","","","","","horizons-trial","31","739332","0.0-27.0","","","","","5","[39,42,31,50,52]","[39,42,55,32,35]","""2023-06-15T17:27:40.619Z""","[0,1,1,0]","0","1","0","40","41","41","40","1","0","0","[""arrowleft"",""arrowright"",""arrowright"",""arrowleft"",""arrowright""]","[677,913,864,1528,2120]","[39,42,55,50,35]","[39,42,55,50,0]","[[50,65.7986]]","[]","[]","[]","1","[]","[]","[]","[]","vertical","","","",""
"","","","","","horizons-trial","32","754012","0.0-28.0","","","","","10","[69,68,65,50,48,73,65,56,58,74]","[52,60,55,47,50,59,49,45,61,57]","""2023-06-15T17:27:55.299Z""","[0,0,1,0]","1","1","1","60","58","58","60","2","0","0","[""arrowleft"",""arrowleft"",""arrowright"",""arrowleft"",""arrowleft"",""arrowleft"",""arrowleft"",""arrowleft"",""arrowleft"",""arrowleft""]","[726,1080,880,768,2191,1704,592,584,448,439]","[69,68,55,50,48,73,65,56,58,74]","[69,68,0,50,0,73,65,56,0,74]","[[44.1537,69.8495]]","[]","[]","[]","1","[]","[]","[]","[]","vertical","","","",""
"","","","","","horizons-trial","33","770733","0.0-29.0","","","","","10","[58,42,66,75,59,60,60,55,53,62]","[44,55,47,42,59,59,48,50,47,46]","""2023-06-15T17:28:12.019Z""","[1,1,0,1]","1","0","1","60","48","60","48","12","0","0","[""arrowright"",""arrowright"",""arrowleft"",""arrowright"",""arrowleft"",""arrowleft"",""arrowleft"",""arrowleft"",""arrowleft"",""arrowleft""]","[1335,784,463,648,2231,960,465,767,2641,1032]","[44,55,66,42,59,60,60,55,53,62]","[0,55,66,0,59,60,60,55,53,62]","[[45.824,62.3264]]","[]","[]","[]","1","[]","[]","[]","[]","vertical","","","",""
"","","","","","horizons-trial","34","785580","0.0-30.0","","","","","5","[67,75,69,59,66]","[62,44,43,56,48]","""2023-06-15T17:28:26.867Z""","[1,0,0,1]","0","0","0","60","48","60","48","12","0","0","[""arrowright"",""arrowleft"",""arrowleft"",""arrowright"",""arrowleft""]","[1327,679,968,664,1039]","[62,75,69,56,66]","[0,75,69,0,66]","[[50,80.5556]]","[]","[]","[]","1","[]","[]","[]","[]","vertical","","","",""
"","","","","","horizons-trial","35","801156","0.0-31.0","","","","","10","[48,61,50,46,70,58,64,51,49,56]","[64,47,52,43,58,44,53,60,69,55]","""2023-06-15T17:28:42.442Z""","[1,0,0,1]","0","0","1","60","59","60","59","1","0","0","[""arrowright"",""arrowleft"",""arrowleft"",""arrowright"",""arrowleft"",""arrowleft"",""arrowleft"",""arrowleft"",""arrowleft"",""arrowleft""]","[807,584,1072,528,1384,888,656,904,808,1544]","[64,61,50,43,70,58,64,51,49,56]","[64,61,0,0,70,58,64,0,0,56]","[[51.392,65.2199]]","[]","[]","[]","1","[]","[]","[]","[]","vertical","","","",""
"","","","","","horizons-trial","36","813860","0.0-32.0","","","","","5","[42,53,40,40,37]","[42,39,45,39,43]","""2023-06-15T17:28:55.147Z""","[1,0,1,0]","0","1","0","40","42","42","40","2","0","0","[""arrowright"",""arrowleft"",""arrowright"",""arrowleft"",""arrowleft""]","[767,408,912,488,4456]","[42,53,45,40,37]","[42,53,45,40,0]","[[50,53.9352]]","[]","[]","[]","1","[]","[]","[]","[]","vertical","","","",""
"","","","","","horizons-trial","37","825252","0.0-33.0","","","","","5","[60,60,49,56,64]","[52,63,63,59,55]","""2023-06-15T17:29:06.539Z""","[0,0,1,1]","0","1","0","60","58","58","60","2","0","0","[""arrowleft"",""arrowleft"",""arrowright"",""arrowright"",""arrowright""]","[702,512,576,583,2462]","[60,60,63,59,55]","[60,0,63,59,0]","[[50,50.1736]]","[]","[]","[]","1","[]","[]","[]","[]","vertical","","","",""
"","","","","","horizons-trial","38","839820","0.0-34.0","","","","","5","[39,28,38,48,44]","[41,32,33,36,45]","""2023-06-15T17:29:21.107Z""","[0,0,0,1]","1","0","0","40","41","40","41","1","0","0","[""arrowleft"",""arrowleft"",""arrowleft"",""arrowright"",""arrowleft""]","[638,623,857,504,4592]","[39,28,38,36,44]","[0,0,38,0,0]","[[50,50.1736]]","[]","[]","[]","1","[]","[]","[]","[]","vertical","","","",""
"","","","","","horizons-trial","39","849612","0.0-35.0","","","","","5","[33,37,47,33,43]","[56,55,37,44,41]","""2023-06-15T17:29:30.899Z""","[1,0,1,0]","0","0","0","40","52","40","52","12","0","0","[""arrowright"",""arrowleft"",""arrowright"",""arrowleft"",""arrowright""]","[687,536,984,1135,1328]","[56,37,37,33,41]","[56,0,0,0,0]","[[50,58.8542]]","[]","[]","[]","1","[]","[]","[]","[]","vertical","","","",""
"","","","","","horizons-trial","40","859563","0.0-36.0","","","","","5","[49,68,59,52,48]","[62,71,69,61,52]","""2023-06-15T17:29:40.850Z""","[1,1,1,0]","1","0","0","60","58","60","58","2","0","0","[""arrowright"",""arrowright"",""arrowright"",""arrowleft"",""arrowright""]","[718,631,577,576,1704]","[62,71,69,52,52]","[62,71,69,0,52]","[[50,82.8704]]","[]","[]","[]","1","[]","[]","[]","[]","vertical","","","",""
"","","","","","horizons-trial","41","875331","0.0-37.0","","","","","5","[51,67,62,60,63]","[58,54,59,49,63]","""2023-06-15T17:29:56.618Z""","[0,0,0,1]","1","1","0","60","56","56","60","4","0","0","[""arrowleft"",""arrowleft"",""arrowleft"",""arrowright"",""arrowleft""]","[5303,2008,1240,823,2272]","[51,67,62,49,63]","[0,67,62,0,63]","[[50,79.6875]]","[]","[]","[]","1","[]","[]","[]","[]","vertical","","","",""
"","","","","","horizons-trial","42","889004","0.0-38.0","","","","","5","[32,51,58,43,38]","[48,59,53,49,48]","""2023-06-15T17:30:10.290Z""","[1,0,1,1]","1","0","0","40","48","40","48","8","0","0","[""arrowright"",""arrowleft"",""arrowright"",""arrowright"",""arrowleft""]","[1822,2328,519,711,4455]","[48,51,53,49,38]","[48,0,0,49,0]","[[50,57.9861]]","[]","[]","[]","1","[]","[]","[]","[]","vertical","","","",""
"","","","","","horizons-trial","43","907435","0.0-39.0","","","","","10","[53,60,55,56,53,63,57,52,59,73]","[54,45,45,35,50,49,39,38,55,50]","""2023-06-15T17:30:28.721Z""","[0,1,1,0]","0","0","1","60","48","60","48","12","0","0","[""arrowleft"",""arrowright"",""arrowright"",""arrowleft"",""arrowleft"",""arrowleft"",""arrowleft"",""arrowleft"",""arrowleft"",""arrowleft""]","[686,568,1112,895,1895,1104,463,648,848,472]","[53,45,45,56,53,63,57,52,59,73]","[0,0,0,56,53,63,57,52,59,73]","[[63.0846,53.6458]]","[]","[]","[]","1","[]","[]","[]","[]","vertical","","","",""
"","","","","","horizons-trial","44","936467","0.0-40.0","","","","","10","[55,39,30,49,41,46,36,48,32,46]","[47,40,46,34,33,41,57,44,32,39]","""2023-06-15T17:30:57.754Z""","[1,0,0,0]","1","0","1","40","41","40","41","1","0","0","[""arrowright"",""arrowleft"",""arrowleft"",""arrowleft"",""arrowright"",""arrowright"",""arrowleft"",""arrowleft"",""arrowleft"",""arrowright""]","[1183,520,1399,1024,3960,3760,584,967,711,856]","[47,39,30,49,33,41,36,48,32,39]","[0,0,0,49,0,0,0,48,32,0]","[[56.6815,61.7477]]","[]","[]","[]","1","[]","[]","[]","[]","vertical","","","",""
"","","","","","horizons-trial","45","947795","0.0-41.0","","","","","10","[36,32,42,39,42,47,45,31,48,42]","[38,29,42,42,38,32,31,34,42,40]","""2023-06-15T17:31:09.082Z""","[1,1,0,0]","0","1","1","40","41","41","40","1","0","0","[""arrowright"",""arrowright"",""arrowleft"",""arrowleft"",""arrowleft"",""arrowleft"",""arrowleft"",""arrowleft"",""arrowleft"",""arrowleft""]","[679,824,415,616,2216,791,480,432,752,456]","[38,29,42,39,42,47,45,31,48,42]","[38,0,42,0,42,47,45,0,48,42]","[[36.637,53.3565]]","[]","[]","[]","1","[]","[]","[]","[]","vertical","","","",""
"","","","","","horizons-trial","46","960707","0.0-42.0","","","","","10","[60,62,65,62,73,57,56,64,65,55]","[53,54,53,65,42,62,59,64,71,56]","""2023-06-15T17:31:21.993Z""","[0,0,1,0]","1","1","1","60","59","59","60","1","0","0","[""arrowleft"",""arrowleft"",""arrowright"",""arrowleft"",""arrowleft"",""arrowleft"",""arrowleft"",""arrowleft"",""arrowleft"",""arrowleft""]","[663,392,936,704,1142,887,416,448,432,544]","[60,62,53,62,73,57,56,64,65,55]","[60,62,0,0,73,0,0,64,0,0]","[[71.9933,82.8704]]","[]","[]","[]","1","[]","[]","[]","[]","vertical","","","",""
"","","","","","horizons-trial","47","973635","0.0-43.0","","","","","5","[42,41,25,33,38]","[50,58,53,54,61]","""2023-06-15T17:31:34.921Z""","[1,0,0,0]","1","0","0","40","52","40","52","12","0","0","[""arrowright"",""arrowleft"",""arrowleft"",""arrowleft"",""arrowright""]","[727,639,737,919,3128]","[50,41,25,33,61]","[50,0,0,0,61]","[[50,80.8449]]","[]","[]","[]","1","[]","[]","[]","[]","vertical","","","",""
"","","","","","horizons-trial","48","981267","0.0-44.0","","","","","5","[39,36,36,56,34]","[36,46,34,48,53]","""2023-06-15T17:31:42.553Z""","[0,1,0,1]","0","0","0","40","44","40","44","4","0","0","[""arrowleft"",""arrowright"",""arrowleft"",""arrowright"",""arrowright""]","[623,512,503,513,1240]","[39,46,36,48,53]","[39,46,36,0,53]","[[50,74.7685]]","[]","[]","[]","1","[]","[]","[]","[]","vertical","","","",""
"","","","","","horizons-trial","49","991347","0.0-45.0","","","","","10","[56,42,54,47,60,57,65,49,44,35]","[48,68,60,66,58,54,52,61,57,68]","""2023-06-15T17:31:52.634Z""","[0,1,0,1]","0","1","1","60","52","52","60","8","0","0","[""arrowleft"",""arrowright"",""arrowleft"",""arrowright"",""arrowright"",""arrowright"",""arrowright"",""arrowright"",""arrowright"",""arrowright""]","[662,616,503,960,1680,583,464,480,383,513]","[56,68,54,66,58,54,52,61,57,68]","[56,68,0,66,0,0,0,61,57,68]","[[71.4365,70.4282]]","[]","[]","[]","1","[]","[]","[]","[]","vertical","","","",""
"","","","","","horizons-trial","50","999355","0.0-46.0","","","","","5","[44,36,33,40,29]","[37,42,34,29,34]","""2023-06-15T17:32:00.642Z""","[1,0,1,1]","1","1","0","40","42","42","40","2","0","0","[""arrowright"",""arrowleft"",""arrowright"",""arrowright"",""arrowleft""]","[551,408,416,767,2599]","[37,36,34,29,29]","[0,0,34,0,0]","[[50,70.1389]]","[]","[]","[]","1","[]","[]","[]","[]","vertical","","","",""
"","","","","","horizons-trial","51","1010426","0.0-47.0","","","","","10","[45,60,42,41,67,44,48,48,51,67]","[53,40,28,46,38,37,41,29,38,53]","""2023-06-15T17:32:11.713Z""","[0,0,1,1]","0","1","1","40","52","52","40","12","0","0","[""arrowleft"",""arrowleft"",""arrowright"",""arrowright"",""arrowleft"",""arrowleft"",""arrowleft"",""arrowleft"",""arrowright"",""arrowleft""]","[614,400,480,655,1256,823,784,1359,519,529]","[45,60,28,46,67,44,48,48,38,67]","[0,60,0,46,67,44,48,48,0,67]","[[35.245,63.7731]]","[]","[]","[]","1","[]","[]","[]","[]","vertical","","","",""
"","","","","","horizons-trial","52","1020370","0.0-48.0","","","","","5","[26,44,47,45,41]","[44,48,32,43,49]","""2023-06-15T17:32:21.657Z""","[1,0,0,0]","1","0","0","40","42","40","42","2","0","0","[""arrowright"",""arrowleft"",""arrowleft"",""arrowleft"",""arrowright""]","[1550,560,488,951,2543]","[44,44,47,45,49]","[44,0,47,45,49]","[[50,59.1435]]","[]","[]","[]","1","[]","[]","[]","[]","vertical","","","",""
"","","","","","horizons-trial","53","1033242","0.0-49.0","","","","","10","[83,66,75,64,64,56,80,65,75,60]","[38,41,36,37,50,43,44,30,21,34]","""2023-06-15T17:32:34.529Z""","[0,1,1,1]","1","1","1","40","70","70","40","30","0","0","[""arrowleft"",""arrowright"",""arrowright"",""arrowright"",""arrowleft"",""arrowleft"",""arrowleft"",""arrowleft"",""arrowleft"",""arrowleft""]","[615,440,1031,1138,487,607,448,432,385,343]","[83,41,36,37,64,56,80,65,75,60]","[83,0,0,0,64,56,80,65,75,60]","[[80.902,83.4491]]","[]","[]","[]","1","[]","[]","[]","[]","vertical","","","",""
"","","","","","horizons-trial","54","1044002","0.0-50.0","","","","","10","[41,48,36,38,44,50,37,41,36,32]","[56,49,70,56,55,66,58,58,54,58]","""2023-06-15T17:32:45.289Z""","[0,1,1,1]","1","1","1","60","40","40","60","20","0","0","[""arrowleft"",""arrowright"",""arrowright"",""arrowright"",""arrowright"",""arrowright"",""arrowright"",""arrowright"",""arrowright"",""arrowright""]","[591,503,447,1065,2511,1000,431,536,439,424]","[41,49,70,56,55,66,58,58,54,58]","[0,49,70,56,55,66,58,58,54,58]","[[41.9265,67.8241]]","[]","[]","[]","1","[]","[]","[]","[]","vertical","","","",""
"","","","","","horizons-trial","55","1060106","0.0-51.0","","","","","10","[47,60,53,60,29,62,56,50,57,48]","[71,69,44,67,65,60,65,60,46,59]","""2023-06-15T17:33:01.393Z""","[1,0,1,1]","1","1","1","60","56","56","60","4","0","0","[""arrowright"",""arrowleft"",""arrowright"",""arrowright"",""arrowright"",""arrowright"",""arrowright"",""arrowright"",""arrowright"",""arrowright""]","[798,457,503,1199,4008,928,360,439,360,335]","[71,60,44,67,65,60,65,60,46,59]","[71,0,0,67,65,0,65,60,0,59]","[[63.6414,62.6157]]","[]","[]","[]","1","[]","[]","[]","[]","vertical","","","",""
"","","","","","horizons-trial","56","1071514","0.0-52.0","","","","","5","[33,37,37,35,26]","[67,49,52,46,66]","""2023-06-15T17:33:12.801Z""","[1,0,1,0]","0","0","0","40","60","40","60","20","0","0","[""arrowright"",""arrowleft"",""arrowright"",""arrowleft"",""arrowright""]","[520,392,335,376,1583]","[67,37,52,35,66]","[67,0,52,0,66]","[[50,84.6065]]","[]","[]","[]","1","[]","[]","[]","[]","vertical","","","",""
"","","","","","horizons-trial","57","1087730","0.0-53.0","","","","","10","[66,54,77,71,55,77,69,60,74,70]","[39,55,30,46,30,39,40,50,34,47]","""2023-06-15T17:33:29.016Z""","[1,0,0,1]","0","1","1","40","70","70","40","30","0","0","[""arrowright"",""arrowleft"",""arrowleft"",""arrowright"",""arrowleft"",""arrowleft"",""arrowleft"",""arrowleft"",""arrowleft"",""arrowleft""]","[638,520,464,648,1896,936,1871,1296,544,456]","[39,54,77,46,55,77,69,60,74,70]","[0,0,77,0,55,77,69,60,74,70]","[[64.4766,81.1343]]","[]","[]","[]","1","[]","[]","[]","[]","vertical","","","",""
"","","","","","horizons-trial","58","1098714","0.0-54.0","","","","","10","[34,38,25,27,50,43,45,39,29,34]","[44,35,35,43,40,31,50,49,39,49]","""2023-06-15T17:33:40.000Z""","[1,0,1,0]","0","0","1","40","42","40","42","2","0","0","[""arrowright"",""arrowleft"",""arrowright"",""arrowleft"",""arrowright"",""arrowright"",""arrowright"",""arrowright"",""arrowright"",""arrowleft""]","[597,344,488,352,1680,927,448,535,433,728]","[44,38,35,27,40,31,50,49,39,34]","[44,38,35,0,0,0,50,49,39,0]","[[43.5969,63.4838]]","[]","[]","[]","1","[]","[]","[]","[]","vertical","","","",""
"","","","","","horizons-trial","59","1105722","0.0-55.0","","","","","5","[36,31,46,44,45]","[74,95,68,70,75]","""2023-06-15T17:33:47.009Z""","[0,0,1,0]","1","0","0","40","70","40","70","30","0","0","[""arrowleft"",""arrowleft"",""arrowright"",""arrowleft"",""arrowright""]","[631,352,440,392,1415]","[36,31,68,44,75]","[0,0,68,0,75]","[[50,84.8958]]","[]","[]","[]","1","[]","[]","[]","[]","vertical","","","",""
"","","","","","horizons-trial","60","1115538","0.0-56.0","","","","","10","[45,52,46,60,60,51,63,64,66,52]","[59,57,61,57,64,62,70,58,74,58]","""2023-06-15T17:33:56.824Z""","[0,0,1,1]","0","0","1","60","58","60","58","2","0","0","[""arrowleft"",""arrowleft"",""arrowright"",""arrowright"",""arrowright"",""arrowright"",""arrowright"",""arrowright"",""arrowright"",""arrowright""]","[678,400,511,600,1448,1375,416,400,432,360]","[45,52,61,57,64,62,70,58,74,58]","[0,0,61,0,64,62,70,0,74,58]","[[50.2784,76.5046]]","[]","[]","[]","1","[]","[]","[]","[]","vertical","","","",""
"","","","","","horizons-trial","61","1131642","0.0-57.0","","","","","10","[34,52,41,42,40,31,58,30,41,48]","[42,54,37,50,42,29,37,52,30,34]","""2023-06-15T17:34:12.929Z""","[0,1,0,1]","0","1","1","40","42","42","40","2","0","0","[""arrowleft"",""arrowright"",""arrowleft"",""arrowright"",""arrowright"",""arrowright"",""arrowright"",""arrowleft"",""arrowright"",""arrowleft""]","[631,471,319,640,1800,1056,1216,488,575,647]","[34,54,41,50,42,29,37,30,30,48]","[0,54,41,50,42,0,0,0,0,48]","[[63.0846,55.6713]]","[]","[]","[]","1","[]","[]","[]","[]","vertical","","","",""
"","","","","","horizons-trial","62","1143633","0.0-58.0","","","","","10","[33,44,44,44,25,47,35,48,33,34]","[53,57,70,63,47,65,59,60,59,59]","""2023-06-15T17:34:24.920Z""","[1,1,1,0]","1","0","1","40","60","40","60","20","0","0","[""arrowright"",""arrowright"",""arrowright"",""arrowleft"",""arrowright"",""arrowright"",""arrowright"",""arrowright"",""arrowright"",""arrowright""]","[535,463,600,472,831,928,488,1304,655,1664]","[53,57,70,44,47,65,59,60,59,59]","[53,57,70,0,47,65,59,60,59,59]","[[82.8508,86.9213]]","[]","[]","[]","1","[]","[]","[]","[]","vertical","","","",""
"","","","","","horizons-trial","63","1153738","0.0-59.0","","","","","5","[50,61,66,50,60]","[62,68,56,57,64]","""2023-06-15T17:34:35.024Z""","[0,0,1,1]","0","1","0","60","56","56","60","4","0","0","[""arrowleft"",""arrowleft"",""arrowright"",""arrowright"",""arrowright""]","[734,696,519,1047,3360]","[50,61,56,57,64]","[0,0,0,57,64]","[[50,60.0116]]","[]","[]","[]","1","[]","[]","[]","[]","vertical","","","",""
"","","","","","horizons-trial","64","1170049","0.0-60.0","","","","","10","[44,49,24,44,53,53,54,37,47,55]","[59,60,62,67,60,65,54,72,53,63]","""2023-06-15T17:34:51.336Z""","[1,0,0,0]","1","1","1","60","48","48","60","12","0","0","[""arrowright"",""arrowleft"",""arrowleft"",""arrowleft"",""arrowright"",""arrowright"",""arrowright"",""arrowright"",""arrowright"",""arrowright""]","[871,416,471,728,2016,792,1151,640,456,336]","[59,49,24,44,60,65,54,72,53,63]","[59,0,0,0,60,65,54,72,53,63]","[[65.5902,52.4884]]","[]","[]","[]","1","[]","[]","[]","[]","vertical","","","",""
"","","","","","horizons-trial","65","1178730","0.0-61.0","","","","","5","[65,73,67,64,39]","[57,54,57,61,42]","""2023-06-15T17:35:00.015Z""","[0,0,1,1]","0","0","0","60","52","60","52","8","0","0","[""arrowleft"",""arrowleft"",""arrowright"",""arrowright"",""arrowleft""]","[622,409,607,784,1576]","[65,73,57,61,39]","[65,73,0,0,0]","[[50,67.24539999999999]]","[]","[]","[]","1","[]","[]","[]","[]","vertical","","","",""
"","","","","","horizons-trial","66","1194241","0.0-62.0","","","","","10","[48,49,66,70,70,55,53,62,59,62]","[53,47,44,47,67,57,35,52,58,49]","""2023-06-15T17:35:15.528Z""","[0,0,1,0]","1","0","1","60","59","60","59","1","0","0","[""arrowleft"",""arrowleft"",""arrowright"",""arrowleft"",""arrowleft"",""arrowleft"",""arrowleft"",""arrowleft"",""arrowleft"",""arrowleft""]","[534,304,519,465,4511,936,1072,728,712,704]","[48,49,44,70,70,55,53,62,59,62]","[0,49,0,70,70,0,53,62,59,62]","[[43.3185,60.0116]]","[]","[]","[]","1","[]","[]","[]","[]","vertical","","","",""
"","","","","","horizons-trial","67","1209905","0.0-63.0","","","","","10","[42,50,36,34,29,47,38,39,43,31]","[38,36,54,20,29,43,49,47,37,34]","""2023-06-15T17:35:31.192Z""","[1,1,1,0]","1","1","1","40","41","41","40","1","0","0","[""arrowright"",""arrowright"",""arrowright"",""arrowleft"",""arrowright"",""arrowleft"",""arrowleft"",""arrowright"",""arrowright"",""arrowleft""]","[798,423,480,648,5096,1192,528,536,848,495]","[38,36,54,34,29,47,38,47,37,31]","[0,0,54,34,29,47,0,47,0,0]","[[42.2049,39.4676]]","[]","[]","[]","1","[]","[]","[]","[]","vertical","","","",""
"","","","","","horizons-trial","68","1219665","0.0-64.0","","","","","10","[53,57,44,64,71,55,58,48,52,66]","[63,68,51,58,67,68,66,69,74,52]","""2023-06-15T17:35:40.952Z""","[1,0,0,1]","0","1","1","60","58","58","60","2","0","0","[""arrowright"",""arrowleft"",""arrowleft"",""arrowright"",""arrowright"",""arrowright"",""arrowright"",""arrowright"",""arrowright"",""arrowright""]","[559,391,456,719,1264,824,368,376,400,368]","[63,57,44,58,67,68,66,69,74,52]","[63,0,0,0,0,68,66,69,74,0]","[[58.3519,57.6968]]","[]","[]","[]","1","[]","[]","[]","[]","vertical","","","",""
"","","","","","horizons-trial","69","1233441","0.0-65.0","","","","","5","[19,25,57,48,28]","[43,35,40,52,53]","""2023-06-15T17:35:54.727Z""","[0,1,1,0]","0","0","0","40","41","40","41","1","0","0","[""arrowleft"",""arrowright"",""arrowright"",""arrowleft"",""arrowright""]","[790,415,768,767,6248]","[19,35,40,48,53]","[0,35,0,0,53]","[[50,42.9398]]","[]","[]","[]","1","[]","[]","[]","[]","vertical","","","",""
"","","","","","horizons-trial","70","1246097","0.0-66.0","","","","","10","[68,64,49,58,62,45,45,43,37,44]","[58,57,44,77,53,56,56,43,54,61]","""2023-06-15T17:36:07.384Z""","[0,1,1,0]","0","1","1","60","48","48","60","12","0","0","[""arrowleft"",""arrowright"",""arrowright"",""arrowleft"",""arrowleft"",""arrowleft"",""arrowleft"",""arrowleft"",""arrowright"",""arrowright""]","[671,392,464,2487,1888,487,336,528,664,519]","[68,57,44,58,62,45,45,43,54,61]","[68,0,0,0,62,0,0,43,54,61]","[[65.5902,60.5903]]","[]","[]","[]","1","[]","[]","[]","[]","vertical","","","",""
"","","","","","horizons-trial","71","1257457","0.0-67.0","","","","","5","[41,42,41,56,56]","[58,52,57,56,63]","""2023-06-15T17:36:18.744Z""","[1,0,0,1]","0","1","0","60","52","52","60","8","0","0","[""arrowright"",""arrowleft"",""arrowleft"",""arrowright"",""arrowright""]","[3062,383,984,888,1280]","[58,42,41,56,63]","[58,0,0,56,63]","[[50,78.5301]]","[]","[]","[]","1","[]","[]","[]","[]","vertical","","","",""
"","","","","","horizons-trial","72","1301784","0.0-68.0","","","","","5","[52,57,60,64,61]","[69,54,53,52,63]","""2023-06-15T17:37:03.071Z""","[1,1,0,0]","0","1","0","60","59","59","60","1","0","0","[""arrowright"",""arrowright"",""arrowleft"",""arrowleft"",""arrowleft""]","[35519,552,456,495,3272]","[69,54,60,64,61]","[69,0,60,64,0]","[[50,62.037]]","[]","[]","[]","1","[]","[]","[]","[]","vertical","","","",""
"","","","","","horizons-trial","73","1320696","0.0-69.0","","","","","10","[24,40,37,50,42,31,30,36,28,46]","[36,43,60,38,53,48,54,43,47,50]","""2023-06-15T17:37:21.983Z""","[1,0,1,1]","1","0","1","40","48","40","48","8","0","0","[""arrowright"",""arrowleft"",""arrowright"",""arrowright"",""arrowright"",""arrowright"",""arrowright"",""arrowright"",""arrowright"",""arrowleft""]","[518,376,624,487,3529,1032,1344,592,1240,969]","[36,40,60,38,53,48,54,43,47,46]","[36,0,60,0,53,48,54,43,47,0]","[[56.9599,39.7569]]","[]","[]","[]","1","[]","[]","[]","[]","vertical","","","",""
"","","","","","horizons-trial","74","1329712","0.0-70.0","","","","","5","[54,68,46,54,56]","[60,67,67,53,60]","""2023-06-15T17:37:30.999Z""","[1,1,0,0]","0","1","0","60","48","48","60","12","0","0","[""arrowright"",""arrowright"",""arrowleft"",""arrowleft"",""arrowright""]","[503,568,496,703,2609]","[60,67,46,54,60]","[60,0,0,54,60]","[[50,85.4745]]","[]","[]","[]","1","[]","[]","[]","[]","vertical","","","",""
"","","","","","horizons-trial","75","1337664","0.0-71.0","","","","","5","[64,55,70,50,54]","[33,13,26,28,28]","""2023-06-15T17:37:38.951Z""","[0,0,0,1]","1","0","0","60","30","60","30","30","0","0","[""arrowleft"",""arrowleft"",""arrowleft"",""arrowright"",""arrowleft""]","[677,335,375,1047,1623]","[64,55,70,28,54]","[64,55,70,0,54]","[[50,92.70833]]","[]","[]","[]","1","[]","[]","[]","[]","vertical","","","",""
"","","","","","horizons-trial","76","1346776","0.0-72.0","","","","","5","[48,56,40,33,35]","[49,57,54,39,58]","""2023-06-15T17:37:48.063Z""","[0,1,0,1]","0","0","0","40","48","40","48","8","0","0","[""arrowleft"",""arrowright"",""arrowleft"",""arrowright"",""arrowright""]","[647,440,351,552,4040]","[48,57,40,39,58]","[0,57,0,39,58]","[[50,64.3518]]","[]","[]","[]","1","[]","[]","[]","[]","vertical","","","",""
"","","","","","horizons-trial","77","1360984","0.0-73.0","","","","","10","[42,62,57,53,49,56,65,59,45,63]","[56,53,62,58,49,53,56,58,51,55]","""2023-06-15T17:38:02.270Z""","[0,1,1,0]","0","0","1","60","56","60","56","4","0","0","[""arrowleft"",""arrowright"",""arrowright"",""arrowleft"",""arrowright"",""arrowright"",""arrowright"",""arrowright"",""arrowright"",""arrowright""]","[567,448,615,631,2577,1239,487,391,375,439]","[42,53,62,53,49,53,56,58,51,55]","[0,0,62,0,49,0,0,0,51,0]","[[59.1871,68.6921]]","[]","[]","[]","1","[]","[]","[]","[]","vertical","","","",""
"","","","","","horizons-trial","78","1369072","0.0-74.0","","","","","5","[68,58,48,55,57]","[55,62,58,61,55]","""2023-06-15T17:38:10.359Z""","[0,1,0,1]","0","0","0","60","59","60","59","1","0","0","[""arrowleft"",""arrowright"",""arrowleft"",""arrowright"",""arrowright""]","[519,383,184,720,3040]","[68,62,48,61,55]","[68,62,0,61,0]","[[50,71.2963]]","[]","[]","[]","1","[]","[]","[]","[]","vertical","","","",""
"","","","","","horizons-trial","79","1382168","0.0-75.0","","","","","10","[40,36,41,38,30,41,30,39,33,23]","[54,53,47,64,60,59,78,68,64,62]","""2023-06-15T17:38:23.454Z""","[1,1,0,0]","0","1","1","60","40","40","60","20","0","0","[""arrowright"",""arrowright"",""arrowleft"",""arrowleft"",""arrowright"",""arrowright"",""arrowright"",""arrowright"",""arrowright"",""arrowright""]","[799,416,464,519,1585,952,352,320,352,344]","[54,53,41,38,60,59,78,68,64,62]","[54,53,0,0,60,59,78,68,64,62]","[[56.4031,66.37729999999999]]","[]","[]","[]","1","[]","[]","[]","[]","vertical","","","",""
"","","","","","horizons-trial","80","1391943","0.0-76.0","","","","","10","[29,21,37,34,39,25,28,45,38,25]","[67,70,51,53,55,54,58,50,63,67]","""2023-06-15T17:38:33.230Z""","[0,1,1,1]","1","1","1","60","30","30","60","30","0","0","[""arrowleft"",""arrowright"",""arrowright"",""arrowright"",""arrowright"",""arrowright"",""arrowright"",""arrowright"",""arrowright"",""arrowright""]","[614,352,895,1128,1407,631,328,312,343,399]","[29,70,51,53,55,54,58,50,63,67]","[0,70,51,53,55,54,58,50,63,67]","[[66.7038,77.3727]]","[]","[]","[]","1","[]","[]","[]","[]","vertical","","","",""
"","","","","","horizons-trial","81","1430304","0.0-77.0","","","","","5","[54,48,37,36,53]","[37,29,50,32,51]","""2023-06-15T17:39:11.590Z""","[1,1,0,0]","0","1","0","40","48","48","40","8","0","0","[""arrowright"",""arrowright"",""arrowleft"",""arrowleft"",""arrowleft""]","[29871,400,1176,600,2416]","[37,29,37,36,53]","[0,0,0,36,53]","[[50,35.416700000000006]]","[]","[]","[]","1","[]","[]","[]","[]","vertical","","","",""
"","","","","","horizons-trial","82","1437831","0.0-78.0","","","","","5","[57,59,55,72,58]","[43,79,66,55,51]","""2023-06-15T17:39:19.118Z""","[0,0,0,1]","1","0","0","60","59","60","59","1","0","0","[""arrowleft"",""arrowleft"",""arrowleft"",""arrowright"",""arrowleft""]","[584,343,431,456,1769]","[57,59,55,55,58]","[57,0,0,0,58]","[[50,52.1991]]","[]","[]","[]","1","[]","[]","[]","[]","vertical","","","",""
"","","","","","horizons-trial","83","1452351","0.0-79.0","","","","","10","[40,52,39,41,34,36,34,54,43,51]","[50,48,66,52,57,36,50,50,48,43]","""2023-06-15T17:39:33.638Z""","[0,0,1,1]","0","0","1","40","52","40","52","12","0","0","[""arrowleft"",""arrowleft"",""arrowright"",""arrowright"",""arrowright"",""arrowright"",""arrowright"",""arrowright"",""arrowright"",""arrowleft""]","[662,288,512,431,1745,560,1847,1152,456,1752]","[40,52,66,52,57,36,50,50,48,51]","[0,52,66,52,57,36,50,0,48,51]","[[62.5278,66.37729999999999]]","[]","[]","[]","1","[]","[]","[]","[]","vertical","","","",""
"","","","","","horizons-trial","84","1462719","0.0-80.0","","","","","10","[54,74,68,45,55,51,67,54,60,70]","[56,64,65,63,68,64,58,56,58,72]","""2023-06-15T17:39:44.006Z""","[0,1,1,0]","0","1","1","60","59","59","60","1","0","0","[""arrowleft"",""arrowright"",""arrowright"",""arrowleft"",""arrowright"",""arrowright"",""arrowright"",""arrowright"",""arrowright"",""arrowright""]","[839,399,688,544,792,791,423,336,352,360]","[54,64,65,45,68,64,58,56,58,72]","[0,0,0,0,68,64,0,56,0,72]","[[71.1581,81.1343]]","[]","[]","[]","1","[]","[]","[]","[]","vertical","","","",""
"","","","","","horizons-trial","85","1473431","0.0-81.0","","","","","10","[41,45,43,47,41,24,33,33,20,26]","[59,82,80,77,69,64,72,80,79,70]","""2023-06-15T17:39:54.718Z""","[0,1,0,1]","0","0","1","40","70","40","70","30","0","0","[""arrowleft"",""arrowright"",""arrowleft"",""arrowright"",""arrowright"",""arrowright"",""arrowright"",""arrowright"",""arrowright"",""arrowright""]","[623,376,440,511,1464,671,311,280,327,328]","[41,82,43,77,69,64,72,80,79,70]","[0,82,0,77,69,64,72,80,79,70]","[[86.1915,89.5255]]","[]","[]","[]","1","[]","[]","[]","[]","vertical","","","",""
"","","","","","horizons-trial","86","1493311","0.0-82.0","","","","","10","[53,49,56,28,47,38,41,48,40,37]","[46,32,24,37,24,37,33,34,42,38]","""2023-06-15T17:40:14.598Z""","[1,0,1,0]","0","1","1","40","44","44","40","4","0","0","[""arrowright"",""arrowleft"",""arrowright"",""arrowleft"",""arrowleft"",""arrowright"",""arrowleft"",""arrowright"",""arrowleft"",""arrowleft""]","[549,409,351,424,3983,1904,655,633,536,599]","[46,49,24,28,47,37,41,34,40,37]","[0,49,0,0,47,0,41,0,0,0]","[[38.5857,40.0463]]","[]","[]","[]","1","[]","[]","[]","[]","vertical","","","",""
"","","","","","horizons-trial","87","1501671","0.0-83.0","","","","","5","[72,68,58,45,49]","[64,48,28,47,56]","""2023-06-15T17:40:22.958Z""","[1,0,0,0]","1","0","0","60","48","60","48","12","0","0","[""arrowright"",""arrowleft"",""arrowleft"",""arrowleft"",""arrowleft""]","[470,440,416,488,3096]","[64,68,58,45,49]","[0,68,58,0,0]","[[50,58.8542]]","[]","[]","[]","1","[]","[]","[]","[]","vertical","","","",""
"","","","","","horizons-trial","88","1509054","0.0-84.0","","","","","5","[57,46,62,76,52]","[45,46,21,19,46]","""2023-06-15T17:40:30.341Z""","[1,0,1,1]","1","1","0","40","52","52","40","12","0","0","[""arrowright"",""arrowleft"",""arrowright"",""arrowright"",""arrowleft""]","[751,352,504,960,1200]","[45,46,21,19,52]","[0,46,0,0,52]","[[50,72.743]]","[]","[]","[]","1","[]","[]","[]","[]","vertical","","","",""
"","","","","","horizons-trial","89","1515662","0.0-85.0","","","","","5","[50,77,63,63,69]","[39,45,39,45,41]","""2023-06-15T17:40:36.949Z""","[1,0,0,0]","1","0","0","60","40","60","40","20","0","0","[""arrowright"",""arrowleft"",""arrowleft"",""arrowleft"",""arrowleft""]","[487,344,480,502,1192]","[39,77,63,63,69]","[0,77,63,63,69]","[[50,88.3681]]","[]","[]","[]","1","[]","[]","[]","[]","vertical","","","",""
"","","","","","horizons-trial","90","1531542","0.0-86.0","","","","","10","[28,41,40,44,41,42,42,35,35,38]","[46,33,32,48,30,51,47,18,39,48]","""2023-06-15T17:40:52.829Z""","[1,0,0,1]","0","0","1","40","41","40","41","1","0","0","[""arrowright"",""arrowleft"",""arrowleft"",""arrowright"",""arrowright"",""arrowright"",""arrowright"",""arrowleft"",""arrowright"",""arrowright""]","[487,312,503,536,2711,2231,2351,759,544,991]","[46,41,40,48,30,51,47,35,39,48]","[46,41,40,48,0,51,47,35,39,48]","[[44.9889,59.1435]]","[]","[]","[]","1","[]","[]","[]","[]","vertical","","","",""
"","","","","","horizons-trial","91","1540807","0.0-87.0","","","","","10","[45,39,30,39,37,44,42,43,32,29]","[47,49,52,43,51,42,55,51,51,40]","""2023-06-15T17:41:02.093Z""","[1,1,1,0]","1","0","1","40","52","40","52","12","0","0","[""arrowright"",""arrowright"",""arrowright"",""arrowleft"",""arrowright"",""arrowright"",""arrowright"",""arrowright"",""arrowright"",""arrowright""]","[502,400,424,639,1463,863,344,527,312,360]","[47,49,52,39,51,42,55,51,51,40]","[47,49,52,0,51,0,55,51,51,40]","[[59.7439,75.9259]]","[]","[]","[]","1","[]","[]","[]","[]","vertical","","","",""
"","","","","","horizons-trial","92","1549758","0.0-88.0","","","","","5","[41,35,44,44,40]","[42,41,29,35,36]","""2023-06-15T17:41:11.045Z""","[1,1,0,1]","1","1","0","40","41","41","40","1","0","0","[""arrowright"",""arrowright"",""arrowleft"",""arrowright"",""arrowleft""]","[431,936,559,455,3224]","[42,41,44,35,40]","[42,41,44,0,40]","[[50,35.706]]","[]","[]","[]","1","[]","[]","[]","[]","vertical","","","",""
"","","","","","horizons-trial","93","1557327","0.0-89.0","","","","","5","[62,70,47,63,68]","[45,17,26,26,38]","""2023-06-15T17:41:18.613Z""","[0,1,0,1]","0","0","0","60","30","60","30","30","0","0","[""arrowleft"",""arrowright"",""arrowleft"",""arrowright"",""arrowleft""]","[583,432,416,655,936]","[62,17,47,26,68]","[62,0,47,0,68]","[[50,81.4236]]","[]","[]","[]","1","[]","[]","[]","[]","vertical","","","",""
"","","","","","horizons-trial","94","1567487","0.0-90.0","","","","","10","[48,37,39,45,47,48,52,40,48,40]","[46,43,32,30,39,25,50,50,36,34]","""2023-06-15T17:41:28.773Z""","[0,1,1,1]","1","1","1","40","44","44","40","4","0","0","[""arrowleft"",""arrowright"",""arrowright"",""arrowright"",""arrowleft"",""arrowleft"",""arrowleft"",""arrowleft"",""arrowleft"",""arrowleft""]","[575,384,456,911,1591,1312,511,456,368,400]","[48,43,32,30,47,48,52,40,48,40]","[48,43,0,0,47,48,52,0,48,40]","[[44.7105,63.7731]]","[]","[]","[]","1","[]","[]","[]","[]","vertical","","","",""
"","","","","","horizons-trial","95","1578654","0.0-91.0","","","","","10","[42,46,36,50,45,40,44,54,45,56]","[44,30,46,30,51,40,29,45,41,40]","""2023-06-15T17:41:39.941Z""","[0,1,1,0]","0","1","1","40","48","48","40","8","0","0","[""arrowleft"",""arrowright"",""arrowright"",""arrowleft"",""arrowleft"",""arrowleft"",""arrowright"",""arrowleft"",""arrowleft"",""arrowleft""]","[582,377,536,647,2328,1688,656,456,448,368]","[42,30,46,50,45,40,29,54,45,56]","[0,0,46,50,0,40,0,54,45,56]","[[42.2049,46.412]]","[]","[]","[]","1","[]","[]","[]","[]","vertical","","","",""
"","","","","","horizons-trial","96","1588886","0.0-92.0","","","","","5","[50,40,38,54,40]","[63,50,49,51,48]","""2023-06-15T17:41:50.173Z""","[0,0,0,1]","1","1","0","60","48","48","60","12","0","0","[""arrowleft"",""arrowleft"",""arrowleft"",""arrowright"",""arrowright""]","[671,559,1056,520,2815]","[50,40,38,51,48]","[0,0,0,0,48]","[[50,56.25]]","[]","[]","[]","1","[]","[]","[]","[]","vertical","","","",""
"","","","","","horizons-trial","97","1595686","0.0-93.0","","","","","5","[64,49,63,59,56]","[39,33,35,45,42]","""2023-06-15T17:41:56.973Z""","[1,0,0,1]","0","1","0","40","60","60","40","20","0","0","[""arrowright"",""arrowleft"",""arrowleft"",""arrowright"",""arrowleft""]","[455,399,480,584,1720]","[39,49,63,45,56]","[0,49,63,0,56]","[[50,76.794]]","[]","[]","[]","1","[]","[]","[]","[]","vertical","","","",""
"","","","","","horizons-trial","98","1605686","0.0-94.0","","","","","10","[60,71,50,60,55,50,58,70,64,39]","[51,51,54,49,45,57,56,36,83,57]","""2023-06-15T17:42:06.973Z""","[1,0,0,0]","1","0","1","60","56","60","56","4","0","0","[""arrowright"",""arrowleft"",""arrowleft"",""arrowleft"",""arrowleft"",""arrowleft"",""arrowleft"",""arrowleft"",""arrowleft"",""arrowleft""]","[502,374,464,1160,1368,1216,464,328,296,304]","[51,71,50,60,55,50,58,70,64,39]","[0,71,0,60,55,0,58,70,0,0]","[[80.0668,81.4236]]","[]","[]","[]","1","[]","[]","[]","[]","vertical","","","",""
"","","","","","horizons-trial","99","1615454","0.0-95.0","","","","","5","[56,56,43,76,46]","[62,54,49,45,48]","""2023-06-15T17:42:16.740Z""","[1,0,0,1]","0","0","0","60","58","60","58","2","0","0","[""arrowright"",""arrowleft"",""arrowleft"",""arrowright"",""arrowright""]","[527,368,504,800,4024]","[62,56,43,45,48]","[62,56,0,0,48]","[[50,67.5347]]","[]","[]","[]","1","[]","[]","[]","[]","vertical","","","",""
"","","","","","horizons-trial","100","1626158","0.0-96.0","","","","","5","[68,55,62,70,47]","[56,60,59,49,61]","""2023-06-15T17:42:27.445Z""","[1,1,0,1]","1","1","0","60","58","58","60","2","0","0","[""arrowright"",""arrowright"",""arrowleft"",""arrowright"",""arrowright""]","[485,377,400,480,6176]","[56,60,62,49,61]","[0,60,62,0,61]","[[50,62.9051]]","[]","[]","[]","1","[]","[]","[]","[]","vertical","","","",""
"","","","","","horizons-trial","101","1634494","0.0-97.0","","","","","5","[54,67,77,86,80]","[56,25,37,61,45]","""2023-06-15T17:42:35.780Z""","[0,1,0,1]","0","1","0","40","70","70","40","30","0","0","[""arrowleft"",""arrowright"",""arrowleft"",""arrowright"",""arrowleft""]","[942,536,431,1992,1320]","[54,25,77,61,80]","[0,0,77,0,80]","[[50,71.5856]]","[]","[]","[]","1","[]","[]","[]","[]","vertical","","","",""
"","","","","","horizons-trial","102","1643342","0.0-98.0","","","","","5","[48,47,63,65,60]","[64,54,44,59,51]","""2023-06-15T17:42:44.629Z""","[0,1,1,1]","1","1","0","60","52","52","60","8","0","0","[""arrowleft"",""arrowright"",""arrowright"",""arrowright"",""arrowright""]","[503,400,512,752,2591]","[48,54,44,59,51]","[0,54,0,0,0]","[[50,59.4329]]","[]","[]","[]","1","[]","[]","[]","[]","vertical","","","",""
"","","","","","horizons-trial","103","1650438","0.0-99.0","","","","","5","[74,71,70,43,59]","[45,47,33,23,43]","""2023-06-15T17:42:51.724Z""","[0,0,0,1]","1","1","0","40","70","70","40","30","0","0","[""arrowleft"",""arrowleft"",""arrowleft"",""arrowright"",""arrowleft""]","[558,337,520,472,1247]","[74,71,70,23,59]","[74,71,70,0,59]","[[50,92.99768]]","[]","[]","[]","1","[]","[]","[]","[]","vertical","","","",""
"","","","","","horizons-trial","104","1658622","0.0-100.0","","","","","10","[67,62,64,64,58,56,65,40,68,66]","[52,36,47,28,35,50,49,40,41,49]","""2023-06-15T17:42:59.908Z""","[0,1,0,1]","0","0","1","60","40","60","40","20","0","0","[""arrowleft"",""arrowright"",""arrowleft"",""arrowright"",""arrowleft"",""arrowleft"",""arrowleft"",""arrowleft"",""arrowleft"",""arrowleft""]","[550,343,272,552,504,1095,304,327,288,392]","[67,36,64,28,58,56,65,40,68,66]","[67,0,64,0,58,56,65,40,68,66]","[[74.4989,79.3981]]","[]","[]","[]","1","[]","[]","[]","[]","vertical","","","",""
"","","","","","horizons-trial","105","1672813","0.0-101.0","","","","","10","[60,35,29,37,44,36,42,45,38,45]","[43,39,45,60,38,33,37,35,47,37]","""2023-06-15T17:43:14.100Z""","[1,0,0,0]","1","1","1","40","42","42","40","2","0","0","[""arrowright"",""arrowleft"",""arrowleft"",""arrowleft"",""arrowright"",""arrowright"",""arrowleft"",""arrowleft"",""arrowleft"",""arrowleft""]","[1311,424,520,736,1696,911,511,584,399,712]","[43,35,29,37,38,33,42,45,38,45]","[0,0,0,0,0,0,42,45,0,45]","[[50.8352,34.259299999999996]]","[]","[]","[]","1","[]","[]","[]","[]","vertical","","","",""
"","","","","","horizons-trial","106","1685062","0.0-102.0","","","","","10","[26,47,35,42,37,34,37,41,42,43]","[72,78,74,74,76,74,76,64,61,66]","""2023-06-15T17:43:26.348Z""","[1,1,0,1]","1","0","1","40","70","40","70","30","0","0","[""arrowright"",""arrowright"",""arrowleft"",""arrowright"",""arrowright"",""arrowright"",""arrowright"",""arrowright"",""arrowright"",""arrowright""]","[598,401,728,704,983,681,287,263,248,255]","[72,78,35,74,76,74,76,64,61,66]","[72,78,0,74,76,74,76,64,61,66]","[[87.0267,86.6319]]","[]","[]","[]","1","[]","[]","[]","[]","vertical","","","",""
"","","","","","horizons-trial","107","1693598","0.0-103.0","","","","","5","[44,39,36,53,55]","[29,44,48,47,19]","""2023-06-15T17:43:34.884Z""","[0,1,0,1]","0","1","0","40","44","44","40","4","0","0","[""arrowleft"",""arrowright"",""arrowleft"",""arrowright"",""arrowright""]","[623,599,416,1208,1816]","[44,44,36,47,19]","[44,44,0,0,0]","[[50,56.8287]]","[]","[]","[]","1","[]","[]","[]","[]","vertical","","","",""
"","","","","","horizons-trial","108","1700790","0.0-104.0","","","","","5","[44,57,58,57,51]","[52,55,63,70,61]","""2023-06-15T17:43:42.077Z""","[1,0,0,0]","1","0","0","60","56","60","56","4","0","0","[""arrowright"",""arrowleft"",""arrowleft"",""arrowleft"",""arrowleft""]","[503,352,464,735,1585]","[52,57,58,57,51]","[52,57,0,0,0]","[[50,68.4028]]","[]","[]","[]","1","[]","[]","[]","[]","vertical","","","",""
"","","","","","horizons-trial","109","1707454","0.0-105.0","","","","","5","[43,33,37,41,31]","[39,68,60,58,58]","""2023-06-15T17:43:48.740Z""","[1,1,0,0]","0","1","0","60","40","40","60","20","0","0","[""arrowright"",""arrowright"",""arrowleft"",""arrowleft"",""arrowright""]","[599,383,520,800,951]","[39,68,37,41,58]","[0,68,0,0,58]","[[50,64.0625]]","[]","[]","[]","1","[]","[]","[]","[]","vertical","","","",""
"","","","","","horizons-trial","110","1725725","0.0-106.0","","","","","10","[47,58,59,53,59,69,50,54,59,45]","[28,26,18,26,37,17,29,37,27,33]","""2023-06-15T17:44:07.012Z""","[0,1,1,1]","1","0","1","60","30","60","30","30","0","0","[""arrowleft"",""arrowright"",""arrowright"",""arrowright"",""arrowleft"",""arrowleft"",""arrowleft"",""arrowleft"",""arrowleft"",""arrowleft""]","[551,439,688,847,1463,864,353,262,305,335]","[47,26,18,26,59,69,50,54,59,45]","[47,0,0,0,59,69,50,54,59,45]","[[77.5612,56.25]]","[]","[]","[]","1","[]","[]","[]","[]","vertical","","","",""
"","","","","","horizons-trial","111","1732790","0.0-107.0","","","","","5","[34,51,36,46,29]","[80,66,77,62,83]","""2023-06-15T17:44:14.076Z""","[1,0,0,1]","0","0","0","40","70","40","70","30","0","0","[""arrowright"",""arrowleft"",""arrowleft"",""arrowright"",""arrowright""]","[830,343,583,1167,793]","[80,51,36,62,83]","[80,0,0,62,83]","[[50,92.70833]]","[]","[]","[]","1","[]","[]","[]","[]","vertical","","","",""
"","","","","","horizons-trial","112","1748757","0.0-108.0","","","","","10","[63,67,64,47,76,76,65,56,61,51]","[43,32,49,37,46,32,50,27,39,44]","""2023-06-15T17:44:30.044Z""","[1,1,0,0]","0","1","1","40","60","60","40","20","0","0","[""arrowright"",""arrowright"",""arrowleft"",""arrowleft"",""arrowleft"",""arrowleft"",""arrowleft"",""arrowleft"",""arrowleft"",""arrowleft""]","[526,312,512,456,1448,1440,319,312,304,271]","[43,32,64,47,76,76,65,56,61,51]","[0,0,64,47,76,76,65,56,61,51]","[[61.971,56.5393]]","[]","[]","[]","1","[]","[]","[]","[]","vertical","","","",""
"","","","","","horizons-trial","113","1763981","0.0-109.0","","","","","10","[37,50,34,46,36,34,37,34,59,53]","[43,39,44,44,37,36,51,55,38,50]","""2023-06-15T17:44:45.267Z""","[1,0,0,0]","1","0","1","40","44","40","44","4","0","0","[""arrowright"",""arrowleft"",""arrowleft"",""arrowleft"",""arrowright"",""arrowright"",""arrowleft"",""arrowleft"",""arrowright"",""arrowright""]","[598,344,512,832,551,1056,304,1248,400,561]","[43,50,34,46,37,36,37,34,38,50]","[43,50,0,46,37,36,0,0,0,0]","[[56.4031,37.7315]]","[]","[]","[]","1","[]","[]","[]","[]","vertical","","","",""
"","","","","","horizons-trial","114","1779221","0.0-110.0","","","","","10","[53,72,55,61,49,52,58,60,57,63]","[80,51,57,59,54,58,60,52,62,68]","""2023-06-15T17:45:00.507Z""","[0,0,1,0]","1","0","1","60","58","60","58","2","0","0","[""arrowleft"",""arrowleft"",""arrowright"",""arrowleft"",""arrowleft"",""arrowleft"",""arrowleft"",""arrowleft"",""arrowleft"",""arrowleft""]","[599,368,720,376,1312,968,414,425,335,264]","[53,72,57,61,49,52,58,60,57,63]","[0,72,57,61,0,0,0,60,0,0]","[[70.6013,63.7731]]","[]","[]","[]","1","[]","[]","[]","[]","vertical","","","",""
"","","","","","horizons-trial","115","1789573","0.0-111.0","","","","","5","[52,45,37,45,43]","[35,44,58,39,38]","""2023-06-15T17:45:10.860Z""","[0,1,0,0]","1","1","0","40","44","44","40","4","0","0","[""arrowleft"",""arrowright"",""arrowleft"",""arrowleft"",""arrowleft""]","[558,504,303,1167,3840]","[52,44,37,45,43]","[52,0,0,45,43]","[[50,60.0116]]","[]","[]","[]","1","[]","[]","[]","[]","vertical","","","",""
"","","","","","horizons-trial","116","1802501","0.0-112.0","","","","","10","[45,43,48,38,38,31,43,33,32,42]","[48,53,44,44,55,38,40,34,50,39]","""2023-06-15T17:45:23.788Z""","[1,1,1,0]","1","0","1","40","42","40","42","2","0","0","[""arrowright"",""arrowright"",""arrowright"",""arrowleft"",""arrowleft"",""arrowright"",""arrowright"",""arrowright"",""arrowleft"",""arrowright""]","[479,439,528,544,2943,880,408,448,448,568]","[48,53,44,38,38,38,40,34,32,39]","[48,53,0,0,0,38,0,34,0,0]","[[53.0624,32.5231]]","[]","[]","[]","1","[]","[]","[]","[]","vertical","","","",""
"","","","","","horizons-trial","117","1810693","0.0-113.0","","","","","5","[64,64,66,49,59]","[64,75,47,62,54]","""2023-06-15T17:45:31.980Z""","[1,1,0,0]","0","0","0","60","56","60","56","4","0","0","[""arrowright"",""arrowright"",""arrowleft"",""arrowleft"",""arrowright""]","[974,408,399,569,1496]","[64,75,66,49,54]","[64,75,66,0,0]","[[50,83.4491]]","[]","[]","[]","1","[]","[]","[]","[]","vertical","","","",""
"","","","","","horizons-trial","118","1865717","0.0-114.0","","","","","10","[63,53,56,61,53,44,44,61,51,55]","[36,45,36,41,28,35,50,36,37,36]","""2023-06-15T17:46:27.003Z""","[0,0,0,1]","1","1","1","40","52","52","40","12","0","0","[""arrowleft"",""arrowleft"",""arrowleft"",""arrowright"",""arrowleft"",""arrowleft"",""arrowleft"",""arrowright"",""arrowleft"",""arrowleft""]","[32974,639,920,2480,1040,1487,1864,439,432,376]","[63,53,56,41,53,44,44,36,51,55]","[63,53,56,0,53,44,0,0,51,55]","[[68.6526,75.6366]]","[]","[]","[]","1","[]","[]","[]","[]","vertical","","","",""
"","","","","","horizons-trial","119","1876996","0.0-115.0","","","","","5","[43,38,32,41,58]","[35,36,44,44,29]","""2023-06-15T17:46:38.283Z""","[1,0,0,0]","1","1","0","40","48","48","40","8","0","0","[""arrowright"",""arrowleft"",""arrowleft"",""arrowleft"",""arrowright""]","[680,399,377,752,4871]","[35,38,32,41,29]","[0,38,0,0,0]","[[50,37.1528]]","[]","[]","[]","1","[]","[]","[]","[]","vertical","","","",""
"","","","","","horizons-trial","120","1885700","0.0-116.0","","","","","5","[70,72,60,65,54]","[57,34,51,67,47]","""2023-06-15T17:46:46.986Z""","[1,0,0,0]","1","0","0","60","52","60","52","8","0","0","[""arrowright"",""arrowleft"",""arrowleft"",""arrowleft"",""arrowleft""]","[591,384,464,559,991]","[57,72,60,65,54]","[0,72,60,0,54]","[[50,75.6366]]","[]","[]","[]","1","[]","[]","[]","[]","vertical","","","",""
"","","","","","horizons-trial","121","1899180","0.0-117.0","","","","","10","[57,58,57,63,65,61,45,62,59,56]","[49,57,47,59,54,56,44,58,43,44]","""2023-06-15T17:47:00.466Z""","[0,0,1,1]","0","0","1","60","52","60","52","8","0","0","[""arrowleft"",""arrowleft"",""arrowright"",""arrowright"",""arrowleft"",""arrowleft"",""arrowleft"",""arrowleft"",""arrowleft"",""arrowleft""]","[583,352,688,536,872,1407,320,311,408,328]","[57,58,47,59,65,61,45,62,59,56]","[57,58,0,0,65,61,45,62,59,56]","[[50.8352,72.743]]","[]","[]","[]","1","[]","[]","[]","[]","vertical","","","",""
"","","","","","horizons-trial","122","1906636","0.0-118.0","","","","","5","[28,22,41,34,36]","[56,64,59,48,53]","""2023-06-15T17:47:07.922Z""","[1,1,1,0]","1","1","0","60","30","30","60","30","0","0","[""arrowright"",""arrowright"",""arrowright"",""arrowleft"",""arrowright""]","[1207,360,584,376,1856]","[56,64,59,34,53]","[56,64,59,0,53]","[[50,86.3426]]","[]","[]","[]","1","[]","[]","[]","[]","vertical","","","",""
"","","","","","survey-html-form","123","1963631","0.0-119.0","56995","{""comments"":""spread of numbers that were revealed in turn 1-4, including averages, mode etc""}","","","","","","","","","","","","","","","","","","","","","","","","","","","","","","","","","","",""
"","","","","","survey-html-form","124","2006007","0.0-120.0","42374","{""comments"":"" whether there was a substantial difference between the 2 sides, I'd feel more confident if there a lot""}","","","","","","","","","","","","","","","","","","","","","","","","","","","","","","","","","","",""
"","","","","","survey-html-form","125","2008534","0.0-121.0","2526","{""comments"":"" ""}","","","","","","","","","","","","","","","","","","","","","","","","","","","","","","","","","","","[{""event"":""blur"",""trial"":2,""time"":6558},{""event"":""focus"",""trial"":2,""time"":8222},{""event"":""fullscreenenter"",""trial"":2,""time"":11185}]"
