"success","timeout","failed_images","failed_audio","failed_video","trial_type","trial_index","time_elapsed","internal_node_id","rt","response","stimulus","view_history","horizon","rewards_L","rewards_R","date","forced_choices","r_info","r_side","r_h","r_mean","r_otherMean","r_mean_L","r_mean_R","r_difference","confidence_immediate_overall","confidence_question_order","key_presses","response_times","outcomes","outcomes_counted_points","confidence","confidence_rt","confidence_2","confidence_2_rt","screen_resolution","belief_confidence_1","belief_confidence_2","belief_confidence_3","belief_confidence_4","immediate_judgement_orientation","phase","responses","num_errors","interactions"
"true","false","[]","[]","[]","preload","0","426","0.0-0.0","","","","","","","","","","","","","","","","","","","","","","","","","","","","","","","","","","","","",""
"","","","","","survey-html-form","1","2913","0.0-1.0","2484","{""comments"":"" 5ebac054d63dde03790ceef8""}","","","","","","","","","","","","","","","","","","","","","","","","","","","","","","","","","","",""
"true","","","","","fullscreen","2","5204","0.0-2.0","","","","","","","","","","","","","","","","","","","","","","","","","","","","","","","","","","","","",""
"","","","","","html-button-response","3","7778","0.0-3.0","2570","0","
      <h1>Consent to Participate in the Learning and Cognitive Control Study</h1>

      <p>This is a psychology experiment being conducted by Dr. Peter Dayan, 
      director of the Max Planck Institute for Biological Cybernetics, and the 
      members of his lab. In order to consent to participate, you MUST meet the 
      following criteria:</p>

      <p>
      - 18 years of age or older<br>
      - Fluent speaker of English<br>
      - Have not previously participated in this experiment<br></p>

      <p>This study is designed to look at how people learn how to make decisions 
      to accomplish their goals. In this task, you will be asked to make choices, 
      play games, and answer questions related to those games. The study will take 
      about 45 minutes. </p> 

      <p>Your participation in this research is voluntary. You may refrain from 
      answering any questions that make you uncomfortable and may withdraw your 
      participation at any time without penalty by exiting this task and alerting 
      the experimenter. You may choose not to complete certain parts of the task 
      or answer certain questions. You may contact us at the address provided 
      below if you have additional questions or concerns.</p> 

      <p>Other than monetary compensation, participating in this study will 
      provide no direct benefits to you. But we hope that this research will 
      benefit society at large by contributing towards establishing a scientific 
      foundation for improving people's learning and cognitive control abilities.</p>

      <p>Your online username may be connected to your individual responses, but 
      we will not be asking for any additional personally identifying information, 
      and we will handle responses as confidentially as possible. We cannot however 
      guarantee the confidentiality of information transmitted over the Internet. 
      We will be keeping de-identified data collected as part of this experiment 
      indefinitely. Data used in scientific publications will remain completely 
      anonymous.</p>

      <p>If you have any questions about the study, feel free to contact our lab. 
      Dr. Dayan and his lab members can be reached at <a href='mailto:kyblab.tuebingen@gmail.com'>kyblab.tuebingen@gmail.com</a></p>
      
      <p>By selecting the â€œconsentâ€ option below, I acknowledge that I am 18 or older, that I am a fluent speaker of
            English, that I have read this consent form, and that I agree to take part in the research.</p>","","","","","","","","","","","","","","","","","","","","","","","","","","","","","","","","","",""
"","","","","","html-button-response","4","9894","0.0-4.0","2114","0","<h1>Legal Declaration of Consent under Data Protection Law</h1>
    <p><a target=""_blank"" rel=""noopener noreferrer"" href=""https://kyblab.tuebingen.mpg.de/fma/dataprotection.pdf"">Please click here to view our Data Protection Information Sheet, yours to keep.</a></p>
    <p>I have received and took note of the written Data Protection Information Sheet for this study. In doing so, I had sufficient time and opportunity to ask questions about data protection and reconsider my participation in the study. </p>
    <p>I am aware that:</p>
    <ul>
        <li>the processing and use of the collected data occur in a pseudonymized form within the scope of the legally prescribed provisions.
            As a general rule, the storage occurs in the form of questionnaires, as well as on electronic data media, for 10 years
            or longer, if this is required by the purpose of the study.</li>
        <li>by providing further personal data in pseudonymized form, collected personal data may be used for the preparation of anonymized
            scientific research work and may also be published and used in an anonymized form in medical journals, scientific publications
            and publicly accessible scientific databases, so that a direct assignment to my person cannot be established.</li>
        <li>the information obtained during this study may also be sent in an anonymized form to cooperation partners within the
            scope of the European General Data Protection Regulation for scientific purposes and to cooperation partners outside of the
            European Union, i.e. to countries with a lower data protection level (this also applies to the USA).</li>
        <li>the data collected within the scope of the study can also be used and processed in the future inside of the Institute.</li>
    </ul>
    <p>I was informed about my rights, that at any time:</p>
    <ul>
          <li>I can withdraw this declaration of consent.</li>
          <li>I can request information about my stored data and request the correction or blocking of data.</li>
          <li>by cancellation of my participation in the study, I can request that my personal data collected until that time are immediately deleted or anonymized.</li>
          <li>I can request that my data are handed out to me or to third parties (if technically feasible).</li>
    </ul>

    <p>I herewith declare that:</p>
    <ul>
          <li>I have been adequately informed about the collection and processing of my data and rights.</li>
          <li>I consent to the collection and processing of personal data within the scope of the study and its pseudonymized disclosure so that
            only the persons conducting the study can establish a link between the data and my person.</li>
    </ul>
    <p>By selecting the consent option below, I agree to participate in online studies or experiments using learning, and I consent to the use of my data described in the Data Protection Information Sheet and confirm having received a copy of the Data Protection Sheet.</p>
    <p>Note: If you do not consent to participate in this study or have your data used as outlined in the Data Protection Information Sheet, then this experiment will now close and you will not proceed any further. No information about you will be retained. </p>
    <br><br>","","","","","","","","","","","","","","","","","","","","","","","","","","","","","","","","","",""
"","","","","","instructions","5","133564","0.0-5.0-0.0","123671","","","[{""page_index"":0,""viewing_time"":2714},{""page_index"":1,""viewing_time"":6067},{""page_index"":2,""viewing_time"":6684},{""page_index"":3,""viewing_time"":19034},{""page_index"":4,""viewing_time"":21117},{""page_index"":5,""viewing_time"":3383},{""page_index"":6,""viewing_time"":4834},{""page_index"":7,""viewing_time"":6349},{""page_index"":8,""viewing_time"":14384},{""page_index"":9,""viewing_time"":8334},{""page_index"":10,""viewing_time"":24418},{""page_index"":11,""viewing_time"":6349}]","","","","","","","","","","","","","","","","","","","","","","","","","","","","","","","","",""
"","","","","","horizons-trial","6","155767","0.0-5.0-1.0","","","","","5","[44,57,74,72,62]","[31,33,24,39,29]","""2023-06-14T14:17:03.267Z""","[1,0,1,1]","","","","","","","","","0","","[""arrowright"",""arrowleft"",""arrowright"",""arrowright"",""arrowright""]","[1825,806,507,628,4975]","[31,57,24,39,29]","[0,57,0,0,0]","[[50,35.9375]]","[]","[]","[]","1","[]","[]","[]","[]","vertical","practice","","",""
"","","","","","horizons-trial","7","182621","0.0-5.0-2.0","","","","","10","[64,50,57,35,52,38,44,61,39,38]","[70,69,76,71,75,58,81,84,57,61]","""2023-06-14T14:17:30.121Z""","[0,0,1,1]","","","","","","","","","1","","[""arrowleft"",""arrowleft"",""arrowright"",""arrowright"",""arrowright"",""arrowright"",""arrowleft"",""arrowright"",""arrowright"",""arrowright""]","[1181,502,435,437,3053,2313,3910,795,596,878]","[64,50,76,71,75,58,44,84,57,61]","[0,0,76,71,75,58,0,84,57,61]","[[79.7468,40.4514]]","[]","[]","[]","1","[]","[]","[]","[]","vertical","practice","","",""
"","","","","","instructions","8","208663","0.0-5.0-3.0","26034","","","[{""page_index"":0,""viewing_time"":2265},{""page_index"":1,""viewing_time"":17834},{""page_index"":2,""viewing_time"":4417},{""page_index"":3,""viewing_time"":1517}]","","","","","","","","","","","","","","","","","","","","","","","","","","","","","","","","",""
"","","","","","horizons-comprehension","9","231565","0.0-5.0-4.0","22898.70000000298","","","","","","","","","","","","","","","","","","","","","","","","","","","","","","","","","","[""true"",""false"",""true"",""true""]","1",""
"","","","","","instructions","10","238179","0.0-5.1-0.1","3915","","","[{""page_index"":0,""viewing_time"":1431},{""page_index"":1,""viewing_time"":784},{""page_index"":2,""viewing_time"":166},{""page_index"":3,""viewing_time"":167},{""page_index"":4,""viewing_time"":183},{""page_index"":5,""viewing_time"":187},{""page_index"":6,""viewing_time"":162},{""page_index"":7,""viewing_time"":168},{""page_index"":8,""viewing_time"":149},{""page_index"":9,""viewing_time"":167},{""page_index"":10,""viewing_time"":167},{""page_index"":11,""viewing_time"":183}]","","","","","","","","","","","","","","","","","","","","","","","","","","","","","","","","",""
"","","","","","horizons-trial","11","244188","0.0-5.1-1.1","","","","","5","[44,57,74,72,62]","[31,33,24,39,29]","""2023-06-14T14:18:31.688Z""","[1,0,1,1]","","","","","","","","","0","","[""arrowright"",""arrowleft"",""arrowright"",""arrowright"",""arrowright""]","[922,223,482,560,941]","[31,57,24,39,29]","[0,57,0,0,0]","[[50,63.3988]]","[]","[]","[]","1","[]","[]","[]","[]","vertical","practice","","",""
"","","","","","horizons-trial","12","252061","0.0-5.1-2.1","","","","","10","[64,50,57,35,52,38,44,61,39,38]","[70,69,76,71,75,58,81,84,57,61]","""2023-06-14T14:18:39.561Z""","[0,0,1,1]","","","","","","","","","1","","[""arrowleft"",""arrowleft"",""arrowright"",""arrowright"",""arrowright"",""arrowright"",""arrowright"",""arrowright"",""arrowright"",""arrowright""]","[812,664,388,333,631,469,439,211,159,410]","[64,50,76,71,75,58,81,84,57,61]","[0,0,76,71,75,58,81,84,57,61]","[[75.8877,62.5185]]","[]","[]","[]","1","[]","[]","[]","[]","vertical","practice","","",""
"","","","","","instructions","13","254964","0.0-5.1-3.1","2897","","","[{""page_index"":0,""viewing_time"":1228},{""page_index"":1,""viewing_time"":750},{""page_index"":2,""viewing_time"":467},{""page_index"":3,""viewing_time"":451}]","","","","","","","","","","","","","","","","","","","","","","","","","","","","","","","","",""
"","","","","","horizons-comprehension","14","270948","0.0-5.1-4.1","15981.80000000447","","","","","","","","","","","","","","","","","","","","","","","","","","","","","","","","","","[""true"",""false"",""true"",""true""]","1",""
"","","","","","instructions","15","359439","0.0-5.2-0.2","86609","","","[{""page_index"":0,""viewing_time"":2780},{""page_index"":1,""viewing_time"":4101},{""page_index"":2,""viewing_time"":3066},{""page_index"":3,""viewing_time"":10434},{""page_index"":4,""viewing_time"":7617},{""page_index"":5,""viewing_time"":1283},{""page_index"":6,""viewing_time"":650},{""page_index"":7,""viewing_time"":1358},{""page_index"":6,""viewing_time"":812},{""page_index"":7,""viewing_time"":257},{""page_index"":8,""viewing_time"":857},{""page_index"":9,""viewing_time"":39734},{""page_index"":10,""viewing_time"":11993},{""page_index"":11,""viewing_time"":1666}]","","","","","","","","","","","","","","","","","","","","","","","","","","","","","","","","",""
"","","","","","horizons-trial","16","365502","0.0-5.2-1.2","","","","","5","[44,57,74,72,62]","[31,33,24,39,29]","""2023-06-14T14:20:33.002Z""","[1,0,1,1]","","","","","","","","","0","","[""arrowright"",""arrowleft"",""arrowright"",""arrowright"",""arrowright""]","[660,392,301,303,855]","[31,57,24,39,29]","[0,57,0,0,0]","[[50,62.0783]]","[]","[]","[]","1","[]","[]","[]","[]","vertical","practice","","",""
"","","","","","horizons-trial","17","372878","0.0-5.2-2.2","","","","","10","[64,50,57,35,52,38,44,61,39,38]","[70,69,76,71,75,58,81,84,57,61]","""2023-06-14T14:20:40.378Z""","[0,0,1,1]","","","","","","","","","1","","[""arrowleft"",""arrowleft"",""arrowright"",""arrowright"",""arrowright"",""arrowright"",""arrowright"",""arrowright"",""arrowright"",""arrowright""]","[603,347,397,356,724,597,263,196,194,154]","[64,50,76,71,75,58,81,84,57,61]","[0,0,76,71,75,58,81,84,57,61]","[[74.0386,90.24793]]","[]","[]","[]","1","[]","[]","[]","[]","vertical","practice","","",""
"","","","","","instructions","18","394248","0.0-5.2-3.2","21363","","","[{""page_index"":0,""viewing_time"":1361},{""page_index"":1,""viewing_time"":15018},{""page_index"":2,""viewing_time"":3850},{""page_index"":3,""viewing_time"":1134}]","","","","","","","","","","","","","","","","","","","","","","","","","","","","","","","","",""
"","","","","","horizons-comprehension","19","424432","0.0-5.2-4.2","30182.29999999702","","","","","","","","","","","","","","","","","","","","","","","","","","","","","","","","","","[""true"",""true"",""true"",""true""]","2",""
"","","","","","instructions","20","426131","0.0-6.0","1692","","","[{""page_index"":0,""viewing_time"":1691}]","","","","","","","","","","","","","","","","","","","","","","","","","","","","","","","","",""
"","","","","","horizons-trial","21","437209","0.0-7.0","","","","","10","[33,16,27,24,30,35,30,8,32,25]","[61,68,75,61,61,48,71,45,60,59]","""2023-06-14T14:21:44.710Z""","[0,1,0,0]","1","1","1","60","30","30","60","30","0","0","[""arrowleft"",""arrowright"",""arrowleft"",""arrowleft"",""arrowright"",""arrowright"",""arrowright"",""arrowright"",""arrowleft"",""arrowright""]","[1087,469,412,443,1666,880,782,578,1037,501]","[33,68,27,24,61,48,71,45,32,59]","[0,68,0,0,61,48,71,45,0,59]","[[76.6274,29.947400000000002]]","[]","[]","[]","1","[]","[]","[]","[]","vertical","","","",""
"","","","","","horizons-trial","22","442571","0.0-8.0","","","","","5","[49,38,47,59,57]","[53,34,45,45,42]","""2023-06-14T14:21:50.071Z""","[1,1,0,1]","1","1","0","40","44","44","40","4","0","0","[""arrowright"",""arrowright"",""arrowleft"",""arrowright"",""arrowright""]","[517,739,504,385,700]","[53,34,47,45,42]","[53,0,47,0,0]","[[50,43.592]]","[]","[]","[]","1","[]","[]","[]","[]","vertical","","","",""
"","","","","","horizons-trial","23","451018","0.0-9.0","","","","","10","[59,48,51,46,61,56,54,54,61,54]","[27,35,35,36,27,18,22,27,31,21]","""2023-06-14T14:21:58.518Z""","[0,0,1,0]","1","0","1","60","30","60","30","30","0","0","[""arrowleft"",""arrowleft"",""arrowright"",""arrowleft"",""arrowleft"",""arrowleft"",""arrowright"",""arrowleft"",""arrowleft"",""arrowleft""]","[665,384,441,361,1235,622,1017,472,316,488]","[59,48,35,46,61,56,22,54,61,54]","[59,48,0,46,61,56,0,54,61,54]","[[69.2309,16.742900000000006]]","[]","[]","[]","1","[]","[]","[]","[]","vertical","","","",""
"","","","","","horizons-trial","24","457920","0.0-10.0","","","","","5","[40,61,36,33,51]","[45,55,51,59,56]","""2023-06-14T14:22:05.420Z""","[0,0,1,0]","1","1","0","60","48","48","60","12","0","0","[""arrowleft"",""arrowleft"",""arrowright"",""arrowleft"",""arrowright""]","[991,327,610,494,1658]","[40,61,51,33,56]","[0,61,51,0,56]","[[50,65.5995]]","[]","[]","[]","1","[]","[]","[]","[]","vertical","","","",""
"","","","","","horizons-trial","25","465190","0.0-11.0","","","","","10","[58,69,62,58,61,56,62,61,65,55]","[52,40,48,33,42,40,40,24,46,49]","""2023-06-14T14:22:12.690Z""","[0,1,1,0]","0","1","1","40","60","60","40","20","0","0","[""arrowleft"",""arrowright"",""arrowright"",""arrowleft"",""arrowleft"",""arrowleft"",""arrowleft"",""arrowleft"",""arrowleft"",""arrowleft""]","[628,382,387,611,829,493,393,336,402,432]","[58,40,48,58,61,56,62,61,65,55]","[58,0,0,58,61,56,62,61,65,55]","[[30.7691,74.4025]]","[]","[]","[]","1","[]","[]","[]","[]","vertical","","","",""
"","","","","","horizons-trial","26","473915","0.0-12.0","","","","","10","[58,36,43,36,37,48,52,45,33,47]","[51,37,39,48,31,47,43,43,37,44]","""2023-06-14T14:22:21.416Z""","[0,0,1,0]","1","1","1","40","48","48","40","8","0","0","[""arrowleft"",""arrowleft"",""arrowright"",""arrowleft"",""arrowleft"",""arrowleft"",""arrowright"",""arrowright"",""arrowleft"",""arrowright""]","[938,386,365,323,550,511,676,1148,529,698]","[58,36,39,36,37,48,43,43,33,44]","[58,0,0,0,37,48,0,0,0,0]","[[67.0119,25.545900000000003]]","[]","[]","[]","1","[]","[]","[]","[]","vertical","","","",""
"","","","","","horizons-trial","27","479986","0.0-13.0","","","","","5","[48,58,56,48,41]","[25,46,38,46,31]","""2023-06-14T14:22:27.486Z""","[1,0,0,0]","1","1","0","40","48","48","40","8","0","0","[""arrowright"",""arrowleft"",""arrowleft"",""arrowleft"",""arrowleft""]","[428,387,474,513,672]","[25,58,56,48,41]","[0,58,56,48,41]","[[50,32.1481]]","[]","[]","[]","1","[]","[]","[]","[]","vertical","","","",""
"","","","","","horizons-trial","28","486650","0.0-14.0","","","","","5","[46,46,48,62,41]","[37,44,33,27,34]","""2023-06-14T14:22:34.150Z""","[1,1,0,0]","0","1","0","40","52","52","40","12","0","0","[""arrowright"",""arrowright"",""arrowleft"",""arrowleft"",""arrowleft""]","[540,342,406,439,477]","[37,44,48,62,41]","[0,0,48,62,41]","[[50,46.6731]]","[]","[]","[]","1","[]","[]","[]","[]","vertical","","","",""
"","","","","","horizons-trial","29","494218","0.0-15.0","","","","","10","[45,44,42,34,41,39,13,27,48,50]","[44,53,43,35,46,47,31,45,39,50]","""2023-06-14T14:22:41.718Z""","[0,0,0,1]","1","0","1","40","44","40","44","4","0","0","[""arrowleft"",""arrowleft"",""arrowleft"",""arrowright"",""arrowleft"",""arrowleft"",""arrowleft"",""arrowleft"",""arrowright"",""arrowright""]","[1089,337,323,393,385,520,200,179,725,475]","[45,44,42,35,41,39,13,27,39,50]","[45,0,0,35,0,0,0,0,0,50]","[[57.3965,32.588300000000004]]","[]","[]","[]","1","[]","[]","[]","[]","vertical","","","",""
"","","","","","horizons-trial","30","509732","0.0-16.0","","","","","10","[65,56,61,52,68,64,58,65,51,52]","[45,46,47,38,51,64,43,52,55,39]","""2023-06-14T14:22:57.232Z""","[0,1,0,1]","0","0","1","60","48","60","48","12","0","0","[""arrowleft"",""arrowright"",""arrowleft"",""arrowright"",""arrowright"",""arrowright"",""arrowright"",""arrowleft"",""arrowleft"",""arrowleft""]","[526,346,331,326,527,798,564,496,799,548]","[65,46,61,38,51,64,43,65,51,52]","[65,0,61,0,0,64,0,65,0,52]","[[80.3256,24.665599999999998]]","[]","[]","[]","1","[]","[]","[]","[]","vertical","","","",""
"","","","","","horizons-trial","31","517292","0.0-17.0","","","","","10","[63,60,69,56,58,50,49,49,64,51]","[49,51,50,64,60,64,65,61,74,60]","""2023-06-14T14:23:04.792Z""","[1,1,0,1]","1","1","1","60","58","58","60","2","0","0","[""arrowright"",""arrowright"",""arrowleft"",""arrowright"",""arrowright"",""arrowleft"",""arrowleft"",""arrowright"",""arrowleft"",""arrowright""]","[933,342,397,275,920,638,295,388,532,530]","[49,51,69,64,60,50,49,61,64,60]","[0,0,69,64,60,0,0,61,0,60]","[[77.7368,22.464799999999997]]","[]","[]","[]","1","[]","[]","[]","[]","vertical","","","",""
"","","","","","horizons-trial","32","524191","0.0-18.0","","","","","10","[76,63,80,63,71,53,72,74,70,73]","[47,40,45,34,33,40,39,39,42,29]","""2023-06-14T14:23:11.691Z""","[0,1,1,0]","0","1","1","40","70","70","40","30","0","0","[""arrowleft"",""arrowright"",""arrowright"",""arrowleft"",""arrowleft"",""arrowright"",""arrowleft"",""arrowright"",""arrowright"",""arrowleft""]","[663,345,323,543,813,478,378,440,364,896]","[76,40,45,63,71,40,72,39,42,73]","[76,0,0,63,71,0,72,0,0,73]","[[77.7368,22.464799999999997]]","[]","[]","[]","1","[]","[]","[]","[]","vertical","","","",""
"","","","","","horizons-trial","33","530606","0.0-19.0","","","","","5","[48,63,38,48,50]","[58,60,62,59,58]","""2023-06-14T14:23:18.107Z""","[0,1,1,1]","1","1","0","60","52","52","60","8","0","0","[""arrowleft"",""arrowright"",""arrowright"",""arrowright"",""arrowleft""]","[920,432,495,512,419]","[48,60,62,59,50]","[0,0,62,59,0]","[[50,71.3215]]","[]","[]","[]","1","[]","[]","[]","[]","vertical","","","",""
"","","","","","horizons-trial","34","537569","0.0-20.0","","","","","10","[45,50,45,44,41,44,48,33,44,50]","[40,33,35,43,35,57,46,37,37,47]","""2023-06-14T14:23:25.069Z""","[1,1,0,0]","0","0","1","40","42","40","42","2","0","0","[""arrowright"",""arrowright"",""arrowleft"",""arrowleft"",""arrowright"",""arrowleft"",""arrowleft"",""arrowright"",""arrowleft"",""arrowleft""]","[632,304,302,438,383,490,285,627,410,429]","[40,33,45,44,35,44,48,37,44,50]","[0,0,45,44,0,0,48,37,44,50]","[[48.8905,71.3215]]","[]","[]","[]","1","[]","[]","[]","[]","vertical","","","",""
"","","","","","horizons-trial","35","546022","0.0-21.0","","","","","10","[33,55,47,61,57,46,60,48,48,55]","[50,37,32,45,44,44,20,33,44,41]","""2023-06-14T14:23:33.522Z""","[1,0,1,0]","0","1","1","40","48","48","40","8","0","0","[""arrowright"",""arrowleft"",""arrowright"",""arrowleft"",""arrowright"",""arrowright"",""arrowleft"",""arrowleft"",""arrowleft"",""arrowleft""]","[2801,328,387,365,374,488,334,377,335,492]","[50,55,32,61,44,44,60,48,48,55]","[50,55,0,61,0,0,60,48,48,55]","[[38.9053,82.3252]]","[]","[]","[]","1","[]","[]","[]","[]","vertical","","","",""
"","","","","","horizons-trial","36","556864","0.0-22.0","","","","","10","[46,75,57,51,60,55,55,64,57,51]","[64,59,49,69,69,77,55,72,53,65]","""2023-06-14T14:23:44.365Z""","[0,0,1,1]","0","1","1","60","58","58","60","2","0","0","[""arrowleft"",""arrowleft"",""arrowright"",""arrowright"",""arrowright"",""arrowright"",""arrowleft"",""arrowright"",""arrowright"",""arrowright""]","[4826,885,599,329,418,443,318,476,304,329]","[46,75,49,69,69,77,55,72,53,65]","[0,75,0,69,69,77,55,72,0,65]","[[38.5354,82.3252]]","[]","[]","[]","1","[]","[]","[]","[]","vertical","","","",""
"","","","","","horizons-trial","37","564880","0.0-23.0","","","","","5","[50,64,31,57,36]","[66,59,72,64,51]","""2023-06-14T14:23:52.380Z""","[0,1,0,0]","1","1","0","60","56","56","60","4","0","0","[""arrowleft"",""arrowright"",""arrowleft"",""arrowleft"",""arrowright""]","[663,323,303,384,321]","[50,59,31,57,51]","[0,0,0,0,51]","[[50,40.511]]","[]","[]","[]","1","[]","[]","[]","[]","vertical","","","",""
"","","","","","horizons-trial","38","574657","0.0-24.0","","","","","5","[54,69,49,55,58]","[59,55,42,65,51]","""2023-06-14T14:24:02.158Z""","[1,1,1,0]","1","0","0","60","52","60","52","8","0","0","[""arrowright"",""arrowright"",""arrowright"",""arrowleft"",""arrowright""]","[522,341,318,416,276]","[59,55,42,55,51]","[59,0,0,0,0]","[[50,15.422399999999996]]","[]","[]","[]","1","[]","[]","[]","[]","vertical","","","",""
"","","","","","horizons-trial","39","580623","0.0-25.0","","","","","10","[47,49,63,45,58,41,59,50,59,54]","[53,66,53,74,62,64,73,67,55,54]","""2023-06-14T14:24:08.123Z""","[1,0,0,0]","1","1","1","60","52","52","60","8","0","0","[""arrowright"",""arrowleft"",""arrowleft"",""arrowleft"",""arrowright"",""arrowright"",""arrowleft"",""arrowright"",""arrowright"",""arrowright""]","[545,338,312,278,542,504,297,346,235,501]","[53,49,63,45,62,64,59,67,55,54]","[53,0,63,0,62,64,0,67,0,54]","[[49.6302,15.422399999999996]]","[]","[]","[]","1","[]","[]","[]","[]","vertical","","","",""
"","","","","","horizons-trial","40","588396","0.0-26.0","","","","","5","[58,32,34,46,42]","[36,33,44,39,38]","""2023-06-14T14:24:15.897Z""","[0,0,0,1]","1","1","0","40","42","42","40","2","0","0","[""arrowleft"",""arrowleft"",""arrowleft"",""arrowright"",""arrowleft""]","[580,355,358,369,899]","[58,32,34,39,42]","[58,0,0,0,42]","[[50,66.03970000000001]]","[]","[]","[]","1","[]","[]","[]","[]","vertical","","","",""
"","","","","","horizons-trial","41","593687","0.0-27.0","","","","","5","[45,62,58,59,67]","[53,57,46,51,66]","""2023-06-14T14:24:21.187Z""","[0,1,0,0]","1","1","0","60","58","58","60","2","0","0","[""arrowleft"",""arrowright"",""arrowleft"",""arrowleft"",""arrowleft""]","[685,402,312,353,716]","[45,57,58,59,67]","[0,0,58,59,67]","[[50,66.03970000000001]]","[]","[]","[]","1","[]","[]","[]","[]","vertical","","","",""
"","","","","","horizons-trial","42","599076","0.0-28.0","","","","","5","[30,48,32,42,52]","[36,39,50,29,39]","""2023-06-14T14:24:26.576Z""","[1,1,0,0]","0","1","0","40","44","44","40","4","0","0","[""arrowright"",""arrowright"",""arrowleft"",""arrowleft"",""arrowleft""]","[689,68,530,464,636]","[36,39,32,42,52]","[36,0,0,42,52]","[[50,66.03970000000001]]","[]","[]","[]","1","[]","[]","[]","[]","vertical","","","",""
"","","","","","horizons-trial","43","603045","0.0-29.0","","","","","5","[68,56,57,54,57]","[48,63,47,54,40]","""2023-06-14T14:24:30.545Z""","[1,0,0,1]","0","0","0","60","48","60","48","12","0","0","[""arrowright"",""arrowleft"",""arrowleft"",""arrowright"",""arrowleft""]","[633,326,342,587,297]","[48,56,57,54,57]","[0,0,57,54,57]","[[50,66.03970000000001]]","[]","[]","[]","1","[]","[]","[]","[]","vertical","","","",""
"","","","","","horizons-trial","44","612292","0.0-30.0","","","","","5","[38,41,43,26,44]","[43,30,38,40,32]","""2023-06-14T14:24:39.792Z""","[0,1,0,1]","0","0","0","40","41","40","41","1","0","0","[""arrowleft"",""arrowright"",""arrowleft"",""arrowright"",""arrowleft""]","[547,307,287,309,337]","[38,30,43,40,44]","[0,0,43,40,44]","[[50,66.03970000000001]]","[]","[]","[]","1","[]","[]","[]","[]","vertical","","","",""
"","","","","","horizons-trial","45","618246","0.0-31.0","","","","","5","[55,54,50,50,56]","[57,59,43,70,53]","""2023-06-14T14:24:45.746Z""","[0,1,1,0]","0","1","0","60","59","59","60","1","0","0","[""arrowleft"",""arrowright"",""arrowright"",""arrowleft"",""arrowright""]","[574,294,346,447,349]","[55,59,43,50,53]","[0,59,0,0,0]","[[50,75.28280000000001]]","[]","[]","[]","1","[]","[]","[]","[]","vertical","","","",""
"","","","","","horizons-trial","46","622506","0.0-32.0","","","","","5","[32,66,48,36,44]","[42,33,52,39,50]","""2023-06-14T14:24:50.007Z""","[1,1,0,1]","1","0","0","40","44","40","44","4","0","0","[""arrowright"",""arrowright"",""arrowleft"",""arrowright"",""arrowleft""]","[336,443,340,333,760]","[42,33,48,39,44]","[42,0,0,39,0]","[[50,75.28280000000001]]","[]","[]","[]","1","[]","[]","[]","[]","vertical","","","",""
"","","","","","horizons-trial","47","628044","0.0-33.0","","","","","5","[46,69,62,58,61]","[68,48,70,71,44]","""2023-06-14T14:24:55.545Z""","[0,1,0,1]","0","0","0","60","59","60","59","1","0","0","[""arrowleft"",""arrowright"",""arrowleft"",""arrowright"",""arrowright""]","[1010,328,316,330,1027]","[46,48,62,71,44]","[0,0,0,71,0]","[[50,36.5496]]","[]","[]","[]","1","[]","[]","[]","[]","vertical","","","",""
"","","","","","horizons-trial","48","635609","0.0-34.0","","","","","5","[75,54,59,46,62]","[59,57,57,50,46]","""2023-06-14T14:25:03.110Z""","[1,0,1,0]","0","0","0","60","56","60","56","4","0","0","[""arrowright"",""arrowleft"",""arrowright"",""arrowleft"",""arrowright""]","[656,335,335,382,1348]","[59,54,57,46,46]","[0,0,0,0,0]","[[50,68.2404]]","[]","[]","[]","1","[]","[]","[]","[]","vertical","","","",""
"","","","","","horizons-trial","49","640473","0.0-35.0","","","","","5","[33,33,41,45,44]","[54,39,38,33,31]","""2023-06-14T14:25:07.973Z""","[1,0,1,1]","1","0","0","40","41","40","41","1","0","0","[""arrowright"",""arrowleft"",""arrowright"",""arrowright"",""arrowleft""]","[549,418,397,368,695]","[54,33,38,33,44]","[54,0,0,0,44]","[[50,31.708]]","[]","[]","[]","1","[]","[]","[]","[]","vertical","","","",""
"","","","","","horizons-trial","50","647033","0.0-36.0","","","","","10","[35,28,49,36,41,34,48,42,58,38]","[43,48,48,38,48,44,41,35,39,28]","""2023-06-14T14:25:14.533Z""","[0,1,0,0]","1","0","1","40","42","40","42","2","0","0","[""arrowleft"",""arrowright"",""arrowleft"",""arrowleft"",""arrowleft"",""arrowright"",""arrowright"",""arrowright"",""arrowleft"",""arrowleft""]","[513,322,362,349,412,732,435,361,450,580]","[35,48,49,36,41,44,41,35,58,38]","[0,48,49,0,0,44,0,0,58,38]","[[76.6274,20.2641]]","[]","[]","[]","1","[]","[]","[]","[]","vertical","","","",""
"","","","","","horizons-trial","51","651801","0.0-37.0","","","","","5","[49,44,44,45,33]","[30,51,27,33,37]","""2023-06-14T14:25:19.301Z""","[0,1,1,0]","0","1","0","40","42","42","40","2","0","0","[""arrowleft"",""arrowright"",""arrowright"",""arrowleft"",""arrowleft""]","[624,282,469,479,415]","[49,51,27,45,33]","[49,51,0,45,0]","[[50,48.4337]]","[]","[]","[]","1","[]","[]","[]","[]","vertical","","","",""
"","","","","","horizons-trial","52","658806","0.0-38.0","","","","","10","[50,41,29,38,48,43,32,53,44,37]","[52,33,46,33,52,25,73,33,43,40]","""2023-06-14T14:25:26.306Z""","[1,1,1,0]","1","1","1","40","41","41","40","1","0","0","[""arrowright"",""arrowright"",""arrowright"",""arrowleft"",""arrowright"",""arrowleft"",""arrowright"",""arrowright"",""arrowright"",""arrowleft""]","[511,372,389,395,383,711,488,467,436,691]","[52,33,46,38,52,43,73,33,43,37]","[52,0,46,38,52,43,73,0,0,0]","[[49.2604,48.4337]]","[]","[]","[]","1","[]","[]","[]","[]","vertical","","","",""
"","","","","","horizons-trial","53","667215","0.0-39.0","","","","","5","[63,61,58,53,60]","[44,24,39,36,45]","""2023-06-14T14:25:34.715Z""","[1,1,0,0]","0","0","0","60","40","60","40","20","0","0","[""arrowright"",""arrowright"",""arrowleft"",""arrowleft"",""arrowleft""]","[3610,341,561,538,1004]","[44,24,58,53,60]","[0,0,58,53,60]","[[50,48.4337]]","[]","[]","[]","1","[]","[]","[]","[]","vertical","","","",""
"","","","","","horizons-trial","54","672755","0.0-40.0","","","","","5","[46,65,68,50,49]","[33,36,48,47,46]","""2023-06-14T14:25:40.256Z""","[1,1,0,1]","1","1","0","40","60","60","40","20","0","0","[""arrowright"",""arrowright"",""arrowleft"",""arrowright"",""arrowright""]","[448,328,319,296,860]","[33,36,68,47,46]","[0,0,68,0,0]","[[50,21.144400000000005]]","[]","[]","[]","1","[]","[]","[]","[]","vertical","","","",""
"","","","","","horizons-trial","55","682813","0.0-41.0","","","","","10","[66,57,56,60,59,50,37,48,66,68]","[53,69,59,63,61,55,52,58,56,68]","""2023-06-14T14:25:50.314Z""","[0,1,0,0]","1","1","1","60","56","56","60","4","0","0","[""arrowleft"",""arrowright"",""arrowleft"",""arrowleft"",""arrowleft"",""arrowleft"",""arrowleft"",""arrowright"",""arrowright"",""arrowright""]","[554,288,344,366,692,550,731,720,642,729]","[66,69,56,60,59,50,37,58,56,68]","[66,69,0,0,0,0,0,58,0,68]","[[33.7277,67.8003]]","[]","[]","[]","1","[]","[]","[]","[]","vertical","","","",""
"","","","","","horizons-trial","56","689346","0.0-42.0","","","","","5","[31,33,26,37,40]","[64,45,63,71,52]","""2023-06-14T14:25:56.847Z""","[1,0,1,0]","0","1","0","60","30","30","60","30","0","0","[""arrowright"",""arrowleft"",""arrowright"",""arrowleft"",""arrowright""]","[819,433,404,744,283]","[64,33,63,37,52]","[64,0,63,0,52]","[[50,66.4798]]","[]","[]","[]","1","[]","[]","[]","[]","vertical","","","",""
"","","","","","horizons-trial","57","695687","0.0-43.0","","","","","10","[50,53,54,45,55,53,53,64,51,56]","[61,59,60,63,68,65,73,75,62,65]","""2023-06-14T14:26:03.188Z""","[0,1,0,1]","0","1","1","60","52","52","60","8","0","0","[""arrowleft"",""arrowright"",""arrowleft"",""arrowright"",""arrowleft"",""arrowright"",""arrowright"",""arrowright"",""arrowright"",""arrowright""]","[601,284,310,328,317,477,565,623,486,354]","[50,59,54,63,55,65,73,75,62,65]","[0,59,0,63,0,65,73,75,62,65]","[[50.7396,66.4798]]","[]","[]","[]","1","[]","[]","[]","[]","vertical","","","",""
"","","","","","horizons-trial","58","704450","0.0-44.0","","","","","10","[29,35,45,36,58,42,37,40,46,55]","[44,43,42,43,33,35,47,44,27,34]","""2023-06-14T14:26:11.951Z""","[1,1,0,0]","0","1","1","40","44","44","40","4","0","0","[""arrowright"",""arrowright"",""arrowleft"",""arrowleft"",""arrowright"",""arrowright"",""arrowleft"",""arrowleft"",""arrowright"",""arrowright""]","[674,433,432,497,849,1253,520,315,393,355]","[44,43,45,36,33,35,37,40,27,34]","[44,43,45,0,0,0,0,0,0,0]","[[44.0828,82.7654]]","[]","[]","[]","1","[]","[]","[]","[]","vertical","","","",""
"","","","","","horizons-trial","59","713339","0.0-45.0","","","","","5","[45,55,33,38,48]","[63,52,54,63,52]","""2023-06-14T14:26:20.839Z""","[1,0,1,0]","0","1","0","60","40","40","60","20","0","0","[""arrowright"",""arrowleft"",""arrowright"",""arrowleft"",""arrowright""]","[744,322,334,421,3921]","[63,55,54,38,52]","[63,55,54,0,52]","[[50,37.4299]]","[]","[]","[]","1","[]","[]","[]","[]","vertical","","","",""
"","","","","","horizons-trial","60","719735","0.0-46.0","","","","","5","[49,70,53,54,69]","[58,56,56,51,61]","""2023-06-14T14:26:27.236Z""","[1,1,0,0]","0","0","0","60","58","60","58","2","0","0","[""arrowright"",""arrowright"",""arrowleft"",""arrowleft"",""arrowright""]","[795,392,632,840,468]","[58,56,53,54,61]","[58,0,0,54,0]","[[50,22.024699999999996]]","[]","[]","[]","1","[]","[]","[]","[]","vertical","","","",""
"","","","","","horizons-trial","61","726581","0.0-47.0","","","","","5","[44,42,56,43,44]","[39,33,47,58,50]","""2023-06-14T14:26:34.082Z""","[0,0,0,1]","1","0","0","40","48","40","48","8","0","0","[""arrowleft"",""arrowleft"",""arrowleft"",""arrowright"",""arrowright""]","[624,340,342,462,320]","[44,42,56,58,50]","[44,42,56,58,50]","[[50,62.0783]]","[]","[]","[]","1","[]","[]","[]","[]","vertical","","","",""
"","","","","","horizons-trial","62","734373","0.0-48.0","","","","","10","[56,56,53,48,59,72,60,62,56,52]","[46,39,41,48,49,30,37,50,24,37]","""2023-06-14T14:26:41.873Z""","[1,0,1,0]","0","0","1","60","40","60","40","20","0","0","[""arrowright"",""arrowleft"",""arrowright"",""arrowleft"",""arrowright"",""arrowright"",""arrowleft"",""arrowleft"",""arrowleft"",""arrowright""]","[579,309,349,392,422,670,617,453,421,839]","[46,56,41,48,49,30,60,62,56,37]","[0,56,0,48,0,0,60,62,56,0]","[[30.0295,80.1245]]","[]","[]","[]","1","[]","[]","[]","[]","vertical","","","",""
"","","","","","horizons-trial","63","1287513","0.0-49.0","","","","","5","[69,81,73,86,71]","[52,33,34,32,44]","""2023-06-14T14:35:55.014Z""","[1,1,1,0]","1","1","0","40","70","70","40","30","0","0","[""arrowright"",""arrowright"",""arrowright"",""arrowleft"",""arrowleft""]","[6028,395,379,402,791]","[52,33,34,86,71]","[0,0,0,86,71]","[[50,40.0708]]","[]","[]","[]","1","[]","[]","[]","[]","vertical","","","",""
"","","","","","horizons-trial","64","1296889","0.0-50.0","","","","","5","[45,40,47,47,28]","[47,42,67,75,49]","""2023-06-14T14:36:04.390Z""","[0,1,1,0]","0","0","0","40","52","40","52","12","0","0","[""arrowleft"",""arrowright"",""arrowright"",""arrowleft"",""arrowright""]","[674,308,285,322,527]","[45,42,67,47,49]","[0,42,67,0,49]","[[50,81.8851]]","[]","[]","[]","1","[]","[]","[]","[]","vertical","","","",""
"","","","","","horizons-trial","65","1309672","0.0-51.0","","","","","10","[74,58,74,61,82,80,78,75,84,72]","[46,46,30,41,41,21,36,51,30,51]","""2023-06-14T14:36:17.173Z""","[1,0,0,0]","1","1","1","40","70","70","40","30","0","0","[""arrowright"",""arrowleft"",""arrowleft"",""arrowleft"",""arrowright"",""arrowleft"",""arrowleft"",""arrowleft"",""arrowleft"",""arrowleft""]","[473,378,241,266,471,658,296,401,322,382]","[46,58,74,61,41,80,78,75,84,72]","[0,58,74,61,0,80,78,75,84,72]","[[76.9972,17.623199999999997]]","[]","[]","[]","1","[]","[]","[]","[]","vertical","","","",""
"","","","","","horizons-trial","66","1386624","0.0-52.0","","","","","10","[29,33,32,26,24,36,31,33,28,36]","[52,54,59,47,60,67,62,61,49,56]","""2023-06-14T14:37:34.124Z""","[1,0,1,0]","0","1","1","60","30","30","60","30","0","0","[""arrowright"",""arrowleft"",""arrowright"",""arrowleft"",""arrowright"",""arrowright"",""arrowright"",""arrowright"",""arrowright"",""arrowleft""]","[641,546,397,895,598,668,463,612,425,755]","[52,33,59,26,60,67,62,61,49,36]","[52,0,59,0,60,67,62,61,49,0]","[[76.9972,17.623199999999997]]","[]","[]","[]","1","[]","[]","[]","[]","vertical","","","",""
"","","","","","horizons-trial","67","1392933","0.0-53.0","","","","","5","[40,45,37,45,46]","[50,48,51,43,52]","""2023-06-14T14:37:40.433Z""","[1,1,0,0]","0","0","0","40","48","40","48","8","0","0","[""arrowright"",""arrowright"",""arrowleft"",""arrowleft"",""arrowright""]","[629,376,756,390,864]","[50,48,37,45,52]","[50,48,0,45,52]","[[50,23.345100000000002]]","[]","[]","[]","1","[]","[]","[]","[]","vertical","","","",""
"","","","","","horizons-trial","68","1406682","0.0-54.0","","","","","10","[57,59,40,49,44,42,57,52,53,45]","[38,33,54,51,48,46,41,44,41,43]","""2023-06-14T14:37:54.183Z""","[0,0,1,1]","0","1","1","40","52","52","40","12","0","0","[""arrowleft"",""arrowleft"",""arrowright"",""arrowright"",""arrowleft"",""arrowright"",""arrowright"",""arrowright"",""arrowleft"",""arrowleft""]","[7654,319,640,348,386,586,314,327,503,564]","[57,59,54,51,44,46,41,44,53,45]","[57,59,54,51,0,46,0,0,53,45]","[[69.9705,26.866299999999995]]","[]","[]","[]","1","[]","[]","[]","[]","vertical","","","",""
"","","","","","horizons-trial","69","1411596","0.0-55.0","","","","","5","[48,54,58,49,50]","[28,46,60,43,38]","""2023-06-14T14:37:59.097Z""","[0,0,0,1]","1","1","0","40","52","52","40","12","0","0","[""arrowleft"",""arrowleft"",""arrowleft"",""arrowright"",""arrowleft""]","[616,330,376,861,445]","[48,54,58,43,50]","[48,54,0,0,50]","[[50,61.198]]","[]","[]","[]","1","[]","[]","[]","[]","vertical","","","",""
"","","","","","horizons-trial","70","1416117","0.0-56.0","","","","","5","[50,50,25,32,46]","[54,50,56,61,56]","""2023-06-14T14:38:03.617Z""","[0,1,1,0]","0","0","0","40","60","40","60","20","0","0","[""arrowleft"",""arrowright"",""arrowright"",""arrowleft"",""arrowright""]","[675,342,307,359,652]","[50,50,56,32,56]","[0,50,56,0,56]","[[50,71.3215]]","[]","[]","[]","1","[]","[]","[]","[]","vertical","","","",""
"","","","","","horizons-trial","71","1419990","0.0-57.0","","","","","5","[56,50,59,59,42]","[65,53,72,52,77]","""2023-06-14T14:38:07.490Z""","[0,1,1,0]","0","1","0","60","58","58","60","2","0","0","[""arrowleft"",""arrowright"",""arrowright"",""arrowleft"",""arrowright""]","[701,270,331,353,313]","[56,53,72,59,77]","[0,53,72,59,77]","[[50,73.5222]]","[]","[]","[]","1","[]","[]","[]","[]","vertical","","","",""
"","","","","","horizons-trial","72","1424687","0.0-58.0","","","","","5","[37,51,36,24,30]","[64,46,68,60,58]","""2023-06-14T14:38:12.187Z""","[1,1,1,0]","1","1","0","60","40","40","60","20","0","0","[""arrowright"",""arrowright"",""arrowright"",""arrowleft"",""arrowright""]","[455,632,377,409,504]","[64,46,68,24,58]","[64,0,68,0,58]","[[50,73.9624]]","[]","[]","[]","1","[]","[]","[]","[]","vertical","","","",""
"","","","","","horizons-trial","73","1428697","0.0-59.0","","","","","5","[35,36,25,48,36]","[71,63,65,64,60]","""2023-06-14T14:38:16.197Z""","[0,0,1,1]","0","0","0","40","70","40","70","30","0","0","[""arrowleft"",""arrowleft"",""arrowright"",""arrowright"",""arrowright""]","[647,343,311,325,438]","[35,36,65,64,60]","[0,0,65,64,60]","[[50,73.9624]]","[]","[]","[]","1","[]","[]","[]","[]","vertical","","","",""
"","","","","","horizons-trial","74","1433108","0.0-60.0","","","","","5","[43,43,61,55,57]","[61,64,62,69,57]","""2023-06-14T14:38:20.608Z""","[1,1,0,0]","0","1","0","60","52","52","60","8","0","0","[""arrowright"",""arrowright"",""arrowleft"",""arrowleft"",""arrowright""]","[541,385,350,600,521]","[61,64,61,55,57]","[61,64,0,0,57]","[[50,73.9624]]","[]","[]","[]","1","[]","[]","[]","[]","vertical","","","",""
"","","","","","horizons-trial","75","1437330","0.0-61.0","","","","","5","[33,52,43,38,38]","[75,68,72,58,67]","""2023-06-14T14:38:24.830Z""","[1,1,1,0]","1","0","0","40","70","40","70","30","0","0","[""arrowright"",""arrowright"",""arrowright"",""arrowleft"",""arrowright""]","[720,368,312,432,294]","[75,68,72,38,67]","[75,68,72,0,67]","[[50,73.9624]]","[]","[]","[]","1","[]","[]","[]","[]","vertical","","","",""
"","","","","","horizons-trial","76","1444146","0.0-62.0","","","","","10","[45,31,49,52,37,59,50,37,50,45]","[22,31,38,39,27,39,52,27,38,39]","""2023-06-14T14:38:31.646Z""","[0,1,1,0]","0","0","1","40","41","40","41","1","0","0","[""arrowleft"",""arrowright"",""arrowright"",""arrowleft"",""arrowleft"",""arrowleft"",""arrowleft"",""arrowright"",""arrowleft"",""arrowleft""]","[712,364,313,364,393,535,510,360,441,400]","[45,31,38,52,37,59,50,27,50,45]","[45,31,0,52,37,59,0,0,50,45]","[[84.3937,18.063299999999998]]","[]","[]","[]","1","[]","[]","[]","[]","vertical","","","",""
"","","","","","horizons-trial","77","1449418","0.0-63.0","","","","","5","[67,61,68,42,57]","[39,33,30,27,30]","""2023-06-14T14:38:36.918Z""","[1,0,0,0]","1","0","0","60","30","60","30","30","0","0","[""arrowright"",""arrowleft"",""arrowleft"",""arrowleft"",""arrowleft""]","[496,367,364,366,703]","[39,61,68,42,57]","[0,61,68,42,57]","[[50,75.28280000000001]]","[]","[]","[]","1","[]","[]","[]","[]","vertical","","","",""
"","","","","","horizons-trial","78","1458278","0.0-64.0","","","","","10","[56,62,67,53,68,53,51,65,56,61]","[64,47,49,49,47,46,57,46,50,47]","""2023-06-14T14:38:45.779Z""","[1,1,1,0]","1","0","1","60","52","60","52","8","0","0","[""arrowright"",""arrowright"",""arrowright"",""arrowleft"",""arrowleft"",""arrowleft"",""arrowleft"",""arrowright"",""arrowleft"",""arrowleft""]","[617,319,556,692,1941,507,320,529,366,300]","[64,47,49,53,68,53,51,46,56,61]","[64,0,0,53,68,53,0,0,56,61]","[[77.7368,35.229200000000006]]","[]","[]","[]","1","[]","[]","[]","[]","vertical","","","",""
"","","","","","horizons-trial","79","1463420","0.0-65.0","","","","","5","[57,45,61,44,50]","[39,54,37,35,36]","""2023-06-14T14:38:50.921Z""","[0,1,0,1]","0","1","0","40","48","48","40","8","0","0","[""arrowleft"",""arrowright"",""arrowleft"",""arrowright"",""arrowleft""]","[478,300,334,556,274]","[57,54,61,35,50]","[57,54,61,0,50]","[[50,80.5646]]","[]","[]","[]","1","[]","[]","[]","[]","vertical","","","",""
"","","","","","horizons-trial","80","1470124","0.0-66.0","","","","","10","[57,62,52,53,64,56,66,55,57,61]","[45,76,61,51,64,44,58,55,59,57]","""2023-06-14T14:38:57.624Z""","[0,0,1,0]","1","0","1","60","56","60","56","4","0","0","[""arrowleft"",""arrowleft"",""arrowright"",""arrowleft"",""arrowright"",""arrowleft"",""arrowright"",""arrowright"",""arrowleft"",""arrowright""]","[486,285,467,337,306,643,747,299,463,428]","[57,62,61,53,64,56,58,55,57,57]","[57,0,61,53,64,56,0,55,0,0]","[[74.4084,34.3489]]","[]","[]","[]","1","[]","[]","[]","[]","vertical","","","",""
"","","","","","horizons-trial","81","1474807","0.0-67.0","","","","","5","[78,55,65,73,59]","[61,62,52,71,53]","""2023-06-14T14:39:02.307Z""","[0,1,0,0]","1","0","0","60","59","60","59","1","0","0","[""arrowleft"",""arrowright"",""arrowleft"",""arrowleft"",""arrowleft""]","[581,400,246,352,497]","[78,62,65,73,59]","[78,62,65,73,59]","[[50,81.0048]]","[]","[]","[]","1","[]","[]","[]","[]","vertical","","","",""
"","","","","","horizons-trial","82","1480539","0.0-68.0","","","","","10","[48,50,35,46,34,42,35,54,36,34]","[62,61,65,58,53,53,61,45,54,39]","""2023-06-14T14:39:08.040Z""","[0,0,1,1]","0","1","1","60","40","40","60","20","0","0","[""arrowleft"",""arrowleft"",""arrowright"",""arrowright"",""arrowleft"",""arrowleft"",""arrowright"",""arrowright"",""arrowright"",""arrowright""]","[454,564,345,353,343,465,271,259,334,327]","[48,50,65,58,34,42,61,45,54,39]","[0,0,65,58,0,0,61,0,54,39]","[[49.6302,81.0048]]","[]","[]","[]","1","[]","[]","[]","[]","vertical","","","",""
"","","","","","horizons-trial","83","1487310","0.0-69.0","","","","","10","[58,48,47,44,32,48,45,45,33,56]","[35,33,39,30,38,56,32,36,31,39]","""2023-06-14T14:39:14.811Z""","[0,0,1,0]","1","1","1","40","44","44","40","4","0","0","[""arrowleft"",""arrowleft"",""arrowright"",""arrowleft"",""arrowright"",""arrowright"",""arrowleft"",""arrowleft"",""arrowleft"",""arrowright""]","[613,352,300,317,403,476,361,320,323,671]","[58,48,39,44,38,56,45,45,33,39]","[58,48,0,44,38,56,45,45,33,0]","[[49.6302,81.0048]]","[]","[]","[]","1","[]","[]","[]","[]","vertical","","","",""
"","","","","","horizons-trial","84","1495836","0.0-70.0","","","","","10","[40,45,39,42,35,40,42,42,29,48]","[46,40,32,30,37,41,31,37,37,36]","""2023-06-14T14:39:23.336Z""","[1,0,1,1]","1","1","1","40","42","42","40","2","0","0","[""arrowright"",""arrowleft"",""arrowright"",""arrowright"",""arrowleft"",""arrowleft"",""arrowleft"",""arrowleft"",""arrowleft"",""arrowright""]","[906,595,343,341,298,510,317,304,273,433]","[46,45,32,30,35,40,42,42,29,36]","[46,45,0,0,0,0,42,42,0,0]","[[72.5593,44.4723]]","[]","[]","[]","1","[]","[]","[]","[]","vertical","","","",""
"","","","","","horizons-trial","85","1503209","0.0-71.0","","","","","5","[48,61,55,29,55]","[56,65,58,69,55]","""2023-06-14T14:39:30.709Z""","[0,0,1,1]","0","1","0","60","48","48","60","12","0","0","[""arrowleft"",""arrowleft"",""arrowright"",""arrowright"",""arrowright""]","[1464,347,271,669,378]","[48,61,58,69,55]","[0,0,58,69,55]","[[50,78.3639]]","[]","[]","[]","1","[]","[]","[]","[]","vertical","","","",""
"","","","","","horizons-trial","86","1531967","0.0-72.0","","","","","5","[33,30,34,43,44]","[66,46,55,51,40]","""2023-06-14T14:39:59.468Z""","[0,0,1,0]","1","0","0","40","52","40","52","12","0","0","[""arrowleft"",""arrowleft"",""arrowright"",""arrowleft"",""arrowright""]","[495,296,324,656,280]","[33,30,55,43,40]","[0,0,55,0,0]","[[50,78.3639]]","[]","[]","[]","1","[]","[]","[]","[]","vertical","","","",""
"","","","","","horizons-trial","87","1544826","0.0-73.0","","","","","10","[65,55,48,60,64,52,50,43,55,54]","[65,62,59,65,68,59,59,63,61,46]","""2023-06-14T14:40:12.327Z""","[1,1,0,0]","0","1","1","60","56","56","60","4","0","0","[""arrowright"",""arrowright"",""arrowleft"",""arrowleft"",""arrowright"",""arrowright"",""arrowleft"",""arrowright"",""arrowright"",""arrowright""]","[6805,341,609,339,281,516,360,449,274,333]","[65,62,48,60,68,59,50,63,61,46]","[65,62,0,0,68,59,0,63,61,0]","[[84.0239,21.584500000000006]]","[]","[]","[]","1","[]","[]","[]","[]","vertical","","","",""
"","","","","","horizons-trial","88","1575747","0.0-74.0","","","","","10","[45,43,22,30,38,22,39,47,42,48]","[54,44,53,44,43,55,46,56,43,36]","""2023-06-14T14:40:43.248Z""","[1,1,1,0]","1","0","1","40","48","40","48","8","0","0","[""arrowright"",""arrowright"",""arrowright"",""arrowleft"",""arrowright"",""arrowleft"",""arrowright"",""arrowright"",""arrowright"",""arrowright""]","[25430,370,310,479,369,606,323,260,233,213]","[54,44,53,30,43,22,46,56,43,36]","[54,44,53,0,43,0,46,56,43,0]","[[83.654,22.024699999999996]]","[]","[]","[]","1","[]","[]","[]","[]","vertical","","","",""
"","","","","","horizons-trial","89","1582121","0.0-75.0","","","","","10","[46,47,38,35,45,38,36,44,47,57]","[67,73,74,72,76,77,70,72,74,70]","""2023-06-14T14:40:49.621Z""","[1,1,0,1]","1","0","1","40","70","40","70","30","0","0","[""arrowright"",""arrowright"",""arrowleft"",""arrowright"",""arrowright"",""arrowright"",""arrowright"",""arrowright"",""arrowright"",""arrowright""]","[721,385,339,282,300,600,365,748,270,205]","[67,73,38,72,76,77,70,72,74,70]","[67,73,0,72,76,77,70,72,74,70]","[[85.5032,16.3027]]","[]","[]","[]","1","[]","[]","[]","[]","vertical","","","",""
"","","","","","horizons-trial","90","1600139","0.0-76.0","","","","","10","[47,45,48,53,43,35,40,50,28,51]","[64,65,62,54,57,56,73,49,51,51]","""2023-06-14T14:41:07.640Z""","[1,1,0,1]","1","0","1","40","60","40","60","20","0","0","[""arrowright"",""arrowright"",""arrowleft"",""arrowright"",""arrowright"",""arrowright"",""arrowright"",""arrowright"",""arrowleft"",""arrowright""]","[13061,347,412,282,266,373,219,280,121,526]","[64,65,48,54,57,56,73,49,28,51]","[64,65,0,54,57,56,73,0,0,51]","[[85.873,21.144400000000005]]","[]","[]","[]","1","[]","[]","[]","[]","vertical","","","",""
"","","","","","horizons-trial","91","1605182","0.0-77.0","","","","","5","[34,26,42,28,36]","[49,44,26,38,27]","""2023-06-14T14:41:12.683Z""","[0,1,0,1]","0","1","0","40","41","41","40","1","0","0","[""arrowleft"",""arrowright"",""arrowleft"",""arrowright"",""arrowright""]","[761,359,300,125,365]","[34,44,42,38,27]","[0,44,42,38,0]","[[50,62.9586]]","[]","[]","[]","1","[]","[]","[]","[]","vertical","","","",""
"","","","","","horizons-trial","92","1617291","0.0-78.0","","","","","5","[42,43,52,52,56]","[65,64,59,59,56]","""2023-06-14T14:41:24.791Z""","[0,1,1,1]","1","1","0","60","59","59","60","1","0","0","[""arrowleft"",""arrowright"",""arrowright"",""arrowright"",""arrowright""]","[480,255,373,740,844]","[42,64,59,59,56]","[0,64,59,59,56]","[[50,70.4412]]","[]","[]","[]","1","[]","[]","[]","[]","vertical","","","",""
"","","","","","horizons-trial","93","1622309","0.0-79.0","","","","","5","[50,38,48,45,42]","[45,44,34,51,39]","""2023-06-14T14:41:29.810Z""","[0,1,1,1]","1","1","0","40","41","41","40","1","0","0","[""arrowleft"",""arrowright"",""arrowright"",""arrowright"",""arrowleft""]","[698,238,352,822,261]","[50,44,34,51,42]","[50,44,0,51,42]","[[50,75.28280000000001]]","[]","[]","[]","1","[]","[]","[]","[]","vertical","","","",""
"","","","","","horizons-trial","94","1638471","0.0-80.0","","","","","5","[32,41,41,32,40]","[39,53,40,44,48]","""2023-06-14T14:41:45.971Z""","[0,1,1,0]","0","0","0","40","42","40","42","2","0","0","[""arrowleft"",""arrowright"",""arrowright"",""arrowleft"",""arrowright""]","[564,9485,355,632,275]","[32,53,40,32,48]","[0,53,0,0,48]","[[50,74.84270000000001]]","[]","[]","[]","1","[]","[]","[]","[]","vertical","","","",""
"","","","","","horizons-trial","95","1642968","0.0-81.0","","","","","5","[63,62,64,75,73]","[34,45,51,41,39]","""2023-06-14T14:41:50.468Z""","[0,1,1,0]","0","1","0","40","70","70","40","30","0","0","[""arrowleft"",""arrowright"",""arrowright"",""arrowleft"",""arrowleft""]","[668,328,350,426,514]","[63,45,51,75,73]","[63,0,0,75,73]","[[50,74.84270000000001]]","[]","[]","[]","1","[]","[]","[]","[]","vertical","","","",""
"","","","","","horizons-trial","96","1658194","0.0-82.0","","","","","5","[36,38,39,47,52]","[42,40,46,45,43]","""2023-06-14T14:42:05.695Z""","[0,0,1,0]","1","0","0","40","42","40","42","2","0","0","[""arrowleft"",""arrowleft"",""arrowright"",""arrowleft"",""arrowright""]","[468,438,379,761,225]","[36,38,46,47,43]","[0,0,46,47,0]","[[50,74.84270000000001]]","[]","[]","[]","1","[]","[]","[]","[]","vertical","","","",""
"","","","","","horizons-trial","97","1667351","0.0-83.0","","","","","5","[53,65,52,50,67]","[51,29,44,40,37]","""2023-06-14T14:42:14.852Z""","[0,1,1,1]","1","0","0","60","40","60","40","20","0","0","[""arrowleft"",""arrowright"",""arrowright"",""arrowright"",""arrowleft""]","[729,277,345,681,273]","[53,29,44,40,67]","[53,0,0,0,67]","[[50,74.84270000000001]]","[]","[]","[]","1","[]","[]","[]","[]","vertical","","","",""
"","","","","","horizons-trial","98","1673404","0.0-84.0","","","","","5","[58,63,59,48,49]","[63,66,41,60,61]","""2023-06-14T14:42:20.904Z""","[0,1,1,0]","0","1","0","60","56","56","60","4","0","0","[""arrowleft"",""arrowright"",""arrowright"",""arrowleft"",""arrowright""]","[711,248,300,390,348]","[58,66,41,48,61]","[0,66,0,0,61]","[[50,60.7579]]","[]","[]","[]","1","[]","[]","[]","[]","vertical","","","",""
"","","","","","horizons-trial","99","1703863","0.0-85.0","","","","","5","[49,47,61,64,58]","[36,49,46,52,44]","""2023-06-14T14:42:51.364Z""","[0,0,1,1]","0","1","0","40","60","60","40","20","0","0","[""arrowleft"",""arrowleft"",""arrowright"",""arrowright"",""arrowleft""]","[554,348,339,362,315]","[49,47,46,52,58]","[49,0,0,0,58]","[[50,68.6806]]","[]","[]","[]","1","[]","[]","[]","[]","vertical","","","",""
"","","","","","horizons-trial","100","1789239","0.0-86.0","","","","","10","[45,30,41,46,42,41,37,30,37,35]","[35,38,36,33,38,31,35,31,20,28]","""2023-06-14T14:44:16.739Z""","[1,0,1,0]","0","1","1","40","42","42","40","2","0","0","[""arrowright"",""arrowleft"",""arrowright"",""arrowleft"",""arrowright"",""arrowleft"",""arrowleft"",""arrowleft"",""arrowright"",""arrowright""]","[78870,348,324,358,471,713,305,331,365,520]","[35,30,36,46,38,41,37,30,20,28]","[0,0,0,46,0,41,37,0,0,0]","[[50,68.6806]]","[]","[]","[]","1","[]","[]","[]","[]","vertical","","","",""
"","","","","","horizons-trial","101","1798535","0.0-87.0","","","","","10","[60,38,35,50,60,40,69,53,44,34]","[36,33,30,51,39,34,46,42,60,29]","""2023-06-14T14:44:26.036Z""","[0,0,0,1]","1","1","1","40","52","52","40","12","0","0","[""arrowleft"",""arrowleft"",""arrowleft"",""arrowright"",""arrowright"",""arrowleft"",""arrowleft"",""arrowleft"",""arrowleft"",""arrowright""]","[766,294,275,343,295,750,321,1528,990,637]","[60,38,35,51,39,40,69,53,44,29]","[60,38,35,51,0,40,69,53,0,0]","[[69.2309,33.908699999999996]]","[]","[]","[]","1","[]","[]","[]","[]","vertical","","","",""
"","","","","","horizons-trial","102","1806661","0.0-88.0","","","","","10","[63,46,75,68,61,53,62,51,62,49]","[51,65,61,66,42,64,52,64,55,50]","""2023-06-14T14:44:34.161Z""","[0,0,1,1]","0","0","1","60","59","60","59","1","0","0","[""arrowleft"",""arrowleft"",""arrowright"",""arrowright"",""arrowright"",""arrowleft"",""arrowleft"",""arrowright"",""arrowleft"",""arrowright""]","[886,387,487,366,991,731,609,361,432,545]","[63,46,61,66,42,53,62,64,62,50]","[63,0,0,0,0,0,62,64,62,50]","[[69.2309,34.3489]]","[]","[]","[]","1","[]","[]","[]","[]","vertical","","","",""
"","","","","","horizons-trial","103","1832886","0.0-89.0","","","","","5","[65,64,54,63,66]","[42,59,46,41,56]","""2023-06-14T14:45:00.387Z""","[0,1,0,1]","0","0","0","60","52","60","52","8","0","0","[""arrowleft"",""arrowright"",""arrowleft"",""arrowright"",""arrowleft""]","[14566,429,388,2169,2391]","[65,59,54,41,66]","[65,0,54,0,66]","[[50,74.4025]]","[]","[]","[]","1","[]","[]","[]","[]","vertical","","","",""
"","","","","","horizons-trial","104","1854965","0.0-90.0","","","","","5","[26,41,31,33,25]","[71,54,54,66,47]","""2023-06-14T14:45:22.466Z""","[1,1,1,0]","1","1","0","60","30","30","60","30","0","0","[""arrowright"",""arrowright"",""arrowright"",""arrowleft"",""arrowright""]","[18338,317,540,502,498]","[71,54,54,33,47]","[71,54,54,0,47]","[[50,73.9624]]","[]","[]","[]","1","[]","[]","[]","[]","vertical","","","",""
"","","","","","horizons-trial","105","1862172","0.0-91.0","","","","","10","[39,50,42,46,44,59,65,52,45,49]","[56,65,64,59,65,60,64,60,57,59]","""2023-06-14T14:45:29.672Z""","[1,0,0,0]","1","1","1","60","48","48","60","12","0","0","[""arrowright"",""arrowleft"",""arrowleft"",""arrowleft"",""arrowright"",""arrowright"",""arrowleft"",""arrowright"",""arrowleft"",""arrowright""]","[599,372,427,316,366,1038,414,343,463,510]","[56,50,42,46,65,60,65,60,45,59]","[56,0,0,0,65,60,65,60,0,59]","[[79.2161,42.7117]]","[]","[]","[]","1","[]","[]","[]","[]","vertical","","","",""
"","","","","","horizons-trial","106","1879981","0.0-92.0","","","","","10","[54,55,50,58,44,55,50,49,60,51]","[49,29,43,44,47,38,56,44,41,38]","""2023-06-14T14:45:47.482Z""","[0,1,1,1]","1","1","1","40","60","60","40","20","0","0","[""arrowleft"",""arrowright"",""arrowright"",""arrowright"",""arrowleft"",""arrowleft"",""arrowright"",""arrowright"",""arrowleft"",""arrowleft""]","[657,276,370,604,564,858,215,335,324,909]","[54,29,43,44,44,55,56,44,60,51]","[54,0,0,0,0,55,56,0,60,51]","[[86.9825,36.9898]]","[]","[]","[]","1","[]","[]","[]","[]","vertical","","","",""
"","","","","","horizons-trial","107","1886723","0.0-93.0","","","","","5","[50,67,80,58,64]","[63,61,56,52,55]","""2023-06-14T14:45:54.223Z""","[1,0,0,0]","1","0","0","60","58","60","58","2","0","0","[""arrowright"",""arrowleft"",""arrowleft"",""arrowleft"",""arrowright""]","[555,316,457,364,336]","[63,67,80,58,55]","[63,67,80,58,0]","[[50,72.64189999999999]]","[]","[]","[]","1","[]","[]","[]","[]","vertical","","","",""
"","","","","","horizons-trial","108","1893488","0.0-94.0","","","","","10","[59,62,68,57,59,74,63,70,68,69]","[50,35,55,43,54,42,49,48,67,46]","""2023-06-14T14:46:00.989Z""","[1,1,1,0]","1","0","1","60","48","60","48","12","0","0","[""arrowright"",""arrowright"",""arrowright"",""arrowleft"",""arrowleft"",""arrowright"",""arrowleft"",""arrowleft"",""arrowleft"",""arrowright""]","[607,300,585,390,314,540,378,315,394,451]","[50,35,55,57,59,42,63,70,68,46]","[0,0,0,57,59,0,63,70,68,0]","[[76.6274,33.028400000000005]]","[]","[]","[]","1","[]","[]","[]","[]","vertical","","","",""
"","","","","","horizons-trial","109","1901142","0.0-95.0","","","","","10","[69,65,66,75,72,53,54,66,64,64]","[42,60,57,70,53,56,52,52,54,53]","""2023-06-14T14:46:08.642Z""","[0,1,0,1]","0","0","1","60","56","60","56","4","0","0","[""arrowleft"",""arrowright"",""arrowleft"",""arrowright"",""arrowleft"",""arrowleft"",""arrowleft"",""arrowleft"",""arrowleft"",""arrowleft""]","[1714,652,331,337,342,451,202,332,330,425]","[69,60,66,70,72,53,54,66,64,64]","[69,0,66,0,72,0,54,66,64,64]","[[76.9972,33.028400000000005]]","[]","[]","[]","1","[]","[]","[]","[]","vertical","","","",""
"","","","","","horizons-trial","110","1907155","0.0-96.0","","","","","10","[71,67,75,50,58,67,55,55,59,60]","[43,41,42,35,43,41,42,34,64,30]","""2023-06-14T14:46:14.656Z""","[1,0,0,0]","1","0","1","60","40","60","40","20","0","0","[""arrowright"",""arrowleft"",""arrowleft"",""arrowleft"",""arrowright"",""arrowleft"",""arrowright"",""arrowright"",""arrowleft"",""arrowleft""]","[660,329,317,401,700,448,298,259,270,339]","[43,67,75,50,43,67,42,34,59,60]","[0,67,75,50,0,67,0,0,0,60]","[[76.9972,33.028400000000005]]","[]","[]","[]","1","[]","[]","[]","[]","vertical","","","",""
"","","","","","horizons-trial","111","1913701","0.0-97.0","","","","","10","[46,38,44,55,49,43,51,43,34,44]","[55,65,40,45,59,57,56,44,51,54]","""2023-06-14T14:46:21.202Z""","[1,0,0,1]","0","0","1","40","52","40","52","12","0","0","[""arrowright"",""arrowleft"",""arrowleft"",""arrowright"",""arrowright"",""arrowleft"",""arrowleft"",""arrowright"",""arrowleft"",""arrowleft""]","[565,845,350,371,470,401,195,407,372,495]","[55,38,44,45,59,43,51,44,34,44]","[55,0,44,0,59,0,0,44,0,0]","[[76.9972,33.028400000000005]]","[]","[]","[]","1","[]","[]","[]","[]","vertical","","","",""
"","","","","","horizons-trial","112","1918842","0.0-98.0","","","","","5","[39,53,41,25,32]","[28,48,46,42,35]","""2023-06-14T14:46:26.342Z""","[0,1,1,0]","0","0","0","40","44","40","44","4","0","0","[""arrowleft"",""arrowright"",""arrowright"",""arrowleft"",""arrowright""]","[639,312,352,360,370]","[39,48,46,25,35]","[39,0,46,0,35]","[[50,56.3564]]","[]","[]","[]","1","[]","[]","[]","[]","vertical","","","",""
"","","","","","horizons-trial","113","1924797","0.0-99.0","","","","","10","[69,63,57,52,53,72,56,52,60,73]","[52,63,65,43,64,50,68,64,69,56]","""2023-06-14T14:46:32.298Z""","[1,0,0,0]","1","0","1","60","58","60","58","2","0","0","[""arrowright"",""arrowleft"",""arrowleft"",""arrowleft"",""arrowright"",""arrowright"",""arrowleft"",""arrowright"",""arrowleft"",""arrowright""]","[462,289,292,283,359,525,218,349,417,690]","[52,63,57,52,64,50,56,64,60,56]","[0,63,0,52,64,0,0,64,0,0]","[[67.7516,40.9511]]","[]","[]","[]","1","[]","[]","[]","[]","vertical","","","",""
"","","","","","horizons-trial","114","1931665","0.0-100.0","","","","","10","[44,39,30,57,56,28,42,34,46,29]","[35,61,52,53,48,58,41,54,55,53]","""2023-06-14T14:46:39.165Z""","[1,1,1,0]","1","0","1","40","52","40","52","12","0","0","[""arrowright"",""arrowright"",""arrowright"",""arrowleft"",""arrowleft"",""arrowright"",""arrowleft"",""arrowright"",""arrowleft"",""arrowleft""]","[498,411,636,330,357,414,219,655,301,1012]","[35,61,52,57,56,58,42,54,46,29]","[0,61,52,57,56,58,42,54,0,0]","[[76.2575,29.507199999999997]]","[]","[]","[]","1","[]","[]","[]","[]","vertical","","","",""
"","","","","","horizons-trial","115","1942272","0.0-101.0","","","","","10","[42,45,43,35,39,43,44,35,44,32]","[64,57,64,57,62,58,59,52,57,61]","""2023-06-14T14:46:49.772Z""","[1,0,1,0]","0","0","1","40","60","40","60","20","0","0","[""arrowright"",""arrowleft"",""arrowright"",""arrowleft"",""arrowright"",""arrowright"",""arrowleft"",""arrowright"",""arrowleft"",""arrowright""]","[437,357,353,334,376,681,2117,601,508,2625]","[64,45,64,35,62,58,44,52,44,61]","[64,0,64,0,62,58,0,52,0,61]","[[76.2575,30.827699999999993]]","[]","[]","[]","1","[]","[]","[]","[]","vertical","","","",""
"","","","","","horizons-trial","116","1948943","0.0-102.0","","","","","5","[67,63,68,63,56]","[47,40,55,45,46]","""2023-06-14T14:46:56.444Z""","[1,1,1,0]","1","0","0","60","48","60","48","12","0","0","[""arrowright"",""arrowright"",""arrowright"",""arrowleft"",""arrowright""]","[689,594,335,389,340]","[47,40,55,63,46]","[0,0,0,63,0]","[[50,77.9237]]","[]","[]","[]","1","[]","[]","[]","[]","vertical","","","",""
"","","","","","horizons-trial","117","1955885","0.0-103.0","","","","","10","[34,47,24,44,39,32,28,28,47,46]","[46,45,43,47,38,39,27,30,35,41]","""2023-06-14T14:47:03.386Z""","[1,0,0,0]","1","0","1","40","41","40","41","1","0","0","[""arrowright"",""arrowleft"",""arrowleft"",""arrowleft"",""arrowright"",""arrowleft"",""arrowleft"",""arrowright"",""arrowright"",""arrowright""]","[700,521,365,404,399,660,229,399,362,447]","[46,47,24,44,38,32,28,30,35,41]","[46,47,0,0,0,0,28,30,0,0]","[[75.5179,46.2329]]","[]","[]","[]","1","[]","[]","[]","[]","vertical","","","",""
"","","","","","horizons-trial","118","1961642","0.0-104.0","","","","","10","[33,43,34,42,48,47,42,38,39,38]","[39,51,47,48,21,37,39,43,35,39]","""2023-06-14T14:47:09.142Z""","[1,1,0,0]","0","1","1","40","41","41","40","1","0","0","[""arrowright"",""arrowright"",""arrowleft"",""arrowleft"",""arrowright"",""arrowright"",""arrowleft"",""arrowleft"",""arrowleft"",""arrowright""]","[585,337,314,537,350,385,258,222,284,355]","[39,51,34,42,21,37,42,38,39,39]","[39,51,0,0,0,0,42,0,39,39]","[[80.6954,39.1905]]","[]","[]","[]","1","[]","[]","[]","[]","vertical","","","",""
"","","","","","horizons-trial","119","1967993","0.0-105.0","","","","","5","[55,66,55,64,52]","[43,21,38,23,33]","""2023-06-14T14:47:15.494Z""","[1,0,1,0]","0","0","0","60","30","60","30","30","0","0","[""arrowright"",""arrowleft"",""arrowright"",""arrowleft"",""arrowleft""]","[765,397,274,292,567]","[43,66,38,64,52]","[0,66,0,64,52]","[[50,74.84270000000001]]","[]","[]","[]","1","[]","[]","[]","[]","vertical","","","",""
"","","","","","horizons-trial","120","1974559","0.0-106.0","","","","","10","[34,42,39,46,55,33,43,39,47,41]","[33,23,44,45,46,43,46,34,42,31]","""2023-06-14T14:47:22.059Z""","[1,0,0,1]","0","0","1","40","44","40","44","4","0","0","[""arrowright"",""arrowleft"",""arrowleft"",""arrowright"",""arrowleft"",""arrowright"",""arrowright"",""arrowleft"",""arrowleft"",""arrowright""]","[465,319,524,477,369,731,298,366,300,380]","[33,42,39,45,55,43,46,39,47,31]","[0,42,0,0,55,43,46,39,47,0]","[[76.6274,38.7504]]","[]","[]","[]","1","[]","[]","[]","[]","vertical","","","",""
"","","","","","horizons-trial","121","1981725","0.0-107.0","","","","","10","[69,72,73,60,51,60,54,49,65,55]","[58,44,50,61,47,52,52,53,53,43]","""2023-06-14T14:47:29.225Z""","[0,1,0,1]","0","0","1","60","58","60","58","2","0","0","[""arrowleft"",""arrowright"",""arrowleft"",""arrowright"",""arrowleft"",""arrowright"",""arrowleft"",""arrowright"",""arrowleft"",""arrowleft""]","[567,283,310,275,299,482,543,297,444,609]","[69,44,73,61,51,52,54,53,65,55]","[69,0,73,61,51,0,54,53,65,55]","[[76.9972,38.7504]]","[]","[]","[]","1","[]","[]","[]","[]","vertical","","","",""
"","","","","","horizons-trial","122","1987891","0.0-108.0","","","","","5","[44,68,54,53,67]","[48,54,45,54,35]","""2023-06-14T14:47:35.391Z""","[1,1,0,1]","1","0","0","60","56","60","56","4","0","0","[""arrowright"",""arrowright"",""arrowleft"",""arrowright"",""arrowleft""]","[513,996,545,297,263]","[48,54,54,54,67]","[48,0,54,54,67]","[[50,62.0783]]","[]","[]","[]","1","[]","[]","[]","[]","vertical","","","",""
"","","","","","horizons-trial","123","1994940","0.0-109.0","","","","","10","[61,59,53,63,56,60,68,63,57,63]","[31,40,18,34,36,27,37,26,40,24]","""2023-06-14T14:47:42.441Z""","[1,0,0,1]","0","0","1","60","30","60","30","30","0","0","[""arrowright"",""arrowleft"",""arrowleft"",""arrowright"",""arrowright"",""arrowright"",""arrowright"",""arrowleft"",""arrowleft"",""arrowleft""]","[328,332,524,378,380,880,310,578,451,449]","[31,59,53,34,36,27,37,63,57,63]","[0,59,53,0,0,0,0,63,57,63]","[[59.9853,43.1519]]","[]","[]","[]","1","[]","[]","[]","[]","vertical","","","",""
"","","","","","horizons-trial","124","2004785","0.0-110.0","","","","","10","[48,62,49,70,59,59,57,58,58,50]","[51,58,56,54,69,54,66,46,57,57]","""2023-06-14T14:47:52.286Z""","[0,1,1,0]","0","1","1","60","59","59","60","1","0","0","[""arrowleft"",""arrowright"",""arrowright"",""arrowleft"",""arrowleft"",""arrowright"",""arrowright"",""arrowleft"",""arrowright"",""arrowright""]","[579,485,357,509,884,1755,495,892,571,443]","[48,58,56,70,59,54,66,58,57,57]","[0,0,56,70,0,0,66,58,0,57]","[[82.1747,21.584500000000006]]","[]","[]","[]","1","[]","[]","[]","[]","vertical","","","",""
"","","","","","horizons-trial","125","2011652","0.0-111.0","","","","","10","[35,57,31,43,60,57,48,39,41,52]","[53,44,70,51,65,58,68,67,65,61]","""2023-06-14T14:47:59.152Z""","[0,0,1,1]","0","1","1","60","48","48","60","12","0","0","[""arrowleft"",""arrowleft"",""arrowright"",""arrowright"",""arrowleft"",""arrowright"",""arrowleft"",""arrowright"",""arrowright"",""arrowright""]","[665,421,737,498,478,437,279,416,317,554]","[35,57,70,51,60,58,48,67,65,61]","[0,57,70,51,0,58,0,67,65,61]","[[82.5446,21.584500000000006]]","[]","[]","[]","1","[]","[]","[]","[]","vertical","","","",""
"","","","","","horizons-trial","126","2017161","0.0-112.0","","","","","10","[66,61,51,50,60,58,59,54,73,60]","[56,53,67,50,63,53,49,56,59,65]","""2023-06-14T14:48:04.662Z""","[1,0,1,1]","1","1","1","60","59","59","60","1","0","0","[""arrowright"",""arrowleft"",""arrowright"",""arrowright"",""arrowleft"",""arrowleft"",""arrowright"",""arrowleft"",""arrowright"",""arrowright""]","[694,346,327,459,397,425,255,313,194,331]","[56,61,67,50,60,58,49,54,59,65]","[0,61,67,50,0,58,0,0,0,65]","[[82.5446,21.584500000000006]]","[]","[]","[]","1","[]","[]","[]","[]","vertical","","","",""
"","","","","","horizons-trial","127","2027147","0.0-113.0","","","","","10","[28,37,37,46,47,40,58,41,33,30]","[73,74,70,67,73,76,63,51,70,68]","""2023-06-14T14:48:14.648Z""","[1,0,1,0]","0","0","1","40","70","40","70","30","0","0","[""arrowright"",""arrowleft"",""arrowright"",""arrowleft"",""arrowright"",""arrowright"",""arrowright"",""arrowright"",""arrowright"",""arrowright""]","[1490,2973,454,340,283,542,443,246,431,413]","[73,37,70,46,73,76,63,51,70,68]","[73,0,70,0,73,76,63,51,70,68]","[[82.5446,21.584500000000006]]","[]","[]","[]","1","[]","[]","[]","[]","vertical","","","",""
"","","","","","horizons-trial","128","2033548","0.0-114.0","","","","","5","[38,38,26,35,36]","[61,58,57,62,56]","""2023-06-14T14:48:21.048Z""","[0,0,1,0]","1","0","0","40","60","40","60","20","0","0","[""arrowleft"",""arrowleft"",""arrowright"",""arrowleft"",""arrowright""]","[706,541,279,327,333]","[38,38,57,35,56]","[0,0,57,0,56]","[[50,73.9624]]","[]","[]","[]","1","[]","[]","[]","[]","vertical","","","",""
"","","","","","horizons-trial","129","2040944","0.0-115.0","","","","","10","[41,34,57,39,23,22,42,41,29,35]","[68,61,62,56,70,57,59,56,60,48]","""2023-06-14T14:48:28.444Z""","[1,0,1,1]","1","1","1","60","40","40","60","20","0","0","[""arrowright"",""arrowleft"",""arrowright"",""arrowright"",""arrowright"",""arrowleft"",""arrowright"",""arrowright"",""arrowright"",""arrowright""]","[613,429,312,400,387,778,320,246,217,190]","[68,34,62,56,70,22,59,56,60,48]","[68,0,62,56,70,0,59,56,60,48]","[[80.6954,40.9511]]","[]","[]","[]","1","[]","[]","[]","[]","vertical","","","",""
"","","","","","horizons-trial","130","2046866","0.0-116.0","","","","","10","[58,61,63,62,63,47,52,70,63,59]","[61,53,62,50,64,63,61,62,53,64]","""2023-06-14T14:48:34.367Z""","[1,1,0,1]","1","0","1","60","59","60","59","1","0","0","[""arrowright"",""arrowright"",""arrowleft"",""arrowright"",""arrowright"",""arrowright"",""arrowleft"",""arrowright"",""arrowright"",""arrowright""]","[444,339,316,243,308,514,454,183,259,234]","[61,53,63,50,64,63,52,62,53,64]","[61,0,63,0,64,63,0,0,0,64]","[[80.3256,40.9511]]","[]","[]","[]","1","[]","[]","[]","[]","vertical","","","",""
"","","","","","horizons-trial","131","2053550","0.0-117.0","","","","","10","[67,66,70,64,74,61,68,59,34,54]","[53,40,55,52,47,63,62,46,46,50]","""2023-06-14T14:48:41.050Z""","[0,0,1,1]","0","0","1","60","52","60","52","8","0","0","[""arrowleft"",""arrowleft"",""arrowright"",""arrowright"",""arrowleft"",""arrowleft"",""arrowleft"",""arrowleft"",""arrowright"",""arrowleft""]","[944,427,583,566,361,437,266,269,533,203]","[67,66,55,52,74,61,68,59,46,54]","[67,66,0,0,74,0,68,59,46,54]","[[80.3256,40.9511]]","[]","[]","[]","1","[]","[]","[]","[]","vertical","","","",""
"","","","","","horizons-trial","132","2062266","0.0-118.0","","","","","10","[61,42,52,50,41,30,47,36,25,54]","[56,44,35,41,40,52,49,59,53,57]","""2023-06-14T14:48:49.766Z""","[1,0,0,1]","0","0","1","40","48","40","48","8","0","0","[""arrowright"",""arrowleft"",""arrowleft"",""arrowright"",""arrowleft"",""arrowright"",""arrowleft"",""arrowright"",""arrowright"",""arrowleft""]","[2890,318,513,327,321,506,200,422,421,430]","[56,42,52,41,41,52,47,59,53,54]","[0,0,52,0,41,52,0,59,53,0]","[[82.1747,37.4299]]","[]","[]","[]","1","[]","[]","[]","[]","vertical","","","",""
"","","","","","survey-html-form","133","2083402","0.0-119.0","21127","{""comments"":"" I worked out what I thought would be the outcome and went with that.""}","","","","","","","","","","","","","","","","","","","","","","","","","","","","","","","","","","",""
"","","","","","survey-html-form","134","2094901","0.0-120.0","11498","{""comments"":"" Same as the others and remembered previous rounds.""}","","","","","","","","","","","","","","","","","","","","","","","","","","","","","","","","","","",""
"","","","","","survey-html-form","135","2096652","0.0-121.0","1749","{""comments"":"" ""}","","","","","","","","","","","","","","","","","","","","","","","","","","","","","","","","","","","[{""event"":""fullscreenenter"",""trial"":2,""time"":4204},{""event"":""blur"",""trial"":10,""time"":234273},{""event"":""fullscreenexit"",""trial"":10,""time"":234279},{""event"":""focus"",""trial"":10,""time"":234435},{""event"":""blur"",""trial"":15,""time"":272841},{""event"":""focus"",""trial"":15,""time"":273003}]"
