"success","timeout","failed_images","failed_audio","failed_video","trial_type","trial_index","time_elapsed","internal_node_id","rt","response","view_history","task","stimulus","question_order","horizon","rewards_L","rewards_R","date","forced_choices","r_info","r_side","r_h","r_mean","r_otherMean","r_mean_L","r_mean_R","r_difference","confidence_immediate_overall","confidence_question_order","key_presses","response_times","outcomes","outcomes_counted_points","confidence","confidence_rt","confidence_2","confidence_2_rt","screen_resolution","belief_confidence_1","belief_confidence_2","belief_confidence_3","belief_confidence_4","immediate_judgement_orientation","phase","responses","num_errors","interactions"
"true","false","[]","[]","[]","preload","0","379","0.0-0.0","","","","","","","","","","","","","","","","","","","","","","","","","","","","","","","","","","","","","","",""
"","","","","","survey-html-form","1","31926","0.0-1.0","31542","{""comments"":"" 582f8bbd4cadc80001b0fbd3""}","","","","","","","","","","","","","","","","","","","","","","","","","","","","","","","","","","","","",""
"true","","","","","fullscreen","2","38516","0.0-2.0","","","","","","","","","","","","","","","","","","","","","","","","","","","","","","","","","","","","","","",""
"","","","","","instructions","3","170713","0.0-3.0","132193","","[{""page_index"":0,""viewing_time"":64507},{""page_index"":1,""viewing_time"":30772},{""page_index"":2,""viewing_time"":6570},{""page_index"":3,""viewing_time"":13872},{""page_index"":4,""viewing_time"":13778},{""page_index"":5,""viewing_time"":2692}]","Consent","","","","","","","","","","","","","","","","","","","","","","","","","","","","","","","","","","",""
"","","","","","html-button-response","4","174153","0.0-4.0","3437","0","","","<p>Declaration of consent for study participation:</p>
            <ul>
                <li> I was informed about the study 'Metacognition in a bandit task', its course, meaning, scope and risks, and I have read and understood the study information.</li>
                <li> I had the opportunity to clarify all open questions. </li>
                <li> I have the right to request further information about the study at any time.</li>
                <li> I voluntarily agree to participate in the study described in the study information provided.</li>
                <li> I have been informed that I may withdraw from this study at any time without incurring any disadvantage.</li>
            </ul>","","","","","","","","","","","","","","","","","","","","","","","","","","","","","","","","","",""
"","","","","","survey-multi-choice","5","186361","0.0-5.0","12202","{""firstDataProtectionQ"":""yes"",""secondDataProtectionQ"":""yes"",""thirdDataProtectionQ"":""yes"",""fourthDataProtectionQ"":""yes""}","","","","[0,1,2,3]","","","","","","","","","","","","","","","","","","","","","","","","","","","","","","","","",""
"","","","","","instructions","6","286374","0.0-6.0-0.0","100006","","[{""page_index"":0,""viewing_time"":9948},{""page_index"":1,""viewing_time"":20131},{""page_index"":2,""viewing_time"":8488},{""page_index"":3,""viewing_time"":6515},{""page_index"":4,""viewing_time"":6301},{""page_index"":5,""viewing_time"":8091},{""page_index"":6,""viewing_time"":7104},{""page_index"":7,""viewing_time"":5295},{""page_index"":8,""viewing_time"":5005},{""page_index"":9,""viewing_time"":5855},{""page_index"":10,""viewing_time"":7146},{""page_index"":11,""viewing_time"":10125}]","","","","","","","","","","","","","","","","","","","","","","","","","","","","","","","","","","","",""
"","","","","","horizons-trial","7","319383","0.0-6.0-1.0","","","","","","","5","[44,57,74,72,62]","[31,33,24,39,29]","""2023-09-16T09:26:13.708Z""","[1,0,1,1]","","","","","","","","","0","","[""arrowright"",""arrowleft"",""arrowright"",""arrowright"",""arrowright""]","[8088,1825,1383,1315,662]","[31,57,24,39,29]","[0,57,0,0,0]","[[50,57.1887]]","[]","[]","[]","1","[]","[]","[]","[]","vertical","practice","","",""
"","","","","","horizons-trial","8","356068","0.0-6.0-2.0","","","","","","","10","[64,50,57,35,52,38,44,61,39,38]","[70,69,76,71,75,58,81,84,57,61]","""2023-09-16T09:26:50.393Z""","[0,0,1,1]","","","","","","","","","1","","[""arrowleft"",""arrowleft"",""arrowright"",""arrowright"",""arrowright"",""arrowright"",""arrowright"",""arrowright"",""arrowright"",""arrowright""]","[1682,2296,2911,2737,3258,2430,1446,768,575,438]","[64,50,76,71,75,58,81,84,57,61]","[0,0,76,71,75,58,81,84,57,61]","[[96.8521,57.5504]]","[]","[]","[]","1","[]","[]","[]","[]","vertical","practice","","",""
"","","","","","instructions","9","375259","0.0-6.0-3.0","19185","","[{""page_index"":0,""viewing_time"":3443},{""page_index"":1,""viewing_time"":8029},{""page_index"":2,""viewing_time"":4822},{""page_index"":3,""viewing_time"":2890}]","","","","","","","","","","","","","","","","","","","","","","","","","","","","","","","","","","","",""
"","","","","","horizons-comprehension","10","555572","0.0-6.0-4.0","180309.89999997616","","","","","","","","","","","","","","","","","","","","","","","","","","","","","","","","","","","","[""true"",""false"",""false"",""true""]","1",""
"","","","","","instructions","11","569796","0.0-6.1-0.1","7028","","[{""page_index"":0,""viewing_time"":3657},{""page_index"":1,""viewing_time"":1385},{""page_index"":2,""viewing_time"":214},{""page_index"":3,""viewing_time"":206},{""page_index"":4,""viewing_time"":198},{""page_index"":5,""viewing_time"":209},{""page_index"":6,""viewing_time"":200},{""page_index"":7,""viewing_time"":190},{""page_index"":8,""viewing_time"":177},{""page_index"":9,""viewing_time"":201},{""page_index"":10,""viewing_time"":180},{""page_index"":11,""viewing_time"":210}]","","","","","","","","","","","","","","","","","","","","","","","","","","","","","","","","","","","",""
"","","","","","horizons-trial","12","584582","0.0-6.1-1.1","","","","","","","5","[44,57,74,72,62]","[31,33,24,39,29]","""2023-09-16T09:30:38.906Z""","[1,0,1,1]","","","","","","","","","0","","[""arrowright"",""arrowleft"",""arrowright"",""arrowright"",""arrowright""]","[4420,3178,1261,309,195]","[31,57,24,39,29]","[0,57,0,0,0]","[[50,62.3288]]","[]","[]","[]","1","[]","[]","[]","[]","vertical","practice","","",""
"","","","","","horizons-trial","13","598321","0.0-6.1-2.1","","","","","","","10","[64,50,57,35,52,38,44,61,39,38]","[70,69,76,71,75,58,81,84,57,61]","""2023-09-16T09:30:52.646Z""","[0,0,1,1]","","","","","","","","","1","","[""arrowleft"",""arrowleft"",""arrowright"",""arrowright"",""arrowright"",""arrowright"",""arrowright"",""arrowright"",""arrowright"",""arrowright""]","[3958,228,983,244,192,760,187,162,166,153]","[64,50,76,71,75,58,81,84,57,61]","[0,0,76,71,75,58,81,84,57,61]","[[94.8605,56.5842]]","[]","[]","[]","1","[]","[]","[]","[]","vertical","practice","","",""
"","","","","","instructions","14","612704","0.0-6.1-3.1","14377","","[{""page_index"":0,""viewing_time"":1722},{""page_index"":1,""viewing_time"":2417},{""page_index"":2,""viewing_time"":1358},{""page_index"":3,""viewing_time"":1651},{""page_index"":2,""viewing_time"":6465},{""page_index"":3,""viewing_time"":763}]","","","","","","","","","","","","","","","","","","","","","","","","","","","","","","","","","","","",""
"","","","","","horizons-comprehension","15","626633","0.0-6.1-4.1","13926.199999928474","","","","","","","","","","","","","","","","","","","","","","","","","","","","","","","","","","","","[""true"",""true"",""false"",""true""]","0",""
"","","","","","instructions","16","633547","0.0-7.0","6910","","[{""page_index"":0,""viewing_time"":6909}]","","","","","","","","","","","","","","","","","","","","","","","","","","","","","","","","","","","",""
"","","","","","horizons-trial","17","695333","0.0-8.0","","","","","","","10","[55,35,51,41,28,43,30,34,35,47]","[51,44,31,29,20,30,44,35,39,41]","""2023-09-16T09:32:29.657Z""","[1,0,0,1]","0","1","1","40","44","44","40","4","0","0","[""arrowright"",""arrowleft"",""arrowleft"",""arrowright"",""arrowleft"",""arrowleft"",""arrowleft"",""arrowleft"",""arrowright"",""arrowright""]","[2964,1956,1005,1156,1326,2812,1445,945,1106,911]","[51,35,51,29,28,43,30,34,39,41]","[0,0,51,0,28,43,0,0,39,0]","[[7.36398,48.1882]]","[]","[]","[]","1","[]","[]","[]","[]","vertical","","","",""
"","","","","","horizons-trial","18","718694","0.0-9.0","","","","","","","5","[67,57,61,64,62]","[41,42,27,34,37]","""2023-09-16T09:32:53.018Z""","[0,0,1,1]","0","1","0","40","70","70","40","30","0","0","[""arrowleft"",""arrowleft"",""arrowright"",""arrowright"",""arrowright""]","[4812,2095,2008,1851,1336]","[67,57,27,34,37]","[67,57,0,0,0]","[[50,70.28280000000001]]","[]","[]","[]","1","[]","[]","[]","[]","vertical","","","",""
"","","","","","horizons-trial","19","755572","0.0-10.0","","","","","","","10","[50,50,54,53,50,56,63,53,66,54]","[43,54,51,37,53,53,50,39,49,59]","""2023-09-16T09:33:29.897Z""","[1,0,1,0]","0","0","1","60","48","60","48","12","0","0","[""arrowright"",""arrowleft"",""arrowright"",""arrowleft"",""arrowleft"",""arrowleft"",""arrowleft"",""arrowleft"",""arrowleft"",""arrowleft""]","[8735,1898,3131,4654,905,1263,1678,1306,756,763]","[43,50,51,53,50,56,63,53,66,54]","[0,0,0,53,0,56,63,53,66,0]","[[11.813,59.2355]]","[]","[]","[]","1","[]","[]","[]","[]","vertical","","","",""
"","","","","","horizons-trial","20","781991","0.0-11.0","","","","","","","10","[49,59,53,56,62,54,64,41,55,43]","[51,50,56,67,65,60,52,65,69,61]","""2023-09-16T09:33:56.315Z""","[1,1,1,0]","1","1","1","60","52","52","60","8","0","0","[""arrowright"",""arrowright"",""arrowright"",""arrowleft"",""arrowleft"",""arrowright"",""arrowright"",""arrowright"",""arrowright"",""arrowright""]","[4343,504,439,2026,645,1459,832,1013,763,574]","[51,50,56,56,62,60,52,65,69,61]","[51,0,56,0,0,60,0,65,69,61]","[[90.0408,48.6301]]","[]","[]","[]","1","[]","[]","[]","[]","vertical","","","",""
"","","","","","horizons-trial","21","806332","0.0-12.0","","","","","","","10","[53,60,71,62,45,67,48,49,67,61]","[61,61,57,64,67,59,73,58,67,67]","""2023-09-16T09:34:20.657Z""","[0,0,1,0]","1","1","1","60","59","59","60","1","0","0","[""arrowleft"",""arrowleft"",""arrowright"",""arrowleft"",""arrowleft"",""arrowleft"",""arrowleft"",""arrowleft"",""arrowleft"",""arrowleft""]","[5244,1052,1292,1414,708,2206,521,599,457,984]","[53,60,57,62,45,67,48,49,67,61]","[0,0,0,0,0,67,0,0,67,0]","[[6.99323,53.4909]]","[]","[]","[]","1","[]","[]","[]","[]","vertical","","","",""
"","","","","","horizons-trial","22","827425","0.0-13.0","","","","","","","10","[45,46,51,60,46,41,43,48,55,53]","[45,36,54,43,43,23,43,37,47,38]","""2023-09-16T09:34:41.749Z""","[1,1,1,0]","1","1","1","40","52","52","40","12","0","0","[""arrowright"",""arrowright"",""arrowright"",""arrowleft"",""arrowleft"",""arrowleft"",""arrowleft"",""arrowleft"",""arrowleft"",""arrowleft""]","[1882,1102,729,1713,550,1291,946,559,526,531]","[45,36,54,60,46,41,43,48,55,53]","[45,0,54,60,46,41,43,48,55,53]","[[24.7891,53.0491]]","[]","[]","[]","1","[]","[]","[]","[]","vertical","","","",""
"","","","","","horizons-trial","23","847389","0.0-14.0","","","","","","","5","[66,54,70,77,64]","[54,46,65,68,66]","""2023-09-16T09:35:01.713Z""","[0,1,0,0]","1","1","0","60","58","58","60","2","0","0","[""arrowleft"",""arrowright"",""arrowleft"",""arrowleft"",""arrowleft""]","[2675,1077,875,472,586]","[66,46,70,77,64]","[66,0,70,77,0]","[[50,80.44630000000001]]","[]","[]","[]","1","[]","[]","[]","[]","vertical","","","",""
"","","","","","horizons-trial","24","880575","0.0-15.0","","","","","","","10","[40,47,41,46,46,32,36,38,40,30]","[42,51,54,49,37,37,45,55,29,49]","""2023-09-16T09:35:34.900Z""","[0,1,1,0]","0","0","1","40","48","40","48","8","0","0","[""arrowleft"",""arrowright"",""arrowright"",""arrowleft"",""arrowleft"",""arrowright"",""arrowright"",""arrowright"",""arrowright"",""arrowright""]","[11633,1410,994,1138,1053,1300,1364,1120,919,600]","[40,51,54,46,46,37,45,55,29,49]","[0,51,54,0,46,37,45,55,0,49]","[[90.0408,65.422]]","[]","[]","[]","1","[]","[]","[]","[]","vertical","","","",""
"","","","","","horizons-trial","25","908763","0.0-16.0","","","","","","","5","[37,57,70,62,70]","[43,29,28,24,39]","""2023-09-16T09:36:03.088Z""","[1,0,1,0]","0","1","0","40","60","60","40","20","0","0","[""arrowright"",""arrowleft"",""arrowright"",""arrowleft"",""arrowleft""]","[5671,1171,730,850,604]","[43,57,28,62,70]","[43,57,0,62,70]","[[50,56.5842]]","[]","[]","[]","1","[]","[]","[]","[]","vertical","","","",""
"","","","","","horizons-trial","26","972601","0.0-17.0","","","","","","","5","[46,41,34,31,43]","[31,38,50,40,28]","""2023-09-16T09:37:06.925Z""","[0,1,0,0]","1","0","0","40","41","40","41","1","0","0","[""arrowleft"",""arrowright"",""arrowleft"",""arrowleft"",""arrowleft""]","[3180,1649,874,562,779]","[46,38,34,31,43]","[46,0,0,0,43]","[[50,34.9315]]","[]","[]","[]","1","[]","[]","[]","[]","vertical","","","",""
"","","","","","horizons-trial","27","991578","0.0-18.0","","","","","","","10","[31,24,21,34,45,26,34,33,35,24]","[60,50,68,57,58,49,54,73,49,54]","""2023-09-16T09:37:25.903Z""","[1,0,1,1]","1","1","1","60","30","30","60","30","0","0","[""arrowright"",""arrowleft"",""arrowright"",""arrowright"",""arrowright"",""arrowright"",""arrowright"",""arrowright"",""arrowright"",""arrowright""]","[3125,2316,874,562,637,1281,675,560,570,530]","[60,24,68,57,58,49,54,73,49,54]","[60,0,68,57,58,49,54,73,49,54]","[[88.5578,80.44630000000001]]","[]","[]","[]","1","[]","[]","[]","[]","vertical","","","",""
"","","","","","horizons-trial","28","1006737","0.0-19.0","","","","","","","5","[51,43,48,28,40]","[53,56,69,47,65]","""2023-09-16T09:37:41.061Z""","[1,1,0,0]","0","0","0","40","60","40","60","20","0","0","[""arrowright"",""arrowright"",""arrowleft"",""arrowleft"",""arrowleft""]","[1386,506,784,473,846]","[53,56,48,28,40]","[53,56,0,0,0]","[[50,65.422]]","[]","[]","[]","1","[]","[]","[]","[]","vertical","","","",""
"","","","","","horizons-trial","29","1031024","0.0-20.0","","","","","","","10","[40,49,40,41,41,44,38,40,36,22]","[53,56,58,52,65,39,41,48,53,56]","""2023-09-16T09:38:05.348Z""","[1,1,0,1]","1","0","1","40","52","40","52","12","0","0","[""arrowright"",""arrowright"",""arrowleft"",""arrowright"",""arrowright"",""arrowright"",""arrowright"",""arrowright"",""arrowright"",""arrowright""]","[9460,831,1252,669,803,1281,536,500,546,510]","[53,56,40,52,65,39,41,48,53,56]","[53,56,0,52,65,0,41,48,53,56]","[[74.8401,61.0031]]","[]","[]","[]","1","[]","[]","[]","[]","vertical","","","",""
"","","","","","horizons-trial","30","1057041","0.0-21.0","","","","","","","10","[44,68,46,50,54,55,60,40,54,65]","[60,53,63,52,45,56,66,51,46,73]","""2023-09-16T09:38:31.365Z""","[1,0,1,0]","0","1","1","60","52","52","60","8","0","0","[""arrowright"",""arrowleft"",""arrowright"",""arrowleft"",""arrowright"",""arrowright"",""arrowright"",""arrowright"",""arrowright"",""arrowright""]","[6587,949,706,899,901,1040,537,594,461,431]","[60,68,63,50,45,56,66,51,46,73]","[60,68,63,0,0,56,66,51,0,73]","[[69.2789,42.4437]]","[]","[]","[]","1","[]","[]","[]","[]","vertical","","","",""
"","","","","","horizons-trial","31","1073730","0.0-22.0","","","","","","","5","[38,48,57,39,43]","[54,68,69,53,60]","""2023-09-16T09:38:48.054Z""","[0,0,0,1]","1","1","0","60","48","48","60","12","0","0","[""arrowleft"",""arrowleft"",""arrowleft"",""arrowright"",""arrowright""]","[2404,1417,560,649,445]","[38,48,57,53,60]","[0,0,0,53,60]","[[50,68.07339999999999]]","[]","[]","[]","1","[]","[]","[]","[]","vertical","","","",""
"","","","","","horizons-trial","32","1087677","0.0-23.0","","","","","","","5","[56,50,61,54,66]","[71,58,64,46,59]","""2023-09-16T09:39:02.001Z""","[1,1,1,0]","1","1","0","60","59","59","60","1","0","0","[""arrowright"",""arrowright"",""arrowright"",""arrowleft"",""arrowleft""]","[2417,634,411,850,369]","[71,58,64,54,66]","[71,58,64,54,66]","[[50,79.5625]]","[]","[]","[]","1","[]","[]","[]","[]","vertical","","","",""
"","","","","","horizons-trial","33","1105961","0.0-24.0","","","","","","","10","[73,80,67,58,74,63,64,90,77,68]","[35,44,32,66,20,41,27,41,50,44]","""2023-09-16T09:39:20.285Z""","[0,0,0,1]","1","1","1","40","70","70","40","30","0","0","[""arrowleft"",""arrowleft"",""arrowleft"",""arrowright"",""arrowright"",""arrowleft"",""arrowleft"",""arrowleft"",""arrowleft"",""arrowleft""]","[3068,788,668,610,476,1685,1012,920,555,487]","[73,80,67,66,20,63,64,90,77,68]","[73,80,67,66,0,63,64,90,77,68]","[[21.8231,53.4909]]","[]","[]","[]","1","[]","[]","[]","[]","vertical","","","",""
"","","","","","horizons-trial","34","1128729","0.0-25.0","","","","","","","5","[60,51,59,65,46]","[57,62,59,61,57]","""2023-09-16T09:39:43.054Z""","[0,1,0,1]","0","0","0","60","56","60","56","4","0","0","[""arrowleft"",""arrowright"",""arrowleft"",""arrowright"",""arrowleft""]","[1402,596,521,1275,6168]","[60,62,59,61,46]","[60,62,59,0,0]","[[50,64.0963]]","[]","[]","[]","1","[]","[]","[]","[]","vertical","","","",""
"","","","","","horizons-trial","35","1142941","0.0-26.0","","","","","","","5","[41,39,43,38,47]","[47,64,42,52,65]","""2023-09-16T09:39:57.265Z""","[1,1,1,0]","1","0","0","40","52","40","52","12","0","0","[""arrowright"",""arrowright"",""arrowright"",""arrowleft"",""arrowleft""]","[1429,641,747,742,1736]","[47,64,42,38,47]","[47,64,0,0,0]","[[50,65.422]]","[]","[]","[]","1","[]","[]","[]","[]","vertical","","","",""
"","","","","","horizons-trial","36","1160458","0.0-27.0","","","","","","","10","[40,45,39,41,43,36,38,41,32,51]","[49,80,67,58,64,54,53,41,59,52]","""2023-09-16T09:40:14.782Z""","[0,0,1,0]","1","1","1","60","40","40","60","20","0","0","[""arrowleft"",""arrowleft"",""arrowright"",""arrowleft"",""arrowright"",""arrowright"",""arrowright"",""arrowright"",""arrowright"",""arrowright""]","[1635,809,567,850,792,1873,624,517,569,448]","[40,45,67,41,64,54,53,41,59,52]","[0,0,67,0,64,54,53,41,59,52]","[[81.1428,56.5842]]","[]","[]","[]","1","[]","[]","[]","[]","vertical","","","",""
"","","","","","horizons-trial","37","1175515","0.0-28.0","","","","","","","5","[39,38,45,39,45]","[54,50,72,58,59]","""2023-09-16T09:40:29.839Z""","[0,1,0,0]","1","0","0","40","60","40","60","20","0","0","[""arrowleft"",""arrowright"",""arrowleft"",""arrowleft"",""arrowright""]","[1859,617,895,481,2046]","[39,50,45,39,59]","[0,50,0,0,59]","[[50,53.0491]]","[]","[]","[]","1","[]","[]","[]","[]","vertical","","","",""
"","","","","","horizons-trial","38","1191792","0.0-29.0","","","","","","","5","[53,49,49,65,61]","[65,52,56,64,52]","""2023-09-16T09:40:46.116Z""","[1,1,0,0]","0","1","0","60","56","56","60","4","0","0","[""arrowright"",""arrowright"",""arrowleft"",""arrowleft"",""arrowright""]","[1948,569,589,423,923]","[65,52,49,65,52]","[65,52,0,65,0]","[[50,76.0274]]","[]","[]","[]","1","[]","[]","[]","[]","vertical","","","",""
"","","","","","horizons-trial","39","1215671","0.0-30.0","","","","","","","10","[36,37,37,44,44,57,39,34,25,46]","[54,61,47,76,61,40,71,60,44,54]","""2023-09-16T09:41:09.995Z""","[0,1,1,0]","0","0","1","40","52","40","52","12","0","0","[""arrowleft"",""arrowright"",""arrowright"",""arrowleft"",""arrowright"",""arrowright"",""arrowright"",""arrowright"",""arrowright"",""arrowright""]","[1845,900,1076,773,821,1214,708,728,635,544]","[36,61,47,44,61,40,71,60,44,54]","[0,61,47,0,61,0,71,60,44,54]","[[66.3129,32.280199999999994]]","[]","[]","[]","1","[]","[]","[]","[]","vertical","","","",""
"","","","","","horizons-trial","40","1236453","0.0-31.0","","","","","","","10","[51,61,39,52,62,47,60,66,49,59]","[60,56,62,70,65,54,49,44,62,58]","""2023-09-16T09:41:30.777Z""","[1,1,1,0]","1","0","1","60","59","60","59","1","0","0","[""arrowright"",""arrowright"",""arrowright"",""arrowleft"",""arrowleft"",""arrowright"",""arrowright"",""arrowright"",""arrowright"",""arrowright""]","[2837,1017,891,740,827,2221,1004,668,471,589]","[60,56,62,52,62,54,49,44,62,58]","[60,0,62,0,0,54,0,0,62,0]","[[81.1428,76.0274]]","[]","[]","[]","1","[]","[]","[]","[]","vertical","","","",""
"","","","","","horizons-trial","41","1255251","0.0-32.0","","","","","","","10","[35,46,55,58,49,53,47,55,45,34]","[64,62,65,68,66,62,53,58,52,59]","""2023-09-16T09:41:49.576Z""","[1,0,0,1]","0","1","1","60","48","48","60","12","0","0","[""arrowright"",""arrowleft"",""arrowleft"",""arrowright"",""arrowright"",""arrowright"",""arrowright"",""arrowright"",""arrowright"",""arrowright""]","[2551,689,591,486,848,1528,733,692,763,806]","[64,46,55,68,66,62,53,58,52,59]","[64,0,0,68,66,62,53,58,52,59]","[[86.3333,86.6328]]","[]","[]","[]","1","[]","[]","[]","[]","vertical","","","",""
"","","","","","horizons-trial","42","1275075","0.0-33.0","","","","","","","5","[57,62,57,42,29]","[63,50,65,55,62]","""2023-09-16T09:42:09.400Z""","[1,1,0,0]","0","1","0","60","52","52","60","8","0","0","[""arrowright"",""arrowright"",""arrowleft"",""arrowleft"",""arrowright""]","[2014,872,658,678,614]","[63,50,57,42,62]","[63,0,0,0,62]","[[50,81.3301]]","[]","[]","[]","1","[]","[]","[]","[]","vertical","","","",""
"","","","","","horizons-trial","43","1288414","0.0-34.0","","","","","","","5","[43,42,42,49,43]","[45,31,52,48,42]","""2023-09-16T09:42:22.739Z""","[0,0,1,1]","0","0","0","40","41","40","41","1","0","0","[""arrowleft"",""arrowleft"",""arrowright"",""arrowright"",""arrowright""]","[2592,644,508,549,1725]","[43,42,52,48,42]","[0,42,52,0,0]","[[50,59.6774]]","[]","[]","[]","1","[]","[]","[]","[]","vertical","","","",""
"","","","","","horizons-trial","44","1302289","0.0-35.0","","","","","","","5","[39,50,34,26,35]","[34,53,52,37,52]","""2023-09-16T09:42:36.613Z""","[1,1,1,0]","1","0","0","40","42","40","42","2","0","0","[""arrowright"",""arrowright"",""arrowright"",""arrowleft"",""arrowright""]","[2101,688,491,706,1182]","[34,53,52,26,52]","[0,53,52,0,52]","[[50,70.7247]]","[]","[]","[]","1","[]","[]","[]","[]","vertical","","","",""
"","","","","","horizons-trial","45","1322938","0.0-36.0","","","","","","","10","[33,46,52,46,38,35,25,28,25,52]","[54,52,53,43,65,42,64,57,64,52]","""2023-09-16T09:42:57.262Z""","[1,1,0,0]","0","1","1","60","40","40","60","20","0","0","[""arrowright"",""arrowright"",""arrowleft"",""arrowleft"",""arrowright"",""arrowright"",""arrowright"",""arrowright"",""arrowright"",""arrowright""]","[4071,811,564,445,496,1380,929,786,684,446]","[54,52,52,46,65,42,64,57,64,52]","[54,52,0,46,65,42,64,57,64,52]","[[78.1768,55.2585]]","[]","[]","[]","1","[]","[]","[]","[]","vertical","","","",""
"","","","","","horizons-trial","46","1337303","0.0-37.0","","","","","","","5","[46,32,46,47,51]","[37,51,51,47,26]","""2023-09-16T09:43:11.627Z""","[0,0,0,1]","1","1","0","40","42","42","40","2","0","0","[""arrowleft"",""arrowleft"",""arrowleft"",""arrowright"",""arrowright""]","[1686,604,607,525,1634]","[46,32,46,47,26]","[46,0,0,47,0]","[[50,47.7464]]","[]","[]","[]","1","[]","[]","[]","[]","vertical","","","",""
"","","","","","horizons-trial","47","1355549","0.0-38.0","","","","","","","10","[38,55,43,31,31,33,42,34,38,29]","[49,56,70,66,55,48,61,71,66,59]","""2023-09-16T09:43:29.873Z""","[0,1,0,0]","1","0","1","40","60","40","60","20","0","0","[""arrowleft"",""arrowright"",""arrowleft"",""arrowleft"",""arrowright"",""arrowright"",""arrowright"",""arrowright"",""arrowright"",""arrowright""]","[2218,757,1577,590,625,1111,999,737,598,630]","[38,56,43,31,55,48,61,71,66,59]","[0,56,0,0,55,48,61,71,66,59]","[[82.6258,70.28280000000001]]","[]","[]","[]","1","[]","[]","[]","[]","vertical","","","",""
"","","","","","horizons-trial","48","1370457","0.0-39.0","","","","","","","5","[28,43,31,35,31]","[45,52,45,54,33]","""2023-09-16T09:43:44.781Z""","[1,0,0,1]","0","1","0","40","41","41","40","1","0","0","[""arrowright"",""arrowleft"",""arrowleft"",""arrowright"",""arrowright""]","[2124,978,647,874,730]","[45,43,31,54,33]","[45,0,0,54,33]","[[50,61.8869]]","[]","[]","[]","1","[]","[]","[]","[]","vertical","","","",""
"","","","","","horizons-trial","49","1389381","0.0-40.0","","","","","","","10","[47,32,48,53,38,34,38,41,45,43]","[32,28,31,46,26,33,38,33,29,61]","""2023-09-16T09:44:03.705Z""","[0,1,0,0]","1","0","1","40","41","40","41","1","0","0","[""arrowleft"",""arrowright"",""arrowleft"",""arrowleft"",""arrowleft"",""arrowleft"",""arrowleft"",""arrowleft"",""arrowleft"",""arrowleft""]","[1538,599,815,720,1188,1627,816,662,587,645]","[47,28,48,53,38,34,38,41,45,43]","[47,0,48,53,38,34,38,41,45,0]","[[8.10547,88.4004]]","[]","[]","[]","1","[]","[]","[]","[]","vertical","","","",""
"","","","","","horizons-trial","50","1405895","0.0-41.0","","","","","","","5","[69,61,51,73,69]","[37,63,48,38,40]","""2023-09-16T09:44:20.220Z""","[0,1,0,1]","0","0","0","60","48","60","48","12","0","0","[""arrowleft"",""arrowright"",""arrowleft"",""arrowright"",""arrowleft""]","[2117,728,890,1586,1786]","[69,63,51,38,69]","[69,63,51,0,69]","[[50,81.3301]]","[]","[]","[]","1","[]","[]","[]","[]","vertical","","","",""
"","","","","","horizons-trial","51","1428786","0.0-42.0","","","","","","","10","[55,54,56,53,68,51,49,45,55,51]","[59,59,59,59,42,60,57,64,54,66]","""2023-09-16T09:44:43.110Z""","[0,1,0,0]","1","1","1","60","58","58","60","2","0","0","[""arrowleft"",""arrowright"",""arrowleft"",""arrowleft"",""arrowright"",""arrowright"",""arrowright"",""arrowright"",""arrowright"",""arrowright""]","[2084,718,784,948,3404,1233,541,624,517,948]","[55,59,56,53,42,60,57,64,54,66]","[0,59,0,0,0,60,57,64,0,66]","[[77.0646,37.141]]","[]","[]","[]","1","[]","[]","[]","[]","vertical","","","",""
"","","","","","horizons-trial","52","1440724","0.0-43.0","","","","","","","5","[59,56,63,52,53]","[64,75,71,62,64]","""2023-09-16T09:44:55.049Z""","[1,1,0,0]","0","1","0","60","58","58","60","2","0","0","[""arrowright"",""arrowright"",""arrowleft"",""arrowleft"",""arrowright""]","[1892,638,834,565,1823]","[64,75,63,52,64]","[64,75,0,0,64]","[[50,81.3301]]","[]","[]","[]","1","[]","[]","[]","[]","vertical","","","",""
"","","","","","horizons-trial","53","1454369","0.0-44.0","","","","","","","5","[35,32,20,55,35]","[56,62,62,58,69]","""2023-09-16T09:45:08.693Z""","[0,0,0,1]","1","1","0","60","40","40","60","20","0","0","[""arrowleft"",""arrowleft"",""arrowleft"",""arrowright"",""arrowright""]","[3300,903,908,906,1275]","[35,32,20,58,69]","[0,0,0,58,69]","[[50,73.376]]","[]","[]","[]","1","[]","[]","[]","[]","vertical","","","",""
"","","","","","horizons-trial","54","1471182","0.0-45.0","","","","","","","5","[47,53,45,54,52]","[31,33,60,24,30]","""2023-09-16T09:45:25.506Z""","[1,0,1,0]","0","1","0","40","48","48","40","8","0","0","[""arrowright"",""arrowleft"",""arrowright"",""arrowleft"",""arrowleft""]","[3472,741,610,867,2744]","[31,53,60,54,52]","[0,53,60,54,52]","[[50,65.422]]","[]","[]","[]","1","[]","[]","[]","[]","vertical","","","",""
"","","","","","horizons-trial","55","1490116","0.0-46.0","","","","","","","10","[55,40,44,25,35,37,44,47,44,33]","[40,45,44,36,41,30,43,40,49,30]","""2023-09-16T09:45:44.440Z""","[1,1,0,0]","0","1","1","40","42","42","40","2","0","0","[""arrowright"",""arrowright"",""arrowleft"",""arrowleft"",""arrowright"",""arrowright"",""arrowright"",""arrowright"",""arrowright"",""arrowright""]","[2497,628,636,870,545,3255,1776,664,460,835]","[40,45,44,25,41,30,43,40,49,30]","[0,45,44,0,41,0,0,0,49,0]","[[75.2109,48.6301]]","[]","[]","[]","1","[]","[]","[]","[]","vertical","","","",""
"","","","","","horizons-trial","56","1507593","0.0-47.0","","","","","","","5","[40,41,38,30,39]","[39,39,61,35,36]","""2023-09-16T09:46:01.917Z""","[1,0,0,0]","1","0","0","40","44","40","44","4","0","0","[""arrowright"",""arrowleft"",""arrowleft"",""arrowleft"",""arrowright""]","[1969,699,982,822,3892]","[39,41,38,30,36]","[0,41,0,0,0]","[[50,44.6531]]","[]","[]","[]","1","[]","[]","[]","[]","vertical","","","",""
"","","","","","horizons-trial","57","1520630","0.0-48.0","","","","","","","5","[58,62,40,56,65]","[47,53,48,64,47]","""2023-09-16T09:46:14.955Z""","[0,1,1,1]","1","0","0","60","56","60","56","4","0","0","[""arrowleft"",""arrowright"",""arrowright"",""arrowright"",""arrowright""]","[1765,617,664,594,1712]","[58,53,48,64,47]","[58,0,48,64,0]","[[50,62.3288]]","[]","[]","[]","1","[]","[]","[]","[]","vertical","","","",""
"","","","","","horizons-trial","58","1540602","0.0-49.0","","","","","","","10","[44,58,57,64,54,59,63,58,65,62]","[33,43,28,24,21,28,8,33,39,34]","""2023-09-16T09:46:34.926Z""","[1,0,0,1]","0","0","1","60","30","60","30","30","0","0","[""arrowright"",""arrowleft"",""arrowleft"",""arrowright"",""arrowleft"",""arrowleft"",""arrowleft"",""arrowleft"",""arrowleft"",""arrowleft""]","[3993,627,779,592,850,1535,732,611,505,776]","[33,58,57,24,54,59,63,58,65,62]","[0,58,57,0,54,59,63,58,65,62]","[[20.7109,68.07339999999999]]","[]","[]","[]","1","[]","[]","[]","[]","vertical","","","",""
"","","","","","horizons-trial","59","1560479","0.0-50.0","","","","","","","10","[50,50,46,60,55,45,47,44,60,52]","[35,36,41,37,58,35,27,41,26,38]","""2023-09-16T09:46:54.803Z""","[0,1,1,0]","0","1","1","40","52","52","40","12","0","0","[""arrowleft"",""arrowright"",""arrowright"",""arrowleft"",""arrowleft"",""arrowleft"",""arrowleft"",""arrowleft"",""arrowleft"",""arrowleft""]","[2154,621,672,661,808,1751,840,642,597,895]","[50,36,41,60,55,45,47,44,60,52]","[50,0,0,60,0,45,47,44,60,52]","[[15.8912,90.16792]]","[]","[]","[]","1","[]","[]","[]","[]","vertical","","","",""
"","","","","","horizons-trial","60","1580250","0.0-51.0","","","","","","","5","[56,60,71,66,57]","[59,73,49,67,69]","""2023-09-16T09:47:14.574Z""","[0,1,1,0]","0","0","0","60","59","60","59","1","0","0","[""arrowleft"",""arrowright"",""arrowright"",""arrowleft"",""arrowright""]","[2068,707,847,966,7553]","[56,73,49,66,69]","[0,73,0,0,69]","[[50,53.4909]]","[]","[]","[]","1","[]","[]","[]","[]","vertical","","","",""
"","","","","","horizons-trial","61","1591980","0.0-52.0","","","","","","","5","[59,33,57,47,45]","[64,73,54,67,51]","""2023-09-16T09:47:26.304Z""","[0,1,1,0]","0","1","0","60","40","40","60","20","0","0","[""arrowleft"",""arrowright"",""arrowright"",""arrowleft"",""arrowright""]","[2576,535,748,529,1124]","[59,73,54,47,51]","[0,73,0,0,51]","[[50,68.07339999999999]]","[]","[]","[]","1","[]","[]","[]","[]","vertical","","","",""
"","","","","","horizons-trial","62","1605433","0.0-53.0","","","","","","","5","[52,50,67,62,56]","[54,39,48,41,36]","""2023-09-16T09:47:39.757Z""","[1,0,1,0]","0","1","0","40","52","52","40","12","0","0","[""arrowright"",""arrowleft"",""arrowright"",""arrowleft"",""arrowleft""]","[1909,569,664,526,1471]","[54,50,48,62,56]","[54,50,0,62,56]","[[50,60.5612]]","[]","[]","[]","1","[]","[]","[]","[]","vertical","","","",""
"","","","","","horizons-trial","63","1624409","0.0-54.0","","","","","","","10","[29,54,45,45,44,42,37,45,44,39]","[32,38,41,50,48,50,43,43,46,40]","""2023-09-16T09:47:58.733Z""","[1,1,0,0]","0","0","1","40","44","40","44","4","0","0","[""arrowright"",""arrowright"",""arrowleft"",""arrowleft"",""arrowleft"",""arrowleft"",""arrowleft"",""arrowleft"",""arrowleft"",""arrowleft""]","[1733,530,569,838,2785,1625,668,595,480,513]","[32,38,45,45,44,42,37,45,44,39]","[32,0,45,0,0,0,0,45,0,0]","[[17.3742,45.5369]]","[]","[]","[]","1","[]","[]","[]","[]","vertical","","","",""
"","","","","","horizons-trial","64","1695005","0.0-55.0","","","","","","","10","[50,36,42,33,33,36,42,41,26,47]","[71,70,80,63,70,59,61,85,84,69]","""2023-09-16T09:49:09.330Z""","[1,1,1,0]","1","0","1","40","70","40","70","30","0","0","[""arrowright"",""arrowright"",""arrowright"",""arrowleft"",""arrowleft"",""arrowright"",""arrowright"",""arrowright"",""arrowright"",""arrowright""]","[55227,1677,713,443,501,1054,596,513,505,326]","[71,70,80,33,33,59,61,85,84,69]","[71,70,80,0,0,59,61,85,84,69]","[[91.5238,87.9585]]","[]","[]","[]","1","[]","[]","[]","[]","vertical","","","",""
"","","","","","horizons-trial","65","1713888","0.0-56.0","","","","","","","10","[59,63,50,52,79,59,55,58,52,66]","[31,46,43,37,50,48,41,37,52,58]","""2023-09-16T09:49:28.212Z""","[0,1,0,0]","1","1","1","40","60","60","40","20","0","0","[""arrowleft"",""arrowright"",""arrowleft"",""arrowleft"",""arrowright"",""arrowleft"",""arrowleft"",""arrowleft"",""arrowleft"",""arrowleft""]","[3367,684,634,999,598,941,581,526,468,506]","[59,46,50,52,50,59,55,58,52,66]","[59,0,50,52,0,59,55,58,52,66]","[[18.4864,64.9801]]","[]","[]","[]","1","[]","[]","[]","[]","vertical","","","",""
"","","","","","horizons-trial","66","1730794","0.0-57.0","","","","","","","10","[45,32,30,31,46,42,44,53,50,26]","[25,34,48,63,43,47,42,47,46,37]","""2023-09-16T09:49:45.118Z""","[0,0,1,0]","1","0","1","40","44","40","44","4","0","0","[""arrowleft"",""arrowleft"",""arrowright"",""arrowleft"",""arrowright"",""arrowright"",""arrowright"",""arrowright"",""arrowright"",""arrowright""]","[2021,665,506,620,728,1523,1093,439,515,1396]","[45,32,48,31,43,47,42,47,46,37]","[45,0,48,0,0,47,0,0,0,37]","[[75.9524,49.072]]","[]","[]","[]","1","[]","[]","[]","[]","vertical","","","",""
"","","","","","horizons-trial","67","1753397","0.0-58.0","","","","","","","5","[60,54,45,55,57]","[33,19,37,25,20]","""2023-09-16T09:50:07.722Z""","[1,1,1,0]","1","0","0","60","30","60","30","30","0","0","[""arrowright"",""arrowright"",""arrowright"",""arrowleft"",""arrowleft""]","[1777,733,496,624,2022]","[33,19,37,55,57]","[0,0,0,55,57]","[[50,70.7247]]","[]","[]","[]","1","[]","[]","[]","[]","vertical","","","",""
"","","","","","horizons-trial","68","1766981","0.0-59.0","","","","","","","10","[45,48,43,57,54,51,58,35,57,43]","[70,56,70,58,56,56,66,58,64,76]","""2023-09-16T09:50:21.305Z""","[1,0,0,0]","1","1","1","60","48","48","60","12","0","0","[""arrowright"",""arrowleft"",""arrowleft"",""arrowleft"",""arrowright"",""arrowright"",""arrowright"",""arrowright"",""arrowright"",""arrowright""]","[2007,674,514,500,684,1158,434,495,462,979]","[70,48,43,57,56,56,66,58,64,76]","[70,0,0,0,56,56,66,58,64,76]","[[81.1428,58.3517]]","[]","[]","[]","1","[]","[]","[]","[]","vertical","","","",""
"","","","","","horizons-trial","69","1808946","0.0-60.0","","","","","","","10","[58,57,59,54,60,65,46,73,63,61]","[52,65,71,57,73,38,55,41,51,59]","""2023-09-16T09:51:03.271Z""","[0,0,0,1]","1","0","1","60","52","60","52","8","0","0","[""arrowleft"",""arrowleft"",""arrowleft"",""arrowright"",""arrowright"",""arrowleft"",""arrowleft"",""arrowleft"",""arrowleft"",""arrowleft""]","[1725,733,1548,521,885,1300,571,615,540,634]","[58,57,59,57,73,65,46,73,63,61]","[58,0,0,57,73,65,0,73,63,61]","[[21.8231,64.9801]]","[]","[]","[]","1","[]","[]","[]","[]","vertical","","","",""
"","","","","","horizons-trial","70","1853305","0.0-61.0","","","","","","","10","[50,56,37,61,57,65,46,60,73,55]","[56,54,54,63,58,43,62,57,61,54]","""2023-09-16T09:51:47.629Z""","[1,0,1,0]","0","1","1","60","58","58","60","2","0","0","[""arrowright"",""arrowleft"",""arrowright"",""arrowleft"",""arrowleft"",""arrowleft"",""arrowleft"",""arrowleft"",""arrowleft"",""arrowleft""]","[4151,692,886,7322,514,1172,348,360,329,337]","[56,56,54,61,57,65,46,60,73,55]","[56,56,54,0,0,65,0,60,73,55]","[[14.0374,61.8869]]","[]","[]","[]","1","[]","[]","[]","[]","vertical","","","",""
"","","","","","horizons-trial","71","1874221","0.0-62.0","","","","","","","10","[50,34,27,34,29,35,33,28,54,44]","[69,78,68,80,76,64,60,64,85,61]","""2023-09-16T09:52:08.545Z""","[1,1,0,0]","0","0","1","40","70","40","70","30","0","0","[""arrowright"",""arrowright"",""arrowleft"",""arrowleft"",""arrowright"",""arrowright"",""arrowright"",""arrowright"",""arrowright"",""arrowright""]","[2386,648,438,477,2894,1099,347,303,333,324]","[69,78,27,34,76,64,60,64,85,61]","[69,78,0,0,76,64,60,64,85,61]","[[78.5476,67.1896]]","[]","[]","[]","1","[]","[]","[]","[]","vertical","","","",""
"","","","","","horizons-trial","72","1894288","0.0-63.0","","","","","","","10","[69,71,68,67,88,59,65,76,73,73]","[34,46,29,22,71,39,25,27,40,39]","""2023-09-16T09:52:28.612Z""","[1,1,0,0]","0","1","1","40","70","70","40","30","0","0","[""arrowright"",""arrowright"",""arrowleft"",""arrowleft"",""arrowleft"",""arrowleft"",""arrowleft"",""arrowleft"",""arrowleft"",""arrowleft""]","[1497,535,516,571,522,1204,393,329,397,477]","[34,46,68,67,88,59,65,76,73,73]","[0,0,68,67,88,59,65,76,73,73]","[[24.4184,79.5625]]","[]","[]","[]","1","[]","[]","[]","[]","vertical","","","",""
"","","","","","horizons-trial","73","1906152","0.0-64.0","","","","","","","5","[53,62,45,47,47]","[36,28,39,37,37]","""2023-09-16T09:52:40.477Z""","[1,1,1,0]","1","1","0","40","48","48","40","8","0","0","[""arrowright"",""arrowright"",""arrowright"",""arrowleft"",""arrowleft""]","[5232,450,417,388,748]","[36,28,39,47,47]","[0,0,0,47,47]","[[50,56.1423]]","[]","[]","[]","1","[]","[]","[]","[]","vertical","","","",""
"","","","","","horizons-trial","74","1917791","0.0-65.0","","","","","","","5","[48,57,57,60,57]","[43,45,61,43,38]","""2023-09-16T09:52:52.116Z""","[1,0,0,1]","0","0","0","60","52","60","52","8","0","0","[""arrowright"",""arrowleft"",""arrowleft"",""arrowright"",""arrowright""]","[4852,483,328,785,362]","[43,57,57,43,38]","[0,57,0,0,0]","[[50,53.0491]]","[]","[]","[]","1","[]","[]","[]","[]","vertical","","","",""
"","","","","","horizons-trial","75","1931163","0.0-66.0","","","","","","","10","[22,41,32,42,45,38,24,33,36,47]","[47,42,40,35,41,59,38,52,47,31]","""2023-09-16T09:53:05.488Z""","[1,1,1,0]","1","0","1","40","42","40","42","2","0","0","[""arrowright"",""arrowright"",""arrowright"",""arrowleft"",""arrowright"",""arrowright"",""arrowright"",""arrowright"",""arrowright"",""arrowright""]","[1512,468,477,1357,945,779,399,338,339,361]","[47,42,40,42,41,59,38,52,47,31]","[47,42,40,42,0,59,38,52,47,0]","[[77.4353,43.3274]]","[]","[]","[]","1","[]","[]","[]","[]","vertical","","","",""
"","","","","","horizons-trial","76","1943821","0.0-67.0","","","","","","","10","[33,51,53,48,32,69,47,33,25,54]","[45,43,47,44,42,53,28,34,35,42]","""2023-09-16T09:53:18.146Z""","[1,1,0,1]","1","1","1","40","48","48","40","8","0","0","[""arrowright"",""arrowright"",""arrowleft"",""arrowright"",""arrowright"",""arrowleft"",""arrowleft"",""arrowleft"",""arrowleft"",""arrowleft""]","[1525,548,520,871,570,991,530,467,461,335]","[45,43,53,44,42,69,47,33,25,54]","[45,0,53,0,42,69,47,0,0,54]","[[18.4864,43.7693]]","[]","[]","[]","1","[]","[]","[]","[]","vertical","","","",""
"","","","","","horizons-trial","77","1954698","0.0-68.0","","","","","","","5","[64,57,66,64,54]","[46,48,55,59,57]","""2023-09-16T09:53:29.023Z""","[1,0,1,1]","1","0","0","60","52","60","52","8","0","0","[""arrowright"",""arrowleft"",""arrowright"",""arrowright"",""arrowright""]","[2230,786,493,383,466]","[46,57,55,59,57]","[0,57,0,0,57]","[[50,54.8166]]","[]","[]","[]","1","[]","[]","[]","[]","vertical","","","",""
"","","","","","horizons-trial","78","1963712","0.0-69.0","","","","","","","5","[29,43,46,50,35]","[29,36,49,43,47]","""2023-09-16T09:53:38.036Z""","[1,1,0,0]","0","1","0","40","44","44","40","4","0","0","[""arrowright"",""arrowright"",""arrowleft"",""arrowleft"",""arrowleft""]","[1464,549,552,476,830]","[29,36,46,50,35]","[29,0,0,50,0]","[[50,68.9571]]","[]","[]","[]","1","[]","[]","[]","[]","vertical","","","",""
"","","","","","horizons-trial","79","1976838","0.0-70.0","","","","","","","5","[55,42,39,40,52]","[46,58,58,63,60]","""2023-09-16T09:53:51.163Z""","[0,0,1,1]","0","1","0","60","48","48","60","12","0","0","[""arrowleft"",""arrowleft"",""arrowright"",""arrowright"",""arrowright""]","[1891,600,458,643,795]","[55,42,58,63,60]","[55,0,58,63,60]","[[50,81.77199999999999]]","[]","[]","[]","1","[]","[]","[]","[]","vertical","","","",""
"","","","","","horizons-trial","80","1988608","0.0-71.0","","","","","","","5","[56,53,56,73,61]","[64,64,61,58,67]","""2023-09-16T09:54:02.933Z""","[1,1,1,0]","1","0","0","60","59","60","59","1","0","0","[""arrowright"",""arrowright"",""arrowright"",""arrowleft"",""arrowleft""]","[1240,531,447,492,2370]","[64,64,61,73,61]","[64,64,61,73,0]","[[50,72.0504]]","[]","[]","[]","1","[]","[]","[]","[]","vertical","","","",""
"","","","","","horizons-trial","81","2004340","0.0-72.0","","","","","","","5","[19,22,40,23,33]","[65,66,51,66,59]","""2023-09-16T09:54:18.664Z""","[0,1,1,1]","1","1","0","60","30","30","60","30","0","0","[""arrowleft"",""arrowright"",""arrowright"",""arrowright"",""arrowright""]","[1449,477,465,414,1055]","[19,66,51,66,59]","[0,66,51,66,59]","[[50,87.5166]]","[]","[]","[]","1","[]","[]","[]","[]","vertical","","","",""
"","","","","","horizons-trial","82","2015585","0.0-73.0","","","","","","","5","[39,56,33,67,37]","[35,47,33,39,28]","""2023-09-16T09:54:29.910Z""","[1,1,0,1]","1","1","0","40","44","44","40","4","0","0","[""arrowright"",""arrowright"",""arrowleft"",""arrowright"",""arrowright""]","[1892,496,551,679,1264]","[35,47,33,39,28]","[0,0,33,0,0]","[[50,56.5842]]","[]","[]","[]","1","[]","[]","[]","[]","vertical","","","",""
"","","","","","horizons-trial","83","2027252","0.0-74.0","","","","","","","5","[33,36,46,37,29]","[52,42,36,24,34]","""2023-09-16T09:54:41.577Z""","[1,1,1,0]","1","1","0","40","41","41","40","1","0","0","[""arrowright"",""arrowright"",""arrowright"",""arrowleft"",""arrowleft""]","[1142,748,826,496,3001]","[52,42,36,37,29]","[52,42,0,37,0]","[[50,52.6072]]","[]","[]","[]","1","[]","[]","[]","[]","vertical","","","",""
"","","","","","horizons-trial","84","2044613","0.0-75.0","","","","","","","10","[63,60,58,51,59,70,49,52,53,67]","[56,39,57,47,52,53,50,48,68,59]","""2023-09-16T09:54:58.938Z""","[1,0,1,1]","1","0","1","60","56","60","56","4","0","0","[""arrowright"",""arrowleft"",""arrowright"",""arrowright"",""arrowleft"",""arrowleft"",""arrowleft"",""arrowleft"",""arrowleft"",""arrowleft""]","[3450,566,737,1486,1607,1193,546,365,329,497]","[56,60,57,47,59,70,49,52,53,67]","[0,60,0,0,59,70,0,52,0,67]","[[20.3402,53.4909]]","[]","[]","[]","1","[]","[]","[]","[]","vertical","","","",""
"","","","","","horizons-trial","85","2061695","0.0-76.0","","","","","","","10","[77,72,55,68,58,75,51,48,67,57]","[56,72,70,65,45,64,63,50,59,57]","""2023-09-16T09:55:16.020Z""","[1,0,0,1]","0","0","1","60","59","60","59","1","0","0","[""arrowright"",""arrowleft"",""arrowleft"",""arrowright"",""arrowleft"",""arrowleft"",""arrowleft"",""arrowleft"",""arrowleft"",""arrowleft""]","[2143,609,753,739,1194,1065,501,375,615,334]","[56,72,55,65,58,75,51,48,67,57]","[0,72,0,0,58,75,0,0,67,57]","[[20.3402,44.6531]]","[]","[]","[]","1","[]","[]","[]","[]","vertical","","","",""
"","","","","","horizons-trial","86","2072109","0.0-77.0","","","","","","","5","[61,59,57,56,62]","[47,45,40,37,52]","""2023-09-16T09:55:26.433Z""","[1,0,1,1]","1","0","0","60","48","60","48","12","0","0","[""arrowright"",""arrowleft"",""arrowright"",""arrowright"",""arrowleft""]","[1389,521,837,581,667]","[47,59,40,37,62]","[0,59,0,0,62]","[[50,82.6558]]","[]","[]","[]","1","[]","[]","[]","[]","vertical","","","",""
"","","","","","horizons-trial","87","2084325","0.0-78.0","","","","","","","10","[43,40,41,45,48,47,32,32,35,36]","[39,28,41,37,40,48,49,41,24,39]","""2023-09-16T09:55:38.649Z""","[1,0,1,1]","1","1","1","40","41","41","40","1","0","0","[""arrowright"",""arrowleft"",""arrowright"",""arrowright"",""arrowleft"",""arrowleft"",""arrowleft"",""arrowleft"",""arrowleft"",""arrowleft""]","[1594,457,738,615,560,1081,505,497,408,320]","[39,40,41,37,48,47,32,32,35,36]","[0,40,41,0,48,0,0,0,35,0]","[[19.5987,44.6531]]","[]","[]","[]","1","[]","[]","[]","[]","vertical","","","",""
"","","","","","horizons-trial","88","2093798","0.0-79.0","","","","","","","5","[58,52,56,62,61]","[42,44,55,56,56]","""2023-09-16T09:55:48.123Z""","[0,1,0,1]","0","0","0","60","40","60","40","20","0","0","[""arrowleft"",""arrowright"",""arrowleft"",""arrowright"",""arrowleft""]","[1504,569,456,925,969]","[58,44,56,56,61]","[58,0,56,0,61]","[[50,78.67869999999999]]","[]","[]","[]","1","[]","[]","[]","[]","vertical","","","",""
"","","","","","horizons-trial","89","2109474","0.0-80.0","","","","","","","10","[56,70,55,55,67,52,65,64,51,63]","[60,62,71,52,52,43,75,57,57,43]","""2023-09-16T09:56:03.798Z""","[0,1,0,1]","0","1","1","60","59","59","60","1","0","0","[""arrowleft"",""arrowright"",""arrowleft"",""arrowright"",""arrowleft"",""arrowright"",""arrowright"",""arrowright"",""arrowright"",""arrowright""]","[2185,542,849,693,910,961,459,353,392,380]","[56,62,55,52,67,43,75,57,57,43]","[0,0,0,0,67,0,75,0,57,0]","[[84.4796,60.5612]]","[]","[]","[]","1","[]","[]","[]","[]","vertical","","","",""
"","","","","","horizons-trial","90","2121769","0.0-81.0","","","","","","","10","[66,59,60,59,48,55,60,71,60,45]","[69,71,66,59,53,71,58,59,66,67]","""2023-09-16T09:56:16.094Z""","[1,0,1,1]","1","1","1","60","56","56","60","4","0","0","[""arrowright"",""arrowleft"",""arrowright"",""arrowright"",""arrowright"",""arrowright"",""arrowright"",""arrowright"",""arrowright"",""arrowright""]","[1630,532,545,594,960,1119,345,372,464,561]","[69,59,66,59,53,71,58,59,66,67]","[69,0,66,59,53,71,0,0,66,67]","[[82.2551,53.4909]]","[]","[]","[]","1","[]","[]","[]","[]","vertical","","","",""
"","","","","","horizons-trial","91","2138630","0.0-82.0","","","","","","","5","[30,56,46,45,37]","[79,81,71,71,75]","""2023-09-16T09:56:32.954Z""","[0,0,1,1]","0","0","0","40","70","40","70","30","0","0","[""arrowleft"",""arrowleft"",""arrowright"",""arrowright"",""arrowright""]","[1993,635,389,595,941]","[30,56,71,71,75]","[0,0,71,71,75]","[[50,84.8652]]","[]","[]","[]","1","[]","[]","[]","[]","vertical","","","",""
"","","","","","horizons-trial","92","2151845","0.0-83.0","","","","","","","10","[66,56,58,55,48,62,52,65,54,67]","[28,36,37,32,31,41,41,37,46,52]","""2023-09-16T09:56:46.169Z""","[1,0,1,1]","1","0","1","60","40","60","40","20","0","0","[""arrowright"",""arrowleft"",""arrowright"",""arrowright"",""arrowleft"",""arrowleft"",""arrowleft"",""arrowleft"",""arrowleft"",""arrowleft""]","[1399,443,740,506,606,1139,573,429,373,413]","[28,56,37,32,48,62,52,65,54,67]","[0,56,0,0,48,62,52,65,54,67]","[[16.6327,75.5855]]","[]","[]","[]","1","[]","[]","[]","[]","vertical","","","",""
"","","","","","horizons-trial","93","2169332","0.0-84.0","","","","","","","10","[55,46,43,68,69,59,67,63,54,50]","[38,17,33,14,43,46,22,34,36,31]","""2023-09-16T09:57:03.656Z""","[0,1,0,0]","1","0","1","60","30","60","30","30","0","0","[""arrowleft"",""arrowright"",""arrowleft"",""arrowleft"",""arrowleft"",""arrowleft"",""arrowleft"",""arrowleft"",""arrowleft"",""arrowleft""]","[1319,491,427,527,599,2301,318,334,289,361]","[55,17,43,68,69,59,67,63,54,50]","[55,0,43,68,69,59,67,63,54,50]","[[14.4082,76.91120000000001]]","[]","[]","[]","1","[]","[]","[]","[]","vertical","","","",""
"","","","","","horizons-trial","94","2181459","0.0-85.0","","","","","","","10","[54,44,56,52,72,63,63,66,64,62]","[41,38,37,32,44,39,38,20,38,31]","""2023-09-16T09:57:15.784Z""","[0,1,0,1]","0","0","1","60","40","60","40","20","0","0","[""arrowleft"",""arrowright"",""arrowleft"",""arrowright"",""arrowleft"",""arrowleft"",""arrowleft"",""arrowleft"",""arrowleft"",""arrowleft""]","[1543,628,607,703,683,1080,374,340,387,390]","[54,38,56,32,72,63,63,66,64,62]","[54,0,56,0,72,63,63,66,64,62]","[[17.3742,68.5152]]","[]","[]","[]","1","[]","[]","[]","[]","vertical","","","",""
"","","","","","horizons-trial","95","2191933","0.0-86.0","","","","","","","5","[44,55,54,37,52]","[33,39,50,40,39]","""2023-09-16T09:57:26.258Z""","[1,0,1,1]","1","1","0","40","52","52","40","12","0","0","[""arrowright"",""arrowleft"",""arrowright"",""arrowright"",""arrowleft""]","[1562,511,801,650,718]","[33,55,50,40,52]","[0,55,0,40,52]","[[50,57.0261]]","[]","[]","[]","1","[]","[]","[]","[]","vertical","","","",""
"","","","","","horizons-trial","96","2207037","0.0-87.0","","","","","","","10","[38,48,30,38,28,35,56,27,53,45]","[32,40,54,34,36,45,35,45,38,38]","""2023-09-16T09:57:41.362Z""","[0,0,0,1]","1","1","1","40","44","44","40","4","0","0","[""arrowleft"",""arrowleft"",""arrowleft"",""arrowright"",""arrowleft"",""arrowleft"",""arrowleft"",""arrowleft"",""arrowright"",""arrowleft""]","[1587,648,624,473,1343,1213,551,527,983,591]","[38,48,30,34,28,35,56,27,38,45]","[38,48,0,0,0,0,56,0,0,45]","[[21.8231,45.9788]]","[]","[]","[]","1","[]","[]","[]","[]","vertical","","","",""
"","","","","","horizons-trial","97","2221890","0.0-88.0","","","","","","","10","[57,67,66,55,63,47,62,70,62,51]","[45,43,44,56,64,53,59,60,44,54]","""2023-09-16T09:57:56.214Z""","[0,0,1,1]","0","0","1","60","52","60","52","8","0","0","[""arrowleft"",""arrowleft"",""arrowright"",""arrowright"",""arrowleft"",""arrowleft"",""arrowleft"",""arrowleft"",""arrowleft"",""arrowleft""]","[2097,899,496,521,680,1394,464,489,454,403]","[57,67,44,56,63,47,62,70,62,51]","[57,67,0,56,0,0,62,70,62,0]","[[20.3402,78.23689999999999]]","[]","[]","[]","1","[]","[]","[]","[]","vertical","","","",""
"","","","","","horizons-trial","98","2232811","0.0-89.0","","","","","","","5","[61,59,57,53,45]","[58,76,74,64,58]","""2023-09-16T09:58:07.136Z""","[0,1,1,0]","0","1","0","60","59","59","60","1","0","0","[""arrowleft"",""arrowright"",""arrowright"",""arrowleft"",""arrowright""]","[2142,558,630,605,784]","[61,76,74,53,58]","[61,76,74,0,58]","[[50,90.16792]]","[]","[]","[]","1","[]","[]","[]","[]","vertical","","","",""
"","","","","","horizons-trial","99","2247156","0.0-90.0","","","","","","","5","[53,59,57,57,45]","[70,57,49,53,55]","""2023-09-16T09:58:21.481Z""","[0,1,1,1]","1","1","0","60","52","52","60","8","0","0","[""arrowleft"",""arrowright"",""arrowright"",""arrowright"",""arrowleft""]","[2126,474,624,772,4000]","[53,57,49,53,45]","[0,0,0,0,0]","[[50,63.2126]]","[]","[]","[]","1","[]","[]","[]","[]","vertical","","","",""
"","","","","","horizons-trial","100","2259884","0.0-91.0","","","","","","","10","[64,53,64,62,62,64,66,66,51,58]","[40,43,43,67,43,39,37,52,63,59]","""2023-09-16T09:58:34.209Z""","[0,1,0,0]","1","0","1","60","48","60","48","12","0","0","[""arrowleft"",""arrowright"",""arrowleft"",""arrowleft"",""arrowleft"",""arrowleft"",""arrowleft"",""arrowleft"",""arrowleft"",""arrowleft""]","[1622,493,668,718,956,898,466,566,447,392]","[64,43,64,62,62,64,66,66,51,58]","[64,0,64,0,62,64,66,66,0,0]","[[17.3742,68.9571]]","[]","[]","[]","1","[]","[]","[]","[]","vertical","","","",""
"","","","","","horizons-trial","101","2273202","0.0-92.0","","","","","","","10","[51,34,26,32,49,40,44,55,47,34]","[56,77,65,70,45,49,57,62,57,59]","""2023-09-16T09:58:47.527Z""","[0,0,1,1]","0","0","1","40","60","40","60","20","0","0","[""arrowleft"",""arrowleft"",""arrowright"",""arrowright"",""arrowleft"",""arrowright"",""arrowright"",""arrowright"",""arrowright"",""arrowright""]","[2775,639,600,805,477,1094,522,471,463,295]","[51,34,65,70,49,49,57,62,57,59]","[0,0,65,70,49,49,57,62,57,59]","[[80.0306,67.1896]]","[]","[]","[]","1","[]","[]","[]","[]","vertical","","","",""
"","","","","","horizons-trial","102","2287957","0.0-93.0","","","","","","","10","[50,40,42,36,36,47,34,55,39,55]","[44,34,43,49,47,36,40,42,41,33]","""2023-09-16T09:59:02.281Z""","[1,1,0,0]","0","1","1","40","41","41","40","1","0","0","[""arrowright"",""arrowright"",""arrowleft"",""arrowleft"",""arrowright"",""arrowright"",""arrowright"",""arrowright"",""arrowright"",""arrowright""]","[1403,539,542,763,698,1106,422,421,414,561]","[44,34,42,36,47,36,40,42,41,33]","[0,0,0,0,47,0,40,0,41,0]","[[79.6598,56.5842]]","[]","[]","[]","1","[]","[]","[]","[]","vertical","","","",""
"","","","","","horizons-trial","103","2304235","0.0-94.0","","","","","","","10","[40,23,58,51,45,18,33,43,46,34]","[41,51,50,41,51,53,51,62,39,41]","""2023-09-16T09:59:18.560Z""","[0,1,0,0]","1","0","1","40","48","40","48","8","0","0","[""arrowleft"",""arrowright"",""arrowleft"",""arrowleft"",""arrowright"",""arrowright"",""arrowright"",""arrowright"",""arrowright"",""arrowright""]","[2799,524,650,762,1180,1007,595,516,502,427]","[40,51,58,51,51,53,51,62,39,41]","[0,51,58,51,51,53,51,62,0,41]","[[74.8401,50.8396]]","[]","[]","[]","1","[]","[]","[]","[]","vertical","","","",""
"","","","","","horizons-trial","104","2318675","0.0-95.0","","","","","","","10","[66,51,50,44,47,58,63,77,59,58]","[49,69,58,75,55,63,56,63,53,62]","""2023-09-16T09:59:33.000Z""","[0,0,1,1]","0","0","1","60","58","60","58","2","0","0","[""arrowleft"",""arrowleft"",""arrowright"",""arrowright"",""arrowright"",""arrowright"",""arrowright"",""arrowright"",""arrowright"",""arrowright""]","[2099,754,470,590,1408,1015,832,442,379,447]","[66,51,58,75,55,63,56,63,53,62]","[66,0,58,75,55,63,0,0,0,62]","[[83.3673,72.4923]]","[]","[]","[]","1","[]","[]","[]","[]","vertical","","","",""
"","","","","","horizons-trial","105","2329419","0.0-96.0","","","","","","","5","[60,57,64,62,56]","[58,67,59,39,46]","""2023-09-16T09:59:43.744Z""","[1,1,1,0]","1","1","0","60","56","56","60","4","0","0","[""arrowright"",""arrowright"",""arrowright"",""arrowleft"",""arrowright""]","[2693,481,758,441,1186]","[58,67,59,62,46]","[0,67,0,62,0]","[[50,77.795]]","[]","[]","[]","1","[]","[]","[]","[]","vertical","","","",""
"","","","","","horizons-trial","106","2341808","0.0-97.0","","","","","","","5","[49,46,51,58,59]","[46,17,21,30,38]","""2023-09-16T09:59:56.133Z""","[0,0,1,1]","0","0","0","60","30","60","30","30","0","0","[""arrowleft"",""arrowleft"",""arrowright"",""arrowright"",""arrowleft""]","[2189,535,590,812,741]","[49,46,21,30,59]","[49,46,0,0,59]","[[50,86.6328]]","[]","[]","[]","1","[]","[]","[]","[]","vertical","","","",""
"","","","","","horizons-trial","107","2355319","0.0-98.0","","","","","","","10","[36,35,20,49,45,31,42,37,35,49]","[33,40,42,49,54,31,44,31,49,40]","""2023-09-16T10:00:09.644Z""","[0,0,1,1]","0","0","1","40","41","40","41","1","0","0","[""arrowleft"",""arrowleft"",""arrowright"",""arrowright"",""arrowleft"",""arrowright"",""arrowright"",""arrowright"",""arrowright"",""arrowright""]","[1377,496,507,533,1116,953,520,482,458,348]","[36,35,42,49,45,31,44,31,49,40]","[36,0,42,49,0,31,44,0,49,0]","[[84.4796,72.0504]]","[]","[]","[]","1","[]","[]","[]","[]","vertical","","","",""
"","","","","","horizons-trial","108","2367153","0.0-99.0","","","","","","","10","[49,60,72,65,60,53,60,42,57,43]","[72,50,52,54,46,53,59,51,60,50]","""2023-09-16T10:00:21.478Z""","[0,0,1,1]","0","1","1","60","56","56","60","4","0","0","[""arrowleft"",""arrowleft"",""arrowright"",""arrowright"",""arrowleft"",""arrowleft"",""arrowleft"",""arrowleft"",""arrowleft"",""arrowleft""]","[1674,576,515,424,885,1307,490,560,400,584]","[49,60,52,54,60,53,60,42,57,43]","[0,60,0,0,60,53,60,0,0,0]","[[19.9694,61.8869]]","[]","[]","[]","1","[]","[]","[]","[]","vertical","","","",""
"","","","","","horizons-trial","109","2379242","0.0-100.0","","","","","","","10","[45,59,46,53,64,53,66,71,61,74]","[72,69,54,63,60,40,50,50,72,57]","""2023-09-16T10:00:33.567Z""","[1,1,0,0]","0","0","1","60","56","60","56","4","0","0","[""arrowright"",""arrowright"",""arrowleft"",""arrowleft"",""arrowright"",""arrowright"",""arrowright"",""arrowright"",""arrowright"",""arrowright""]","[1379,615,669,594,472,1340,487,650,516,450]","[72,69,46,53,60,40,50,50,72,57]","[72,69,0,0,0,0,0,0,72,0]","[[85.9625,81.3301]]","[]","[]","[]","1","[]","[]","[]","[]","vertical","","","",""
"","","","","","horizons-trial","110","2388813","0.0-101.0","","","","","","","5","[48,45,39,32,62]","[77,63,71,52,78]","""2023-09-16T10:00:43.137Z""","[0,0,0,1]","1","0","0","40","70","40","70","30","0","0","[""arrowleft"",""arrowleft"",""arrowleft"",""arrowright"",""arrowright""]","[1428,1117,505,644,1233]","[48,45,39,52,78]","[0,0,0,52,78]","[[50,67.1896]]","[]","[]","[]","1","[]","[]","[]","[]","vertical","","","",""
"","","","","","horizons-trial","111","2401472","0.0-102.0","","","","","","","10","[66,63,54,42,56,59,40,62,49,47]","[36,33,36,51,42,41,54,40,36,48]","""2023-09-16T10:00:55.797Z""","[0,1,0,1]","0","1","1","40","48","48","40","8","0","0","[""arrowleft"",""arrowright"",""arrowleft"",""arrowright"",""arrowleft"",""arrowleft"",""arrowleft"",""arrowleft"",""arrowleft"",""arrowleft""]","[1458,590,629,732,1005,1221,555,483,476,394]","[66,33,54,51,56,59,40,62,49,47]","[66,0,54,51,56,59,0,62,49,0]","[[16.2619,64.9801]]","[]","[]","[]","1","[]","[]","[]","[]","vertical","","","",""
"","","","","","horizons-trial","112","2414666","0.0-103.0","","","","","","","5","[42,35,37,37,35]","[50,50,52,43,35]","""2023-09-16T10:01:08.991Z""","[0,0,0,1]","1","0","0","40","48","40","48","8","0","0","[""arrowleft"",""arrowleft"",""arrowleft"",""arrowright"",""arrowright""]","[1498,560,845,473,1120]","[42,35,37,43,35]","[0,0,0,43,35]","[[50,56.5842]]","[]","[]","[]","1","[]","[]","[]","[]","vertical","","","",""
"","","","","","horizons-trial","113","2433053","0.0-104.0","","","","","","","10","[42,39,50,27,47,47,52,59,46,47]","[40,40,30,39,35,42,46,48,44,32]","""2023-09-16T10:01:27.378Z""","[0,1,0,0]","1","1","1","40","42","42","40","2","0","0","[""arrowleft"",""arrowright"",""arrowleft"",""arrowleft"",""arrowright"",""arrowright"",""arrowright"",""arrowright"",""arrowright"",""arrowright""]","[1551,587,532,1599,6181,1075,467,436,355,344]","[42,40,50,27,35,42,46,48,44,32]","[42,40,50,0,0,0,0,0,0,0]","[[86.3333,66.3058]]","[]","[]","[]","1","[]","[]","[]","[]","vertical","","","",""
"","","","","","horizons-trial","114","2468401","0.0-105.0","","","","","","","10","[67,66,50,73,58,53,53,48,58,40]","[57,48,51,56,59,54,54,60,44,59]","""2023-09-16T10:02:02.725Z""","[1,0,1,1]","1","0","1","60","58","60","58","2","0","0","[""arrowright"",""arrowleft"",""arrowright"",""arrowright"",""arrowleft"",""arrowleft"",""arrowleft"",""arrowleft"",""arrowleft"",""arrowleft""]","[25914,510,586,580,770,931,444,363,353,315]","[57,66,51,56,58,53,53,48,58,40]","[0,66,51,0,0,0,0,0,58,0]","[[18.8572,60.5612]]","[]","[]","[]","1","[]","[]","[]","[]","vertical","","","",""
"","","","","","horizons-trial","115","2481471","0.0-106.0","","","","","","","10","[55,51,73,60,68,51,61,56,50,57]","[24,34,36,45,42,43,22,46,43,28]","""2023-09-16T10:02:15.796Z""","[1,1,0,0]","0","1","1","40","60","60","40","20","0","0","[""arrowright"",""arrowright"",""arrowleft"",""arrowleft"",""arrowleft"",""arrowleft"",""arrowleft"",""arrowleft"",""arrowleft"",""arrowleft""]","[1238,531,442,545,506,956,304,369,325,363]","[24,34,73,60,68,51,61,56,50,57]","[0,0,73,60,68,51,61,56,50,57]","[[17.3742,70.28280000000001]]","[]","[]","[]","1","[]","[]","[]","[]","vertical","","","",""
"","","","","","horizons-trial","116","2491936","0.0-107.0","","","","","","","10","[48,51,45,45,57,39,41,43,23,44]","[49,39,36,47,39,42,42,47,30,47]","""2023-09-16T10:02:26.260Z""","[1,1,0,0]","0","0","1","40","42","40","42","2","0","0","[""arrowright"",""arrowright"",""arrowleft"",""arrowleft"",""arrowright"",""arrowleft"",""arrowleft"",""arrowleft"",""arrowleft"",""arrowleft""]","[1314,611,526,505,811,942,393,369,364,349]","[49,39,45,45,39,39,41,43,23,44]","[49,0,45,0,0,0,0,0,0,0]","[[17.7449,60.1193]]","[]","[]","[]","1","[]","[]","[]","[]","vertical","","","",""
"","","","","","horizons-trial","117","2500856","0.0-108.0","","","","","","","5","[54,53,39,40,37]","[33,29,40,50,41]","""2023-09-16T10:02:35.180Z""","[0,0,1,1]","0","1","0","40","42","42","40","2","0","0","[""arrowleft"",""arrowleft"",""arrowright"",""arrowright"",""arrowleft""]","[1516,476,429,588,582]","[54,53,40,50,37]","[54,53,40,50,0]","[[50,60.5612]]","[]","[]","[]","1","[]","[]","[]","[]","vertical","","","",""
"","","","","","horizons-trial","118","2511039","0.0-109.0","","","","","","","5","[73,61,45,49,55]","[54,69,56,64,60]","""2023-09-16T10:02:45.363Z""","[1,0,0,0]","1","0","0","60","58","60","58","2","0","0","[""arrowright"",""arrowleft"",""arrowleft"",""arrowleft"",""arrowleft""]","[1247,653,520,851,1898]","[54,61,45,49,55]","[0,0,0,0,0]","[[50,58.3517]]","[]","[]","[]","1","[]","[]","[]","[]","vertical","","","",""
"","","","","","horizons-trial","119","2521867","0.0-110.0","","","","","","","5","[35,25,34,25,25]","[64,60,53,51,54]","""2023-09-16T10:02:56.191Z""","[1,0,0,1]","0","1","0","60","30","30","60","30","0","0","[""arrowright"",""arrowleft"",""arrowleft"",""arrowright"",""arrowright""]","[1207,513,433,501,830]","[64,25,34,51,54]","[64,0,0,51,54]","[[50,74.2598]]","[]","[]","[]","1","[]","[]","[]","[]","vertical","","","",""
"","","","","","horizons-trial","120","2530497","0.0-111.0","","","","","","","5","[57,75,61,51,63]","[36,34,35,51,48]","""2023-09-16T10:03:04.822Z""","[0,1,0,0]","1","0","0","60","40","60","40","20","0","0","[""arrowleft"",""arrowright"",""arrowleft"",""arrowleft"",""arrowleft""]","[1164,905,481,412,850]","[57,34,61,51,63]","[57,0,61,51,63]","[[50,78.23689999999999]]","[]","[]","[]","1","[]","[]","[]","[]","vertical","","","",""
"","","","","","horizons-trial","121","2548567","0.0-112.0","","","","","","","5","[77,67,54,67,57]","[53,41,48,20,31]","""2023-09-16T10:03:22.891Z""","[1,1,1,0]","1","1","0","40","60","60","40","20","0","0","[""arrowright"",""arrowright"",""arrowright"",""arrowleft"",""arrowleft""]","[4731,640,731,555,6004]","[53,41,48,67,57]","[0,0,0,67,57]","[[50,72.4923]]","[]","[]","[]","1","[]","[]","[]","[]","vertical","","","",""
"","","","","","horizons-trial","122","2557131","0.0-113.0","","","","","","","5","[39,27,35,40,32]","[35,54,53,38,45]","""2023-09-16T10:03:31.456Z""","[1,0,0,1]","0","0","0","40","44","40","44","4","0","0","[""arrowright"",""arrowleft"",""arrowleft"",""arrowright"",""arrowright""]","[1324,492,477,438,713]","[35,27,35,38,45]","[0,0,0,0,45]","[[50,59.6774]]","[]","[]","[]","1","[]","[]","[]","[]","vertical","","","",""
"","","","","","horizons-trial","123","2564993","0.0-114.0","","","","","","","5","[36,37,34,33,45]","[54,45,56,55,45]","""2023-09-16T10:03:39.318Z""","[0,1,1,0]","0","0","0","40","48","40","48","8","0","0","[""arrowleft"",""arrowright"",""arrowright"",""arrowleft"",""arrowright""]","[1311,510,482,988,540]","[36,45,56,33,45]","[0,45,56,0,45]","[[50,68.9571]]","[]","[]","[]","1","[]","[]","[]","[]","vertical","","","",""
"","","","","","horizons-trial","124","2577702","0.0-115.0","","","","","","","10","[35,23,24,26,35,26,30,38,16,29]","[65,57,60,66,63,58,69,75,51,52]","""2023-09-16T10:03:52.027Z""","[0,1,1,0]","0","1","1","60","30","30","60","30","0","0","[""arrowleft"",""arrowright"",""arrowright"",""arrowleft"",""arrowright"",""arrowright"",""arrowright"",""arrowright"",""arrowright"",""arrowright""]","[1605,645,913,787,644,966,492,404,420,507]","[35,57,60,26,63,58,69,75,51,52]","[0,57,60,0,63,58,69,75,51,52]","[[82.6258,66.3058]]","[]","[]","[]","1","[]","[]","[]","[]","vertical","","","",""
"","","","","","horizons-trial","125","2588559","0.0-116.0","","","","","","","5","[52,36,36,39,38]","[66,62,49,40,45]","""2023-09-16T10:04:02.883Z""","[0,1,1,0]","0","0","0","40","52","40","52","12","0","0","[""arrowleft"",""arrowright"",""arrowright"",""arrowleft"",""arrowright""]","[1118,502,495,846,733]","[52,62,49,39,45]","[0,62,49,0,45]","[[50,63.6544]]","[]","[]","[]","1","[]","[]","[]","[]","vertical","","","",""
"","","","","","horizons-trial","126","2597480","0.0-117.0","","","","","","","5","[35,38,46,40,48]","[56,57,48,46,49]","""2023-09-16T10:04:11.805Z""","[1,1,0,0]","0","0","0","40","42","40","42","2","0","0","[""arrowright"",""arrowright"",""arrowleft"",""arrowleft"",""arrowright""]","[1104,456,505,846,629]","[56,57,46,40,49]","[56,57,0,0,49]","[[50,81.3301]]","[]","[]","[]","1","[]","[]","[]","[]","vertical","","","",""
"","","","","","horizons-trial","127","2607750","0.0-118.0","","","","","","","5","[71,53,58,55,47]","[50,62,63,44,51]","""2023-09-16T10:04:22.075Z""","[0,0,1,1]","0","0","0","60","58","60","58","2","0","0","[""arrowleft"",""arrowleft"",""arrowright"",""arrowright"",""arrowleft""]","[1244,492,433,539,865]","[71,53,63,44,47]","[71,0,63,0,0]","[[50,72.4923]]","[]","[]","[]","1","[]","[]","[]","[]","vertical","","","",""
"","","","","","horizons-trial","128","2615907","0.0-119.0","","","","","","","5","[60,65,72,67,77]","[36,48,33,35,41]","""2023-09-16T10:04:30.232Z""","[0,0,1,0]","1","1","0","40","70","70","40","30","0","0","[""arrowleft"",""arrowleft"",""arrowright"",""arrowleft"",""arrowleft""]","[1108,502,413,487,511]","[60,65,33,67,77]","[60,65,0,67,77]","[[50,72.4923]]","[]","[]","[]","1","[]","[]","[]","[]","vertical","","","",""
"","","","","","survey-html-form","129","2745000","0.0-120.0","129087","{""comments"":"" with the 5 choice condition i based my choice on how high the first 2 numbers were ,but on the 10 choice condition it was based on the number of high numbers on machine""}","","","","","","","","","","","","","","","","","","","","","","","","","","","","","","","","","","","","",""
"","","","","","survey-html-form","130","2789407","0.0-121.0","44405","{""comments"":""my confidence was based on the first number drawn""}","","","","","","","","","","","","","","","","","","","","","","","","","","","","","","","","","","","","",""
"","","","","","survey-html-form","131","2830750","0.0-122.0","41342","{""comments"":"" my condidence was based on the number of high numbers in each machine""}","","","","","","","","","","","","","","","","","","","","","","","","","","","","","","","","","","","","",""
"","","","","","survey-html-form","132","2848976","0.0-123.0","18224","{""comments"":"" i thought the experiment was fun and engaging""}","","","","","","","","","","","","","","","","","","","","","","","","","","","","","","","","","","","","","[{""event"":""blur"",""trial"":0,""time"":134},{""event"":""focus"",""trial"":1,""time"":10680},{""event"":""blur"",""trial"":1,""time"":13060},{""event"":""focus"",""trial"":1,""time"":16449},{""event"":""fullscreenenter"",""trial"":2,""time"":37561},{""event"":""blur"",""trial"":11,""time"":562771},{""event"":""focus"",""trial"":11,""time"":562771},{""event"":""fullscreenexit"",""trial"":11,""time"":562774},{""event"":""blur"",""trial"":24,""time"":850289},{""event"":""focus"",""trial"":24,""time"":854385},{""event"":""blur"",""trial"":25,""time"":902409},{""event"":""focus"",""trial"":25,""time"":906858},{""event"":""blur"",""trial"":29,""time"":1008906},{""event"":""focus"",""trial"":29,""time"":1014058},{""event"":""blur"",""trial"":113,""time"":2421909},{""event"":""focus"",""trial"":113,""time"":2423175},{""event"":""blur"",""trial"":129,""time"":2723782},{""event"":""focus"",""trial"":129,""time"":2727133}]"
