"success","timeout","failed_images","failed_audio","failed_video","trial_type","trial_index","time_elapsed","internal_node_id","rt","response","stimulus","view_history","horizon","rewards_L","rewards_R","date","forced_choices","r_info","r_side","r_h","r_mean","r_otherMean","r_mean_L","r_mean_R","r_difference","confidence_immediate_overall","confidence_question_order","key_presses","response_times","outcomes","outcomes_counted_points","confidence","confidence_rt","confidence_2","confidence_2_rt","screen_resolution","belief_confidence_1","belief_confidence_2","belief_confidence_3","belief_confidence_4","immediate_judgement_orientation","phase","responses","num_errors","interactions"
"true","false","[]","[]","[]","preload","0","721","0.0-0.0","","","","","","","","","","","","","","","","","","","","","","","","","","","","","","","","","","","","",""
"","","","","","survey-html-form","1","38099","0.0-1.0","37372","{""comments"":"" 5c36415362073c000166c847""}","","","","","","","","","","","","","","","","","","","","","","","","","","","","","","","","","","",""
"true","","","","","fullscreen","2","43809","0.0-2.0","","","","","","","","","","","","","","","","","","","","","","","","","","","","","","","","","","","","",""
"","","","","","html-button-response","3","51909","0.0-3.0","8094","0","
      <h1>Consent to Participate in the Learning and Cognitive Control Study</h1>

      <p>This is a psychology experiment being conducted by Dr. Peter Dayan, 
      director of the Max Planck Institute for Biological Cybernetics, and the 
      members of his lab. In order to consent to participate, you MUST meet the 
      following criteria:</p>

      <p>
      - 18 years of age or older<br>
      - Fluent speaker of English<br>
      - Have not previously participated in this experiment<br></p>

      <p>This study is designed to look at how people learn how to make decisions 
      to accomplish their goals. In this task, you will be asked to make choices, 
      play games, and answer questions related to those games. The study will take 
      about 45 minutes. </p> 

      <p>Your participation in this research is voluntary. You may refrain from 
      answering any questions that make you uncomfortable and may withdraw your 
      participation at any time without penalty by exiting this task and alerting 
      the experimenter. You may choose not to complete certain parts of the task 
      or answer certain questions. You may contact us at the address provided 
      below if you have additional questions or concerns.</p> 

      <p>Other than monetary compensation, participating in this study will 
      provide no direct benefits to you. But we hope that this research will 
      benefit society at large by contributing towards establishing a scientific 
      foundation for improving people's learning and cognitive control abilities.</p>

      <p>Your online username may be connected to your individual responses, but 
      we will not be asking for any additional personally identifying information, 
      and we will handle responses as confidentially as possible. We cannot however 
      guarantee the confidentiality of information transmitted over the Internet. 
      We will be keeping de-identified data collected as part of this experiment 
      indefinitely. Data used in scientific publications will remain completely 
      anonymous.</p>

      <p>If you have any questions about the study, feel free to contact our lab. 
      Dr. Dayan and his lab members can be reached at <a href='mailto:kyblab.tuebingen@gmail.com'>kyblab.tuebingen@gmail.com</a></p>
      
      <p>By selecting the â€œconsentâ€ option below, I acknowledge that I am 18 or older, that I am a fluent speaker of
            English, that I have read this consent form, and that I agree to take part in the research.</p>","","","","","","","","","","","","","","","","","","","","","","","","","","","","","","","","","",""
"","","","","","html-button-response","4","58799","0.0-4.0","6885","0","<h1>Legal Declaration of Consent under Data Protection Law</h1>
    <p><a target=""_blank"" rel=""noopener noreferrer"" href=""https://kyblab.tuebingen.mpg.de/fma/dataprotection.pdf"">Please click here to view our Data Protection Information Sheet, yours to keep.</a></p>
    <p>I have received and took note of the written Data Protection Information Sheet for this study. In doing so, I had sufficient time and opportunity to ask questions about data protection and reconsider my participation in the study. </p>
    <p>I am aware that:</p>
    <ul>
        <li>the processing and use of the collected data occur in a pseudonymized form within the scope of the legally prescribed provisions.
            As a general rule, the storage occurs in the form of questionnaires, as well as on electronic data media, for 10 years
            or longer, if this is required by the purpose of the study.</li>
        <li>by providing further personal data in pseudonymized form, collected personal data may be used for the preparation of anonymized
            scientific research work and may also be published and used in an anonymized form in medical journals, scientific publications
            and publicly accessible scientific databases, so that a direct assignment to my person cannot be established.</li>
        <li>the information obtained during this study may also be sent in an anonymized form to cooperation partners within the
            scope of the European General Data Protection Regulation for scientific purposes and to cooperation partners outside of the
            European Union, i.e. to countries with a lower data protection level (this also applies to the USA).</li>
        <li>the data collected within the scope of the study can also be used and processed in the future inside of the Institute.</li>
    </ul>
    <p>I was informed about my rights, that at any time:</p>
    <ul>
          <li>I can withdraw this declaration of consent.</li>
          <li>I can request information about my stored data and request the correction or blocking of data.</li>
          <li>by cancellation of my participation in the study, I can request that my personal data collected until that time are immediately deleted or anonymized.</li>
          <li>I can request that my data are handed out to me or to third parties (if technically feasible).</li>
    </ul>

    <p>I herewith declare that:</p>
    <ul>
          <li>I have been adequately informed about the collection and processing of my data and rights.</li>
          <li>I consent to the collection and processing of personal data within the scope of the study and its pseudonymized disclosure so that
            only the persons conducting the study can establish a link between the data and my person.</li>
    </ul>
    <p>By selecting the consent option below, I agree to participate in online studies or experiments using learning, and I consent to the use of my data described in the Data Protection Information Sheet and confirm having received a copy of the Data Protection Sheet.</p>
    <p>Note: If you do not consent to participate in this study or have your data used as outlined in the Data Protection Information Sheet, then this experiment will now close and you will not proceed any further. No information about you will be retained. </p>
    <br><br>","","","","","","","","","","","","","","","","","","","","","","","","","","","","","","","","","",""
"","","","","","instructions","5","315472","0.0-5.0-0.0","256671","","","[{""page_index"":0,""viewing_time"":6267},{""page_index"":1,""viewing_time"":6046},{""page_index"":2,""viewing_time"":13842},{""page_index"":3,""viewing_time"":26663},{""page_index"":4,""viewing_time"":22947},{""page_index"":5,""viewing_time"":5541},{""page_index"":6,""viewing_time"":7545},{""page_index"":7,""viewing_time"":10015},{""page_index"":8,""viewing_time"":7691},{""page_index"":9,""viewing_time"":19292},{""page_index"":10,""viewing_time"":48723},{""page_index"":11,""viewing_time"":82093}]","","","","","","","","","","","","","","","","","","","","","","","","","","","","","","","","",""
"","","","","","horizons-trial","6","351066","0.0-5.0-1.0","","","","","5","[44,57,74,72,62]","[31,33,24,39,29]","""2023-06-15T17:20:49.020Z""","[1,0,1,1]","","","","","","","","","0","","[""arrowright"",""arrowleft"",""arrowright"",""arrowright"",""arrowright""]","[7903,3526,1447,1178,4499]","[31,57,24,39,29]","[0,57,0,0,0]","[[50,71.6194]]","[]","[]","[]","1","[]","[]","[]","[]","vertical","practice","","",""
"","","","","","horizons-trial","7","434953","0.0-5.0-2.0","","","","","10","[64,50,57,35,52,38,44,61,39,38]","[70,69,76,71,75,58,81,84,57,61]","""2023-06-15T17:22:12.912Z""","[0,0,1,1]","","","","","","","","","1","","[""arrowleft"",""arrowleft"",""arrowright"",""arrowright"",""arrowright"",""arrowright"",""arrowright"",""arrowright"",""arrowright"",""arrowright""]","[2702,1470,1248,1438,10166,6938,1342,1127,1168,1032]","[64,50,76,71,75,58,81,84,57,61]","[0,0,76,71,75,58,81,84,57,61]","[[83.3408,79.1638]]","[]","[]","[]","1","[]","[]","[]","[]","vertical","practice","","",""
"","","","","","instructions","8","477105","0.0-5.0-3.0","42149","","","[{""page_index"":0,""viewing_time"":3663},{""page_index"":1,""viewing_time"":32154},{""page_index"":2,""viewing_time"":3799},{""page_index"":3,""viewing_time"":2533}]","","","","","","","","","","","","","","","","","","","","","","","","","","","","","","","","",""
"","","","","","horizons-comprehension","9","513229","0.0-5.0-4.0","36119.90000000596","","","","","","","","","","","","","","","","","","","","","","","","","","","","","","","","","","[""true"",""false"",""false"",""true""]","0",""
"","","","","","instructions","10","516088","0.0-6.0","2851","","","[{""page_index"":0,""viewing_time"":2850}]","","","","","","","","","","","","","","","","","","","","","","","","","","","","","","","","",""
"","","","","","horizons-trial","11","547394","0.0-7.0","","","","","10","[44,48,40,42,54,41,64,42,50,47]","[26,46,49,37,45,29,49,31,41,38]","""2023-06-15T17:24:05.352Z""","[1,0,1,1]","1","1","1","40","44","44","40","4","0","0","[""arrowright"",""arrowleft"",""arrowright"",""arrowright"",""arrowright"",""arrowright"",""arrowright"",""arrowright"",""arrowright"",""arrowright""]","[2291,2121,907,708,1517,3140,968,1002,858,957]","[26,48,49,37,45,29,49,31,41,38]","[0,48,49,0,0,0,0,0,0,0]","[[85.8503,82.51689999999999]]","[]","[]","[]","1","[]","[]","[]","[]","vertical","","","",""
"","","","","","horizons-trial","12","569205","0.0-8.0","","","","","5","[67,74,77,62,72]","[47,51,37,35,47]","""2023-06-15T17:24:27.163Z""","[0,1,1,0]","0","0","0","60","48","60","48","12","0","0","[""arrowleft"",""arrowright"",""arrowright"",""arrowleft"",""arrowleft""]","[1642,768,685,2012,8026]","[67,51,37,62,72]","[67,0,0,62,72]","[[50,80.0021]]","[]","[]","[]","1","[]","[]","[]","[]","vertical","","","",""
"","","","","","horizons-trial","13","589747","0.0-9.0","","","","","10","[37,16,35,54,53,42,33,44,39,31]","[51,62,66,60,65,68,69,55,53,56]","""2023-06-15T17:24:47.706Z""","[0,0,1,0]","1","1","1","60","40","40","60","20","0","0","[""arrowleft"",""arrowleft"",""arrowright"",""arrowleft"",""arrowleft"",""arrowleft"",""arrowleft"",""arrowleft"",""arrowleft"",""arrowleft""]","[1394,677,1109,683,3078,2163,1161,533,629,710]","[37,16,66,54,53,42,33,44,39,31]","[0,0,66,0,0,0,0,0,0,0]","[[14.1497,65.7516]]","[]","[]","[]","1","[]","[]","[]","[]","vertical","","","",""
"","","","","","horizons-trial","14","605742","0.0-10.0","","","","","10","[55,58,56,58,52,60,58,66,55,68]","[42,60,46,79,46,63,61,46,50,50]","""2023-06-15T17:25:03.700Z""","[0,0,1,0]","1","0","1","60","52","60","52","8","0","0","[""arrowleft"",""arrowleft"",""arrowright"",""arrowleft"",""arrowleft"",""arrowleft"",""arrowleft"",""arrowleft"",""arrowleft"",""arrowleft""]","[1488,953,433,464,1986,2359,499,498,449,692]","[55,58,46,58,52,60,58,66,55,68]","[55,0,0,0,52,0,0,66,55,68]","[[12.7157,88.3848]]","[]","[]","[]","1","[]","[]","[]","[]","vertical","","","",""
"","","","","","horizons-trial","15","615531","0.0-11.0","","","","","5","[29,42,37,30,47]","[56,42,45,39,65]","""2023-06-15T17:25:13.489Z""","[0,1,1,0]","0","0","0","40","52","40","52","12","0","0","[""arrowleft"",""arrowright"",""arrowright"",""arrowleft"",""arrowright""]","[1119,633,578,1068,1357]","[29,42,45,30,65]","[0,42,45,0,65]","[[50,88.8039]]","[]","[]","[]","1","[]","[]","[]","[]","vertical","","","",""
"","","","","","horizons-trial","16","629868","0.0-12.0","","","","","10","[71,61,60,78,78,68,77,67,87,82]","[28,22,39,32,33,42,33,47,55,38]","""2023-06-15T17:25:27.826Z""","[0,0,0,1]","1","1","1","40","70","70","40","30","0","0","[""arrowleft"",""arrowleft"",""arrowleft"",""arrowright"",""arrowleft"",""arrowleft"",""arrowleft"",""arrowleft"",""arrowleft"",""arrowleft""]","[1350,736,433,793,1841,2910,398,403,369,399]","[71,61,60,32,78,68,77,67,87,82]","[71,61,60,0,78,68,77,67,87,82]","[[13.7912,71.6194]]","[]","[]","[]","1","[]","[]","[]","[]","vertical","","","",""
"","","","","","horizons-trial","17","638730","0.0-13.0","","","","","5","[57,50,56,66,75]","[40,38,47,46,34]","""2023-06-15T17:25:36.688Z""","[0,0,1,0]","1","0","0","60","40","60","40","20","0","0","[""arrowleft"",""arrowleft"",""arrowright"",""arrowleft"",""arrowleft""]","[1415,488,574,792,1298]","[57,50,47,66,75]","[57,50,0,66,75]","[[50,99.282237]]","[]","[]","[]","1","[]","[]","[]","[]","vertical","","","",""
"","","","","","horizons-trial","18","653572","0.0-14.0","","","","","5","[31,34,47,44,41]","[47,38,34,48,36]","""2023-06-15T17:25:51.531Z""","[0,1,0,0]","1","0","0","40","44","40","44","4","0","0","[""arrowleft"",""arrowright"",""arrowleft"",""arrowleft"",""arrowleft""]","[1644,434,903,494,1607]","[31,38,47,44,41]","[0,38,47,0,41]","[[50,98.8631]]","[]","[]","[]","1","[]","[]","[]","[]","vertical","","","",""
"","","","","","horizons-trial","19","664520","0.0-15.0","","","","","5","[68,63,69,53,45]","[25,48,25,34,22]","""2023-06-15T17:26:02.478Z""","[0,1,0,0]","1","0","0","60","30","60","30","30","0","0","[""arrowleft"",""arrowright"",""arrowleft"",""arrowleft"",""arrowleft""]","[1175,414,413,809,3778]","[68,48,69,53,45]","[68,0,69,53,45]","[[50,99.70137]]","[]","[]","[]","1","[]","[]","[]","[]","vertical","","","",""
"","","","","","horizons-trial","20","676626","0.0-16.0","","","","","5","[40,41,47,21,44]","[40,32,47,48,61]","""2023-06-15T17:26:14.584Z""","[0,0,1,0]","1","0","0","40","48","40","48","8","0","0","[""arrowleft"",""arrowleft"",""arrowright"",""arrowleft"",""arrowleft""]","[1794,633,673,728,2051]","[40,41,47,21,44]","[40,41,47,0,0]","[[50,99.282237]]","[]","[]","[]","1","[]","[]","[]","[]","vertical","","","",""
"","","","","","horizons-trial","21","690505","0.0-17.0","","","","","10","[15,23,46,27,30,40,38,42,35,53]","[45,44,41,42,37,41,46,35,32,59]","""2023-06-15T17:26:28.464Z""","[0,1,1,1]","1","1","1","40","41","41","40","1","0","0","[""arrowleft"",""arrowright"",""arrowright"",""arrowright"",""arrowright"",""arrowright"",""arrowright"",""arrowright"",""arrowright"",""arrowright""]","[1320,388,479,684,1611,1308,438,355,334,403]","[15,44,41,42,37,41,46,35,32,59]","[0,44,0,42,37,41,46,0,0,59]","[[86.5673,87.5465]]","[]","[]","[]","1","[]","[]","[]","[]","vertical","","","",""
"","","","","","horizons-trial","22","704799","0.0-18.0","","","","","10","[65,90,68,68,65,73,59,64,84,70]","[32,33,32,51,36,41,45,48,36,40]","""2023-06-15T17:26:42.757Z""","[0,1,0,1]","0","1","1","40","70","70","40","30","0","0","[""arrowleft"",""arrowright"",""arrowleft"",""arrowright"",""arrowleft"",""arrowleft"",""arrowleft"",""arrowleft"",""arrowleft"",""arrowleft""]","[1095,383,419,983,2954,1506,608,434,418,518]","[65,33,68,51,65,73,59,64,84,70]","[65,0,68,0,65,73,59,64,84,70]","[[11.2816,58.2072]]","[]","[]","[]","1","[]","[]","[]","[]","vertical","","","",""
"","","","","","horizons-trial","23","718723","0.0-19.0","","","","","10","[41,34,40,41,36,47,44,48,36,50]","[51,57,37,53,55,53,49,46,51,49]","""2023-06-15T17:26:56.681Z""","[0,0,1,0]","1","0","1","40","52","40","52","12","0","0","[""arrowleft"",""arrowleft"",""arrowright"",""arrowleft"",""arrowleft"",""arrowleft"",""arrowleft"",""arrowleft"",""arrowleft"",""arrowleft""]","[1863,449,484,489,1543,2001,409,399,373,484]","[41,34,37,41,36,47,44,48,36,50]","[0,0,0,0,0,0,0,48,0,50]","[[14.8667,93.41437]]","[]","[]","[]","1","[]","[]","[]","[]","vertical","","","",""
"","","","","","horizons-trial","24","730720","0.0-20.0","","","","","10","[58,56,57,65,61,65,50,53,57,46]","[56,65,46,53,53,52,56,63,68,67]","""2023-06-15T17:27:08.678Z""","[1,1,0,1]","1","0","1","60","58","60","58","2","0","0","[""arrowright"",""arrowright"",""arrowleft"",""arrowright"",""arrowright"",""arrowright"",""arrowright"",""arrowright"",""arrowright"",""arrowright""]","[1039,464,542,454,1386,1188,393,309,314,324]","[56,65,57,53,53,52,56,63,68,67]","[0,65,57,0,0,0,56,63,68,67]","[[91.5864,98.44397]]","[]","[]","[]","1","[]","[]","[]","[]","vertical","","","",""
"","","","","","horizons-trial","25","741804","0.0-21.0","","","","","10","[50,51,48,40,36,35,28,32,43,52]","[43,40,70,51,59,37,39,56,42,47]","""2023-06-15T17:27:19.762Z""","[0,1,1,1]","1","0","1","40","48","40","48","8","0","0","[""arrowleft"",""arrowright"",""arrowright"",""arrowright"",""arrowright"",""arrowright"",""arrowright"",""arrowright"",""arrowright"",""arrowright""]","[964,369,429,409,1033,1142,334,284,330,1631]","[50,40,70,51,59,37,39,56,42,47]","[50,0,70,51,59,37,39,56,0,0]","[[90.1524,97.18657]]","[]","[]","[]","1","[]","[]","[]","[]","vertical","","","",""
"","","","","","horizons-trial","26","756471","0.0-22.0","","","","","5","[56,45,46,32,43]","[55,54,57,64,57]","""2023-06-15T17:27:34.429Z""","[0,1,0,1]","0","1","0","60","40","40","60","20","0","0","[""arrowleft"",""arrowright"",""arrowleft"",""arrowright"",""arrowright""]","[1344,522,429,668,4937]","[56,54,46,64,57]","[56,54,0,64,57]","[[50,96.3483]]","[]","[]","[]","1","[]","[]","[]","[]","vertical","","","",""
"","","","","","horizons-trial","27","773170","0.0-23.0","","","","","10","[59,74,81,59,63,61,61,58,61,79]","[51,62,36,52,53,39,38,52,45,57]","""2023-06-15T17:27:51.129Z""","[0,0,1,1]","0","0","1","60","48","60","48","12","0","0","[""arrowleft"",""arrowleft"",""arrowright"",""arrowright"",""arrowright"",""arrowright"",""arrowright"",""arrowright"",""arrowright"",""arrowright""]","[1125,618,414,413,7403,1237,294,220,213,183]","[59,74,36,52,53,39,38,52,45,57]","[59,74,0,0,0,0,0,0,0,0]","[[90.1524,77.9064]]","[]","[]","[]","1","[]","[]","[]","[]","vertical","","","",""
"","","","","","horizons-trial","28","783715","0.0-24.0","","","","","10","[39,51,44,47,34,49,52,34,36,40]","[39,52,40,43,37,45,38,49,30,39]","""2023-06-15T17:28:01.673Z""","[0,1,0,1]","0","0","1","40","44","40","44","4","0","0","[""arrowleft"",""arrowright"",""arrowleft"",""arrowright"",""arrowright"",""arrowright"",""arrowright"",""arrowright"",""arrowright"",""arrowright""]","[991,412,415,482,2322,1190,329,229,229,185]","[39,52,44,43,37,45,38,49,30,39]","[39,52,44,0,37,0,0,49,0,0]","[[88.3598,98.44397]]","[]","[]","[]","1","[]","[]","[]","[]","vertical","","","",""
"","","","","","horizons-trial","29","791240","0.0-25.0","","","","","5","[52,59,59,57,51]","[52,45,41,35,64]","""2023-06-15T17:28:09.198Z""","[0,1,1,1]","1","0","0","60","48","60","48","12","0","0","[""arrowleft"",""arrowright"",""arrowright"",""arrowright"",""arrowright""]","[980,464,678,428,1108]","[52,45,41,35,64]","[52,0,0,0,64]","[[50,100]]","[]","[]","[]","1","[]","[]","[]","[]","vertical","","","",""
"","","","","","horizons-trial","30","801493","0.0-26.0","","","","","10","[42,30,51,42,49,39,38,50,34,49]","[45,73,80,60,57,53,51,77,50,50]","""2023-06-15T17:28:19.451Z""","[1,1,1,0]","1","0","1","40","60","40","60","20","0","0","[""arrowright"",""arrowright"",""arrowright"",""arrowleft"",""arrowright"",""arrowright"",""arrowright"",""arrowright"",""arrowright"",""arrowright""]","[1033,384,404,623,1118,1407,278,179,159,159]","[45,73,80,42,57,53,51,77,50,50]","[45,73,80,0,57,53,51,77,50,50]","[[92.6619,95.0909]]","[]","[]","[]","1","[]","[]","[]","[]","vertical","","","",""
"","","","","","horizons-trial","31","810854","0.0-27.0","","","","","5","[47,28,39,41,43]","[43,37,41,34,33]","""2023-06-15T17:28:28.812Z""","[0,1,0,0]","1","1","0","40","42","42","40","2","0","0","[""arrowleft"",""arrowright"",""arrowleft"",""arrowleft"",""arrowleft""]","[1144,424,478,659,1407]","[47,37,39,41,43]","[47,37,0,41,43]","[[50,98.44397]]","[]","[]","[]","1","[]","[]","[]","[]","vertical","","","",""
"","","","","","horizons-trial","32","822307","0.0-28.0","","","","","5","[58,74,47,49,71]","[33,45,40,34,28]","""2023-06-15T17:28:40.265Z""","[1,0,1,0]","0","1","0","40","70","70","40","30","0","0","[""arrowright"",""arrowleft"",""arrowright"",""arrowleft"",""arrowleft""]","[726,628,353,599,3161]","[33,74,40,49,71]","[0,74,0,49,71]","[[50,92.5761]]","[]","[]","[]","1","[]","[]","[]","[]","vertical","","","",""
"","","","","","horizons-trial","33","831134","0.0-29.0","","","","","5","[62,63,52,59,68]","[38,40,42,34,28]","""2023-06-15T17:28:49.092Z""","[0,0,0,1]","1","1","0","40","60","60","40","20","0","0","[""arrowleft"",""arrowleft"",""arrowleft"",""arrowright"",""arrowleft""]","[1185,434,434,493,1837]","[62,63,52,34,68]","[62,63,52,0,68]","[[50,98.02484]]","[]","[]","[]","1","[]","[]","[]","[]","vertical","","","",""
"","","","","","horizons-trial","34","843130","0.0-30.0","","","","","5","[33,39,40,37,32]","[51,27,47,31,25]","""2023-06-15T17:29:01.089Z""","[1,0,0,1]","0","1","0","40","42","42","40","2","0","0","[""arrowright"",""arrowleft"",""arrowleft"",""arrowright"",""arrowright""]","[959,554,527,594,3918]","[51,39,40,31,25]","[51,39,0,0,0]","[[50,92.15697]]","[]","[]","[]","1","[]","[]","[]","[]","vertical","","","",""
"","","","","","horizons-trial","35","854738","0.0-31.0","","","","","10","[69,60,61,49,66,53,57,43,57,48]","[52,47,66,57,61,53,45,68,73,47]","""2023-06-15T17:29:12.696Z""","[0,1,0,0]","1","0","1","60","59","60","59","1","0","0","[""arrowleft"",""arrowright"",""arrowleft"",""arrowleft"",""arrowleft"",""arrowleft"",""arrowleft"",""arrowleft"",""arrowleft"",""arrowleft""]","[1348,333,444,428,1553,1661,324,259,229,179]","[69,47,61,49,66,53,57,43,57,48]","[69,0,0,0,66,53,57,0,0,48]","[[21.3197,88.3848]]","[]","[]","[]","1","[]","[]","[]","[]","vertical","","","",""
"","","","","","horizons-trial","36","864457","0.0-32.0","","","","","5","[49,75,68,70,69]","[56,55,58,56,62]","""2023-06-15T17:29:22.415Z""","[1,0,1,0]","0","0","0","60","52","60","52","8","0","0","[""arrowright"",""arrowleft"",""arrowright"",""arrowleft"",""arrowleft""]","[1024,498,369,434,1821]","[56,75,58,70,69]","[56,75,0,70,69]","[[50,93.41437]]","[]","[]","[]","1","[]","[]","[]","[]","vertical","","","",""
"","","","","","horizons-trial","37","871855","0.0-33.0","","","","","5","[39,52,48,53,45]","[50,55,44,53,55]","""2023-06-15T17:29:29.814Z""","[1,1,1,0]","1","0","0","40","60","40","60","20","0","0","[""arrowright"",""arrowright"",""arrowright"",""arrowleft"",""arrowright""]","[861,398,549,544,792]","[50,55,44,53,55]","[50,55,0,53,55]","[[50,98.02484]]","[]","[]","[]","1","[]","[]","[]","[]","vertical","","","",""
"","","","","","horizons-trial","38","882819","0.0-34.0","","","","","10","[62,60,54,56,45,52,55,47,60,51]","[71,72,52,63,57,74,53,60,70,43]","""2023-06-15T17:29:40.777Z""","[0,1,1,0]","0","1","1","60","56","56","60","4","0","0","[""arrowleft"",""arrowright"",""arrowright"",""arrowleft"",""arrowright"",""arrowright"",""arrowright"",""arrowright"",""arrowright"",""arrowright""]","[1116,388,378,493,2032,1377,336,191,165,153]","[62,72,52,56,57,74,53,60,70,43]","[0,72,0,0,57,74,0,60,70,0]","[[90.8694,82.936]]","[]","[]","[]","1","[]","[]","[]","[]","vertical","","","",""
"","","","","","horizons-trial","39","892086","0.0-35.0","","","","","5","[60,57,54,56,56]","[32,34,48,47,45]","""2023-06-15T17:29:50.044Z""","[0,1,1,0]","0","1","0","40","60","60","40","20","0","0","[""arrowleft"",""arrowright"",""arrowright"",""arrowleft"",""arrowleft""]","[1035,309,419,539,1981]","[60,34,48,56,56]","[60,0,0,56,56]","[[50,86.7082]]","[]","[]","[]","1","[]","[]","[]","[]","vertical","","","",""
"","","","","","horizons-trial","40","900686","0.0-36.0","","","","","5","[73,53,70,62,55]","[73,53,65,68,68]","""2023-06-15T17:29:58.645Z""","[0,1,1,0]","0","0","0","60","59","60","59","1","0","0","[""arrowleft"",""arrowright"",""arrowright"",""arrowleft"",""arrowleft""]","[1009,419,566,471,2096]","[73,53,65,62,55]","[73,53,0,0,0]","[[50,86.7082]]","[]","[]","[]","1","[]","[]","[]","[]","vertical","","","",""
"","","","","","horizons-trial","41","909593","0.0-37.0","","","","","5","[29,30,23,33,15]","[61,68,52,58,55]","""2023-06-15T17:30:07.552Z""","[1,1,0,0]","0","1","0","60","30","30","60","30","0","0","[""arrowright"",""arrowright"",""arrowleft"",""arrowleft"",""arrowright""]","[976,383,530,502,1101]","[61,68,23,33,55]","[61,68,0,0,55]","[[50,95.51004]]","[]","[]","[]","1","[]","[]","[]","[]","vertical","","","",""
"","","","","","horizons-trial","42","919223","0.0-38.0","","","","","5","[64,55,44,46,46]","[52,42,41,28,32]","""2023-06-15T17:30:17.182Z""","[1,1,0,0]","0","1","0","40","48","48","40","8","0","0","[""arrowright"",""arrowright"",""arrowleft"",""arrowleft"",""arrowright""]","[1290,378,489,414,1911]","[52,42,44,46,32]","[0,0,44,46,0]","[[50,95.0909]]","[]","[]","[]","1","[]","[]","[]","[]","vertical","","","",""
"","","","","","horizons-trial","43","926732","0.0-39.0","","","","","5","[68,47,56,63,42]","[46,30,39,43,37]","""2023-06-15T17:30:24.690Z""","[1,1,0,0]","0","0","0","60","40","60","40","20","0","0","[""arrowright"",""arrowright"",""arrowleft"",""arrowleft"",""arrowleft""]","[841,383,410,417,1608]","[46,30,56,63,42]","[0,0,56,63,42]","[[50,85.4508]]","[]","[]","[]","1","[]","[]","[]","[]","vertical","","","",""
"","","","","","horizons-trial","44","938108","0.0-40.0","","","","","10","[54,66,63,53,60,50,68,53,62,64]","[35,40,50,51,48,38,33,36,35,43]","""2023-06-15T17:30:36.066Z""","[0,1,0,1]","0","1","1","40","60","60","40","20","0","0","[""arrowleft"",""arrowright"",""arrowleft"",""arrowright"",""arrowleft"",""arrowleft"",""arrowleft"",""arrowleft"",""arrowleft"",""arrowleft""]","[1089,313,439,543,2471,1629,305,183,154,156]","[54,40,63,51,60,50,68,53,62,64]","[54,0,63,0,60,50,68,53,62,64]","[[15.9422,69.1046]]","[]","[]","[]","1","[]","[]","[]","[]","vertical","","","",""
"","","","","","horizons-trial","45","951853","0.0-41.0","","","","","10","[39,49,55,55,50,48,56,52,55,49]","[43,42,34,48,33,39,29,21,36,39]","""2023-06-15T17:30:49.811Z""","[0,1,0,1]","0","1","1","40","52","52","40","12","0","0","[""arrowleft"",""arrowright"",""arrowleft"",""arrowright"",""arrowright"",""arrowright"",""arrowright"",""arrowright"",""arrowright"",""arrowright""]","[1484,1997,439,427,2066,1098,214,165,143,155]","[39,42,55,48,33,39,29,21,36,39]","[0,0,55,0,0,0,0,0,0,0]","[[82.6238,87.5465]]","[]","[]","[]","1","[]","[]","[]","[]","vertical","","","",""
"","","","","","horizons-trial","46","962615","0.0-42.0","","","","","5","[61,57,64,81,67]","[51,30,45,42,39]","""2023-06-15T17:31:00.573Z""","[1,1,0,1]","1","1","0","40","70","70","40","30","0","0","[""arrowright"",""arrowright"",""arrowleft"",""arrowright"",""arrowright""]","[744,393,434,344,982]","[51,30,64,42,39]","[0,0,64,0,0]","[[50,98.44397]]","[]","[]","[]","1","[]","[]","[]","[]","vertical","","","",""
"","","","","","horizons-trial","47","972873","0.0-43.0","","","","","10","[69,77,63,54,50,52,61,47,61,56]","[45,54,43,45,34,34,35,46,31,18]","""2023-06-15T17:31:10.832Z""","[0,1,0,0]","1","0","1","60","40","60","40","20","0","0","[""arrowleft"",""arrowright"",""arrowleft"",""arrowleft"",""arrowleft"",""arrowleft"",""arrowleft"",""arrowleft"",""arrowleft"",""arrowleft""]","[1379,404,363,499,1422,1161,229,164,158,145]","[69,54,63,54,50,52,61,47,61,56]","[69,0,63,54,50,52,61,47,61,56]","[[11.2816,83.3552]]","[]","[]","[]","1","[]","[]","[]","[]","vertical","","","",""
"","","","","","horizons-trial","48","984195","0.0-44.0","","","","","10","[54,58,47,53,61,72,69,44,71,48]","[51,47,62,59,60,59,48,63,55,64]","""2023-06-15T17:31:22.153Z""","[0,0,1,1]","0","1","1","60","58","58","60","2","0","0","[""arrowleft"",""arrowleft"",""arrowright"",""arrowright"",""arrowright"",""arrowright"",""arrowright"",""arrowright"",""arrowright"",""arrowright""]","[1029,419,424,878,1826,1150,189,154,159,144]","[54,58,62,59,60,59,48,63,55,64]","[54,58,62,59,0,0,0,63,0,64]","[[91.5864,91.73783]]","[]","[]","[]","1","[]","[]","[]","[]","vertical","","","",""
"","","","","","horizons-trial","49","992915","0.0-45.0","","","","","5","[54,48,32,29,37]","[79,64,67,53,57]","""2023-06-15T17:31:30.873Z""","[0,1,1,1]","1","1","0","60","40","40","60","20","0","0","[""arrowleft"",""arrowright"",""arrowright"",""arrowright"",""arrowright""]","[1084,343,384,359,888]","[54,64,67,53,57]","[0,64,67,53,57]","[[50,99.282237]]","[]","[]","[]","1","[]","[]","[]","[]","vertical","","","",""
"","","","","","horizons-trial","50","1006372","0.0-46.0","","","","","10","[31,44,40,60,35,38,35,38,35,18]","[50,41,45,62,58,49,62,49,50,47]","""2023-06-15T17:31:44.331Z""","[0,1,1,0]","0","0","1","40","52","40","52","12","0","0","[""arrowleft"",""arrowright"",""arrowright"",""arrowleft"",""arrowleft"",""arrowleft"",""arrowleft"",""arrowleft"",""arrowleft"",""arrowleft""]","[1195,379,358,483,2270,2165,214,149,149,149]","[31,41,45,60,35,38,35,38,35,18]","[0,0,45,0,0,0,0,0,0,0]","[[9.84764,92.5761]]","[]","[]","[]","1","[]","[]","[]","[]","vertical","","","",""
"","","","","","horizons-trial","51","1015027","0.0-47.0","","","","","10","[45,53,50,47,40,37,60,42,39,28]","[36,28,37,28,16,29,34,46,46,44]","""2023-06-15T17:31:52.986Z""","[0,1,0,1]","0","1","1","40","42","42","40","2","0","0","[""arrowleft"",""arrowright"",""arrowleft"",""arrowright"",""arrowleft"",""arrowleft"",""arrowleft"",""arrowleft"",""arrowleft"",""arrowleft""]","[1204,349,389,395,1536,1412,204,139,154,144]","[45,28,50,28,40,37,60,42,39,28]","[45,0,50,0,40,37,60,0,0,0]","[[11.2816,89.223]]","[]","[]","[]","1","[]","[]","[]","[]","vertical","","","",""
"","","","","","horizons-trial","52","1026269","0.0-48.0","","","","","10","[65,63,57,61,62,65,61,44,61,73]","[48,48,48,53,43,51,33,48,44,55]","""2023-06-15T17:32:04.228Z""","[1,1,1,0]","1","0","1","60","48","60","48","12","0","0","[""arrowright"",""arrowright"",""arrowright"",""arrowleft"",""arrowright"",""arrowright"",""arrowright"",""arrowright"",""arrowright"",""arrowright""]","[1095,373,399,634,2370,1307,190,152,144,149]","[48,48,48,61,43,51,33,48,44,55]","[0,0,0,61,0,0,0,48,0,0]","[[91.9449,96.76744]]","[]","[]","[]","1","[]","[]","[]","[]","vertical","","","",""
"","","","","","horizons-trial","53","1035847","0.0-49.0","","","","","5","[45,72,54,71,71]","[47,61,54,53,57]","""2023-06-15T17:32:13.805Z""","[0,1,0,0]","1","0","0","60","58","60","58","2","0","0","[""arrowleft"",""arrowright"",""arrowleft"",""arrowleft"",""arrowright""]","[1439,362,419,483,638]","[45,61,54,71,57]","[0,0,54,71,0]","[[50,36.4122]]","[]","[]","[]","1","[]","[]","[]","[]","vertical","","","",""
"","","","","","horizons-trial","54","1047703","0.0-50.0","","","","","10","[60,58,55,63,49,62,68,44,64,59]","[50,57,64,45,52,46,68,59,67,49]","""2023-06-15T17:32:25.661Z""","[0,0,0,1]","1","0","1","60","56","60","56","4","0","0","[""arrowleft"",""arrowleft"",""arrowleft"",""arrowright"",""arrowright"",""arrowright"",""arrowright"",""arrowright"",""arrowright"",""arrowright""]","[1365,1027,398,478,767,1500,215,159,174,178]","[60,58,55,45,52,46,68,59,67,49]","[60,58,0,0,52,0,68,59,67,0]","[[84.7748,63.6559]]","[]","[]","[]","1","[]","[]","[]","[]","vertical","","","",""
"","","","","","horizons-trial","55","1059103","0.0-51.0","","","","","10","[51,55,62,29,37,49,48,45,45,39]","[29,29,26,44,51,47,36,36,44,45]","""2023-06-15T17:32:37.061Z""","[1,0,0,1]","0","1","1","40","48","48","40","8","0","0","[""arrowright"",""arrowleft"",""arrowleft"",""arrowright"",""arrowleft"",""arrowleft"",""arrowleft"",""arrowleft"",""arrowleft"",""arrowleft""]","[1238,463,399,474,1980,1268,189,144,154,153]","[29,55,62,44,37,49,48,45,45,39]","[0,55,62,44,0,49,48,45,45,0]","[[11.2816,56.5306]]","[]","[]","[]","1","[]","[]","[]","[]","vertical","","","",""
"","","","","","horizons-trial","56","1071357","0.0-52.0","","","","","10","[52,45,53,46,58,53,58,37,48,49]","[72,59,77,58,69,48,49,51,61,70]","""2023-06-15T17:32:49.315Z""","[1,0,1,0]","0","1","1","60","48","48","60","12","0","0","[""arrowright"",""arrowleft"",""arrowright"",""arrowleft"",""arrowright"",""arrowright"",""arrowright"",""arrowright"",""arrowright"",""arrowright""]","[1328,467,309,419,1525,1317,179,158,144,135]","[72,45,77,46,69,48,49,51,61,70]","[72,0,77,0,69,0,0,51,61,70]","[[91.5864,36.8314]]","[]","[]","[]","1","[]","[]","[]","[]","vertical","","","",""
"","","","","","horizons-trial","57","1078410","0.0-53.0","","","","","5","[66,52,56,56,64]","[57,62,61,56,42]","""2023-06-15T17:32:56.368Z""","[1,1,0,1]","1","0","0","60","59","60","59","1","0","0","[""arrowright"",""arrowright"",""arrowleft"",""arrowright"",""arrowright""]","[1079,350,467,355,711]","[57,62,56,56,42]","[0,62,0,56,0]","[[50,70.362]]","[]","[]","[]","1","[]","[]","[]","[]","vertical","","","",""
"","","","","","horizons-trial","58","1085648","0.0-54.0","","","","","5","[54,54,39,35,44]","[61,49,46,61,67]","""2023-06-15T17:33:03.606Z""","[1,1,0,0]","0","1","0","60","48","48","60","12","0","0","[""arrowright"",""arrowright"",""arrowleft"",""arrowleft"",""arrowright""]","[1269,368,433,434,1193]","[61,49,39,35,67]","[61,0,0,0,67]","[[50,78.32560000000001]]","[]","[]","[]","1","[]","[]","[]","[]","vertical","","","",""
"","","","","","horizons-trial","59","1096620","0.0-55.0","","","","","10","[24,41,37,58,40,46,55,27,48,38]","[40,41,47,41,35,37,41,30,40,42]","""2023-06-15T17:33:14.578Z""","[1,0,0,1]","0","1","1","40","41","41","40","1","0","0","[""arrowright"",""arrowleft"",""arrowleft"",""arrowright"",""arrowright"",""arrowright"",""arrowright"",""arrowright"",""arrowright"",""arrowright""]","[859,773,443,398,1393,1073,203,154,140,150]","[40,41,37,41,35,37,41,30,40,42]","[40,41,0,0,0,0,0,30,0,42]","[[72.9442,86.7082]]","[]","[]","[]","1","[]","[]","[]","[]","vertical","","","",""
"","","","","","horizons-trial","60","1106347","0.0-56.0","","","","","5","[49,54,54,44,56]","[64,61,65,55,44]","""2023-06-15T17:33:24.306Z""","[1,0,1,0]","0","1","0","60","52","52","60","8","0","0","[""arrowright"",""arrowleft"",""arrowright"",""arrowleft"",""arrowright""]","[869,488,374,563,1093]","[64,54,65,44,44]","[64,0,65,0,0]","[[50,51.0819]]","[]","[]","[]","1","[]","[]","[]","[]","vertical","","","",""
"","","","","","horizons-trial","61","1116551","0.0-57.0","","","","","10","[64,55,58,42,46,51,44,64,48,64]","[33,43,21,23,29,33,45,18,14,27]","""2023-06-15T17:33:34.509Z""","[0,1,1,1]","1","0","1","60","30","60","30","30","0","0","[""arrowleft"",""arrowright"",""arrowright"",""arrowright"",""arrowright"",""arrowright"",""arrowright"",""arrowright"",""arrowright"",""arrowright""]","[1090,324,409,404,983,1137,199,144,149,155]","[64,43,21,23,29,33,45,18,14,27]","[64,0,0,0,0,0,45,0,0,0]","[[91.5864,93.8335]]","[]","[]","[]","1","[]","[]","[]","[]","vertical","","","",""
"","","","","","horizons-trial","62","1124133","0.0-58.0","","","","","5","[63,67,65,72,53]","[64,61,51,51,61]","""2023-06-15T17:33:42.092Z""","[1,0,0,1]","0","0","0","60","58","60","58","2","0","0","[""arrowright"",""arrowleft"",""arrowleft"",""arrowright"",""arrowright""]","[1339,383,419,429,813]","[64,67,65,51,61]","[64,67,65,0,61]","[[50,61.5602]]","[]","[]","[]","1","[]","[]","[]","[]","vertical","","","",""
"","","","","","horizons-trial","63","1134790","0.0-59.0","","","","","10","[32,52,49,39,36,49,49,38,48,46]","[57,28,40,54,33,30,40,21,29,32]","""2023-06-15T17:33:52.748Z""","[0,0,1,0]","1","1","1","40","48","48","40","8","0","0","[""arrowleft"",""arrowleft"",""arrowright"",""arrowleft"",""arrowright"",""arrowright"",""arrowright"",""arrowright"",""arrowright"",""arrowright""]","[1059,489,533,804,504,1198,180,157,149,134]","[32,52,40,39,33,30,40,21,29,32]","[0,52,0,0,0,0,0,0,0,0]","[[89.4354,17.970399999999998]]","[]","[]","[]","1","[]","[]","[]","[]","vertical","","","",""
"","","","","","horizons-trial","64","1146860","0.0-60.0","","","","","10","[40,43,48,47,48,39,50,40,58,47]","[80,76,67,74,66,65,82,72,63,71]","""2023-06-15T17:34:04.818Z""","[0,1,0,0]","1","0","1","40","70","40","70","30","0","0","[""arrowleft"",""arrowright"",""arrowleft"",""arrowleft"",""arrowleft"",""arrowleft"",""arrowleft"",""arrowleft"",""arrowleft"",""arrowleft""]","[755,378,344,473,1312,2595,169,154,154,160]","[40,76,48,47,48,39,50,40,58,47]","[0,76,0,0,0,0,0,0,0,0]","[[9.48913,76.2299]]","[]","[]","[]","1","[]","[]","[]","[]","vertical","","","",""
"","","","","","horizons-trial","65","1155056","0.0-61.0","","","","","10","[51,58,39,57,47,58,57,64,47,53]","[58,59,62,65,45,67,58,66,57,53]","""2023-06-15T17:34:13.014Z""","[1,1,0,1]","1","1","1","60","52","52","60","8","0","0","[""arrowright"",""arrowright"",""arrowleft"",""arrowright"",""arrowright"",""arrowright"",""arrowright"",""arrowright"",""arrowright"",""arrowright""]","[744,354,692,349,1097,1357,145,149,149,164]","[58,59,39,65,45,67,58,66,57,53]","[58,59,0,65,0,67,58,66,57,53]","[[86.2088,80.4212]]","[]","[]","[]","1","[]","[]","[]","[]","vertical","","","",""
"","","","","","horizons-trial","66","1163996","0.0-62.0","","","","","5","[56,49,52,45,59]","[56,52,69,66,60]","""2023-06-15T17:34:21.954Z""","[1,1,0,0]","0","1","0","60","56","56","60","4","0","0","[""arrowright"",""arrowright"",""arrowleft"",""arrowleft"",""arrowright""]","[2698,513,484,483,478]","[56,52,52,45,60]","[56,52,0,0,60]","[[50,61.9794]]","[]","[]","[]","1","[]","[]","[]","[]","vertical","","","",""
"","","","","","horizons-trial","67","1171465","0.0-63.0","","","","","5","[47,47,25,38,36]","[54,44,44,54,51]","""2023-06-15T17:34:29.423Z""","[0,0,1,1]","0","0","0","40","44","40","44","4","0","0","[""arrowleft"",""arrowleft"",""arrowright"",""arrowright"",""arrowright""]","[850,403,409,448,1427]","[47,47,44,54,51]","[0,47,44,54,51]","[[50,88.3848]]","[]","[]","[]","1","[]","[]","[]","[]","vertical","","","",""
"","","","","","horizons-trial","68","1185506","0.0-64.0","","","","","10","[53,52,57,49,57,52,57,46,58,50]","[40,32,50,39,38,57,33,39,36,26]","""2023-06-15T17:34:43.464Z""","[0,0,0,1]","1","1","1","40","52","52","40","12","0","0","[""arrowleft"",""arrowleft"",""arrowleft"",""arrowright"",""arrowright"",""arrowleft"",""arrowleft"",""arrowleft"",""arrowleft"",""arrowleft""]","[904,370,607,473,503,1886,164,154,149,144]","[53,52,57,39,38,52,57,46,58,50]","[53,52,57,0,0,0,57,46,58,50]","[[10.2061,95.51004]]","[]","[]","[]","1","[]","[]","[]","[]","vertical","","","",""
"","","","","","horizons-trial","69","1194731","0.0-65.0","","","","","10","[49,50,67,67,50,62,69,65,60,48]","[68,61,53,69,59,61,61,65,64,59]","""2023-06-15T17:34:52.689Z""","[1,0,0,1]","0","0","1","60","58","60","58","2","0","0","[""arrowright"",""arrowleft"",""arrowleft"",""arrowright"",""arrowright"",""arrowright"",""arrowright"",""arrowright"",""arrowright"",""arrowright""]","[750,458,374,563,1596,967,174,149,154,149]","[68,50,67,69,59,61,61,65,64,59]","[68,0,67,69,59,0,0,65,64,59]","[[91.5864,82.0978]]","[]","[]","[]","1","[]","[]","[]","[]","vertical","","","",""
"","","","","","horizons-trial","70","1202936","0.0-66.0","","","","","10","[35,36,46,43,49,42,40,42,35,40]","[51,58,67,53,61,59,49,57,68,59]","""2023-06-15T17:35:00.895Z""","[0,0,1,1]","0","0","1","40","60","40","60","20","0","0","[""arrowleft"",""arrowleft"",""arrowright"",""arrowright"",""arrowright"",""arrowright"",""arrowright"",""arrowright"",""arrowright"",""arrowright""]","[656,458,443,434,694,1795,169,148,149,150]","[35,36,67,53,61,59,49,57,68,59]","[0,0,67,53,61,59,49,57,68,59]","[[83.3408,87.9656]]","[]","[]","[]","1","[]","[]","[]","[]","vertical","","","",""
"","","","","","horizons-trial","71","1211299","0.0-67.0","","","","","5","[60,69,49,64,67]","[30,26,39,31,27]","""2023-06-15T17:35:09.257Z""","[0,1,0,1]","0","0","0","60","30","60","30","30","0","0","[""arrowleft"",""arrowright"",""arrowleft"",""arrowright"",""arrowleft""]","[1679,439,411,472,1671]","[60,26,49,31,67]","[60,0,49,0,67]","[[50,72.0386]]","[]","[]","[]","1","[]","[]","[]","[]","vertical","","","",""
"","","","","","horizons-trial","72","1218475","0.0-68.0","","","","","5","[39,50,58,50,46]","[32,26,45,43,33]","""2023-06-15T17:35:16.434Z""","[0,0,1,1]","0","1","0","40","41","41","40","1","0","0","[""arrowleft"",""arrowleft"",""arrowright"",""arrowright"",""arrowright""]","[1308,658,419,464,1057]","[39,50,45,43,33]","[39,50,0,0,0]","[[50,91.3187]]","[]","[]","[]","1","[]","[]","[]","[]","vertical","","","",""
"","","","","","horizons-trial","73","1226283","0.0-69.0","","","","","5","[41,51,48,53,46]","[71,51,62,59,76]","""2023-06-15T17:35:24.241Z""","[1,0,1,1]","1","1","0","60","52","52","60","8","0","0","[""arrowright"",""arrowleft"",""arrowright"",""arrowright"",""arrowright""]","[1639,454,353,574,962]","[71,51,62,59,76]","[71,51,62,59,76]","[[50,99.70137]]","[]","[]","[]","1","[]","[]","[]","[]","vertical","","","",""
"","","","","","horizons-trial","74","1235976","0.0-70.0","","","","","10","[43,35,44,54,49,42,62,55,47,48]","[71,96,58,54,56,64,49,57,73,61]","""2023-06-15T17:35:33.934Z""","[1,1,0,0]","0","1","1","60","52","52","60","8","0","0","[""arrowright"",""arrowright"",""arrowleft"",""arrowleft"",""arrowright"",""arrowright"",""arrowright"",""arrowright"",""arrowright"",""arrowright""]","[1463,688,455,471,612,1471,250,158,149,139]","[71,96,44,54,56,64,49,57,73,61]","[71,96,0,54,56,64,0,57,73,61]","[[85.4918,85.87]]","[]","[]","[]","1","[]","[]","[]","[]","vertical","","","",""
"","","","","","horizons-trial","75","1247287","0.0-71.0","","","","","5","[58,49,42,42,51]","[34,31,48,45,37]","""2023-06-15T17:35:45.246Z""","[0,1,0,1]","0","1","0","40","52","52","40","12","0","0","[""arrowleft"",""arrowright"",""arrowleft"",""arrowright"",""arrowleft""]","[1579,289,409,404,2809]","[58,31,42,45,51]","[58,0,0,45,51]","[[50,86.7082]]","[]","[]","[]","1","[]","[]","[]","[]","vertical","","","",""
"","","","","","horizons-trial","76","1254033","0.0-72.0","","","","","5","[35,59,31,43,42]","[52,44,47,33,44]","""2023-06-15T17:35:51.991Z""","[1,1,0,1]","1","0","0","40","52","40","52","12","0","0","[""arrowright"",""arrowright"",""arrowleft"",""arrowright"",""arrowright""]","[1076,607,404,373,1018]","[52,44,31,33,44]","[52,0,0,0,44]","[[50,95.0909]]","[]","[]","[]","1","[]","[]","[]","[]","vertical","","","",""
"","","","","","horizons-trial","77","1262762","0.0-73.0","","","","","10","[62,58,51,37,36,30,29,27,26,25]","[46,42,57,54,44,43,42,36,57,49]","""2023-06-15T17:36:00.721Z""","[0,1,0,1]","0","0","1","40","48","40","48","8","0","0","[""arrowleft"",""arrowright"",""arrowleft"",""arrowright"",""arrowright"",""arrowright"",""arrowright"",""arrowright"",""arrowright"",""arrowright""]","[1269,378,358,379,1282,1067,134,175,145,147]","[62,42,51,54,44,43,42,36,57,49]","[62,0,0,54,44,43,42,36,57,49]","[[74.3782,77.4873]]","[]","[]","[]","1","[]","[]","[]","[]","vertical","","","",""
"","","","","","horizons-trial","78","1279919","0.0-74.0","","","","","5","[61,66,52,58,61]","[53,70,60,68,66]","""2023-06-15T17:36:17.877Z""","[1,0,1,1]","1","1","0","60","56","56","60","4","0","0","[""arrowright"",""arrowleft"",""arrowright"",""arrowright"",""arrowright""]","[11960,551,306,610,791]","[53,66,60,68,66]","[0,0,60,68,66]","[[50,98.8631]]","[]","[]","[]","1","[]","[]","[]","[]","vertical","","","",""
"","","","","","horizons-trial","79","1289215","0.0-75.0","","","","","10","[44,27,52,49,35,35,48,43,24,46]","[23,38,32,46,32,58,49,39,43,41]","""2023-06-15T17:36:27.173Z""","[1,0,1,1]","1","0","1","40","41","40","41","1","0","0","[""arrowright"",""arrowleft"",""arrowright"",""arrowright"",""arrowright"",""arrowright"",""arrowright"",""arrowright"",""arrowright"",""arrowright""]","[1434,523,329,414,982,2859,190,158,144,129]","[23,27,32,46,32,58,49,39,43,41]","[0,0,0,0,0,58,49,0,43,0]","[[84.7748,97.18657]]","[]","[]","[]","1","[]","[]","[]","[]","vertical","","","",""
"","","","","","horizons-trial","80","1297171","0.0-76.0","","","","","10","[17,20,32,37,20,40,30,43,21,36]","[71,61,59,66,38,60,60,51,72,69]","""2023-06-15T17:36:35.129Z""","[1,0,0,1]","0","1","1","60","30","30","60","30","0","0","[""arrowright"",""arrowleft"",""arrowleft"",""arrowright"",""arrowright"",""arrowright"",""arrowright"",""arrowright"",""arrowright"",""arrowright""]","[1628,470,358,444,1013,1332,169,155,155,138]","[71,20,32,66,38,60,60,51,72,69]","[71,0,0,66,38,60,60,51,72,69]","[[84.7748,97.18657]]","[]","[]","[]","1","[]","[]","[]","[]","vertical","","","",""
"","","","","","horizons-trial","81","1305433","0.0-77.0","","","","","5","[46,40,36,41,39]","[37,37,42,57,47]","""2023-06-15T17:36:43.390Z""","[1,0,0,1]","0","1","0","40","44","44","40","4","0","0","[""arrowright"",""arrowleft"",""arrowleft"",""arrowright"",""arrowright""]","[1249,1956,449,429,1346]","[37,40,36,57,47]","[0,40,0,57,47]","[[50,98.44397]]","[]","[]","[]","1","[]","[]","[]","[]","vertical","","","",""
"","","","","","horizons-trial","82","1312136","0.0-78.0","","","","","5","[29,38,37,48,26]","[61,50,43,35,38]","""2023-06-15T17:36:50.094Z""","[0,0,1,1]","0","0","0","40","48","40","48","8","0","0","[""arrowleft"",""arrowleft"",""arrowright"",""arrowright"",""arrowright""]","[1284,444,383,399,1492]","[29,38,43,35,38]","[0,0,43,0,38]","[[50,98.44397]]","[]","[]","[]","1","[]","[]","[]","[]","vertical","","","",""
"","","","","","horizons-trial","83","1329165","0.0-79.0","","","","","10","[71,59,60,59,67,58,64,54,44,47]","[47,45,47,64,54,57,55,50,63,52]","""2023-06-15T17:37:07.123Z""","[0,0,1,1]","0","0","1","60","52","60","52","8","0","0","[""arrowleft"",""arrowleft"",""arrowright"",""arrowright"",""arrowright"",""arrowright"",""arrowright"",""arrowright"",""arrowright"",""arrowright""]","[9087,408,430,402,943,1347,189,153,149,139]","[71,59,47,64,54,57,55,50,63,52]","[71,59,0,64,0,0,0,0,63,52]","[[88.7184,92.5761]]","[]","[]","[]","1","[]","[]","[]","[]","vertical","","","",""
"","","","","","horizons-trial","84","1337000","0.0-80.0","","","","","5","[39,45,41,47,43]","[68,72,63,61,67]","""2023-06-15T17:37:14.958Z""","[0,1,0,1]","0","0","0","40","70","40","70","30","0","0","[""arrowleft"",""arrowright"",""arrowleft"",""arrowright"",""arrowright""]","[1268,418,419,419,757]","[39,72,41,61,67]","[0,72,0,61,67]","[[50,88.8039]]","[]","[]","[]","1","[]","[]","[]","[]","vertical","","","",""
"","","","","","horizons-trial","85","1347194","0.0-81.0","","","","","10","[33,34,30,47,43,22,31,40,30,39]","[41,42,37,51,33,38,33,38,32,45]","""2023-06-15T17:37:25.152Z""","[1,0,1,0]","0","0","1","40","41","40","41","1","0","0","[""arrowright"",""arrowleft"",""arrowright"",""arrowleft"",""arrowleft"",""arrowleft"",""arrowleft"",""arrowleft"",""arrowleft"",""arrowleft""]","[1529,488,399,553,2106,1715,209,159,169,159]","[41,34,37,47,43,22,31,40,30,39]","[41,0,37,0,43,0,0,40,0,0]","[[18.4517,73.29599999999999]]","[]","[]","[]","1","[]","[]","[]","[]","vertical","","","",""
"","","","","","horizons-trial","86","1361095","0.0-82.0","","","","","10","[56,70,55,55,46,71,58,68,53,52]","[38,35,31,45,37,39,45,45,38,40]","""2023-06-15T17:37:39.054Z""","[0,1,1,1]","1","1","1","40","60","60","40","20","0","0","[""arrowleft"",""arrowright"",""arrowright"",""arrowright"",""arrowright"",""arrowright"",""arrowright"",""arrowright"",""arrowright"",""arrowright""]","[1519,279,369,333,994,1571,194,139,149,149]","[56,35,31,45,37,39,45,45,38,40]","[56,0,0,0,0,0,0,0,0,0]","[[85.8503,80.8404]]","[]","[]","[]","1","[]","[]","[]","[]","vertical","","","",""
"","","","","","horizons-trial","87","1368213","0.0-83.0","","","","","5","[74,51,50,71,53]","[49,51,54,49,67]","""2023-06-15T17:37:46.172Z""","[1,0,0,0]","1","1","0","60","58","58","60","2","0","0","[""arrowright"",""arrowleft"",""arrowleft"",""arrowleft"",""arrowleft""]","[1111,467,374,364,1272]","[49,51,50,71,53]","[0,51,0,71,0]","[[50,98.44397]]","[]","[]","[]","1","[]","[]","[]","[]","vertical","","","",""
"","","","","","horizons-trial","88","1375546","0.0-84.0","","","","","10","[32,30,29,25,14,15,22,19,22,37]","[60,68,74,63,53,54,69,62,53,60]","""2023-06-15T17:37:53.504Z""","[1,1,0,1]","1","1","1","60","30","30","60","30","0","0","[""arrowright"",""arrowright"",""arrowleft"",""arrowright"",""arrowright"",""arrowright"",""arrowright"",""arrowright"",""arrowright"",""arrowright""]","[1129,389,464,369,893,1048,233,154,139,144]","[60,68,29,63,53,54,69,62,53,60]","[60,68,0,63,53,54,69,62,53,60]","[[81.5483,88.3848]]","[]","[]","[]","1","[]","[]","[]","[]","vertical","","","",""
"","","","","","horizons-trial","89","1392705","0.0-85.0","","","","","10","[30,41,47,55,43,37,47,40,36,31]","[38,43,42,52,50,57,41,35,32,53]","""2023-06-15T17:38:10.663Z""","[1,1,0,0]","0","0","1","40","42","40","42","2","0","0","[""arrowright"",""arrowright"",""arrowleft"",""arrowleft"",""arrowleft"",""arrowleft"",""arrowleft"",""arrowleft"",""arrowleft"",""arrowleft""]","[1719,558,1187,534,3075,1632,179,139,165,157]","[38,43,47,55,43,37,47,40,36,31]","[38,43,47,55,0,0,47,40,36,0]","[[27.4143,87.1274]]","[]","[]","[]","1","[]","[]","[]","[]","vertical","","","",""
"","","","","","horizons-trial","90","1399464","0.0-86.0","","","","","5","[42,55,38,48,38]","[43,34,52,32,44]","""2023-06-15T17:38:17.422Z""","[1,0,1,0]","0","0","0","40","42","40","42","2","0","0","[""arrowright"",""arrowleft"",""arrowright"",""arrowleft"",""arrowleft""]","[1264,599,313,464,1407]","[43,55,52,48,38]","[43,55,52,48,0]","[[50,84.6126]]","[]","[]","[]","1","[]","[]","[]","[]","vertical","","","",""
"","","","","","horizons-trial","91","1405695","0.0-87.0","","","","","5","[59,66,61,56,62]","[63,55,54,55,58]","""2023-06-15T17:38:23.653Z""","[0,0,1,1]","0","0","0","60","56","60","56","4","0","0","[""arrowleft"",""arrowleft"",""arrowright"",""arrowright"",""arrowright""]","[1156,747,339,380,795]","[59,66,54,55,58]","[0,66,0,0,0]","[[50,85.0317]]","[]","[]","[]","1","[]","[]","[]","[]","vertical","","","",""
"","","","","","horizons-trial","92","1411396","0.0-88.0","","","","","5","[59,54,62,60,47]","[53,51,59,54,56]","""2023-06-15T17:38:29.354Z""","[0,0,0,1]","1","0","0","60","52","60","52","8","0","0","[""arrowleft"",""arrowleft"",""arrowleft"",""arrowright"",""arrowleft""]","[1200,393,378,513,993]","[59,54,62,54,47]","[59,54,62,0,0]","[[50,85.0317]]","[]","[]","[]","1","[]","[]","[]","[]","vertical","","","",""
"","","","","","horizons-trial","93","1420084","0.0-89.0","","","","","5","[29,15,31,44,34]","[56,60,71,58,63]","""2023-06-15T17:38:38.042Z""","[1,0,0,0]","1","1","0","60","30","30","60","30","0","0","[""arrowright"",""arrowleft"",""arrowleft"",""arrowleft"",""arrowleft""]","[1044,503,398,685,702]","[56,15,31,44,34]","[56,0,0,0,0]","[[50,98.44397]]","[]","[]","[]","1","[]","[]","[]","[]","vertical","","","",""
"","","","","","horizons-trial","94","1429774","0.0-90.0","","","","","10","[57,54,66,67,53,71,66,65,73,67]","[26,29,29,45,31,32,27,23,35,42]","""2023-06-15T17:38:47.732Z""","[0,0,1,1]","0","0","1","60","30","60","30","30","0","0","[""arrowleft"",""arrowleft"",""arrowright"",""arrowright"",""arrowleft"",""arrowleft"",""arrowleft"",""arrowleft"",""arrowleft"",""arrowleft""]","[1183,379,415,323,1927,2249,174,169,124,144]","[57,54,29,45,53,71,66,65,73,67]","[57,54,0,0,53,71,66,65,73,67]","[[20.6027,88.3848]]","[]","[]","[]","1","[]","[]","[]","[]","vertical","","","",""
"","","","","","horizons-trial","95","1440677","0.0-91.0","","","","","10","[41,47,42,46,40,57,52,68,48,48]","[59,63,62,59,58,57,50,55,64,62]","""2023-06-15T17:38:58.635Z""","[0,0,0,1]","1","1","1","60","56","56","60","4","0","0","[""arrowleft"",""arrowleft"",""arrowleft"",""arrowright"",""arrowright"",""arrowright"",""arrowright"",""arrowright"",""arrowright"",""arrowright""]","[1245,422,403,554,599,1382,169,149,154,144]","[41,47,42,59,58,57,50,55,64,62]","[0,0,0,59,58,57,0,0,64,62]","[[88.7184,22.161699999999996]]","[]","[]","[]","1","[]","[]","[]","[]","vertical","","","",""
"","","","","","horizons-trial","96","1449728","0.0-92.0","","","","","10","[41,42,56,31,41,45,39,47,38,49]","[39,47,44,37,32,32,36,40,40,41]","""2023-06-15T17:39:07.687Z""","[1,1,0,0]","0","1","1","40","44","44","40","4","0","0","[""arrowright"",""arrowright"",""arrowleft"",""arrowleft"",""arrowright"",""arrowright"",""arrowright"",""arrowright"",""arrowright"",""arrowright""]","[1086,498,1293,514,462,1416,214,139,135,155]","[39,47,56,31,32,32,36,40,40,41]","[0,47,56,0,0,0,0,0,40,0]","[[84.4163,89.223]]","[]","[]","[]","1","[]","[]","[]","[]","vertical","","","",""
"","","","","","horizons-trial","97","1457552","0.0-93.0","","","","","10","[53,66,54,73,60,57,56,70,56,62]","[64,66,60,64,55,62,59,56,68,69]","""2023-06-15T17:39:15.510Z""","[1,0,1,1]","1","1","1","60","58","58","60","2","0","0","[""arrowright"",""arrowleft"",""arrowright"",""arrowright"",""arrowright"",""arrowright"",""arrowright"",""arrowright"",""arrowright"",""arrowright""]","[1070,1762,398,373,324,919,179,148,140,150]","[64,66,60,64,55,62,59,56,68,69]","[64,66,60,0,0,62,59,0,68,69]","[[84.4163,89.223]]","[]","[]","[]","1","[]","[]","[]","[]","vertical","","","",""
"","","","","","horizons-trial","98","1464486","0.0-94.0","","","","","5","[52,57,65,72,71]","[53,48,45,49,39]","""2023-06-15T17:39:22.445Z""","[0,0,1,0]","1","0","0","60","56","60","56","4","0","0","[""arrowleft"",""arrowleft"",""arrowright"",""arrowleft"",""arrowleft""]","[1425,354,403,424,1262]","[52,57,45,72,71]","[0,57,0,72,71]","[[50,100]]","[]","[]","[]","1","[]","[]","[]","[]","vertical","","","",""
"","","","","","horizons-trial","99","1470248","0.0-95.0","","","","","5","[47,40,49,44,31]","[30,40,46,34,29]","""2023-06-15T17:39:28.206Z""","[0,0,1,0]","1","0","0","40","42","40","42","2","0","0","[""arrowleft"",""arrowleft"",""arrowright"",""arrowleft"",""arrowleft""]","[1170,360,433,479,818]","[47,40,46,44,31]","[47,40,0,44,31]","[[50,99.282237]]","[]","[]","[]","1","[]","[]","[]","[]","vertical","","","",""
"","","","","","horizons-trial","100","1476218","0.0-96.0","","","","","5","[46,49,55,34,44]","[63,48,59,60,63]","""2023-06-15T17:39:34.177Z""","[0,1,0,0]","1","1","0","60","48","48","60","12","0","0","[""arrowleft"",""arrowright"",""arrowleft"",""arrowleft"",""arrowleft""]","[1055,344,369,468,1048]","[46,48,55,34,44]","[0,0,0,0,0]","[[50,97.18657]]","[]","[]","[]","1","[]","[]","[]","[]","vertical","","","",""
"","","","","","horizons-trial","101","1486866","0.0-97.0","","","","","10","[67,43,67,52,56,52,54,48,53,65]","[54,60,61,47,54,57,40,48,63,43]","""2023-06-15T17:39:44.825Z""","[1,1,0,0]","0","0","1","60","56","60","56","4","0","0","[""arrowright"",""arrowright"",""arrowleft"",""arrowleft"",""arrowright"",""arrowright"",""arrowright"",""arrowright"",""arrowright"",""arrowright""]","[2268,396,452,496,532,2087,159,143,139,149]","[54,60,67,52,54,57,40,48,63,43]","[0,60,67,52,0,57,0,48,63,0]","[[73.6612,82.936]]","[]","[]","[]","1","[]","[]","[]","[]","vertical","","","",""
"","","","","","horizons-trial","102","1494540","0.0-98.0","","","","","5","[45,39,26,45,55]","[29,48,37,40,43]","""2023-06-15T17:39:52.498Z""","[0,1,0,0]","1","1","0","40","44","44","40","4","0","0","[""arrowleft"",""arrowright"",""arrowleft"",""arrowleft"",""arrowleft""]","[1300,354,394,413,1048]","[45,48,26,45,55]","[45,48,0,45,55]","[[50,87.9656]]","[]","[]","[]","1","[]","[]","[]","[]","vertical","","","",""
"","","","","","horizons-trial","103","1500696","0.0-99.0","","","","","5","[52,24,33,40,53]","[72,64,71,70,59]","""2023-06-15T17:39:58.655Z""","[0,0,0,1]","1","0","0","40","70","40","70","30","0","0","[""arrowleft"",""arrowleft"",""arrowleft"",""arrowright"",""arrowleft""]","[1225,394,423,578,1088]","[52,24,33,70,53]","[0,0,0,70,0]","[[50,87.9656]]","[]","[]","[]","1","[]","[]","[]","[]","vertical","","","",""
"","","","","","horizons-trial","104","1508325","0.0-100.0","","","","","5","[64,58,62,55,58]","[63,67,53,73,63]","""2023-06-15T17:40:06.283Z""","[1,1,0,0]","0","1","0","60","58","58","60","2","0","0","[""arrowright"",""arrowright"",""arrowleft"",""arrowleft"",""arrowright""]","[1365,526,448,548,479]","[63,67,62,55,63]","[0,67,62,0,63]","[[50,91.3187]]","[]","[]","[]","1","[]","[]","[]","[]","vertical","","","",""
"","","","","","horizons-trial","105","1518224","0.0-101.0","","","","","5","[49,54,42,56,47]","[52,42,39,45,43]","""2023-06-15T17:40:16.182Z""","[1,1,1,0]","1","1","0","40","52","52","40","12","0","0","[""arrowright"",""arrowright"",""arrowright"",""arrowleft"",""arrowright""]","[1248,519,404,2256,1093]","[52,42,39,56,43]","[52,0,0,56,0]","[[50,98.02484]]","[]","[]","[]","1","[]","[]","[]","[]","vertical","","","",""
"","","","","","horizons-trial","106","1526087","0.0-102.0","","","","","10","[72,59,52,72,58,72,46,67,60,50]","[35,35,35,52,25,42,42,26,32,35]","""2023-06-15T17:40:24.045Z""","[0,1,0,1]","0","0","1","60","40","60","40","20","0","0","[""arrowleft"",""arrowright"",""arrowleft"",""arrowright"",""arrowleft"",""arrowleft"",""arrowleft"",""arrowleft"",""arrowleft"",""arrowleft""]","[1289,390,358,339,414,1452,189,158,139,143]","[72,35,52,52,58,72,46,67,60,50]","[72,0,52,0,58,72,46,67,60,50]","[[21.3197,93.41437]]","[]","[]","[]","1","[]","[]","[]","[]","vertical","","","",""
"","","","","","horizons-trial","107","1534900","0.0-103.0","","","","","10","[35,53,49,41,37,54,40,51,55,49]","[29,23,52,46,40,44,53,40,45,53]","""2023-06-15T17:40:32.859Z""","[0,1,1,1]","1","1","1","40","42","42","40","2","0","0","[""arrowleft"",""arrowright"",""arrowright"",""arrowright"",""arrowleft"",""arrowleft"",""arrowleft"",""arrowleft"",""arrowleft"",""arrowleft""]","[1315,450,372,389,534,1337,229,225,190,148]","[35,23,52,46,37,54,40,51,55,49]","[35,0,52,46,0,54,0,51,55,0]","[[20.2442,41.4418]]","[]","[]","[]","1","[]","[]","[]","[]","vertical","","","",""
"","","","","","horizons-trial","108","1543223","0.0-104.0","","","","","10","[35,46,46,39,33,52,45,36,35,35]","[40,49,24,59,32,38,39,43,39,57]","""2023-06-15T17:40:41.181Z""","[1,0,0,0]","1","0","1","40","42","40","42","2","0","0","[""arrowright"",""arrowleft"",""arrowleft"",""arrowleft"",""arrowleft"",""arrowleft"",""arrowleft"",""arrowleft"",""arrowleft"",""arrowleft""]","[1357,454,369,389,1181,1293,194,139,154,139]","[40,46,46,39,33,52,45,36,35,35]","[40,0,46,0,33,52,45,0,0,0]","[[16.6592,96.76744]]","[]","[]","[]","1","[]","[]","[]","[]","vertical","","","",""
"","","","","","horizons-trial","109","1551115","0.0-105.0","","","","","5","[35,35,46,45,40]","[37,35,55,16,52]","""2023-06-15T17:40:49.073Z""","[1,0,0,0]","1","0","0","40","41","40","41","1","0","0","[""arrowright"",""arrowleft"",""arrowleft"",""arrowleft"",""arrowleft""]","[1460,433,394,628,652]","[37,35,46,45,40]","[37,35,0,45,0]","[[50,97.18657]]","[]","[]","[]","1","[]","[]","[]","[]","vertical","","","",""
"","","","","","horizons-trial","110","1557411","0.0-106.0","","","","","5","[61,46,63,66,58]","[62,70,61,63,64]","""2023-06-15T17:40:55.369Z""","[0,1,0,1]","0","1","0","60","59","59","60","1","0","0","[""arrowleft"",""arrowright"",""arrowleft"",""arrowright"",""arrowright""]","[1086,433,354,423,818]","[61,70,63,63,64]","[0,70,63,0,64]","[[50,97.18657]]","[]","[]","[]","1","[]","[]","[]","[]","vertical","","","",""
"","","","","","horizons-trial","111","1563976","0.0-107.0","","","","","5","[52,55,44,63,51]","[46,56,54,51,67]","""2023-06-15T17:41:01.935Z""","[1,1,1,0]","1","1","0","60","59","59","60","1","0","0","[""arrowright"",""arrowright"",""arrowright"",""arrowleft"",""arrowright""]","[1030,399,363,564,1002]","[46,56,54,63,67]","[0,56,54,63,67]","[[50,92.15697]]","[]","[]","[]","1","[]","[]","[]","[]","vertical","","","",""
"","","","","","horizons-trial","112","1574391","0.0-108.0","","","","","10","[44,41,26,40,52,50,48,55,62,59]","[47,77,58,61,52,74,57,43,62,52]","""2023-06-15T17:41:12.349Z""","[0,1,0,0]","1","1","1","60","48","48","60","12","0","0","[""arrowleft"",""arrowright"",""arrowleft"",""arrowleft"",""arrowleft"",""arrowleft"",""arrowleft"",""arrowleft"",""arrowleft"",""arrowleft""]","[1274,555,458,1747,503,1218,223,209,135,164]","[44,77,26,40,52,50,48,55,62,59]","[0,77,0,0,52,0,0,55,62,59]","[[11.2816,84.1934]]","[]","[]","[]","1","[]","[]","[]","[]","vertical","","","",""
"","","","","","horizons-trial","113","1582569","0.0-109.0","","","","","10","[65,49,60,43,58,63,65,49,50,64]","[59,66,52,80,77,63,58,60,61,75]","""2023-06-15T17:41:20.527Z""","[0,1,1,0]","0","1","1","60","59","59","60","1","0","0","[""arrowleft"",""arrowright"",""arrowright"",""arrowleft"",""arrowleft"",""arrowleft"",""arrowleft"",""arrowleft"",""arrowleft"",""arrowleft""]","[1410,507,340,463,74,1966,174,169,259,179]","[65,66,52,43,58,63,65,49,50,64]","[65,66,0,0,0,63,65,0,0,0]","[[22.7538,90.0613]]","[]","[]","[]","1","[]","[]","[]","[]","vertical","","","",""
"","","","","","horizons-trial","114","1594167","0.0-110.0","","","","","5","[44,27,36,57,37]","[50,64,67,52,44]","""2023-06-15T17:41:32.126Z""","[1,0,1,0]","0","0","0","40","60","40","60","20","0","0","[""arrowright"",""arrowleft"",""arrowright"",""arrowleft"",""arrowright""]","[1115,428,344,511,1340]","[50,27,67,57,44]","[50,0,67,57,44]","[[50,88.8039]]","[]","[]","[]","1","[]","[]","[]","[]","vertical","","","",""
"","","","","","horizons-trial","115","1602150","0.0-111.0","","","","","10","[45,48,25,48,29,40,40,27,56,42]","[78,59,72,72,66,75,63,65,80,64]","""2023-06-15T17:41:40.109Z""","[0,0,1,1]","0","0","1","40","70","40","70","30","0","0","[""arrowleft"",""arrowleft"",""arrowright"",""arrowright"",""arrowright"",""arrowright"",""arrowright"",""arrowright"",""arrowright"",""arrowright""]","[1130,398,430,367,1314,1137,199,139,145,133]","[45,48,72,72,66,75,63,65,80,64]","[0,0,72,72,66,75,63,65,80,64]","[[78.6803,87.5465]]","[]","[]","[]","1","[]","[]","[]","[]","vertical","","","",""
"","","","","","horizons-trial","116","1608991","0.0-112.0","","","","","5","[37,29,33,34,31]","[30,43,35,37,44]","""2023-06-15T17:41:46.949Z""","[1,1,0,0]","0","0","0","40","41","40","41","1","0","0","[""arrowright"",""arrowright"",""arrowleft"",""arrowleft"",""arrowright""]","[1091,409,393,459,1192]","[30,43,33,34,44]","[0,43,0,0,44]","[[50,92.15697]]","[]","[]","[]","1","[]","[]","[]","[]","vertical","","","",""
"","","","","","horizons-trial","117","1617264","0.0-113.0","","","","","10","[42,37,41,29,30,49,58,35,49,52]","[36,41,44,33,48,47,54,36,41,51]","""2023-06-15T17:41:55.223Z""","[1,1,1,0]","1","0","1","40","44","40","44","4","0","0","[""arrowright"",""arrowright"",""arrowright"",""arrowleft"",""arrowright"",""arrowright"",""arrowright"",""arrowright"",""arrowright"",""arrowright""]","[831,463,374,449,1796,949,194,145,143,144]","[36,41,44,29,48,47,54,36,41,51]","[0,41,44,0,48,0,0,36,0,0]","[[86.2088,97.18657]]","[]","[]","[]","1","[]","[]","[]","[]","vertical","","","",""
"","","","","","horizons-trial","118","1627508","0.0-114.0","","","","","10","[51,62,63,52,67,40,53,56,65,62]","[62,51,71,58,59,68,53,58,55,68]","""2023-06-15T17:42:05.466Z""","[1,1,0,1]","1","1","1","60","59","59","60","1","0","0","[""arrowright"",""arrowright"",""arrowleft"",""arrowright"",""arrowright"",""arrowright"",""arrowright"",""arrowright"",""arrowright"",""arrowright""]","[1139,385,2494,495,872,1113,204,143,145,149]","[62,51,63,58,59,68,53,58,55,68]","[62,0,0,58,0,68,53,58,0,68]","[[88.3598,89.6422]]","[]","[]","[]","1","[]","[]","[]","[]","vertical","","","",""
"","","","","","horizons-trial","119","1633648","0.0-115.0","","","","","5","[41,46,45,32,52]","[45,49,50,58,34]","""2023-06-15T17:42:11.607Z""","[1,1,1,0]","1","1","0","40","48","48","40","8","0","0","[""arrowright"",""arrowright"",""arrowright"",""arrowleft"",""arrowright""]","[1020,384,304,510,617]","[45,49,50,32,34]","[45,49,50,0,0]","[[50,98.44397]]","[]","[]","[]","1","[]","[]","[]","[]","vertical","","","",""
"","","","","","horizons-trial","120","1640684","0.0-116.0","","","","","10","[59,53,62,69,49,64,74,62,63,57]","[59,57,76,62,67,71,52,73,53,61]","""2023-06-15T17:42:18.642Z""","[1,0,1,0]","0","0","1","60","59","60","59","1","0","0","[""arrowright"",""arrowleft"",""arrowright"",""arrowleft"",""arrowright"",""arrowright"",""arrowright"",""arrowright"",""arrowright"",""arrowright""]","[635,569,354,374,1083,1013,175,143,159,139]","[59,53,76,69,67,71,52,73,53,61]","[59,0,76,69,67,71,0,73,0,61]","[[93.0204,79.583]]","[]","[]","[]","1","[]","[]","[]","[]","vertical","","","",""
"","","","","","horizons-trial","121","1647149","0.0-117.0","","","","","5","[36,40,44,44,46]","[45,50,46,41,24]","""2023-06-15T17:42:25.107Z""","[0,1,1,1]","1","1","0","40","41","41","40","1","0","0","[""arrowleft"",""arrowright"",""arrowright"",""arrowright"",""arrowright""]","[1030,428,394,843,808]","[36,50,46,41,24]","[0,50,46,0,0]","[[50,96.76744]]","[]","[]","[]","1","[]","[]","[]","[]","vertical","","","",""
"","","","","","horizons-trial","122","1655270","0.0-118.0","","","","","10","[31,29,51,36,44,36,25,37,30,36]","[57,64,62,69,60,68,68,55,63,62]","""2023-06-15T17:42:33.229Z""","[0,0,1,1]","0","1","1","60","40","40","60","20","0","0","[""arrowleft"",""arrowleft"",""arrowright"",""arrowright"",""arrowright"",""arrowright"",""arrowright"",""arrowright"",""arrowright"",""arrowright""]","[1189,523,359,349,1248,1467,204,124,149,165]","[31,29,62,69,60,68,68,55,63,62]","[0,0,62,69,60,68,68,55,63,62]","[[85.1333,77.4873]]","[]","[]","[]","1","[]","[]","[]","[]","vertical","","","",""
"","","","","","survey-html-form","123","1688080","0.0-119.0","32806","{""comments"":"" I just looked at the total of the amounts in each column""}","","","","","","","","","","","","","","","","","","","","","","","","","","","","","","","","","","",""
"","","","","","survey-html-form","124","1716856","0.0-120.0","28775","{""comments"":"" The more numbers in each column was the one I tended to choose""}","","","","","","","","","","","","","","","","","","","","","","","","","","","","","","","","","","",""
"","","","","","survey-html-form","125","1722060","0.0-121.0","5202","{""comments"":"" ""}","","","","","","","","","","","","","","","","","","","","","","","","","","","","","","","","","","","[{""event"":""fullscreenenter"",""trial"":2,""time"":42853},{""event"":""blur"",""trial"":5,""time"":238789},{""event"":""focus"",""trial"":5,""time"":243596},{""event"":""blur"",""trial"":5,""time"":244835},{""event"":""focus"",""trial"":5,""time"":247837},{""event"":""fullscreenexit"",""trial"":5,""time"":255600},{""event"":""blur"",""trial"":5,""time"":258538},{""event"":""focus"",""trial"":5,""time"":262437},{""event"":""blur"",""trial"":5,""time"":263092},{""event"":""focus"",""trial"":5,""time"":264132},{""event"":""blur"",""trial"":5,""time"":264758},{""event"":""focus"",""trial"":5,""time"":265864},{""event"":""blur"",""trial"":5,""time"":266632},{""event"":""focus"",""trial"":5,""time"":269975},{""event"":""blur"",""trial"":5,""time"":274110},{""event"":""focus"",""trial"":5,""time"":287946},{""event"":""blur"",""trial"":5,""time"":290664},{""event"":""focus"",""trial"":5,""time"":309787},{""event"":""blur"",""trial"":78,""time"":1266213},{""event"":""focus"",""trial"":78,""time"":1272904},{""event"":""blur"",""trial"":83,""time"":1314168},{""event"":""focus"",""trial"":83,""time"":1317288}]"
