"success","timeout","failed_images","failed_audio","failed_video","trial_type","trial_index","time_elapsed","internal_node_id","rt","response","view_history","task","stimulus","question_order","horizon","rewards_L","rewards_R","date","forced_choices","r_info","r_side","r_h","r_mean","r_otherMean","r_mean_L","r_mean_R","r_difference","confidence_immediate_overall","confidence_question_order","key_presses","response_times","outcomes","outcomes_counted_points","confidence","confidence_rt","confidence_2","confidence_2_rt","screen_resolution","belief_confidence_1","belief_confidence_2","belief_confidence_3","belief_confidence_4","immediate_judgement_orientation","phase","responses","num_errors","interactions"
"true","false","[]","[]","[]","preload","0","344","0.0-0.0","","","","","","","","","","","","","","","","","","","","","","","","","","","","","","","","","","","","","","",""
"","","","","","survey-html-form","1","20706","0.0-1.0","20360","{""comments"":"" 5d2b45b9f7ef930001c5fa2d""}","","","","","","","","","","","","","","","","","","","","","","","","","","","","","","","","","","","","",""
"true","","","","","fullscreen","2","28851","0.0-2.0","","","","","","","","","","","","","","","","","","","","","","","","","","","","","","","","","","","","","","",""
"","","","","","instructions","3","191704","0.0-3.0","162851","","[{""page_index"":0,""viewing_time"":24468},{""page_index"":1,""viewing_time"":34791},{""page_index"":2,""viewing_time"":10064},{""page_index"":3,""viewing_time"":57847},{""page_index"":4,""viewing_time"":27480},{""page_index"":5,""viewing_time"":8200}]","Consent","","","","","","","","","","","","","","","","","","","","","","","","","","","","","","","","","","",""
"","","","","","html-button-response","4","204935","0.0-4.0","13230","0","","","<p>Declaration of consent for study participation:</p>
            <ul>
                <li> I was informed about the study 'Metacognition in a bandit task', its course, meaning, scope and risks, and I have read and understood the study information.</li>
                <li> I had the opportunity to clarify all open questions. </li>
                <li> I have the right to request further information about the study at any time.</li>
                <li> I voluntarily agree to participate in the study described in the study information provided.</li>
                <li> I have been informed that I may withdraw from this study at any time without incurring any disadvantage.</li>
            </ul>","","","","","","","","","","","","","","","","","","","","","","","","","","","","","","","","","",""
"","","","","","survey-multi-choice","5","226168","0.0-5.0","21230","{""firstDataProtectionQ"":""yes"",""secondDataProtectionQ"":""yes"",""thirdDataProtectionQ"":""yes"",""fourthDataProtectionQ"":""yes""}","","","","[0,1,2,3]","","","","","","","","","","","","","","","","","","","","","","","","","","","","","","","","",""
"","","","","","instructions","6","482028","0.0-6.0-0.0","255857","","[{""page_index"":0,""viewing_time"":10868},{""page_index"":1,""viewing_time"":11912},{""page_index"":2,""viewing_time"":15672},{""page_index"":3,""viewing_time"":40976},{""page_index"":4,""viewing_time"":29839},{""page_index"":5,""viewing_time"":6560},{""page_index"":6,""viewing_time"":18880},{""page_index"":7,""viewing_time"":15672},{""page_index"":8,""viewing_time"":12968},{""page_index"":9,""viewing_time"":40384},{""page_index"":10,""viewing_time"":42440},{""page_index"":11,""viewing_time"":9688}]","","","","","","","","","","","","","","","","","","","","","","","","","","","","","","","","","","","",""
"","","","","","horizons-trial","7","511631","0.0-6.0-1.0","","","","","","","5","[44,57,74,72,62]","[31,33,24,39,29]","""2023-10-27T21:15:50.746Z""","[1,0,1,1]","","","","","","","","","0","","[""arrowright"",""arrowleft"",""arrowright"",""arrowright"",""arrowleft""]","[2001,2005,2328,2095,3127]","[31,57,24,39,62]","[0,57,0,0,62]","[[50,74.7672]]","[11959]","[]","[]","1","[]","[]","[]","[]","vertical","practice","","",""
"","","","","","horizons-trial","8","551389","0.0-6.0-2.0","","","","","","","10","[64,50,57,35,52,38,44,61,39,38]","[70,69,76,71,75,58,81,84,57,61]","""2023-10-27T21:16:30.505Z""","[0,0,1,1]","","","","","","","","","1","","[""arrowleft"",""arrowleft"",""arrowright"",""arrowright"",""arrowleft"",""arrowright"",""arrowright"",""arrowright"",""arrowright"",""arrowright""]","[2994,1167,1032,1039,1480,4776,2776,1616,1224,2944]","[64,50,76,71,52,58,81,84,57,61]","[0,0,76,71,0,58,81,84,57,61]","[[12.6936,23.2616]]","[14655]","[]","[]","1","[]","[]","[]","[]","vertical","practice","","",""
"","","","","","instructions","9","605434","0.0-6.0-3.0","54041","","[{""page_index"":0,""viewing_time"":2977},{""page_index"":1,""viewing_time"":43688},{""page_index"":2,""viewing_time"":4320},{""page_index"":3,""viewing_time"":3056}]","","","","","","","","","","","","","","","","","","","","","","","","","","","","","","","","","","","",""
"","","","","","horizons-comprehension","10","633771","0.0-6.0-4.0","28335","","","","","","","","","","","","","","","","","","","","","","","","","","","","","","","","","","","","[""true"",""true"",""false"",""true""]","0",""
"","","","","","instructions","11","636241","0.0-7.0","2467","","[{""page_index"":0,""viewing_time"":2466}]","","","","","","","","","","","","","","","","","","","","","","","","","","","","","","","","","","","",""
"","","","","","horizons-trial","12","685596","0.0-8.0","","","","","","","10","[66,62,51,61,49,57,58,66,56,75]","[51,59,74,59,71,46,56,60,51,60]","""2023-10-27T21:18:44.711Z""","[0,1,1,0]","0","0","1","60","59","60","59","1","0","0","[""arrowleft"",""arrowright"",""arrowright"",""arrowleft"",""arrowright"",""arrowright"",""arrowright"",""arrowright"",""arrowright"",""arrowright""]","[3321,2111,1168,1992,6871,2416,2176,1975,2056,1943]","[66,59,74,61,71,46,56,60,51,60]","[66,0,74,61,71,0,0,0,0,0]","[[83.4087,90.97115]]","[20175]","[]","[]","1","[]","[]","[]","[]","vertical","","","",""
"","","","","","horizons-trial","13","715539","0.0-9.0","","","","","","","10","[54,46,66,65,53,57,57,71,63,48]","[28,44,34,43,39,27,37,46,31,29]","""2023-10-27T21:19:14.655Z""","[1,1,0,0]","0","1","1","40","60","60","40","20","0","0","[""arrowright"",""arrowright"",""arrowleft"",""arrowleft"",""arrowleft"",""arrowleft"",""arrowleft"",""arrowleft"",""arrowleft"",""arrowleft""]","[1291,1600,2936,1399,3608,2704,1935,2096,1160,1311]","[28,44,66,65,53,57,57,71,63,48]","[0,0,66,65,53,57,57,71,63,48]","[[84.5224,100]]","[7495]","[]","[]","1","[]","[]","[]","[]","vertical","","","",""
"","","","","","horizons-trial","14","734412","0.0-10.0","","","","","","","5","[41,32,45,34,45]","[40,63,43,54,51]","""2023-10-27T21:19:33.527Z""","[1,0,1,0]","0","0","0","40","52","40","52","12","0","0","[""arrowright"",""arrowleft"",""arrowright"",""arrowleft"",""arrowright""]","[2755,1271,1264,1328,2023]","[40,32,43,34,51]","[0,0,0,0,51]","[[50,92.12858]]","[7519]","[]","[]","1","[]","[]","[]","[]","vertical","","","",""
"","","","","","horizons-trial","15","767939","0.0-11.0","","","","","","","10","[48,43,50,62,36,46,47,45,62,51]","[36,35,43,32,41,41,36,36,39,42]","""2023-10-27T21:20:07.055Z""","[1,1,0,0]","0","1","1","40","44","44","40","4","0","0","[""arrowright"",""arrowright"",""arrowleft"",""arrowleft"",""arrowleft"",""arrowleft"",""arrowright"",""arrowleft"",""arrowleft"",""arrowleft""]","[2098,1095,1208,1344,3520,5472,1360,1144,831,880]","[36,35,50,62,36,46,36,45,62,51]","[0,0,50,62,0,46,0,45,62,51]","[[83.9655,94.44344]]","[12263]","[]","[]","1","[]","[]","[]","[]","vertical","","","",""
"","","","","","horizons-trial","16","788995","0.0-12.0","","","","","","","5","[37,51,36,39,38]","[71,78,69,63,57]","""2023-10-27T21:20:28.110Z""","[0,1,1,1]","1","0","0","40","70","40","70","30","0","0","[""arrowleft"",""arrowright"",""arrowright"",""arrowright"",""arrowright""]","[2451,984,1192,1408,1808]","[37,78,69,63,57]","[0,78,69,63,57]","[[50,95.31151]]","[10871]","[]","[]","1","[]","[]","[]","[]","vertical","","","",""
"","","","","","horizons-trial","17","813083","0.0-13.0","","","","","","","5","[46,37,32,33,33]","[48,67,65,57,56]","""2023-10-27T21:20:52.198Z""","[1,1,1,0]","1","0","0","40","60","40","60","20","0","0","[""arrowright"",""arrowright"",""arrowright"",""arrowleft"",""arrowright""]","[1955,1112,2655,2888,1671]","[48,67,65,33,56]","[48,67,65,0,56]","[[50,88.3669]]","[5687]","[]","[]","1","[]","[]","[]","[]","vertical","","","",""
"","","","","","horizons-trial","18","843018","0.0-14.0","","","","","","","10","[70,72,63,55,59,58,63,46,60,50]","[17,62,35,47,35,48,29,42,37,41]","""2023-10-27T21:21:22.134Z""","[0,0,0,1]","1","0","1","60","40","60","40","20","0","0","[""arrowleft"",""arrowleft"",""arrowleft"",""arrowright"",""arrowleft"",""arrowleft"",""arrowleft"",""arrowleft"",""arrowleft"",""arrowleft""]","[2771,1175,1200,1128,5640,3384,1303,1416,1264,960]","[70,72,63,47,59,58,63,46,60,50]","[70,72,63,0,59,58,63,46,60,50]","[[76.4486,94.7328]]","[7503]","[]","[]","1","[]","[]","[]","[]","vertical","","","",""
"","","","","","horizons-trial","19","882186","0.0-15.0","","","","","","","10","[58,41,33,43,44,49,48,30,48,41]","[46,36,39,46,43,44,43,55,49,44]","""2023-10-27T21:22:01.301Z""","[1,1,0,1]","1","0","1","40","42","40","42","2","0","0","[""arrowright"",""arrowright"",""arrowleft"",""arrowright"",""arrowright"",""arrowright"",""arrowleft"",""arrowleft"",""arrowright"",""arrowright""]","[2683,1264,1215,1336,2344,3104,2400,3632,3711,951]","[46,36,33,46,43,44,48,30,49,44]","[0,0,0,46,0,0,48,0,49,44]","[[60.301,74.1884]]","[13359]","[]","[]","1","[]","[]","[]","[]","vertical","","","",""
"","","","","","horizons-trial","20","897025","0.0-16.0","","","","","","","5","[34,31,43,35,47]","[75,68,65,63,53]","""2023-10-27T21:22:16.141Z""","[0,1,1,0]","0","1","0","60","40","40","60","20","0","0","[""arrowleft"",""arrowright"",""arrowright"",""arrowleft"",""arrowright""]","[2435,1199,1912,1696,1199]","[34,68,65,35,53]","[0,68,65,0,53]","[[50,99.9412244]]","[4536]","[]","[]","1","[]","[]","[]","[]","vertical","","","",""
"","","","","","horizons-trial","21","937433","0.0-17.0","","","","","","","10","[70,50,61,48,67,57,71,47,72,61]","[65,62,69,62,63,56,74,69,65,77]","""2023-10-27T21:22:56.548Z""","[1,0,0,0]","1","0","1","60","59","60","59","1","0","0","[""arrowright"",""arrowleft"",""arrowleft"",""arrowleft"",""arrowright"",""arrowright"",""arrowright"",""arrowright"",""arrowright"",""arrowright""]","[1811,1855,1600,2384,5608,2952,1872,1536,1776,1344]","[65,50,61,48,63,56,74,69,65,77]","[0,0,0,0,0,0,74,69,0,77]","[[56.1249,63.4822]]","[15711]","[]","[]","1","[]","[]","[]","[]","vertical","","","",""
"","","","","","horizons-trial","22","967824","0.0-18.0","","","","","","","5","[41,46,55,48,52]","[44,36,36,59,44]","""2023-10-27T21:23:26.940Z""","[0,1,0,1]","0","1","0","40","52","52","40","12","0","0","[""arrowleft"",""arrowright"",""arrowleft"",""arrowright"",""arrowleft""]","[5163,1168,1048,1512,8496]","[41,36,55,59,52]","[0,0,55,59,52]","[[50,70.4268]]","[10006]","[]","[]","1","[]","[]","[]","[]","vertical","","","",""
"","","","","","horizons-trial","23","998240","0.0-19.0","","","","","","","10","[30,22,26,31,48,42,42,37,35,52]","[46,48,53,45,51,56,49,42,43,56]","""2023-10-27T21:23:57.356Z""","[1,0,1,1]","1","0","1","40","48","40","48","8","0","0","[""arrowright"",""arrowleft"",""arrowright"",""arrowright"",""arrowright"",""arrowright"",""arrowright"",""arrowright"",""arrowright"",""arrowright""]","[1779,1200,1448,1544,2464,4680,1296,1232,1200,2656]","[46,22,53,45,51,56,49,42,43,56]","[46,0,53,45,51,56,49,42,43,56]","[[88.42,89.235]]","[9055]","[]","[]","1","[]","[]","[]","[]","vertical","","","",""
"","","","","","horizons-trial","24","1024224","0.0-20.0","","","","","","","5","[37,24,29,41,44]","[59,30,44,36,40]","""2023-10-27T21:24:23.340Z""","[0,0,1,0]","1","0","0","40","42","40","42","2","0","0","[""arrowleft"",""arrowleft"",""arrowright"",""arrowleft"",""arrowright""]","[3035,824,976,936,5727]","[37,24,44,41,40]","[0,0,44,41,0]","[[50,64.6397]]","[3711]","[]","[]","1","[]","[]","[]","[]","vertical","","","",""
"","","","","","horizons-trial","25","1062863","0.0-21.0","","","","","","","10","[47,34,49,55,37,39,42,37,41,35]","[52,46,53,45,42,42,40,47,41,34]","""2023-10-27T21:25:01.979Z""","[0,1,1,0]","0","1","1","40","41","41","40","1","0","0","[""arrowleft"",""arrowright"",""arrowright"",""arrowleft"",""arrowleft"",""arrowleft"",""arrowleft"",""arrowright"",""arrowright"",""arrowleft""]","[1739,1248,992,1464,5552,5680,1408,1223,1024,904]","[47,46,53,55,37,39,42,47,41,35]","[0,46,53,55,0,0,42,47,41,35]","[[70.0452,65.7971]]","[14759]","[]","[]","1","[]","[]","[]","[]","vertical","","","",""
"","","","","","horizons-trial","26","1106102","0.0-22.0","","","","","","","10","[69,76,78,63,55,55,49,61,62,61]","[48,45,58,47,52,57,51,50,48,36]","""2023-10-27T21:25:45.218Z""","[1,1,1,0]","1","0","1","60","56","60","56","4","0","0","[""arrowright"",""arrowright"",""arrowright"",""arrowleft"",""arrowleft"",""arrowleft"",""arrowleft"",""arrowleft"",""arrowleft"",""arrowleft""]","[12571,1559,840,1208,5199,3224,1911,1992,1360,1120]","[48,45,58,63,55,55,49,61,62,61]","[0,0,0,63,55,0,0,61,62,61]","[[48.608,51.9079]]","[10952]","[]","[]","1","[]","[]","[]","[]","vertical","","","",""
"","","","","","horizons-trial","27","1124894","0.0-23.0","","","","","","","10","[37,45,36,39,41,39,38,48,40,40]","[56,69,39,68,67,68,62,65,51,49]","""2023-10-27T21:26:04.009Z""","[0,1,1,1]","1","1","1","60","40","40","60","20","0","0","[""arrowleft"",""arrowright"",""arrowright"",""arrowright"",""arrowright"",""arrowright"",""arrowright"",""arrowright"",""arrowright"",""arrowright""]","[1779,600,727,896,2208,2160,799,888,912,800]","[37,69,39,68,67,68,62,65,51,49]","[0,69,39,68,67,68,62,65,51,49]","[[56.4033,64.3503]]","[5839]","[]","[]","1","[]","[]","[]","[]","vertical","","","",""
"","","","","","horizons-trial","28","1150630","0.0-24.0","","","","","","","10","[68,52,69,52,79,65,49,57,58,54]","[73,60,68,61,49,61,63,54,73,57]","""2023-10-27T21:26:29.745Z""","[1,0,0,0]","1","1","1","60","59","59","60","1","0","0","[""arrowright"",""arrowleft"",""arrowleft"",""arrowleft"",""arrowright"",""arrowright"",""arrowright"",""arrowright"",""arrowright"",""arrowright""]","[1755,968,792,1712,1880,2480,2207,1320,1936,1488]","[73,52,69,52,49,61,63,54,73,57]","[73,0,69,0,0,0,63,0,73,57]","[[59.4658,71.5842]]","[7911]","[]","[]","1","[]","[]","[]","[]","vertical","","","",""
"","","","","","horizons-trial","29","1177526","0.0-25.0","","","","","","","10","[63,63,65,68,57,62,51,61,40,55]","[28,20,39,16,17,37,29,32,31,27]","""2023-10-27T21:26:56.641Z""","[1,0,1,0]","0","0","1","60","30","60","30","30","0","0","[""arrowright"",""arrowleft"",""arrowright"",""arrowleft"",""arrowleft"",""arrowleft"",""arrowleft"",""arrowleft"",""arrowleft"",""arrowleft""]","[1675,1184,663,624,2016,3048,1392,752,616,1128]","[28,63,39,68,57,62,51,61,40,55]","[0,63,0,68,57,62,51,61,40,55]","[[83.6871,95.89023]]","[11663]","[]","[]","1","[]","[]","[]","[]","vertical","","","",""
"","","","","","horizons-trial","30","1197717","0.0-26.0","","","","","","","10","[16,30,36,36,28,23,37,20,38,42]","[53,74,53,58,55,57,65,61,55,48]","""2023-10-27T21:27:16.833Z""","[0,1,1,1]","1","1","1","60","30","30","60","30","0","0","[""arrowleft"",""arrowright"",""arrowright"",""arrowright"",""arrowright"",""arrowright"",""arrowright"",""arrowright"",""arrowright"",""arrowright""]","[1731,896,815,1664,2136,1632,656,600,600,695]","[16,74,53,58,55,57,65,61,55,48]","[0,74,53,58,55,57,65,61,55,48]","[[78.119,100]]","[6855]","[]","[]","1","[]","[]","[]","[]","vertical","","","",""
"","","","","","horizons-trial","31","1225149","0.0-27.0","","","","","","","10","[38,42,36,24,36,40,37,29,50,49]","[53,27,48,42,43,37,40,35,42,34]","""2023-10-27T21:27:44.265Z""","[1,0,1,0]","0","0","1","40","44","40","44","4","0","0","[""arrowright"",""arrowleft"",""arrowright"",""arrowleft"",""arrowright"",""arrowright"",""arrowright"",""arrowright"",""arrowright"",""arrowright""]","[1579,1103,624,1312,1536,2224,1248,2560,8584,1271]","[53,42,48,24,43,37,40,35,42,34]","[53,42,48,0,43,0,40,35,0,0]","[[70.8805,94.7328]]","[4103]","[]","[]","1","[]","[]","[]","[]","vertical","","","",""
"","","","","","horizons-trial","32","1238357","0.0-28.0","","","","","","","5","[57,52,55,57,62]","[59,45,77,55,57]","""2023-10-27T21:27:57.472Z""","[0,0,0,1]","1","0","0","60","58","60","58","2","0","0","[""arrowleft"",""arrowleft"",""arrowleft"",""arrowright"",""arrowleft""]","[1475,632,640,832,4128]","[57,52,55,55,62]","[0,52,0,0,62]","[[50,50.4612]]","[4031]","[]","[]","1","[]","[]","[]","[]","vertical","","","",""
"","","","","","horizons-trial","33","1267276","0.0-29.0","","","","","","","5","[57,56,74,62,64]","[55,60,61,44,46]","""2023-10-27T21:28:26.392Z""","[0,0,1,1]","0","0","0","60","52","60","52","8","0","0","[""arrowleft"",""arrowleft"",""arrowright"",""arrowright"",""arrowleft""]","[1427,632,752,624,19368]","[57,56,61,44,64]","[57,0,0,0,64]","[[50,72.45230000000001]]","[3343]","[]","[]","1","[]","[]","[]","[]","vertical","","","",""
"","","","","","horizons-trial","34","1278452","0.0-30.0","","","","","","","5","[49,37,45,14,50]","[32,53,40,44,33]","""2023-10-27T21:28:37.568Z""","[1,0,1,1]","1","1","0","40","44","44","40","4","0","0","[""arrowright"",""arrowleft"",""arrowright"",""arrowright"",""arrowright""]","[1443,608,720,632,2128]","[32,37,40,44,33]","[0,0,0,44,0]","[[50,69.5587]]","[3767]","[]","[]","1","[]","[]","[]","[]","vertical","","","",""
"","","","","","horizons-trial","35","1305852","0.0-31.0","","","","","","","10","[57,49,34,46,28,40,44,31,42,35]","[48,49,66,53,48,56,80,55,47,58]","""2023-10-27T21:29:04.968Z""","[1,0,1,1]","1","0","1","40","60","40","60","20","0","0","[""arrowright"",""arrowleft"",""arrowright"",""arrowright"",""arrowright"",""arrowright"",""arrowleft"",""arrowright"",""arrowright"",""arrowright""]","[1811,640,656,576,6616,3088,1872,911,728,2328]","[48,49,66,53,48,56,44,55,47,58]","[0,49,66,53,48,56,0,55,47,58]","[[54.4545,61.4567]]","[6871]","[]","[]","1","[]","[]","[]","[]","vertical","","","",""
"","","","","","horizons-trial","36","1328668","0.0-32.0","","","","","","","10","[68,51,55,65,57,50,63,65,63,51]","[56,53,69,50,60,61,45,69,60,56]","""2023-10-27T21:29:27.783Z""","[1,1,0,0]","0","1","1","60","58","58","60","2","0","0","[""arrowright"",""arrowright"",""arrowleft"",""arrowleft"",""arrowleft"",""arrowleft"",""arrowleft"",""arrowleft"",""arrowleft"",""arrowleft""]","[1675,784,1480,1416,1751,2776,2599,1192,720,520]","[56,53,55,65,57,50,63,65,63,51]","[0,53,0,65,0,0,63,0,63,0]","[[56.4033,71.5842]]","[6351]","[]","[]","1","[]","[]","[]","[]","vertical","","","",""
"","","","","","horizons-trial","37","1349180","0.0-33.0","","","","","","","10","[53,30,46,49,35,36,46,44,40,41]","[34,34,40,35,44,39,36,37,37,40]","""2023-10-27T21:29:48.296Z""","[0,0,1,0]","1","0","1","40","41","40","41","1","0","0","[""arrowleft"",""arrowleft"",""arrowright"",""arrowleft"",""arrowleft"",""arrowleft"",""arrowleft"",""arrowleft"",""arrowleft"",""arrowleft""]","[2467,672,1496,800,3808,2056,1416,1640,808,832]","[53,30,40,49,35,36,46,44,40,41]","[53,0,0,49,0,0,46,44,40,41]","[[60.5794,76.5033]]","[3303]","[]","[]","1","[]","[]","[]","[]","vertical","","","",""
"","","","","","horizons-trial","38","1376516","0.0-34.0","","","","","","","10","[62,47,48,52,53,56,71,48,51,69]","[75,59,62,63,59,60,58,73,55,68]","""2023-10-27T21:30:15.631Z""","[0,1,0,0]","1","1","1","60","58","58","60","2","0","0","[""arrowleft"",""arrowright"",""arrowleft"",""arrowleft"",""arrowright"",""arrowright"",""arrowright"",""arrowright"",""arrowright"",""arrowright""]","[1587,599,880,664,7016,2912,1143,832,824,680]","[62,59,48,52,59,60,58,73,55,68]","[0,59,0,0,59,60,0,73,55,0]","[[55.2897,48.725]]","[8783]","[]","[]","1","[]","[]","[]","[]","vertical","","","",""
"","","","","","horizons-trial","39","1398692","0.0-35.0","","","","","","","10","[52,73,59,45,61,60,61,61,66,44]","[56,52,69,56,56,46,51,47,48,51]","""2023-10-27T21:30:37.807Z""","[0,0,1,1]","0","0","1","60","56","60","56","4","0","0","[""arrowleft"",""arrowleft"",""arrowright"",""arrowright"",""arrowleft"",""arrowleft"",""arrowleft"",""arrowleft"",""arrowleft"",""arrowleft""]","[1475,544,712,888,7880,2360,960,1016,872,728]","[52,73,69,56,61,60,61,61,66,44]","[0,73,69,56,61,60,61,61,66,0]","[[57.517,62.0354]]","[3431]","[]","[]","1","[]","[]","[]","[]","vertical","","","",""
"","","","","","horizons-trial","40","1419459","0.0-36.0","","","","","","","10","[33,47,29,37,35,40,46,24,35,30]","[42,48,36,50,34,28,42,48,37,53]","""2023-10-27T21:30:58.575Z""","[0,0,1,0]","1","0","1","40","44","40","44","4","0","0","[""arrowleft"",""arrowleft"",""arrowright"",""arrowleft"",""arrowleft"",""arrowleft"",""arrowleft"",""arrowleft"",""arrowleft"",""arrowleft""]","[1979,815,792,1168,3384,1640,1432,1312,1952,704]","[33,47,36,37,35,40,46,24,35,30]","[0,0,36,0,35,40,46,0,0,0]","[[59.7442,68.11189999999999]]","[3759]","[]","[]","1","[]","[]","[]","[]","vertical","","","",""
"","","","","","horizons-trial","41","1438987","0.0-37.0","","","","","","","10","[53,46,68,54,60,60,60,59,48,56]","[47,35,63,57,48,42,53,54,55,42]","""2023-10-27T21:31:18.103Z""","[0,1,1,1]","1","0","1","60","48","60","48","12","0","0","[""arrowleft"",""arrowright"",""arrowright"",""arrowright"",""arrowright"",""arrowright"",""arrowright"",""arrowright"",""arrowright"",""arrowright""]","[1338,623,624,864,2432,1496,1655,3007,1760,976]","[53,35,63,57,48,42,53,54,55,42]","[53,0,0,57,0,0,0,0,55,0]","[[70.0452,79.6862]]","[3399]","[]","[]","1","[]","[]","[]","[]","vertical","","","",""
"","","","","","horizons-trial","42","1461818","0.0-38.0","","","","","","","5","[61,55,50,53,55]","[34,70,53,68,54]","""2023-10-27T21:31:40.934Z""","[1,1,0,0]","0","1","0","60","52","52","60","8","0","0","[""arrowright"",""arrowright"",""arrowleft"",""arrowleft"",""arrowright""]","[1723,631,880,863,6767]","[34,70,50,53,54]","[0,70,0,0,0]","[[50,62.0354]]","[3416]","[]","[]","1","[]","[]","[]","[]","vertical","","","",""
"","","","","","horizons-trial","43","1482289","0.0-39.0","","","","","","","5","[30,43,41,54,46]","[57,56,57,59,57]","""2023-10-27T21:32:01.405Z""","[0,1,0,0]","1","1","0","60","40","40","60","20","0","0","[""arrowleft"",""arrowright"",""arrowleft"",""arrowleft"",""arrowright""]","[1451,799,1376,5128,4256]","[30,56,41,54,57]","[0,56,0,0,57]","[[50,68.40129999999999]]","[2943]","[]","[]","1","[]","[]","[]","[]","vertical","","","",""
"","","","","","horizons-trial","44","1491729","0.0-40.0","","","","","","","5","[64,51,79,43,52]","[49,48,41,40,49]","""2023-10-27T21:32:10.845Z""","[0,1,0,1]","0","0","0","60","48","60","48","12","0","0","[""arrowleft"",""arrowright"",""arrowleft"",""arrowright"",""arrowleft""]","[1315,607,680,775,1192]","[64,48,79,40,52]","[64,0,79,0,52]","[[50,94.44344]]","[3311]","[]","[]","1","[]","[]","[]","[]","vertical","","","",""
"","","","","","horizons-trial","45","1502121","0.0-41.0","","","","","","","5","[69,50,53,63,55]","[36,31,30,24,32]","""2023-10-27T21:32:21.237Z""","[1,1,0,0]","0","0","0","60","30","60","30","30","0","0","[""arrowright"",""arrowright"",""arrowleft"",""arrowleft"",""arrowleft""]","[1274,608,736,784,1799]","[36,31,53,63,55]","[0,0,53,63,55]","[[50,96.46894]]","[3951]","[]","[]","1","[]","[]","[]","[]","vertical","","","",""
"","","","","","horizons-trial","46","1519129","0.0-42.0","","","","","","","10","[26,34,40,43,49,29,44,26,49,41]","[42,56,50,49,68,46,59,52,55,65]","""2023-10-27T21:32:38.244Z""","[1,0,1,1]","1","0","1","40","52","40","52","12","0","0","[""arrowright"",""arrowleft"",""arrowright"",""arrowright"",""arrowright"",""arrowright"",""arrowright"",""arrowright"",""arrowright"",""arrowright""]","[1363,607,656,536,2255,2176,600,767,864,784]","[42,34,50,49,68,46,59,52,55,65]","[42,0,50,49,68,46,59,52,55,65]","[[77.0054,92.7073]]","[5151]","[]","[]","1","[]","[]","[]","[]","vertical","","","",""
"","","","","","horizons-trial","47","1538497","0.0-43.0","","","","","","","10","[35,39,37,45,42,48,36,55,41,35]","[33,40,29,44,35,40,50,42,43,41]","""2023-10-27T21:32:57.612Z""","[1,0,1,0]","0","0","1","40","41","40","41","1","0","0","[""arrowright"",""arrowleft"",""arrowright"",""arrowleft"",""arrowleft"",""arrowleft"",""arrowleft"",""arrowleft"",""arrowleft"",""arrowleft""]","[1515,584,624,616,1976,2032,856,1280,920,1208]","[33,39,29,45,42,48,36,55,41,35]","[0,0,0,45,42,48,0,55,0,0]","[[60.301,86.0521]]","[6727]","[]","[]","1","[]","[]","[]","[]","vertical","","","",""
"","","","","","horizons-trial","48","1549969","0.0-44.0","","","","","","","5","[37,50,50,48,40]","[36,45,55,39,54]","""2023-10-27T21:33:09.084Z""","[0,0,0,1]","1","0","0","40","44","40","44","4","0","0","[""arrowleft"",""arrowleft"",""arrowleft"",""arrowright"",""arrowleft""]","[1451,631,632,776,3024]","[37,50,50,39,40]","[37,50,0,0,0]","[[50,84.6053]]","[3159]","[]","[]","1","[]","[]","[]","[]","vertical","","","",""
"","","","","","horizons-trial","49","1568936","0.0-45.0","","","","","","","10","[49,55,68,69,65,63,45,58,53,62]","[48,45,48,38,47,40,39,33,30,34]","""2023-10-27T21:33:28.052Z""","[0,1,1,1]","1","1","1","40","60","60","40","20","0","0","[""arrowleft"",""arrowright"",""arrowright"",""arrowright"",""arrowleft"",""arrowleft"",""arrowleft"",""arrowleft"",""arrowleft"",""arrowleft""]","[1667,647,663,632,4112,1616,864,1672,832,904]","[49,45,48,38,65,63,45,58,53,62]","[49,0,0,0,65,63,45,58,53,62]","[[61.4147,63.4822]]","[4047]","[]","[]","1","[]","[]","[]","[]","vertical","","","",""
"","","","","","horizons-trial","50","1586112","0.0-46.0","","","","","","","5","[55,41,45,43,51]","[46,49,36,42,38]","""2023-10-27T21:33:45.228Z""","[0,0,1,0]","1","1","0","40","41","41","40","1","0","0","[""arrowleft"",""arrowleft"",""arrowright"",""arrowleft"",""arrowleft""]","[5779,591,784,632,1728]","[55,41,36,43,51]","[55,0,0,43,51]","[[50,88.6563]]","[3735]","[]","[]","1","[]","[]","[]","[]","vertical","","","",""
"","","","","","horizons-trial","51","1601801","0.0-47.0","","","","","","","10","[61,65,68,52,67,67,48,59,65,58]","[44,14,26,30,26,17,30,20,46,35]","""2023-10-27T21:34:00.916Z""","[0,1,0,0]","1","0","1","60","30","60","30","30","0","0","[""arrowleft"",""arrowright"",""arrowleft"",""arrowleft"",""arrowleft"",""arrowleft"",""arrowleft"",""arrowleft"",""arrowleft"",""arrowleft""]","[1669,535,896,568,1024,1552,616,616,592,568]","[61,14,68,52,67,67,48,59,65,58]","[61,0,68,52,67,67,48,59,65,58]","[[98.7211,99.36251]]","[5496]","[]","[]","1","[]","[]","[]","[]","vertical","","","",""
"","","","","","horizons-trial","52","1621569","0.0-48.0","","","","","","","10","[52,62,52,58,55,53,62,51,57,44]","[56,70,56,56,59,63,54,46,48,55]","""2023-10-27T21:34:20.684Z""","[0,1,1,1]","1","1","1","60","52","52","60","8","0","0","[""arrowleft"",""arrowright"",""arrowright"",""arrowright"",""arrowright"",""arrowright"",""arrowright"",""arrowright"",""arrowright"",""arrowright""]","[1515,976,1464,1320,1607,2344,568,815,1464,608]","[52,70,56,56,59,63,54,46,48,55]","[0,70,56,0,59,63,0,0,0,55]","[[80.6247,95.60087]]","[5607]","[]","[]","1","[]","[]","[]","[]","vertical","","","",""
"","","","","","horizons-trial","53","1644752","0.0-49.0","","","","","","","10","[61,62,75,71,69,54,48,57,47,69]","[61,48,59,54,61,49,58,61,46,55]","""2023-10-27T21:34:43.868Z""","[1,0,1,0]","0","0","1","60","58","60","58","2","0","0","[""arrowright"",""arrowleft"",""arrowright"",""arrowleft"",""arrowleft"",""arrowleft"",""arrowleft"",""arrowright"",""arrowright"",""arrowleft""]","[5891,799,1120,760,1312,2488,1327,1128,800,1440]","[61,62,59,71,69,54,48,61,46,69]","[61,62,0,71,69,54,0,61,0,69]","[[74.7781,90.6818]]","[4247]","[]","[]","1","[]","[]","[]","[]","vertical","","","",""
"","","","","","horizons-trial","54","1657048","0.0-50.0","","","","","","","5","[68,66,68,51,66]","[55,64,64,60,56]","""2023-10-27T21:34:56.164Z""","[1,0,0,1]","0","0","0","60","58","60","58","2","0","0","[""arrowright"",""arrowleft"",""arrowleft"",""arrowright"",""arrowleft""]","[1707,712,1688,1295,816]","[55,66,68,60,66]","[0,66,68,60,66]","[[50,94.44344]]","[3471]","[]","[]","1","[]","[]","[]","[]","vertical","","","",""
"","","","","","horizons-trial","55","1676672","0.0-51.0","","","","","","","10","[48,42,40,34,40,19,32,44,20,53]","[49,41,43,30,44,50,42,50,50,53]","""2023-10-27T21:35:15.787Z""","[0,0,1,1]","0","0","1","40","48","40","48","8","0","0","[""arrowleft"",""arrowleft"",""arrowright"",""arrowright"",""arrowleft"",""arrowleft"",""arrowleft"",""arrowright"",""arrowright"",""arrowright""]","[1707,1064,879,1400,1040,1600,2096,1991,768,543]","[48,42,43,30,40,19,32,50,50,53]","[0,42,43,0,0,0,0,50,50,53]","[[72.8293,90.10308]]","[4911]","[]","[]","1","[]","[]","[]","[]","vertical","","","",""
"","","","","","horizons-trial","56","1688271","0.0-52.0","","","","","","","5","[64,68,58,61,58]","[44,37,53,41,53]","""2023-10-27T21:35:27.387Z""","[1,0,1,1]","1","0","0","60","48","60","48","12","0","0","[""arrowright"",""arrowleft"",""arrowright"",""arrowright"",""arrowleft""]","[2091,720,1152,1136,2055]","[44,68,53,41,58]","[0,68,0,0,58]","[[50,73.3204]]","[2839]","[]","[]","1","[]","[]","[]","[]","vertical","","","",""
"","","","","","horizons-trial","57","1712023","0.0-53.0","","","","","","","10","[54,60,70,47,76,70,62,65,62,63]","[55,65,71,46,45,46,52,50,48,50]","""2023-10-27T21:35:51.139Z""","[0,0,0,1]","1","0","1","60","52","60","52","8","0","0","[""arrowleft"",""arrowleft"",""arrowleft"",""arrowright"",""arrowleft"",""arrowleft"",""arrowleft"",""arrowleft"",""arrowleft"",""arrowleft""]","[1403,688,2096,1255,1576,1736,800,712,712,512]","[54,60,70,46,76,70,62,65,62,63]","[0,0,0,0,76,70,62,65,62,63]","[[77.2838,65.5077]]","[11023]","[]","[]","1","[]","[]","[]","[]","vertical","","","",""
"","","","","","horizons-trial","58","1722566","0.0-54.0","","","","","","","5","[43,26,45,33,36]","[57,47,55,59,56]","""2023-10-27T21:36:01.681Z""","[1,0,0,1]","0","0","0","40","60","40","60","20","0","0","[""arrowright"",""arrowleft"",""arrowleft"",""arrowright"",""arrowright""]","[1603,807,720,1256,1303]","[57,26,45,59,56]","[57,0,0,59,56]","[[50,94.15408]]","[3471]","[]","[]","1","[]","[]","[]","[]","vertical","","","",""
"","","","","","horizons-trial","59","1733646","0.0-55.0","","","","","","","5","[46,48,35,35,42]","[45,25,38,38,33]","""2023-10-27T21:36:12.761Z""","[1,0,1,0]","0","1","0","40","48","48","40","8","0","0","[""arrowright"",""arrowleft"",""arrowright"",""arrowleft"",""arrowleft""]","[1443,599,904,688,2847]","[45,48,38,35,42]","[0,48,38,0,42]","[[50,56.2483]]","[3063]","[]","[]","1","[]","[]","[]","[]","vertical","","","",""
"","","","","","horizons-trial","60","1752381","0.0-56.0","","","","","","","10","[51,48,60,51,44,35,58,52,44,50]","[69,56,47,67,77,71,53,54,55,60]","""2023-10-27T21:36:31.497Z""","[0,1,1,0]","0","1","1","60","48","48","60","12","0","0","[""arrowleft"",""arrowright"",""arrowright"",""arrowleft"",""arrowright"",""arrowright"",""arrowright"",""arrowright"",""arrowright"",""arrowright""]","[1363,608,528,608,3800,2320,2151,920,952,712]","[51,56,47,51,77,71,53,54,55,60]","[0,56,0,0,77,71,0,54,55,60]","[[60.0226,58.2738]]","[3295]","[]","[]","1","[]","[]","[]","[]","vertical","","","",""
"","","","","","horizons-trial","61","1764981","0.0-57.0","","","","","","","5","[56,68,58,66,60]","[61,60,48,68,61]","""2023-10-27T21:36:44.097Z""","[1,0,1,1]","1","0","0","60","56","60","56","4","0","0","[""arrowright"",""arrowleft"",""arrowright"",""arrowright"",""arrowright""]","[1427,632,1096,544,4584]","[61,68,48,68,61]","[61,68,0,68,61]","[[50,57.4057]]","[2711]","[]","[]","1","[]","[]","[]","[]","vertical","","","",""
"","","","","","horizons-trial","62","1774362","0.0-58.0","","","","","","","5","[77,76,70,71,75]","[33,31,40,33,32]","""2023-10-27T21:36:53.478Z""","[1,0,0,1]","0","1","0","40","70","70","40","30","0","0","[""arrowright"",""arrowleft"",""arrowleft"",""arrowright"",""arrowleft""]","[1307,615,640,864,1008]","[33,76,70,33,75]","[0,76,70,0,75]","[[50,98.20508]]","[3087]","[]","[]","1","[]","[]","[]","[]","vertical","","","",""
"","","","","","horizons-trial","63","1802690","0.0-59.0","","","","","","","10","[31,37,44,46,57,35,42,51,38,50]","[54,61,63,70,59,68,51,52,49,67]","""2023-10-27T21:37:21.806Z""","[1,0,1,0]","0","0","1","40","60","40","60","20","0","0","[""arrowright"",""arrowleft"",""arrowright"",""arrowleft"",""arrowright"",""arrowright"",""arrowright"",""arrowright"",""arrowright"",""arrowright""]","[923,511,856,600,8224,2064,688,552,479,512]","[54,37,63,46,59,68,51,52,49,67]","[54,0,63,0,59,68,51,52,49,67]","[[68.9316,77.95009999999999]]","[11687]","[]","[]","1","[]","[]","[]","[]","vertical","","","",""
"","","","","","horizons-trial","64","1813946","0.0-60.0","","","","","","","5","[47,52,39,40,57]","[46,39,29,35,41]","""2023-10-27T21:37:33.062Z""","[1,0,1,0]","0","1","0","40","44","44","40","4","0","0","[""arrowright"",""arrowleft"",""arrowright"",""arrowleft"",""arrowleft""]","[1507,672,840,704,2976]","[46,52,29,40,57]","[0,52,0,40,57]","[[50,66.9545]]","[3463]","[]","[]","1","[]","[]","[]","[]","vertical","","","",""
"","","","","","horizons-trial","65","1833218","0.0-61.0","","","","","","","10","[60,62,66,65,77,81,68,65,83,90]","[42,29,48,39,39,40,28,31,44,39]","""2023-10-27T21:37:52.333Z""","[1,1,1,0]","1","1","1","40","70","70","40","30","0","0","[""arrowright"",""arrowright"",""arrowright"",""arrowleft"",""arrowleft"",""arrowleft"",""arrowleft"",""arrowleft"",""arrowleft"",""arrowleft""]","[1763,495,528,624,2016,4928,824,576,439,552]","[42,29,48,65,77,81,68,65,83,90]","[0,0,0,65,77,81,68,65,83,90]","[[53.8977,94.44344]]","[5287]","[]","[]","1","[]","[]","[]","[]","vertical","","","",""
"","","","","","horizons-trial","66","1844630","0.0-62.0","","","","","","","5","[30,38,40,45,35]","[35,53,53,48,37]","""2023-10-27T21:38:03.746Z""","[0,1,0,1]","0","0","0","40","44","40","44","4","0","0","[""arrowleft"",""arrowright"",""arrowleft"",""arrowright"",""arrowright""]","[1531,703,912,960,1720]","[30,53,40,48,37]","[0,53,0,48,37]","[[50,92.41794]]","[4071]","[]","[]","1","[]","[]","[]","[]","vertical","","","",""
"","","","","","horizons-trial","67","1864878","0.0-63.0","","","","","","","10","[48,48,60,46,42,46,59,51,61,48]","[70,52,53,63,66,72,57,62,46,63]","""2023-10-27T21:38:23.993Z""","[0,0,1,1]","0","1","1","60","52","52","60","8","0","0","[""arrowleft"",""arrowleft"",""arrowright"",""arrowright"",""arrowright"",""arrowright"",""arrowright"",""arrowright"",""arrowright"",""arrowright""]","[1531,487,607,584,1224,2352,1928,1391,535,368]","[48,48,53,63,66,72,57,62,46,63]","[0,0,0,63,66,72,0,62,0,63]","[[55.2897,93.28601]]","[8239]","[]","[]","1","[]","[]","[]","[]","vertical","","","",""
"","","","","","horizons-trial","68","1883109","0.0-64.0","","","","","","","10","[54,60,64,64,49,54,67,61,62,67]","[54,27,62,52,31,49,41,44,47,48]","""2023-10-27T21:38:42.225Z""","[0,0,1,1]","0","0","1","60","48","60","48","12","0","0","[""arrowleft"",""arrowleft"",""arrowright"",""arrowright"",""arrowright"",""arrowleft"",""arrowleft"",""arrowleft"",""arrowleft"",""arrowleft""]","[1315,519,608,511,3416,1272,728,648,616,600]","[54,60,62,52,31,54,67,61,62,67]","[54,60,0,0,0,54,67,61,62,67]","[[54.4545,68.11189999999999]]","[5695]","[]","[]","1","[]","[]","[]","[]","vertical","","","",""
"","","","","","horizons-trial","69","1904373","0.0-65.0","","","","","","","10","[37,43,39,34,51,51,54,48,53,32]","[25,49,31,36,42,43,51,33,42,39]","""2023-10-27T21:39:03.489Z""","[0,1,0,1]","0","1","1","40","42","42","40","2","0","0","[""arrowleft"",""arrowright"",""arrowleft"",""arrowright"",""arrowright"",""arrowright"",""arrowleft"",""arrowleft"",""arrowleft"",""arrowleft""]","[1533,528,512,528,3312,2416,1128,743,1816,776]","[37,49,39,36,42,43,54,48,53,32]","[37,49,39,36,0,0,54,48,53,0]","[[55.8465,70.1374]]","[6639]","[]","[]","1","[]","[]","[]","[]","vertical","","","",""
"","","","","","horizons-trial","70","1925125","0.0-66.0","","","","","","","10","[49,35,43,37,45,38,53,48,34,44]","[42,39,59,51,54,45,38,59,64,55]","""2023-10-27T21:39:24.240Z""","[0,1,0,1]","0","0","1","40","52","40","52","12","0","0","[""arrowleft"",""arrowright"",""arrowleft"",""arrowright"",""arrowright"",""arrowright"",""arrowleft"",""arrowleft"",""arrowleft"",""arrowright""]","[1219,551,560,888,3032,3016,1816,863,2676,971]","[49,39,43,51,54,45,53,48,34,55]","[49,39,0,51,54,45,53,0,0,55]","[[61.4147,69.8481]]","[3951]","[]","[]","1","[]","[]","[]","[]","vertical","","","",""
"","","","","","horizons-trial","71","1936228","0.0-67.0","","","","","","","5","[53,69,59,57,51]","[59,45,50,58,50]","""2023-10-27T21:39:35.344Z""","[1,0,1,1]","1","0","0","60","52","60","52","8","0","0","[""arrowright"",""arrowleft"",""arrowright"",""arrowright"",""arrowleft""]","[1411,551,936,616,2360]","[59,69,50,58,51]","[59,69,0,58,51]","[[50,66.0864]]","[2495]","[]","[]","1","[]","[]","[]","[]","vertical","","","",""
"","","","","","horizons-trial","72","1947404","0.0-68.0","","","","","","","5","[48,62,68,54,57]","[60,55,56,56,59]","""2023-10-27T21:39:46.520Z""","[0,1,1,1]","1","0","0","60","59","60","59","1","0","0","[""arrowleft"",""arrowright"",""arrowright"",""arrowright"",""arrowright""]","[1270,504,447,2160,2664]","[48,55,56,56,59]","[0,0,0,56,59]","[[50,69.2694]]","[2207]","[]","[]","1","[]","[]","[]","[]","vertical","","","",""
"","","","","","horizons-trial","73","1956141","0.0-69.0","","","","","","","5","[64,52,57,54,53]","[36,47,33,44,42]","""2023-10-27T21:39:55.257Z""","[1,0,1,0]","0","0","0","60","40","60","40","20","0","0","[""arrowright"",""arrowleft"",""arrowright"",""arrowleft"",""arrowleft""]","[1219,663,952,960,712]","[36,52,33,54,53]","[0,52,0,54,53]","[[50,90.10308]]","[3031]","[]","[]","1","[]","[]","[]","[]","vertical","","","",""
"","","","","","horizons-trial","74","1968829","0.0-70.0","","","","","","","10","[46,40,25,37,48,33,43,47,51,39]","[60,74,72,63,80,70,70,75,76,64]","""2023-10-27T21:40:07.945Z""","[0,1,1,0]","0","0","1","40","70","40","70","30","0","0","[""arrowleft"",""arrowright"",""arrowright"",""arrowleft"",""arrowright"",""arrowright"",""arrowright"",""arrowright"",""arrowright"",""arrowright""]","[1323,520,720,568,1792,2328,431,472,400,408]","[46,74,72,37,80,70,70,75,76,64]","[0,74,72,0,80,70,70,75,76,64]","[[81.1815,95.02215]]","[2951]","[]","[]","1","[]","[]","[]","[]","vertical","","","",""
"","","","","","horizons-trial","75","1984228","0.0-71.0","","","","","","","5","[45,59,67,60,53]","[67,73,60,72,62]","""2023-10-27T21:40:23.344Z""","[0,1,1,0]","0","1","0","60","56","56","60","4","0","0","[""arrowleft"",""arrowright"",""arrowright"",""arrowleft"",""arrowright""]","[1331,1456,840,1223,1432]","[45,73,60,60,62]","[0,73,0,0,62]","[[50,83.7372]]","[4415]","[]","[]","1","[]","[]","[]","[]","vertical","","","",""
"","","","","","horizons-trial","76","1995733","0.0-72.0","","","","","","","5","[51,68,45,60,58]","[31,8,23,31,31]","""2023-10-27T21:40:34.848Z""","[1,1,1,0]","1","0","0","60","30","60","30","30","0","0","[""arrowright"",""arrowright"",""arrowright"",""arrowleft"",""arrowleft""]","[1757,559,872,847,2288]","[31,8,23,60,58]","[0,0,0,60,58]","[[50,89.5244]]","[3247]","[]","[]","1","[]","[]","[]","[]","vertical","","","",""
"","","","","","horizons-trial","77","2009349","0.0-73.0","","","","","","","5","[45,63,68,69,57]","[45,72,65,68,57]","""2023-10-27T21:40:48.464Z""","[1,1,0,1]","1","1","0","60","58","58","60","2","0","0","[""arrowright"",""arrowright"",""arrowleft"",""arrowright"",""arrowright""]","[2779,503,576,1248,2224]","[45,72,68,68,57]","[45,72,68,0,57]","[[50,66.9545]]","[4607]","[]","[]","1","[]","[]","[]","[]","vertical","","","",""
"","","","","","horizons-trial","78","2027764","0.0-74.0","","","","","","","10","[60,58,50,39,62,70,47,60,61,57]","[40,47,40,34,50,33,39,51,33,49]","""2023-10-27T21:41:06.879Z""","[0,1,0,1]","0","0","1","60","40","60","40","20","0","0","[""arrowleft"",""arrowright"",""arrowleft"",""arrowright"",""arrowleft"",""arrowleft"",""arrowleft"",""arrowleft"",""arrowleft"",""arrowleft""]","[1442,552,488,528,1280,2160,800,560,655,480]","[60,47,50,34,62,70,47,60,61,57]","[60,0,50,0,62,70,47,60,61,57]","[[70.8805,85.7627]]","[8439]","[]","[]","1","[]","[]","[]","[]","vertical","","","",""
"","","","","","horizons-trial","79","2037604","0.0-75.0","","","","","","","5","[40,35,48,38,36]","[55,58,54,64,66]","""2023-10-27T21:41:16.719Z""","[0,0,1,1]","0","1","0","60","48","48","60","12","0","0","[""arrowleft"",""arrowleft"",""arrowright"",""arrowright"",""arrowright""]","[1683,536,624,591,1064]","[40,35,54,64,66]","[0,0,54,64,66]","[[50,90.39244]]","[3663]","[]","[]","1","[]","[]","[]","[]","vertical","","","",""
"","","","","","horizons-trial","80","2048948","0.0-76.0","","","","","","","5","[51,44,42,39,51]","[62,73,61,62,60]","""2023-10-27T21:41:28.063Z""","[0,0,0,1]","1","1","0","60","48","48","60","12","0","0","[""arrowleft"",""arrowleft"",""arrowleft"",""arrowright"",""arrowright""]","[1267,543,736,584,2415]","[51,44,42,62,60]","[0,0,0,62,60]","[[50,69.2694]]","[3543]","[]","[]","1","[]","[]","[]","[]","vertical","","","",""
"","","","","","horizons-trial","81","2060291","0.0-77.0","","","","","","","5","[58,39,55,42,43]","[35,30,42,41,38]","""2023-10-27T21:41:39.407Z""","[1,1,0,0]","0","1","0","40","41","41","40","1","0","0","[""arrowright"",""arrowright"",""arrowleft"",""arrowleft"",""arrowleft""]","[1467,600,703,519,1208]","[35,30,55,42,43]","[0,0,55,42,43]","[[50,68.40129999999999]]","[3887]","[]","[]","1","[]","[]","[]","[]","vertical","","","",""
"","","","","","horizons-trial","82","2079356","0.0-78.0","","","","","","","10","[53,51,48,57,53,61,37,50,56,55]","[30,44,52,41,43,52,39,40,37,52]","""2023-10-27T21:41:58.472Z""","[0,1,0,1]","0","1","1","40","52","52","40","12","0","0","[""arrowleft"",""arrowright"",""arrowleft"",""arrowright"",""arrowleft"",""arrowleft"",""arrowleft"",""arrowleft"",""arrowleft"",""arrowleft""]","[1347,471,592,624,1784,2536,1008,1032,807,592]","[53,44,48,41,53,61,37,50,56,55]","[53,0,0,0,53,61,0,50,56,55]","[[53.8977,61.7461]]","[7247]","[]","[]","1","[]","[]","[]","[]","vertical","","","",""
"","","","","","horizons-trial","83","2091572","0.0-79.0","","","","","","","5","[44,41,33,25,52]","[42,36,40,42,51]","""2023-10-27T21:42:10.688Z""","[0,1,1,1]","1","0","0","40","41","40","41","1","0","0","[""arrowleft"",""arrowright"",""arrowright"",""arrowright"",""arrowleft""]","[1163,504,1384,991,2280]","[44,36,40,42,52]","[44,0,40,42,52]","[[50,61.7461]]","[4583]","[]","[]","1","[]","[]","[]","[]","vertical","","","",""
"","","","","","horizons-trial","84","2115364","0.0-80.0","","","","","","","10","[53,55,56,69,55,41,52,53,60,57]","[52,68,44,62,64,62,61,69,65,71]","""2023-10-27T21:42:34.480Z""","[0,0,1,1]","0","1","1","60","56","56","60","4","0","0","[""arrowleft"",""arrowleft"",""arrowright"",""arrowright"",""arrowleft"",""arrowleft"",""arrowleft"",""arrowright"",""arrowright"",""arrowright""]","[2491,479,512,456,6576,2456,1560,728,608,392]","[53,55,44,62,55,41,52,69,65,71]","[53,0,0,0,0,0,0,69,65,71]","[[53.8977,59.7206]]","[6319]","[]","[]","1","[]","[]","[]","[]","vertical","","","",""
"","","","","","horizons-trial","85","2134844","0.0-81.0","","","","","","","10","[52,45,45,60,44,47,45,52,46,37]","[55,68,64,50,53,52,55,47,44,45]","""2023-10-27T21:42:53.959Z""","[0,1,0,0]","1","1","1","60","48","48","60","12","0","0","[""arrowleft"",""arrowright"",""arrowleft"",""arrowleft"",""arrowright"",""arrowright"",""arrowright"",""arrowleft"",""arrowleft"",""arrowright""]","[3682,632,928,600,1360,3168,863,632,912,528]","[52,68,45,60,53,52,55,52,46,45]","[0,68,0,60,53,52,55,52,46,45]","[[56.6817,72.16290000000001]]","[5063]","[]","[]","1","[]","[]","[]","[]","vertical","","","",""
"","","","","","horizons-trial","86","2144193","0.0-82.0","","","","","","","5","[44,27,41,46,32]","[55,42,51,32,56]","""2023-10-27T21:43:03.308Z""","[0,0,1,0]","1","0","0","40","52","40","52","12","0","0","[""arrowleft"",""arrowleft"",""arrowright"",""arrowleft"",""arrowright""]","[1643,527,520,631,1664]","[44,27,51,46,56]","[0,0,51,46,56]","[[50,62.9035]]","[3167]","[]","[]","1","[]","[]","[]","[]","vertical","","","",""
"","","","","","horizons-trial","87","2153376","0.0-83.0","","","","","","","5","[71,63,62,48,56]","[63,60,70,59,62]","""2023-10-27T21:43:12.492Z""","[1,0,1,0]","0","0","0","60","56","60","56","4","0","0","[""arrowright"",""arrowleft"",""arrowright"",""arrowleft"",""arrowright""]","[1483,528,552,1055,984]","[63,63,70,48,62]","[0,63,70,0,62]","[[50,83.7372]]","[3575]","[]","[]","1","[]","[]","[]","[]","vertical","","","",""
"","","","","","horizons-trial","88","2163568","0.0-84.0","","","","","","","5","[62,52,59,52,65]","[35,43,39,28,41]","""2023-10-27T21:43:22.684Z""","[0,1,1,0]","0","1","0","40","60","60","40","20","0","0","[""arrowleft"",""arrowright"",""arrowright"",""arrowleft"",""arrowleft""]","[1099,504,992,864,1343]","[62,43,39,52,65]","[62,0,0,52,65]","[[50,78.2394]]","[3359]","[]","[]","1","[]","[]","[]","[]","vertical","","","",""
"","","","","","horizons-trial","89","2173904","0.0-85.0","","","","","","","5","[37,51,31,47,53]","[51,44,44,46,49]","""2023-10-27T21:43:33.020Z""","[0,1,1,0]","0","0","0","40","48","40","48","8","0","0","[""arrowleft"",""arrowright"",""arrowright"",""arrowleft"",""arrowright""]","[659,544,640,584,2368]","[37,44,44,47,49]","[0,0,44,47,0]","[[50,55.3802]]","[4319]","[]","[]","1","[]","[]","[]","[]","vertical","","","",""
"","","","","","horizons-trial","90","2192008","0.0-86.0","","","","","","","10","[27,34,29,48,26,23,29,21,32,26]","[62,47,56,55,58,63,43,63,65,71]","""2023-10-27T21:43:51.124Z""","[1,0,1,0]","0","1","1","60","30","30","60","30","0","0","[""arrowright"",""arrowleft"",""arrowright"",""arrowleft"",""arrowright"",""arrowright"",""arrowright"",""arrowright"",""arrowright"",""arrowright""]","[1395,472,449,519,1608,2024,1320,1639,696,512]","[62,34,56,48,58,63,43,63,65,71]","[62,0,56,0,58,63,43,63,65,71]","[[68.9316,88.0776]]","[6671]","[]","[]","1","[]","[]","[]","[]","vertical","","","",""
"","","","","","horizons-trial","91","2216401","0.0-87.0","","","","","","","10","[65,53,51,60,47,67,62,59,46,55]","[54,56,54,48,47,58,68,57,69,66]","""2023-10-27T21:44:15.517Z""","[1,1,0,0]","0","1","1","60","59","59","60","1","0","0","[""arrowright"",""arrowright"",""arrowleft"",""arrowleft"",""arrowright"",""arrowright"",""arrowright"",""arrowright"",""arrowright"",""arrowright""]","[1267,544,2120,816,4944,1664,1504,951,792,872]","[54,56,51,60,47,58,68,57,69,66]","[0,56,0,60,47,0,68,0,69,66]","[[70.8805,71.2949]]","[8023]","[]","[]","1","[]","[]","[]","[]","vertical","","","",""
"","","","","","horizons-trial","92","2225121","0.0-88.0","","","","","","","5","[24,52,33,37,29]","[65,71,47,67,68]","""2023-10-27T21:44:24.237Z""","[0,1,0,0]","1","1","0","60","30","30","60","30","0","0","[""arrowleft"",""arrowright"",""arrowleft"",""arrowleft"",""arrowright""]","[1339,512,488,488,1416]","[24,71,33,37,68]","[0,71,0,0,68]","[[50,72.45230000000001]]","[2847]","[]","[]","1","[]","[]","[]","[]","vertical","","","",""
"","","","","","horizons-trial","93","2244089","0.0-89.0","","","","","","","10","[51,55,59,45,54,43,66,67,62,70]","[47,43,46,58,58,59,48,70,57,53]","""2023-10-27T21:44:43.205Z""","[0,1,0,1]","0","0","1","60","52","60","52","8","0","0","[""arrowleft"",""arrowright"",""arrowleft"",""arrowright"",""arrowleft"",""arrowleft"",""arrowleft"",""arrowleft"",""arrowright"",""arrowleft""]","[1163,504,455,712,3928,2656,1168,968,552,608]","[51,43,59,58,54,43,66,67,57,70]","[51,0,59,58,0,0,66,0,0,70]","[[61.1362,63.4822]]","[5023]","[]","[]","1","[]","[]","[]","[]","vertical","","","",""
"","","","","","horizons-trial","94","2253201","0.0-90.0","","","","","","","5","[65,51,52,65,64]","[42,32,40,49,43]","""2023-10-27T21:44:52.317Z""","[0,0,1,0]","1","1","0","40","60","60","40","20","0","0","[""arrowleft"",""arrowleft"",""arrowright"",""arrowleft"",""arrowleft""]","[1235,488,1016,831,1360]","[65,51,40,65,64]","[65,51,0,65,64]","[[50,83.7372]]","[2607]","[]","[]","1","[]","[]","[]","[]","vertical","","","",""
"","","","","","horizons-trial","95","2272802","0.0-91.0","","","","","","","10","[42,43,41,47,36,59,44,36,58,39]","[38,47,36,43,34,40,36,41,46,46]","""2023-10-27T21:45:11.917Z""","[0,1,0,0]","1","1","1","40","42","42","40","2","0","0","[""arrowleft"",""arrowright"",""arrowleft"",""arrowleft"",""arrowleft"",""arrowright"",""arrowright"",""arrowleft"",""arrowleft"",""arrowright""]","[1290,4952,823,528,2399,1576,880,447,432,784]","[42,47,41,47,36,40,36,36,58,46]","[42,47,41,47,36,0,0,0,58,46]","[[53.6193,54.2228]]","[4568]","[]","[]","1","[]","[]","[]","[]","vertical","","","",""
"","","","","","horizons-trial","96","2281306","0.0-92.0","","","","","","","5","[63,60,48,52,52]","[50,68,60,43,56]","""2023-10-27T21:45:20.421Z""","[1,0,0,0]","1","1","0","60","59","59","60","1","0","0","[""arrowright"",""arrowleft"",""arrowleft"",""arrowleft"",""arrowleft""]","[1411,504,720,736,1616]","[50,60,48,52,52]","[0,0,0,52,0]","[[50,64.0609]]","[2375]","[]","[]","1","[]","[]","[]","[]","vertical","","","",""
"","","","","","horizons-trial","97","2298993","0.0-93.0","","","","","","","10","[49,65,67,42,46,62,62,49,62,58]","[64,63,47,48,69,48,64,63,54,67]","""2023-10-27T21:45:38.109Z""","[0,0,0,1]","1","0","1","60","58","60","58","2","0","0","[""arrowleft"",""arrowleft"",""arrowleft"",""arrowright"",""arrowleft"",""arrowleft"",""arrowleft"",""arrowleft"",""arrowleft"",""arrowleft""]","[1219,527,920,536,1071,3128,759,552,496,536]","[49,65,67,48,46,62,62,49,62,58]","[0,65,67,48,0,62,0,0,62,0]","[[77.8406,85.184]]","[7048]","[]","[]","1","[]","[]","[]","[]","vertical","","","",""
"","","","","","horizons-trial","98","2314105","0.0-94.0","","","","","","","10","[44,41,31,33,37,35,56,51,44,47]","[31,37,48,41,44,50,54,34,59,47]","""2023-10-27T21:45:53.221Z""","[1,0,0,1]","0","0","1","40","42","40","42","2","0","0","[""arrowright"",""arrowleft"",""arrowleft"",""arrowright"",""arrowleft"",""arrowleft"",""arrowright"",""arrowright"",""arrowright"",""arrowleft""]","[1213,488,472,608,3688,1704,696,568,599,520]","[31,41,31,41,37,35,54,34,59,47]","[0,41,0,41,0,0,0,0,59,47]","[[50.5568,51.6186]]","[3487]","[]","[]","1","[]","[]","[]","[]","vertical","","","",""
"","","","","","horizons-trial","99","2323296","0.0-95.0","","","","","","","5","[40,59,30,27,41]","[56,44,56,47,38]","""2023-10-27T21:46:02.412Z""","[1,0,0,0]","1","1","0","40","42","42","40","2","0","0","[""arrowright"",""arrowleft"",""arrowleft"",""arrowleft"",""arrowright""]","[1283,544,1080,927,1064]","[56,59,30,27,38]","[56,59,0,0,0]","[[50,65.5077]]","[2567]","[]","[]","1","[]","[]","[]","[]","vertical","","","",""
"","","","","","horizons-trial","100","2333496","0.0-96.0","","","","","","","5","[57,58,59,47,65]","[52,53,62,56,61]","""2023-10-27T21:46:12.612Z""","[0,1,0,1]","0","1","0","60","58","58","60","2","0","0","[""arrowleft"",""arrowright"",""arrowleft"",""arrowright"",""arrowleft""]","[1291,527,592,960,2040]","[57,53,59,56,65]","[57,0,0,56,65]","[[50,75.6352]]","[3671]","[]","[]","1","[]","[]","[]","[]","vertical","","","",""
"","","","","","horizons-trial","101","2341328","0.0-97.0","","","","","","","5","[56,56,56,47,56]","[72,56,52,60,67]","""2023-10-27T21:46:20.444Z""","[0,1,1,1]","1","1","0","60","52","52","60","8","0","0","[""arrowleft"",""arrowright"",""arrowright"",""arrowright"",""arrowright""]","[1235,455,792,648,1824]","[56,56,52,60,67]","[0,56,0,60,67]","[[50,74.4778]]","[1959]","[]","[]","1","[]","[]","[]","[]","vertical","","","",""
"","","","","","horizons-trial","102","2350144","0.0-98.0","","","","","","","5","[66,61,65,56,51]","[67,47,58,65,69]","""2023-10-27T21:46:29.259Z""","[1,0,0,1]","0","0","0","60","59","60","59","1","0","0","[""arrowright"",""arrowleft"",""arrowleft"",""arrowright"",""arrowright""]","[1363,504,1064,912,1672]","[67,61,65,65,69]","[67,61,65,65,69]","[[50,89.235]]","[2223]","[]","[]","1","[]","[]","[]","[]","vertical","","","",""
"","","","","","horizons-trial","103","2358784","0.0-99.0","","","","","","","5","[46,45,39,35,43]","[68,81,86,73,83]","""2023-10-27T21:46:37.899Z""","[0,0,1,1]","0","0","0","40","70","40","70","30","0","0","[""arrowleft"",""arrowleft"",""arrowright"",""arrowright"",""arrowright""]","[1131,520,872,552,1808]","[46,45,86,73,83]","[0,0,86,73,83]","[[50,91.83923]]","[2863]","[]","[]","1","[]","[]","[]","[]","vertical","","","",""
"","","","","","horizons-trial","104","2381844","0.0-100.0","","","","","","","10","[32,49,38,33,49,50,47,53,43,50]","[34,35,24,29,40,21,42,44,35,41]","""2023-10-27T21:47:00.960Z""","[1,0,0,0]","1","1","1","40","44","44","40","4","0","0","[""arrowright"",""arrowleft"",""arrowleft"",""arrowleft"",""arrowright"",""arrowleft"",""arrowleft"",""arrowleft"",""arrowleft"",""arrowleft""]","[1323,592,512,544,639,4240,1696,1287,808,511]","[34,49,38,33,40,50,47,53,43,50]","[34,49,38,33,0,50,47,53,43,50]","[[37.4717,51.3292]]","[9088]","[]","[]","1","[]","[]","[]","[]","vertical","","","",""
"","","","","","horizons-trial","105","2397356","0.0-101.0","","","","","","","10","[24,54,46,34,42,39,52,49,30,40]","[72,62,75,57,77,75,79,76,60,68]","""2023-10-27T21:47:16.471Z""","[1,1,1,0]","1","0","1","40","70","40","70","30","0","0","[""arrowright"",""arrowright"",""arrowright"",""arrowleft"",""arrowright"",""arrowright"",""arrowright"",""arrowright"",""arrowright"",""arrowright""]","[1523,536,664,1256,1863,1280,503,488,471,488]","[72,62,75,34,77,75,79,76,60,68]","[72,62,75,0,77,75,79,76,60,68]","[[89.2553,92.12858]]","[5695]","[]","[]","1","[]","[]","[]","[]","vertical","","","",""
"","","","","","horizons-trial","106","2410844","0.0-102.0","","","","","","","10","[63,82,67,69,74,68,73,59,66,62]","[24,18,48,39,50,46,44,41,38,35]","""2023-10-27T21:47:29.959Z""","[0,1,1,0]","0","1","1","40","70","70","40","30","0","0","[""arrowleft"",""arrowright"",""arrowright"",""arrowleft"",""arrowleft"",""arrowleft"",""arrowleft"",""arrowleft"",""arrowleft"",""arrowleft""]","[1307,832,824,648,920,1184,432,368,336,424]","[63,18,48,69,74,68,73,59,66,62]","[63,0,0,69,74,68,73,59,66,62]","[[93.4314,99.073153]]","[5359]","[]","[]","1","[]","[]","[]","[]","vertical","","","",""
"","","","","","horizons-trial","107","2419547","0.0-103.0","","","","","","","5","[63,48,52,48,68]","[53,44,73,64,63]","""2023-10-27T21:47:38.663Z""","[1,0,1,1]","1","1","0","60","56","56","60","4","0","0","[""arrowright"",""arrowleft"",""arrowright"",""arrowright"",""arrowright""]","[1707,408,520,1136,1144]","[53,48,73,64,63]","[0,48,73,64,0]","[[50,94.44344]]","[2775]","[]","[]","1","[]","[]","[]","[]","vertical","","","",""
"","","","","","horizons-trial","108","2426651","0.0-104.0","","","","","","","5","[17,44,34,24,10]","[51,65,55,52,75]","""2023-10-27T21:47:45.767Z""","[1,1,0,0]","0","1","0","60","30","30","60","30","0","0","[""arrowright"",""arrowright"",""arrowleft"",""arrowleft"",""arrowright""]","[1331,600,640,712,624]","[51,65,34,24,75]","[51,65,0,0,75]","[[50,100]]","[2175]","[]","[]","1","[]","[]","[]","[]","vertical","","","",""
"","","","","","horizons-trial","109","2443697","0.0-105.0","","","","","","","10","[45,41,33,33,32,44,36,44,38,40]","[29,28,47,44,33,22,32,30,44,34]","""2023-10-27T21:48:02.813Z""","[1,1,1,0]","1","1","1","40","41","41","40","1","0","0","[""arrowright"",""arrowright"",""arrowright"",""arrowleft"",""arrowright"",""arrowright"",""arrowleft"",""arrowleft"",""arrowright"",""arrowright""]","[1187,519,600,752,3248,1808,903,616,423,392]","[29,28,47,33,33,22,36,44,44,34]","[0,0,47,0,33,0,36,44,44,0]","[[65.8691,74.4778]]","[5287]","[]","[]","1","[]","[]","[]","[]","vertical","","","",""
"","","","","","horizons-trial","110","2452809","0.0-106.0","","","","","","","5","[54,46,49,37,55]","[33,43,24,41,43]","""2023-10-27T21:48:11.925Z""","[1,1,0,1]","1","1","0","40","52","52","40","12","0","0","[""arrowright"",""arrowright"",""arrowleft"",""arrowright"",""arrowleft""]","[1411,479,584,1160,840]","[33,43,49,41,55]","[0,0,49,41,55]","[[50,79.3969]]","[3375]","[]","[]","1","[]","[]","[]","[]","vertical","","","",""
"","","","","","horizons-trial","111","2467001","0.0-107.0","","","","","","","10","[51,44,47,45,47,59,62,67,46,57]","[63,45,55,66,62,73,67,57,61,70]","""2023-10-27T21:48:26.117Z""","[1,0,0,0]","1","1","1","60","56","56","60","4","0","0","[""arrowright"",""arrowleft"",""arrowleft"",""arrowleft"",""arrowright"",""arrowright"",""arrowright"",""arrowright"",""arrowright"",""arrowright""]","[1267,472,416,512,2120,1304,512,424,448,424]","[63,44,47,45,62,73,67,57,61,70]","[63,0,0,0,62,73,67,0,61,70]","[[53.6193,76.2139]]","[5559]","[]","[]","1","[]","[]","[]","[]","vertical","","","",""
"","","","","","horizons-trial","112","2485361","0.0-108.0","","","","","","","10","[51,55,48,32,49,53,49,43,49,33]","[45,37,44,34,45,18,42,43,49,26]","""2023-10-27T21:48:44.477Z""","[1,0,1,1]","1","1","1","40","48","48","40","8","0","0","[""arrowright"",""arrowleft"",""arrowright"",""arrowright"",""arrowleft"",""arrowleft"",""arrowleft"",""arrowleft"",""arrowleft"",""arrowleft""]","[1251,576,640,496,936,1888,1168,1551,1240,696]","[45,55,44,34,49,53,49,43,49,33]","[0,55,0,34,49,53,49,43,49,33]","[[63.3635,84.8947]]","[6855]","[]","[]","1","[]","[]","[]","[]","vertical","","","",""
"","","","","","horizons-trial","113","2493857","0.0-109.0","","","","","","","5","[71,61,47,57,73]","[52,57,56,64,66]","""2023-10-27T21:48:52.973Z""","[0,0,1,1]","0","1","0","60","59","59","60","1","0","0","[""arrowleft"",""arrowleft"",""arrowright"",""arrowright"",""arrowleft""]","[1371,495,624,760,616]","[71,61,56,64,73]","[71,61,56,64,73]","[[50,68.11189999999999]]","[2887]","[]","[]","1","[]","[]","[]","[]","vertical","","","",""
"","","","","","horizons-trial","114","2503214","0.0-110.0","","","","","","","5","[31,44,45,25,40]","[51,43,49,51,58]","""2023-10-27T21:49:02.329Z""","[1,1,0,1]","1","0","0","40","48","40","48","8","0","0","[""arrowright"",""arrowright"",""arrowleft"",""arrowright"",""arrowright""]","[1787,528,520,784,1431]","[51,43,45,51,58]","[51,0,0,51,58]","[[50,72.74170000000001]]","[3183]","[]","[]","1","[]","[]","[]","[]","vertical","","","",""
"","","","","","horizons-trial","115","2512494","0.0-111.0","","","","","","","5","[48,66,71,49,62]","[38,27,36,46,35]","""2023-10-27T21:49:11.609Z""","[1,1,0,1]","1","0","0","60","40","60","40","20","0","0","[""arrowright"",""arrowright"",""arrowleft"",""arrowright"",""arrowleft""]","[1517,512,552,584,2168]","[38,27,71,46,62]","[0,0,71,0,62]","[[50,77.082]]","[2959]","[]","[]","1","[]","[]","[]","[]","vertical","","","",""
"","","","","","horizons-trial","116","2522222","0.0-112.0","","","","","","","5","[39,46,57,56,46]","[42,52,39,28,45]","""2023-10-27T21:49:21.337Z""","[1,0,0,0]","1","1","0","40","48","48","40","8","0","0","[""arrowright"",""arrowleft"",""arrowleft"",""arrowleft"",""arrowleft""]","[1339,448,464,1008,1528]","[42,46,57,56,46]","[42,0,57,56,46]","[[50,74.7672]]","[2735]","[]","[]","1","[]","[]","[]","[]","vertical","","","",""
"","","","","","horizons-trial","117","2530686","0.0-113.0","","","","","","","5","[77,65,72,74,70]","[37,44,47,41,44]","""2023-10-27T21:49:29.801Z""","[1,1,1,0]","1","1","0","40","70","70","40","30","0","0","[""arrowright"",""arrowright"",""arrowright"",""arrowleft"",""arrowleft""]","[1739,632,600,575,960]","[37,44,47,74,70]","[0,0,0,74,70]","[[50,80.8437]]","[2967]","[]","[]","1","[]","[]","[]","[]","vertical","","","",""
"","","","","","horizons-trial","118","2549253","0.0-114.0","","","","","","","10","[38,58,41,48,69,40,24,33,44,43]","[37,45,46,29,39,26,46,33,38,52]","""2023-10-27T21:49:48.369Z""","[1,0,1,0]","0","1","1","40","48","48","40","8","0","0","[""arrowright"",""arrowleft"",""arrowright"",""arrowleft"",""arrowleft"",""arrowleft"",""arrowleft"",""arrowright"",""arrowleft"",""arrowleft""]","[1107,536,584,536,1720,1368,1232,679,848,536]","[37,58,46,48,69,40,24,33,44,43]","[0,58,46,48,69,40,0,33,44,0]","[[79.2326,90.10308]]","[7319]","[]","[]","1","[]","[]","[]","[]","vertical","","","",""
"","","","","","horizons-trial","119","2562858","0.0-115.0","","","","","","","10","[44,36,43,29,29,33,32,40,48,41]","[65,45,63,49,67,57,63,59,63,67]","""2023-10-27T21:50:01.974Z""","[0,1,1,0]","0","1","1","60","40","40","60","20","0","0","[""arrowleft"",""arrowright"",""arrowright"",""arrowleft"",""arrowright"",""arrowright"",""arrowright"",""arrowright"",""arrowright"",""arrowright""]","[1419,504,1056,1231,712,1400,656,720,1320,640]","[44,45,63,29,67,57,63,59,63,67]","[0,45,63,0,67,57,63,59,63,67]","[[76.1702,93.28601]]","[2839]","[]","[]","1","[]","[]","[]","[]","vertical","","","",""
"","","","","","horizons-trial","120","2576578","0.0-116.0","","","","","","","10","[53,61,45,42,60,53,62,46,41,59]","[40,50,45,40,39,44,44,40,36,32]","""2023-10-27T21:50:15.693Z""","[1,0,0,0]","1","1","1","40","52","52","40","12","0","0","[""arrowright"",""arrowleft"",""arrowleft"",""arrowleft"",""arrowleft"",""arrowleft"",""arrowleft"",""arrowleft"",""arrowleft"",""arrowleft""]","[1507,480,504,600,1104,1584,639,560,471,560]","[40,61,45,42,60,53,62,46,41,59]","[0,61,45,42,60,53,62,46,41,59]","[[65.0339,94.44344]]","[4727]","[]","[]","1","[]","[]","[]","[]","vertical","","","",""
"","","","","","horizons-trial","121","2588426","0.0-117.0","","","","","","","5","[43,33,34,29,52]","[31,31,49,46,38]","""2023-10-27T21:50:27.541Z""","[1,1,0,0]","0","0","0","40","41","40","41","1","0","0","[""arrowright"",""arrowright"",""arrowleft"",""arrowleft"",""arrowright""]","[1275,471,584,616,2856]","[31,31,34,29,38]","[0,0,0,0,0]","[[50,68.98]]","[3599]","[]","[]","1","[]","[]","[]","[]","vertical","","","",""
"","","","","","horizons-trial","122","2597561","0.0-118.0","","","","","","","5","[26,47,18,35,24]","[53,53,47,26,54]","""2023-10-27T21:50:36.677Z""","[0,1,0,1]","0","0","0","40","42","40","42","2","0","0","[""arrowleft"",""arrowright"",""arrowleft"",""arrowright"",""arrowright""]","[1579,648,552,559,1856]","[26,53,18,26,54]","[0,53,0,0,54]","[[50,77.082]]","[2447]","[]","[]","1","[]","[]","[]","[]","vertical","","","",""
"","","","","","horizons-trial","123","2606993","0.0-119.0","","","","","","","5","[32,58,45,34,32]","[44,32,44,45,32]","""2023-10-27T21:50:46.109Z""","[0,1,1,0]","0","1","0","40","42","42","40","2","0","0","[""arrowleft"",""arrowright"",""arrowright"",""arrowleft"",""arrowright""]","[1003,568,511,888,1304]","[32,32,44,34,32]","[0,0,0,0,32]","[[50,77.3714]]","[2543]","[]","[]","1","[]","[]","[]","[]","vertical","","","",""
"","","","","","survey-html-form","124","2751258","0.0-120.0","144248","{""comments"":"" Less strategy in the five choice, considering I had the same number of results to look at it somehow seemed a much more 'final' decision calculated from the previous 4 results. It was more relaxed in strategy within the 10 choice conditions, you knew you had the chance to change your mind and somehow be less decisive at the point of being asked the question. In both cases it was a strategy of looking at figures and patterns.""}","","","","","","","","","","","","","","","","","","","","","","","","","","","","","","","","","","","","",""
"","","","","","survey-html-form","125","2810169","0.0-121.0","58910","{""comments"":"" I just considered how confident I felt that a pattern (if there was one) would continue; one side always showed a slight pattern, and sometimes you had to take the side with only one number as a calculated risk""}","","","","","","","","","","","","","","","","","","","","","","","","","","","","","","","","","","","","",""
"","","","","","survey-html-form","126","2859169","0.0-122.0","48998","{""comments"":"" As before, a calculated risk based on looking at what little information was available. Some patterns were clear, others probably didn't have one.""}","","","","","","","","","","","","","","","","","","","","","","","","","","","","","","","","","","","","",""
"","","","","","survey-html-form","127","2918888","0.0-123.0","59718","{""comments"":""I have none unless you want to add bells, fruit and flashing lights!!! But it was good fun! Thanks for brightening my dull friday evening :)""}","","","","","","","","","","","","","","","","","","","","","","","","","","","","","","","","","","","","","[{""event"":""blur"",""trial"":2,""time"":22915},{""event"":""focus"",""trial"":2,""time"":26308},{""event"":""fullscreenenter"",""trial"":2,""time"":27890}]"
