"success","timeout","failed_images","failed_audio","failed_video","trial_type","trial_index","time_elapsed","internal_node_id","rt","response","stimulus","view_history","horizon","rewards_L","rewards_R","date","forced_choices","r_info","r_side","r_h","r_mean","r_otherMean","r_mean_L","r_mean_R","r_difference","confidence_immediate_overall","confidence_question_order","key_presses","response_times","outcomes","outcomes_counted_points","confidence","confidence_rt","confidence_2","confidence_2_rt","screen_resolution","belief_confidence_1","belief_confidence_2","belief_confidence_3","belief_confidence_4","immediate_judgement_orientation","phase","responses","num_errors","interactions"
"true","false","[]","[]","[]","preload","0","945","0.0-0.0","","","","","","","","","","","","","","","","","","","","","","","","","","","","","","","","","","","","",""
"","","","","","survey-html-form","1","4398","0.0-1.0","3452","{""comments"":"" 5f00d65cb69f9e20f144e404""}","","","","","","","","","","","","","","","","","","","","","","","","","","","","","","","","","","",""
"true","","","","","fullscreen","2","7968","0.0-2.0","","","","","","","","","","","","","","","","","","","","","","","","","","","","","","","","","","","","",""
"","","","","","html-button-response","3","11734","0.0-3.0","3764","0","
      <h1>Consent to Participate in the Learning and Cognitive Control Study</h1>

      <p>This is a psychology experiment being conducted by Dr. Peter Dayan, 
      director of the Max Planck Institute for Biological Cybernetics, and the 
      members of his lab. In order to consent to participate, you MUST meet the 
      following criteria:</p>

      <p>
      - 18 years of age or older<br>
      - Fluent speaker of English<br>
      - Have not previously participated in this experiment<br></p>

      <p>This study is designed to look at how people learn how to make decisions 
      to accomplish their goals. In this task, you will be asked to make choices, 
      play games, and answer questions related to those games. The study will take 
      about 45 minutes. </p> 

      <p>Your participation in this research is voluntary. You may refrain from 
      answering any questions that make you uncomfortable and may withdraw your 
      participation at any time without penalty by exiting this task and alerting 
      the experimenter. You may choose not to complete certain parts of the task 
      or answer certain questions. You may contact us at the address provided 
      below if you have additional questions or concerns.</p> 

      <p>Other than monetary compensation, participating in this study will 
      provide no direct benefits to you. But we hope that this research will 
      benefit society at large by contributing towards establishing a scientific 
      foundation for improving people's learning and cognitive control abilities.</p>

      <p>Your online username may be connected to your individual responses, but 
      we will not be asking for any additional personally identifying information, 
      and we will handle responses as confidentially as possible. We cannot however 
      guarantee the confidentiality of information transmitted over the Internet. 
      We will be keeping de-identified data collected as part of this experiment 
      indefinitely. Data used in scientific publications will remain completely 
      anonymous.</p>

      <p>If you have any questions about the study, feel free to contact our lab. 
      Dr. Dayan and his lab members can be reached at <a href='mailto:kyblab.tuebingen@gmail.com'>kyblab.tuebingen@gmail.com</a></p>
      
      <p>By selecting the â€œconsentâ€ option below, I acknowledge that I am 18 or older, that I am a fluent speaker of
            English, that I have read this consent form, and that I agree to take part in the research.</p>","","","","","","","","","","","","","","","","","","","","","","","","","","","","","","","","","",""
"","","","","","html-button-response","4","14086","0.0-4.0","2351","0","<h1>Legal Declaration of Consent under Data Protection Law</h1>
    <p><a target=""_blank"" rel=""noopener noreferrer"" href=""https://kyblab.tuebingen.mpg.de/fma/dataprotection.pdf"">Please click here to view our Data Protection Information Sheet, yours to keep.</a></p>
    <p>I have received and took note of the written Data Protection Information Sheet for this study. In doing so, I had sufficient time and opportunity to ask questions about data protection and reconsider my participation in the study. </p>
    <p>I am aware that:</p>
    <ul>
        <li>the processing and use of the collected data occur in a pseudonymized form within the scope of the legally prescribed provisions.
            As a general rule, the storage occurs in the form of questionnaires, as well as on electronic data media, for 10 years
            or longer, if this is required by the purpose of the study.</li>
        <li>by providing further personal data in pseudonymized form, collected personal data may be used for the preparation of anonymized
            scientific research work and may also be published and used in an anonymized form in medical journals, scientific publications
            and publicly accessible scientific databases, so that a direct assignment to my person cannot be established.</li>
        <li>the information obtained during this study may also be sent in an anonymized form to cooperation partners within the
            scope of the European General Data Protection Regulation for scientific purposes and to cooperation partners outside of the
            European Union, i.e. to countries with a lower data protection level (this also applies to the USA).</li>
        <li>the data collected within the scope of the study can also be used and processed in the future inside of the Institute.</li>
    </ul>
    <p>I was informed about my rights, that at any time:</p>
    <ul>
          <li>I can withdraw this declaration of consent.</li>
          <li>I can request information about my stored data and request the correction or blocking of data.</li>
          <li>by cancellation of my participation in the study, I can request that my personal data collected until that time are immediately deleted or anonymized.</li>
          <li>I can request that my data are handed out to me or to third parties (if technically feasible).</li>
    </ul>

    <p>I herewith declare that:</p>
    <ul>
          <li>I have been adequately informed about the collection and processing of my data and rights.</li>
          <li>I consent to the collection and processing of personal data within the scope of the study and its pseudonymized disclosure so that
            only the persons conducting the study can establish a link between the data and my person.</li>
    </ul>
    <p>By selecting the consent option below, I agree to participate in online studies or experiments using learning, and I consent to the use of my data described in the Data Protection Information Sheet and confirm having received a copy of the Data Protection Sheet.</p>
    <p>Note: If you do not consent to participate in this study or have your data used as outlined in the Data Protection Information Sheet, then this experiment will now close and you will not proceed any further. No information about you will be retained. </p>
    <br><br>","","","","","","","","","","","","","","","","","","","","","","","","","","","","","","","","","",""
"","","","","","instructions","5","359375","0.0-5.0-0.0","345288","","","[{""page_index"":0,""viewing_time"":3446},{""page_index"":1,""viewing_time"":8056},{""page_index"":2,""viewing_time"":75096},{""page_index"":3,""viewing_time"":10952},{""page_index"":4,""viewing_time"":6608},{""page_index"":5,""viewing_time"":1304},{""page_index"":4,""viewing_time"":14032},{""page_index"":5,""viewing_time"":143440},{""page_index"":6,""viewing_time"":7928},{""page_index"":7,""viewing_time"":9825},{""page_index"":8,""viewing_time"":5904},{""page_index"":9,""viewing_time"":18240},{""page_index"":10,""viewing_time"":30760},{""page_index"":11,""viewing_time"":9696}]","","","","","","","","","","","","","","","","","","","","","","","","","","","","","","","","",""
"","","","","","horizons-trial","6","377964","0.0-5.0-1.0","","","","","5","[44,57,74,72,62]","[31,33,24,39,29]","""2023-07-16T20:52:25.072Z""","[1,0,1,1]","","","","","","","","","0","","[""arrowright"",""arrowleft"",""arrowright"",""arrowright"",""arrowleft""]","[1932,1119,933,1016,1559]","[31,57,24,39,62]","[0,57,0,0,62]","[[50,84.0266]]","[]","[]","[]","1","[]","[]","[]","[]","vertical","practice","","",""
"","","","","","horizons-trial","7","404678","0.0-5.0-2.0","","","","","10","[64,50,57,35,52,38,44,61,39,38]","[70,69,76,71,75,58,81,84,57,61]","""2023-07-16T20:52:51.786Z""","[0,0,1,1]","","","","","","","","","1","","[""arrowleft"",""arrowleft"",""arrowright"",""arrowright"",""arrowright"",""arrowright"",""arrowleft"",""arrowright"",""arrowright"",""arrowright""]","[985,562,442,390,582,1468,1847,1044,586,454]","[64,50,76,71,75,58,44,84,57,61]","[0,0,76,71,75,58,0,84,57,61]","[[73.3861,56.2483]]","[]","[]","[]","1","[]","[]","[]","[]","vertical","practice","","",""
"","","","","","instructions","8","436087","0.0-5.0-3.0","31407","","","[{""page_index"":0,""viewing_time"":2472},{""page_index"":1,""viewing_time"":22171},{""page_index"":2,""viewing_time"":3773},{""page_index"":3,""viewing_time"":2991}]","","","","","","","","","","","","","","","","","","","","","","","","","","","","","","","","",""
"","","","","","horizons-comprehension","9","456783","0.0-5.0-4.0","20694.20000000298","","","","","","","","","","","","","","","","","","","","","","","","","","","","","","","","","","[""true"",""false"",""false"",""true""]","0",""
"","","","","","instructions","10","458254","0.0-6.0","1468","","","[{""page_index"":0,""viewing_time"":1468}]","","","","","","","","","","","","","","","","","","","","","","","","","","","","","","","","",""
"","","","","","horizons-trial","11","468781","0.0-7.0","","","","","5","[43,63,62,78,48]","[57,59,56,59,47]","""2023-07-16T20:53:55.890Z""","[0,1,0,0]","1","0","0","60","58","60","58","2","0","0","[""arrowleft"",""arrowright"",""arrowleft"",""arrowleft"",""arrowleft""]","[1426,525,679,574,1348]","[43,59,62,78,48]","[0,0,62,78,48]","[[50,70.7162]]","[]","[]","[]","1","[]","[]","[]","[]","vertical","","","",""
"","","","","","horizons-trial","12","484779","0.0-8.0","","","","","10","[72,52,57,61,56,60,49,61,62,65]","[61,51,70,56,57,42,53,56,65,60]","""2023-07-16T20:54:11.888Z""","[1,0,1,1]","1","0","1","60","56","60","56","4","0","0","[""arrowright"",""arrowleft"",""arrowright"",""arrowright"",""arrowright"",""arrowright"",""arrowleft"",""arrowright"",""arrowright"",""arrowright""]","[2151,346,523,366,728,1031,851,713,817,1107]","[61,52,70,56,57,42,49,56,65,60]","[0,52,70,0,57,0,0,0,65,0]","[[48.8864,53.3547]]","[]","[]","[]","1","[]","[]","[]","[]","vertical","","","",""
"","","","","","horizons-trial","13","495647","0.0-9.0","","","","","5","[49,51,70,58,58]","[58,48,48,55,56]","""2023-07-16T20:54:22.756Z""","[0,1,0,1]","0","0","0","60","59","60","59","1","0","0","[""arrowleft"",""arrowright"",""arrowleft"",""arrowright"",""arrowleft""]","[714,346,345,345,3554]","[49,48,70,55,58]","[0,0,70,0,58]","[[50,36.572]]","[]","[]","[]","1","[]","[]","[]","[]","vertical","","","",""
"","","","","","horizons-trial","14","505009","0.0-10.0","","","","","5","[45,43,43,29,42]","[74,73,71,73,79]","""2023-07-16T20:54:32.118Z""","[1,0,0,0]","1","0","0","40","70","40","70","30","0","0","[""arrowright"",""arrowleft"",""arrowleft"",""arrowleft"",""arrowright""]","[453,349,525,356,1290]","[74,43,43,29,79]","[74,0,0,0,79]","[[50,85.4734]]","[]","[]","[]","1","[]","[]","[]","[]","vertical","","","",""
"","","","","","horizons-trial","15","510116","0.0-11.0","","","","","5","[40,41,50,38,41]","[80,66,52,87,74]","""2023-07-16T20:54:37.225Z""","[1,0,1,0]","0","0","0","40","70","40","70","30","0","0","[""arrowright"",""arrowleft"",""arrowright"",""arrowleft"",""arrowright""]","[1171,366,309,379,440]","[80,41,52,38,74]","[80,0,52,0,74]","[[50,75.3459]]","[]","[]","[]","1","[]","[]","[]","[]","vertical","","","",""
"","","","","","horizons-trial","16","516293","0.0-12.0","","","","","5","[57,60,70,64,71]","[32,15,18,26,26]","""2023-07-16T20:54:43.401Z""","[0,1,0,1]","0","0","0","60","30","60","30","30","0","0","[""arrowleft"",""arrowright"",""arrowleft"",""arrowright"",""arrowleft""]","[905,265,123,138,194]","[57,15,70,26,71]","[57,0,70,0,71]","[[50,83.7372]]","[]","[]","[]","1","[]","[]","[]","[]","vertical","","","",""
"","","","","","horizons-trial","17","540567","0.0-13.0","","","","","10","[54,61,58,46,70,56,60,68,54,72]","[30,19,38,24,35,11,35,21,19,39]","""2023-07-16T20:55:07.676Z""","[0,1,0,1]","0","0","1","60","30","60","30","30","0","0","[""arrowleft"",""arrowright"",""arrowleft"",""arrowright"",""arrowleft"",""arrowleft"",""arrowleft"",""arrowleft"",""arrowleft"",""arrowleft""]","[730,554,719,654,2451,647,533,642,492,549]","[54,19,58,24,70,56,60,68,54,72]","[54,0,58,0,70,56,60,68,54,72]","[[86.7496,100]]","[]","[]","[]","1","[]","[]","[]","[]","vertical","","","",""
"","","","","","horizons-trial","18","551656","0.0-14.0","","","","","5","[29,41,45,28,35]","[39,43,41,33,36]","""2023-07-16T20:55:18.765Z""","[1,0,0,1]","0","0","0","40","41","40","41","1","0","0","[""arrowright"",""arrowleft"",""arrowleft"",""arrowright"",""arrowleft""]","[518,365,586,452,3572]","[39,41,45,33,35]","[39,0,45,33,0]","[[50,54.2228]]","[]","[]","[]","1","[]","[]","[]","[]","vertical","","","",""
"","","","","","horizons-trial","19","657535","0.0-15.0","","","","","5","[41,37,28,46,36]","[44,53,45,39,42]","""2023-07-16T20:57:04.644Z""","[0,1,1,0]","0","0","0","40","44","40","44","4","0","0","[""arrowleft"",""arrowright"",""arrowright"",""arrowleft"",""arrowright""]","[597,348,421,576,2958]","[41,53,45,46,42]","[0,53,45,46,42]","[[50,53.6441]]","[]","[]","[]","1","[]","[]","[]","[]","vertical","","","",""
"","","","","","horizons-trial","20","673835","0.0-16.0","","","","","5","[51,67,69,55,74]","[30,35,34,42,31]","""2023-07-16T20:57:20.943Z""","[0,0,1,0]","1","1","0","40","60","60","40","20","0","0","[""arrowleft"",""arrowleft"",""arrowright"",""arrowleft"",""arrowleft""]","[1013,402,2719,589,3146]","[51,67,34,55,74]","[51,67,0,55,74]","[[50,79.6862]]","[]","[]","[]","1","[]","[]","[]","[]","vertical","","","",""
"","","","","","horizons-trial","21","688323","0.0-17.0","","","","","5","[61,60,60,56,55]","[44,36,58,45,58]","""2023-07-16T20:57:35.432Z""","[1,1,0,0]","0","0","0","60","56","60","56","4","0","0","[""arrowright"",""arrowright"",""arrowleft"",""arrowleft"",""arrowleft""]","[623,394,521,519,7356]","[44,36,60,56,55]","[0,0,60,56,0]","[[50,81.4224]]","[]","[]","[]","1","[]","[]","[]","[]","vertical","","","",""
"","","","","","horizons-trial","22","725767","0.0-18.0","","","","","5","[47,33,65,27,53]","[32,38,34,33,42]","""2023-07-16T20:58:12.876Z""","[1,0,1,1]","1","1","0","40","52","52","40","12","0","0","[""arrowright"",""arrowleft"",""arrowright"",""arrowright"",""arrowleft""]","[602,434,363,377,8289]","[32,33,34,33,53]","[0,0,0,33,53]","[[50,55.0909]]","[]","[]","[]","1","[]","[]","[]","[]","vertical","","","",""
"","","","","","horizons-trial","23","739455","0.0-19.0","","","","","5","[63,54,35,47,53]","[65,66,52,55,62]","""2023-07-16T20:58:26.564Z""","[0,1,1,1]","1","1","0","60","56","56","60","4","0","0","[""arrowleft"",""arrowright"",""arrowright"",""arrowright"",""arrowright""]","[714,478,427,532,4673]","[63,66,52,55,62]","[0,66,52,55,62]","[[50,64.929]]","[]","[]","[]","1","[]","[]","[]","[]","vertical","","","",""
"","","","","","horizons-trial","24","798584","0.0-20.0","","","","","10","[43,37,45,46,36,45,50,58,41,48]","[59,50,48,28,48,45,52,55,49,43]","""2023-07-16T20:59:25.693Z""","[0,0,0,1]","1","0","1","40","48","40","48","8","0","0","[""arrowleft"",""arrowleft"",""arrowleft"",""arrowright"",""arrowleft"",""arrowleft"",""arrowright"",""arrowright"",""arrowright"",""arrowright""]","[1716,487,480,440,1556,1753,624,804,895,2461]","[43,37,45,28,36,45,52,55,49,43]","[0,0,0,0,0,45,52,0,49,0]","[[69.21,72.45230000000001]]","[]","[]","[]","1","[]","[]","[]","[]","vertical","","","",""
"","","","","","horizons-trial","25","810480","0.0-21.0","","","","","5","[56,57,48,66,47]","[44,28,35,35,48]","""2023-07-16T20:59:37.588Z""","[1,1,0,0]","0","0","0","60","40","60","40","20","0","0","[""arrowright"",""arrowright"",""arrowleft"",""arrowleft"",""arrowright""]","[796,341,487,450,433]","[44,28,48,66,48]","[0,0,48,66,48]","[[50,30.784899999999993]]","[]","[]","[]","1","[]","[]","[]","[]","vertical","","","",""
"","","","","","horizons-trial","26","827998","0.0-22.0","","","","","10","[41,34,51,45,42,45,22,25,34,40]","[55,39,43,42,50,52,40,50,64,56]","""2023-07-16T20:59:55.107Z""","[1,0,0,1]","0","0","1","40","52","40","52","12","0","0","[""arrowright"",""arrowleft"",""arrowleft"",""arrowright"",""arrowleft"",""arrowleft"",""arrowright"",""arrowleft"",""arrowright"",""arrowright""]","[557,467,501,1114,647,1201,628,747,682,683]","[55,34,51,42,42,45,40,25,64,56]","[55,0,51,0,0,0,40,0,64,56]","[[36.0797,50.1718]]","[]","[]","[]","1","[]","[]","[]","[]","vertical","","","",""
"","","","","","horizons-trial","27","876188","0.0-23.0","","","","","10","[69,52,50,49,55,56,49,54,60,64]","[54,59,47,45,45,50,41,51,38,69]","""2023-07-16T21:00:43.297Z""","[0,1,0,0]","1","0","1","60","52","60","52","8","0","0","[""arrowleft"",""arrowright"",""arrowleft"",""arrowleft"",""arrowleft"",""arrowleft"",""arrowright"",""arrowleft"",""arrowleft"",""arrowleft""]","[3076,461,460,763,455,601,1779,574,589,465]","[69,59,50,49,55,56,41,54,60,64]","[69,59,50,49,55,56,0,54,60,0]","[[72.2725,73.8991]]","[]","[]","[]","1","[]","[]","[]","[]","vertical","","","",""
"","","","","","horizons-trial","28","885246","0.0-24.0","","","","","10","[25,34,33,37,46,37,40,43,40,49]","[46,39,56,46,40,42,32,47,38,54]","""2023-07-16T21:00:52.355Z""","[1,0,0,0]","1","0","1","40","42","40","42","2","0","0","[""arrowright"",""arrowleft"",""arrowleft"",""arrowleft"",""arrowright"",""arrowright"",""arrowleft"",""arrowright"",""arrowright"",""arrowright""]","[590,389,432,373,700,719,441,505,536,1349]","[46,34,33,37,40,42,40,47,38,54]","[46,0,0,0,0,42,40,47,0,54]","[[83.6871,73.6097]]","[]","[]","[]","1","[]","[]","[]","[]","vertical","","","",""
"","","","","","horizons-trial","29","897576","0.0-25.0","","","","","10","[36,62,43,69,36,30,34,51,46,32]","[49,42,33,47,71,39,37,33,47,35]","""2023-07-16T21:01:04.684Z""","[0,0,1,1]","0","1","1","40","41","41","40","1","0","0","[""arrowleft"",""arrowleft"",""arrowright"",""arrowright"",""arrowleft"",""arrowleft"",""arrowright"",""arrowleft"",""arrowright"",""arrowleft""]","[491,502,549,479,436,508,569,724,537,576]","[36,62,33,47,36,30,37,51,47,32]","[0,62,0,0,0,0,37,51,47,0]","[[66.7044,50.4612]]","[]","[]","[]","1","[]","[]","[]","[]","vertical","","","",""
"","","","","","horizons-trial","30","906540","0.0-26.0","","","","","5","[50,37,55,59,46]","[56,72,51,63,75]","""2023-07-16T21:01:13.649Z""","[1,1,0,0]","0","1","0","60","52","52","60","8","0","0","[""arrowright"",""arrowright"",""arrowleft"",""arrowleft"",""arrowright""]","[598,339,410,399,2155]","[56,72,55,59,75]","[56,72,55,0,75]","[[50,66.6652]]","[]","[]","[]","1","[]","[]","[]","[]","vertical","","","",""
"","","","","","horizons-trial","31","918555","0.0-27.0","","","","","10","[56,35,44,33,30,53,51,63,33,43]","[58,61,58,52,72,55,62,43,55,50]","""2023-07-16T21:01:25.663Z""","[0,0,1,0]","1","1","1","60","40","40","60","20","0","0","[""arrowleft"",""arrowleft"",""arrowright"",""arrowleft"",""arrowright"",""arrowright"",""arrowleft"",""arrowright"",""arrowleft"",""arrowright""]","[537,364,426,517,431,720,678,508,829,701]","[56,35,58,33,72,55,51,43,33,50]","[0,0,58,0,72,55,0,0,0,50]","[[73.3861,63.4822]]","[]","[]","[]","1","[]","[]","[]","[]","vertical","","","",""
"","","","","","horizons-trial","32","952718","0.0-28.0","","","","","5","[51,55,59,47,61]","[60,51,69,59,49]","""2023-07-16T21:01:59.827Z""","[1,0,1,0]","0","1","0","60","56","56","60","4","0","0","[""arrowright"",""arrowleft"",""arrowright"",""arrowleft"",""arrowright""]","[590,600,477,696,465]","[60,55,69,47,49]","[60,55,69,0,0]","[[50,85.184]]","[]","[]","[]","1","[]","[]","[]","[]","vertical","","","",""
"","","","","","horizons-trial","33","962632","0.0-29.0","","","","","10","[52,61,68,50,65,61,74,58,65,54]","[70,59,47,53,68,59,60,62,59,60]","""2023-07-16T21:02:09.741Z""","[1,0,1,0]","0","1","1","60","59","59","60","1","0","0","[""arrowright"",""arrowleft"",""arrowright"",""arrowleft"",""arrowright"",""arrowleft"",""arrowright"",""arrowright"",""arrowleft"",""arrowright""]","[522,377,418,598,1027,729,465,565,541,531]","[70,61,47,50,68,61,60,62,65,60]","[70,61,0,0,68,61,0,62,65,60]","[[51.6704,54.2228]]","[]","[]","[]","1","[]","[]","[]","[]","vertical","","","",""
"","","","","","horizons-trial","34","971567","0.0-30.0","","","","","5","[61,64,69,66,53]","[52,63,53,47,60]","""2023-07-16T21:02:18.676Z""","[0,0,1,1]","0","0","0","60","52","60","52","8","0","0","[""arrowleft"",""arrowleft"",""arrowright"",""arrowright"",""arrowleft""]","[688,358,499,385,693]","[61,64,53,47,53]","[61,64,0,0,0]","[[50,83.1585]]","[]","[]","[]","1","[]","[]","[]","[]","vertical","","","",""
"","","","","","horizons-trial","35","983946","0.0-31.0","","","","","10","[44,33,27,44,45,39,38,43,30,42]","[33,38,48,52,51,40,43,25,41,30]","""2023-07-16T21:02:31.055Z""","[0,1,1,0]","0","1","1","40","42","42","40","2","0","0","[""arrowleft"",""arrowright"",""arrowright"",""arrowleft"",""arrowright"",""arrowright"",""arrowleft"",""arrowright"",""arrowleft"",""arrowright""]","[1638,431,423,526,1278,715,474,681,655,785]","[44,38,48,44,51,40,38,25,30,30]","[44,38,48,0,51,40,0,0,0,0]","[[41.091,57.6951]]","[]","[]","[]","1","[]","[]","[]","[]","vertical","","","",""
"","","","","","horizons-trial","36","995948","0.0-32.0","","","","","10","[60,54,53,61,62,43,53,58,52,45]","[54,65,59,65,78,68,65,63,46,72]","""2023-07-16T21:02:43.057Z""","[1,0,0,1]","0","1","1","60","52","52","60","8","0","0","[""arrowright"",""arrowleft"",""arrowleft"",""arrowright"",""arrowleft"",""arrowleft"",""arrowright"",""arrowleft"",""arrowright"",""arrowleft""]","[572,393,578,483,428,1194,464,1002,569,711]","[54,54,53,65,62,43,65,58,46,45]","[0,0,0,65,0,0,65,0,0,0]","[[68.3748,65.7971]]","[]","[]","[]","1","[]","[]","[]","[]","vertical","","","",""
"","","","","","horizons-trial","37","1021246","0.0-33.0","","","","","10","[38,42,43,35,44,33,29,40,37,49]","[50,32,49,42,44,50,43,40,29,39]","""2023-07-16T21:03:08.355Z""","[1,1,0,1]","1","1","1","40","42","42","40","2","0","0","[""arrowright"",""arrowright"",""arrowleft"",""arrowright"",""arrowright"",""arrowleft"",""arrowright"",""arrowleft"",""arrowright"",""arrowleft""]","[1266,385,413,430,347,797,481,749,459,713]","[50,32,43,42,44,33,43,40,29,49]","[50,0,0,42,44,0,43,40,0,49]","[[66.1476,62.9035]]","[]","[]","[]","1","[]","[]","[]","[]","vertical","","","",""
"","","","","","horizons-trial","38","1039999","0.0-34.0","","","","","10","[53,54,57,57,43,39,53,58,58,55]","[35,29,49,38,36,47,41,36,29,49]","""2023-07-16T21:03:27.107Z""","[1,0,1,1]","1","1","1","40","52","52","40","12","0","0","[""arrowright"",""arrowleft"",""arrowright"",""arrowright"",""arrowleft"",""arrowright"",""arrowright"",""arrowleft"",""arrowright"",""arrowleft""]","[541,707,366,797,505,591,483,343,468,752]","[35,54,49,38,43,47,41,58,29,55]","[0,54,0,0,43,47,0,58,0,55]","[[51.9488,58.5632]]","[]","[]","[]","1","[]","[]","[]","[]","vertical","","","",""
"","","","","","horizons-trial","39","1048730","0.0-35.0","","","","","10","[59,64,63,60,52,63,71,54,61,58]","[62,67,43,46,54,58,35,66,46,44]","""2023-07-16T21:03:35.839Z""","[1,0,0,1]","0","0","1","60","56","60","56","4","0","0","[""arrowright"",""arrowleft"",""arrowleft"",""arrowright"",""arrowleft"",""arrowleft"",""arrowleft"",""arrowleft"",""arrowleft"",""arrowleft""]","[511,338,702,476,404,631,464,497,425,646]","[62,64,63,46,52,63,71,54,61,58]","[62,0,63,0,0,63,71,0,61,58]","[[84.5224,86.9202]]","[]","[]","[]","1","[]","[]","[]","[]","vertical","","","",""
"","","","","","horizons-trial","40","1071302","0.0-36.0","","","","","10","[61,51,62,47,48,57,56,50,54,57]","[53,54,60,58,53,53,56,49,60,59]","""2023-07-16T21:03:58.411Z""","[1,1,0,0]","0","1","1","60","56","56","60","4","0","0","[""arrowright"",""arrowright"",""arrowleft"",""arrowleft"",""arrowleft"",""arrowright"",""arrowleft"",""arrowleft"",""arrowleft"",""arrowleft""]","[530,364,531,423,2190,758,499,537,453,754]","[53,54,62,47,48,53,56,50,54,57]","[0,54,62,0,0,0,56,50,0,0]","[[68.3748,61.7461]]","[]","[]","[]","1","[]","[]","[]","[]","vertical","","","",""
"","","","","","horizons-trial","41","1082730","0.0-37.0","","","","","10","[41,57,49,51,62,56,57,58,54,49]","[57,59,59,56,56,63,69,57,64,56]","""2023-07-16T21:04:09.838Z""","[0,0,0,1]","1","1","1","60","59","59","60","1","0","0","[""arrowleft"",""arrowleft"",""arrowleft"",""arrowright"",""arrowleft"",""arrowleft"",""arrowright"",""arrowright"",""arrowright"",""arrowright""]","[565,374,387,430,1839,742,540,1095,1314,488]","[41,57,49,56,62,56,69,57,64,56]","[0,0,0,56,62,0,69,0,64,56]","[[51.9488,55.0909]]","[]","[]","[]","1","[]","[]","[]","[]","vertical","","","",""
"","","","","","horizons-trial","42","1090214","0.0-38.0","","","","","5","[36,43,34,46,42]","[44,42,42,39,39]","""2023-07-16T21:04:17.323Z""","[0,1,1,1]","1","1","0","40","42","42","40","2","0","0","[""arrowleft"",""arrowright"",""arrowright"",""arrowright"",""arrowright""]","[613,411,316,256,2237]","[36,42,42,39,39]","[0,0,42,0,0]","[[50,58.5632]]","[]","[]","[]","1","[]","[]","[]","[]","vertical","","","",""
"","","","","","horizons-trial","43","1120097","0.0-39.0","","","","","10","[46,57,36,42,53,47,43,44,50,40]","[47,29,37,52,41,40,51,35,39,33]","""2023-07-16T21:04:47.206Z""","[0,1,1,0]","0","1","1","40","48","48","40","8","0","0","[""arrowleft"",""arrowright"",""arrowright"",""arrowleft"",""arrowleft"",""arrowright"",""arrowleft"",""arrowright"",""arrowright"",""arrowright""]","[602,394,405,546,632,726,461,474,775,590]","[46,29,37,42,53,40,43,35,39,33]","[0,0,37,0,53,0,0,0,0,0]","[[66.426,61.4567]]","[]","[]","[]","1","[]","[]","[]","[]","vertical","","","",""
"","","","","","horizons-trial","44","1127860","0.0-40.0","","","","","5","[50,55,49,52,54]","[35,27,39,28,35]","""2023-07-16T21:04:54.969Z""","[0,0,0,1]","1","0","0","60","30","60","30","30","0","0","[""arrowleft"",""arrowleft"",""arrowleft"",""arrowright"",""arrowleft""]","[916,739,370,655,474]","[50,55,49,28,54]","[50,55,49,0,54]","[[50,90.10308]]","[]","[]","[]","1","[]","[]","[]","[]","vertical","","","",""
"","","","","","horizons-trial","45","1210751","0.0-41.0","","","","","10","[57,65,75,64,60,60,56,54,63,69]","[33,39,34,36,31,35,34,37,42,53]","""2023-07-16T21:06:17.860Z""","[0,1,1,0]","0","0","1","60","40","60","40","20","0","0","[""arrowleft"",""arrowright"",""arrowright"",""arrowleft"",""arrowleft"",""arrowleft"",""arrowleft"",""arrowleft"",""arrowleft"",""arrowleft""]","[271,590,347,441,667,1470,821,349,287,250]","[57,39,34,64,60,60,56,54,63,69]","[57,0,0,64,60,60,56,54,63,69]","[[78.6758,71.8736]]","[]","[]","[]","1","[]","[]","[]","[]","vertical","","","",""
"","","","","","horizons-trial","46","1218728","0.0-42.0","","","","","10","[32,36,25,28,37,29,41,35,14,37]","[53,58,70,60,57,60,58,57,47,59]","""2023-07-16T21:06:25.837Z""","[1,0,0,0]","1","1","1","60","30","30","60","30","0","0","[""arrowright"",""arrowleft"",""arrowleft"",""arrowleft"",""arrowright"",""arrowright"",""arrowright"",""arrowright"",""arrowright"",""arrowright""]","[672,389,383,381,433,631,365,299,290,322]","[53,36,25,28,57,60,58,57,47,59]","[53,0,0,0,57,60,58,57,47,59]","[[80.0679,66.6652]]","[]","[]","[]","1","[]","[]","[]","[]","vertical","","","",""
"","","","","","horizons-trial","47","1235506","0.0-43.0","","","","","10","[31,34,61,31,34,42,40,33,18,43]","[40,54,54,37,37,34,44,47,37,61]","""2023-07-16T21:06:42.615Z""","[1,0,0,1]","0","0","1","40","42","40","42","2","0","0","[""arrowright"",""arrowleft"",""arrowleft"",""arrowright"",""arrowright"",""arrowleft"",""arrowleft"",""arrowright"",""arrowleft"",""arrowright""]","[582,353,378,412,475,1349,874,442,511,4054]","[40,34,61,37,37,42,40,47,18,61]","[40,0,61,37,37,42,0,47,0,61]","[[42.7614,53.0654]]","[]","[]","[]","1","[]","[]","[]","[]","vertical","","","",""
"","","","","","horizons-trial","48","1242560","0.0-44.0","","","","","5","[75,64,75,47,58]","[74,70,62,58,61]","""2023-07-16T21:06:49.669Z""","[0,0,0,1]","1","0","0","60","59","60","59","1","0","0","[""arrowleft"",""arrowleft"",""arrowleft"",""arrowright"",""arrowleft""]","[531,338,280,764,255]","[75,64,75,58,58]","[75,0,75,58,0]","[[50,88.0776]]","[]","[]","[]","1","[]","[]","[]","[]","vertical","","","",""
"","","","","","horizons-trial","49","1262574","0.0-45.0","","","","","5","[46,38,54,41,45]","[70,67,61,54,60]","""2023-07-16T21:07:09.683Z""","[1,1,0,0]","0","1","0","60","48","48","60","12","0","0","[""arrowright"",""arrowright"",""arrowleft"",""arrowleft"",""arrowright""]","[489,371,760,375,995]","[70,67,54,41,60]","[70,67,0,0,60]","[[50,86.3414]]","[]","[]","[]","1","[]","[]","[]","[]","vertical","","","",""
"","","","","","horizons-trial","50","1285198","0.0-46.0","","","","","10","[71,59,55,50,60,56,67,44,61,65]","[36,32,34,40,37,36,36,44,45,29]","""2023-07-16T21:07:32.307Z""","[1,1,0,1]","1","1","1","40","60","60","40","20","0","0","[""arrowright"",""arrowright"",""arrowleft"",""arrowright"",""arrowleft"",""arrowleft"",""arrowleft"",""arrowleft"",""arrowleft"",""arrowleft""]","[726,327,448,670,319,644,816,420,452,381]","[36,32,55,40,60,56,67,44,61,65]","[0,0,55,0,60,56,67,44,61,65]","[[73.1077,68.98]]","[]","[]","[]","1","[]","[]","[]","[]","vertical","","","",""
"","","","","","horizons-trial","51","1307071","0.0-47.0","","","","","10","[65,51,43,55,53,54,55,81,47,55]","[42,61,52,66,59,72,66,71,55,51]","""2023-07-16T21:07:54.179Z""","[0,1,0,0]","1","1","1","60","56","56","60","4","0","0","[""arrowleft"",""arrowright"",""arrowleft"",""arrowleft"",""arrowleft"",""arrowleft"",""arrowleft"",""arrowleft"",""arrowleft"",""arrowleft""]","[2577,507,421,446,1869,2352,513,511,549,371]","[65,61,43,55,53,54,55,81,47,55]","[65,61,0,0,0,0,0,81,0,55]","[[75.8918,62.9035]]","[]","[]","[]","1","[]","[]","[]","[]","vertical","","","",""
"","","","","","horizons-trial","52","1314090","0.0-48.0","","","","","5","[30,31,33,38,44]","[45,34,50,49,39]","""2023-07-16T21:08:01.198Z""","[1,0,1,1]","1","0","0","40","48","40","48","8","0","0","[""arrowright"",""arrowleft"",""arrowright"",""arrowright"",""arrowright""]","[475,414,133,326,1383]","[45,31,50,49,39]","[45,0,50,49,0]","[[50,84.0266]]","[]","[]","[]","1","[]","[]","[]","[]","vertical","","","",""
"","","","","","horizons-trial","53","1324076","0.0-49.0","","","","","10","[49,36,37,41,48,50,36,43,34,28]","[57,70,74,73,67,65,71,78,71,64]","""2023-07-16T21:08:11.184Z""","[1,0,0,0]","1","0","1","40","70","40","70","30","0","0","[""arrowright"",""arrowleft"",""arrowleft"",""arrowleft"",""arrowright"",""arrowright"",""arrowright"",""arrowright"",""arrowright"",""arrowright""]","[494,343,378,376,358,856,426,590,274,547]","[57,36,37,41,67,65,71,78,71,64]","[57,0,0,0,67,65,71,78,71,64]","[[72.2725,69.2694]]","[]","[]","[]","1","[]","[]","[]","[]","vertical","","","",""
"","","","","","horizons-trial","54","1334550","0.0-50.0","","","","","5","[73,76,43,65,55]","[48,33,42,49,49]","""2023-07-16T21:08:21.658Z""","[1,1,0,1]","1","0","0","60","40","60","40","20","0","0","[""arrowright"",""arrowright"",""arrowleft"",""arrowright"",""arrowright""]","[514,389,471,414,528]","[48,33,43,49,49]","[0,0,43,0,0]","[[50,79.6862]]","[]","[]","[]","1","[]","[]","[]","[]","vertical","","","",""
"","","","","","horizons-trial","55","1345541","0.0-51.0","","","","","5","[48,47,54,45,52]","[57,59,68,45,45]","""2023-07-16T21:08:32.650Z""","[0,0,1,0]","1","1","0","60","52","52","60","8","0","0","[""arrowleft"",""arrowleft"",""arrowright"",""arrowleft"",""arrowright""]","[650,350,433,516,468]","[48,47,68,45,45]","[0,0,68,45,0]","[[50,82.00110000000001]]","[]","[]","[]","1","[]","[]","[]","[]","vertical","","","",""
"","","","","","horizons-trial","56","1350758","0.0-52.0","","","","","5","[64,57,65,65,68]","[34,51,48,41,36]","""2023-07-16T21:08:37.866Z""","[0,1,1,0]","0","1","0","40","60","60","40","20","0","0","[""arrowleft"",""arrowright"",""arrowright"",""arrowleft"",""arrowleft""]","[644,434,532,529,397]","[64,51,48,65,68]","[64,0,0,65,68]","[[50,83.7372]]","[]","[]","[]","1","[]","[]","[]","[]","vertical","","","",""
"","","","","","horizons-trial","57","1382269","0.0-53.0","","","","","10","[47,38,40,44,33,40,48,33,27,46]","[46,31,52,42,38,49,52,57,28,56]","""2023-07-16T21:09:09.377Z""","[0,1,1,0]","0","0","1","40","44","40","44","4","0","0","[""arrowleft"",""arrowright"",""arrowright"",""arrowleft"",""arrowright"",""arrowright"",""arrowleft"",""arrowleft"",""arrowleft"",""arrowleft""]","[4675,474,422,450,520,686,457,493,480,439]","[47,31,52,44,38,49,48,33,27,46]","[47,0,52,44,38,49,0,0,0,0]","[[73.9429,62.9035]]","[]","[]","[]","1","[]","[]","[]","[]","vertical","","","",""
"","","","","","horizons-trial","58","1389948","0.0-54.0","","","","","5","[42,45,23,23,43]","[33,38,37,37,33]","""2023-07-16T21:09:17.057Z""","[0,0,1,0]","1","0","0","40","42","40","42","2","0","0","[""arrowleft"",""arrowleft"",""arrowright"",""arrowleft"",""arrowleft""]","[606,324,487,673,1144]","[42,45,37,23,43]","[42,45,37,0,43]","[[50,86.3414]]","[]","[]","[]","1","[]","[]","[]","[]","vertical","","","",""
"","","","","","horizons-trial","59","1405170","0.0-55.0","","","","","10","[62,61,67,70,76,75,65,63,72,76]","[36,41,46,36,42,39,31,25,46,30]","""2023-07-16T21:09:32.279Z""","[1,1,0,0]","0","1","1","40","70","70","40","30","0","0","[""arrowright"",""arrowright"",""arrowleft"",""arrowleft"",""arrowleft"",""arrowleft"",""arrowleft"",""arrowleft"",""arrowleft"",""arrowleft""]","[8425,477,469,391,707,548,280,196,172,178]","[36,41,67,70,76,75,65,63,72,76]","[0,0,67,70,76,75,65,63,72,76]","[[77.5622,74.7672]]","[]","[]","[]","1","[]","[]","[]","[]","vertical","","","",""
"","","","","","horizons-trial","60","1414441","0.0-56.0","","","","","5","[48,33,57,54,50]","[37,19,41,35,40]","""2023-07-16T21:09:41.550Z""","[1,0,1,0]","0","1","0","40","52","52","40","12","0","0","[""arrowright"",""arrowleft"",""arrowright"",""arrowleft"",""arrowleft""]","[479,332,466,378,504]","[37,33,41,54,50]","[0,33,0,54,50]","[[50,78.8182]]","[]","[]","[]","1","[]","[]","[]","[]","vertical","","","",""
"","","","","","horizons-trial","61","1430537","0.0-57.0","","","","","10","[42,44,55,39,54,41,42,33,29,45]","[77,76,51,61,61,62,70,68,71,67]","""2023-07-16T21:09:57.645Z""","[1,0,1,0]","0","0","1","40","70","40","70","30","0","0","[""arrowright"",""arrowleft"",""arrowright"",""arrowleft"",""arrowright"",""arrowright"",""arrowright"",""arrowright"",""arrowright"",""arrowright""]","[500,348,364,395,317,661,333,298,299,319]","[77,44,51,39,61,62,70,68,71,67]","[77,0,0,0,61,62,70,68,71,67]","[[81.4599,70.4268]]","[]","[]","[]","1","[]","[]","[]","[]","vertical","","","",""
"","","","","","horizons-trial","62","1436341","0.0-58.0","","","","","5","[22,38,45,35,46]","[70,62,58,50,44]","""2023-07-16T21:10:03.450Z""","[1,0,1,0]","0","1","0","60","40","40","60","20","0","0","[""arrowright"",""arrowleft"",""arrowright"",""arrowleft"",""arrowright""]","[527,312,542,415,312]","[70,38,58,35,44]","[70,0,58,0,0]","[[50,86.0521]]","[]","[]","[]","1","[]","[]","[]","[]","vertical","","","",""
"","","","","","horizons-trial","63","1450335","0.0-59.0","","","","","5","[57,66,66,51,48]","[59,55,58,50,51]","""2023-07-16T21:10:17.444Z""","[0,1,1,1]","1","0","0","60","52","60","52","8","0","0","[""arrowleft"",""arrowright"",""arrowright"",""arrowright"",""arrowleft""]","[588,370,286,369,7003]","[57,55,58,50,48]","[0,0,0,0,0]","[[50,60.0099]]","[]","[]","[]","1","[]","[]","[]","[]","vertical","","","",""
"","","","","","horizons-trial","64","1460173","0.0-60.0","","","","","10","[60,52,57,66,47,48,47,56,66,53]","[53,65,71,66,52,55,54,56,65,73]","""2023-07-16T21:10:27.282Z""","[0,0,0,1]","1","1","1","60","52","52","60","8","0","0","[""arrowleft"",""arrowleft"",""arrowleft"",""arrowright"",""arrowleft"",""arrowright"",""arrowright"",""arrowright"",""arrowright"",""arrowright""]","[1111,439,359,478,631,1801,229,175,153,166]","[60,52,57,66,47,55,54,56,65,73]","[60,0,0,66,0,55,54,56,0,73]","[[34.4093,52.776]]","[]","[]","[]","1","[]","[]","[]","[]","vertical","","","",""
"","","","","","horizons-trial","65","1473629","0.0-61.0","","","","","10","[42,48,51,52,36,48,35,39,39,51]","[36,43,48,40,44,36,41,32,30,36]","""2023-07-16T21:10:40.738Z""","[0,1,0,0]","1","1","1","40","44","44","40","4","0","0","[""arrowleft"",""arrowright"",""arrowleft"",""arrowleft"",""arrowleft"",""arrowleft"",""arrowleft"",""arrowleft"",""arrowleft"",""arrowleft""]","[689,420,569,480,1042,646,738,430,351,385]","[42,43,51,52,36,48,35,39,39,51]","[42,0,51,52,0,48,0,39,39,51]","[[75.0566,62.9035]]","[]","[]","[]","1","[]","[]","[]","[]","vertical","","","",""
"","","","","","horizons-trial","66","1483467","0.0-62.0","","","","","5","[54,44,47,45,29]","[76,50,61,47,34]","""2023-07-16T21:10:50.575Z""","[0,1,1,1]","1","0","0","40","52","40","52","12","0","0","[""arrowleft"",""arrowright"",""arrowright"",""arrowright"",""arrowright""]","[740,454,373,407,1787]","[54,50,61,47,34]","[0,50,61,47,34]","[[50,82.8692]]","[]","[]","[]","1","[]","[]","[]","[]","vertical","","","",""
"","","","","","horizons-trial","67","1488612","0.0-63.0","","","","","5","[65,68,66,75,74]","[48,45,43,24,40]","""2023-07-16T21:10:55.721Z""","[0,1,1,0]","0","1","0","40","70","70","40","30","0","0","[""arrowleft"",""arrowright"",""arrowright"",""arrowleft"",""arrowleft""]","[537,377,286,541,393]","[65,45,43,75,74]","[65,0,0,75,74]","[[50,92.7073]]","[]","[]","[]","1","[]","[]","[]","[]","vertical","","","",""
"","","","","","horizons-trial","68","1500207","0.0-64.0","","","","","10","[23,53,35,49,51,36,39,54,39,45]","[62,65,57,62,57,57,45,64,64,55]","""2023-07-16T21:11:07.315Z""","[0,0,1,1]","0","0","1","40","60","40","60","20","0","0","[""arrowleft"",""arrowleft"",""arrowright"",""arrowright"",""arrowright"",""arrowright"",""arrowright"",""arrowright"",""arrowright"",""arrowright""]","[778,347,993,396,1031,598,299,206,185,429]","[23,53,57,62,57,57,45,64,64,55]","[0,0,57,62,57,57,45,64,64,55]","[[72.2725,66.0864]]","[]","[]","[]","1","[]","[]","[]","[]","vertical","","","",""
"","","","","","horizons-trial","69","1511033","0.0-65.0","","","","","10","[49,32,30,57,41,43,38,49,34,39]","[38,42,50,22,44,45,37,36,49,37]","""2023-07-16T21:11:18.142Z""","[1,0,0,0]","1","0","1","40","41","40","41","1","0","0","[""arrowright"",""arrowleft"",""arrowleft"",""arrowleft"",""arrowright"",""arrowleft"",""arrowright"",""arrowleft"",""arrowleft"",""arrowleft""]","[534,394,401,378,441,1306,704,680,319,194]","[38,32,30,57,44,43,37,49,34,39]","[0,0,0,57,44,0,0,49,0,39]","[[39.4206,52.776]]","[]","[]","[]","1","[]","[]","[]","[]","vertical","","","",""
"","","","","","horizons-trial","70","1517728","0.0-66.0","","","","","10","[35,31,30,37,36,35,38,33,41,46]","[45,47,41,43,46,42,53,60,48,68]","""2023-07-16T21:11:24.837Z""","[1,0,0,0]","1","0","1","40","52","40","52","12","0","0","[""arrowright"",""arrowleft"",""arrowleft"",""arrowleft"",""arrowright"",""arrowright"",""arrowright"",""arrowright"",""arrowright"",""arrowright""]","[417,423,350,292,441,426,207,180,173,158]","[45,31,30,37,46,42,53,60,48,68]","[45,0,0,0,46,42,53,60,48,68]","[[68.3748,63.1929]]","[]","[]","[]","1","[]","[]","[]","[]","vertical","","","",""
"","","","","","horizons-trial","71","1527027","0.0-67.0","","","","","10","[65,76,55,50,57,64,54,59,50,44]","[52,42,55,48,48,30,57,58,36,46]","""2023-07-16T21:11:34.136Z""","[1,1,1,0]","1","0","1","60","48","60","48","12","0","0","[""arrowright"",""arrowright"",""arrowright"",""arrowleft"",""arrowright"",""arrowright"",""arrowright"",""arrowright"",""arrowright"",""arrowright""]","[517,532,206,498,321,474,199,161,163,156]","[52,42,55,50,48,30,57,58,36,46]","[0,0,55,50,0,0,57,0,0,46]","[[73.9429,65.5077]]","[]","[]","[]","1","[]","[]","[]","[]","vertical","","","",""
"","","","","","horizons-trial","72","1579855","0.0-68.0","","","","","10","[52,75,50,71,54,63,62,56,68,64]","[65,51,41,74,53,43,47,45,73,63]","""2023-07-16T21:12:26.964Z""","[0,1,0,0]","1","0","1","60","59","60","59","1","0","0","[""arrowleft"",""arrowright"",""arrowleft"",""arrowleft"",""arrowleft"",""arrowleft"",""arrowleft"",""arrowleft"",""arrowleft"",""arrowleft""]","[486,396,462,333,1144,899,291,210,157,187]","[52,51,50,71,54,63,62,56,68,64]","[0,0,50,0,54,63,62,56,0,64]","[[73.6645,73.8991]]","[]","[]","[]","1","[]","[]","[]","[]","vertical","","","",""
"","","","","","horizons-trial","73","1586097","0.0-69.0","","","","","5","[39,36,38,43,48]","[32,33,56,47,50]","""2023-07-16T21:12:33.206Z""","[1,0,1,1]","1","0","0","40","41","40","41","1","0","0","[""arrowright"",""arrowleft"",""arrowright"",""arrowright"",""arrowright""]","[565,514,513,233,888]","[32,36,56,47,50]","[0,36,56,47,50]","[[50,82.2904]]","[]","[]","[]","1","[]","[]","[]","[]","vertical","","","",""
"","","","","","horizons-trial","74","1598363","0.0-70.0","","","","","10","[65,44,58,63,63,62,63,61,65,66]","[65,61,47,53,53,58,51,51,60,59]","""2023-07-16T21:12:45.472Z""","[1,1,1,0]","1","0","1","60","58","60","58","2","0","0","[""arrowright"",""arrowright"",""arrowright"",""arrowleft"",""arrowleft"",""arrowleft"",""arrowleft"",""arrowleft"",""arrowleft"",""arrowleft""]","[467,354,295,575,1615,694,505,223,199,422]","[65,61,47,63,63,62,63,61,65,66]","[65,61,0,63,63,62,63,61,65,66]","[[53.3409,57.4057]]","[]","[]","[]","1","[]","[]","[]","[]","vertical","","","",""
"","","","","","horizons-trial","75","1605555","0.0-71.0","","","","","5","[47,53,51,56,53]","[41,43,34,51,36]","""2023-07-16T21:12:52.663Z""","[0,0,1,1]","0","1","0","40","48","48","40","8","0","0","[""arrowleft"",""arrowleft"",""arrowright"",""arrowright"",""arrowleft""]","[576,342,538,361,948]","[47,53,34,51,53]","[47,53,0,0,53]","[[50,81.133]]","[]","[]","[]","1","[]","[]","[]","[]","vertical","","","",""
"","","","","","horizons-trial","76","1614083","0.0-72.0","","","","","5","[25,45,50,30,40]","[56,49,31,47,54]","""2023-07-16T21:13:01.191Z""","[1,0,0,1]","0","0","0","40","48","40","48","8","0","0","[""arrowright"",""arrowleft"",""arrowleft"",""arrowright"",""arrowright""]","[460,670,390,614,410]","[56,45,50,47,54]","[56,0,50,47,54]","[[50,86.6308]]","[]","[]","[]","1","[]","[]","[]","[]","vertical","","","",""
"","","","","","horizons-trial","77","1632043","0.0-73.0","","","","","10","[57,60,62,53,54,53,64,42,54,55]","[26,27,40,25,27,18,42,30,21,36]","""2023-07-16T21:13:19.152Z""","[1,0,0,0]","1","0","1","60","30","60","30","30","0","0","[""arrowright"",""arrowleft"",""arrowleft"",""arrowleft"",""arrowleft"",""arrowleft"",""arrowleft"",""arrowleft"",""arrowleft"",""arrowleft""]","[559,435,340,399,245,442,242,170,172,189]","[26,60,62,53,54,53,64,42,54,55]","[0,60,62,53,54,53,64,42,54,55]","[[80.3463,88.0776]]","[]","[]","[]","1","[]","[]","[]","[]","vertical","","","",""
"","","","","","horizons-trial","78","1639472","0.0-74.0","","","","","5","[40,51,46,42,44]","[28,38,47,57,46]","""2023-07-16T21:13:26.581Z""","[1,0,0,1]","0","1","0","40","44","44","40","4","0","0","[""arrowright"",""arrowleft"",""arrowleft"",""arrowright"",""arrowleft""]","[519,600,324,681,343]","[28,51,46,57,44]","[0,51,0,57,0]","[[50,87.7882]]","[]","[]","[]","1","[]","[]","[]","[]","vertical","","","",""
"","","","","","horizons-trial","79","1645817","0.0-75.0","","","","","5","[52,60,68,63,53]","[67,53,55,50,56]","""2023-07-16T21:13:32.926Z""","[1,0,0,0]","1","1","0","60","58","58","60","2","0","0","[""arrowright"",""arrowleft"",""arrowleft"",""arrowleft"",""arrowleft""]","[894,568,525,434,1781]","[67,60,68,63,53]","[67,60,68,63,0]","[[50,85.7627]]","[]","[]","[]","1","[]","[]","[]","[]","vertical","","","",""
"","","","","","horizons-trial","80","1650406","0.0-76.0","","","","","5","[38,35,42,41,44]","[55,63,44,62,46]","""2023-07-16T21:13:37.515Z""","[1,0,1,1]","1","0","0","40","60","40","60","20","0","0","[""arrowright"",""arrowleft"",""arrowright"",""arrowright"",""arrowright""]","[478,388,441,306,520]","[55,35,44,62,46]","[55,0,44,62,46]","[[50,82.8692]]","[]","[]","[]","1","[]","[]","[]","[]","vertical","","","",""
"","","","","","horizons-trial","81","1664865","0.0-77.0","","","","","10","[71,62,62,52,49,63,60,74,60,54]","[62,59,52,57,65,61,62,55,71,52]","""2023-07-16T21:13:51.974Z""","[1,1,0,0]","0","1","1","60","58","58","60","2","0","0","[""arrowright"",""arrowright"",""arrowleft"",""arrowleft"",""arrowleft"",""arrowleft"",""arrowleft"",""arrowleft"",""arrowleft"",""arrowleft""]","[567,268,670,323,3426,744,486,382,2404,496]","[62,59,62,52,49,63,60,74,60,54]","[0,0,62,0,0,63,0,74,0,54]","[[74.2213,75.3459]]","[]","[]","[]","1","[]","[]","[]","[]","vertical","","","",""
"","","","","","horizons-trial","82","1671073","0.0-78.0","","","","","5","[41,37,29,35,25]","[63,69,57,64,57]","""2023-07-16T21:13:58.181Z""","[0,0,1,1]","0","0","0","40","60","40","60","20","0","0","[""arrowleft"",""arrowleft"",""arrowright"",""arrowright"",""arrowright""]","[570,328,535,434,472]","[41,37,57,64,57]","[0,0,57,64,57]","[[50,86.6308]]","[]","[]","[]","1","[]","[]","[]","[]","vertical","","","",""
"","","","","","horizons-trial","83","1677784","0.0-79.0","","","","","5","[32,26,47,28,33]","[59,57,55,54,43]","""2023-07-16T21:14:04.893Z""","[0,1,0,1]","0","0","0","40","52","40","52","12","0","0","[""arrowleft"",""arrowright"",""arrowleft"",""arrowright"",""arrowright""]","[657,393,522,340,271]","[32,57,47,54,43]","[0,57,0,54,43]","[[50,86.3414]]","[]","[]","[]","1","[]","[]","[]","[]","vertical","","","",""
"","","","","","horizons-trial","84","1688123","0.0-80.0","","","","","10","[28,51,54,33,39,37,39,43,26,43]","[64,54,49,64,69,58,55,52,60,72]","""2023-07-16T21:14:15.232Z""","[1,0,0,1]","0","1","1","60","40","40","60","20","0","0","[""arrowright"",""arrowleft"",""arrowleft"",""arrowright"",""arrowright"",""arrowright"",""arrowright"",""arrowright"",""arrowright"",""arrowright""]","[721,381,346,418,375,419,231,185,168,162]","[64,51,54,64,69,58,55,52,60,72]","[64,0,54,64,69,58,55,52,60,72]","[[79.2326,66.9545]]","[]","[]","[]","1","[]","[]","[]","[]","vertical","","","",""
"","","","","","horizons-trial","85","1698208","0.0-81.0","","","","","10","[53,62,67,59,66,56,58,64,68,60]","[41,42,45,37,48,46,60,44,57,47]","""2023-07-16T21:14:25.317Z""","[1,1,0,1]","1","0","1","60","40","60","40","20","0","0","[""arrowright"",""arrowright"",""arrowleft"",""arrowright"",""arrowright"",""arrowleft"",""arrowleft"",""arrowleft"",""arrowleft"",""arrowleft""]","[340,362,512,419,314,736,483,203,196,166]","[41,42,67,37,48,56,58,64,68,60]","[0,0,67,0,0,56,0,64,68,60]","[[20.7674,33.6785]]","[]","[]","[]","1","[]","[]","[]","[]","vertical","","","",""
"","","","","","horizons-trial","86","1707286","0.0-82.0","","","","","10","[53,31,38,49,42,41,35,40,53,43]","[52,43,51,47,49,45,35,38,32,28]","""2023-07-16T21:14:34.395Z""","[0,1,1,1]","1","1","1","40","41","41","40","1","0","0","[""arrowleft"",""arrowright"",""arrowright"",""arrowright"",""arrowleft"",""arrowleft"",""arrowleft"",""arrowleft"",""arrowright"",""arrowleft""]","[697,548,359,181,464,483,140,201,794,656]","[53,43,51,47,42,41,35,40,32,43]","[53,43,51,0,0,0,35,40,0,43]","[[50,54.2228]]","[]","[]","[]","1","[]","[]","[]","[]","vertical","","","",""
"","","","","","horizons-trial","87","1713573","0.0-83.0","","","","","5","[30,41,40,35,47]","[39,45,32,52,27]","""2023-07-16T21:14:40.682Z""","[1,0,0,1]","0","0","0","40","42","40","42","2","0","0","[""arrowright"",""arrowleft"",""arrowleft"",""arrowright"",""arrowleft""]","[450,518,340,437,418]","[39,41,40,52,47]","[39,0,40,52,47]","[[50,46.9889]]","[]","[]","[]","1","[]","[]","[]","[]","vertical","","","",""
"","","","","","horizons-trial","88","1721922","0.0-84.0","","","","","10","[60,51,43,53,54,54,49,55,48,49]","[59,52,56,52,61,54,75,55,59,53]","""2023-07-16T21:14:49.031Z""","[1,1,1,0]","1","1","1","60","48","48","60","12","0","0","[""arrowright"",""arrowright"",""arrowright"",""arrowleft"",""arrowleft"",""arrowright"",""arrowleft"",""arrowright"",""arrowright"",""arrowright""]","[476,337,332,477,624,866,548,494,435,159]","[59,52,56,53,54,54,49,55,59,53]","[0,52,56,53,0,54,0,55,59,53]","[[50.2784,50.4612]]","[]","[]","[]","1","[]","[]","[]","[]","vertical","","","",""
"","","","","","horizons-trial","89","1728344","0.0-85.0","","","","","5","[61,44,53,49,59]","[53,57,54,50,53]","""2023-07-16T21:14:55.452Z""","[1,0,1,1]","1","0","0","60","56","60","56","4","0","0","[""arrowright"",""arrowleft"",""arrowright"",""arrowright"",""arrowright""]","[505,621,376,480,508]","[53,44,54,50,53]","[0,0,54,50,0]","[[50,83.7372]]","[]","[]","[]","1","[]","[]","[]","[]","vertical","","","",""
"","","","","","horizons-trial","90","1735502","0.0-86.0","","","","","5","[54,61,63,58,56]","[64,59,33,54,50]","""2023-07-16T21:15:02.611Z""","[0,1,0,1]","0","0","0","60","58","60","58","2","0","0","[""arrowleft"",""arrowright"",""arrowleft"",""arrowright"",""arrowleft""]","[1244,455,481,415,963]","[54,59,63,54,56]","[0,0,63,0,56]","[[50,70.7162]]","[]","[]","[]","1","[]","[]","[]","[]","vertical","","","",""
"","","","","","horizons-trial","91","1741138","0.0-87.0","","","","","5","[58,41,50,46,42]","[39,46,27,39,44]","""2023-07-16T21:15:08.247Z""","[0,1,1,0]","0","1","0","40","42","42","40","2","0","0","[""arrowleft"",""arrowright"",""arrowright"",""arrowleft"",""arrowleft""]","[603,370,242,507,514]","[58,46,27,46,42]","[58,46,0,46,0]","[[50,91.54987]]","[]","[]","[]","1","[]","[]","[]","[]","vertical","","","",""
"","","","","","horizons-trial","92","1746008","0.0-88.0","","","","","5","[50,43,43,40,29]","[36,41,34,32,34]","""2023-07-16T21:15:13.117Z""","[0,1,1,1]","1","0","0","40","44","40","44","4","0","0","[""arrowleft"",""arrowright"",""arrowright"",""arrowright"",""arrowleft""]","[531,382,333,361,488]","[50,41,34,32,29]","[50,0,0,0,0]","[[50,74.7672]]","[]","[]","[]","1","[]","[]","[]","[]","vertical","","","",""
"","","","","","horizons-trial","93","1752912","0.0-89.0","","","","","10","[68,51,74,65,61,55,60,57,53,49]","[43,57,62,47,61,58,55,62,49,75]","""2023-07-16T21:15:20.020Z""","[0,1,1,0]","0","0","1","60","58","60","58","2","0","0","[""arrowleft"",""arrowright"",""arrowright"",""arrowleft"",""arrowleft"",""arrowleft"",""arrowleft"",""arrowleft"",""arrowleft"",""arrowleft""]","[648,399,301,497,556,546,249,183,196,183]","[68,57,62,65,61,55,60,57,53,49]","[68,57,0,65,61,0,60,0,53,0]","[[74.4997,68.11189999999999]]","[]","[]","[]","1","[]","[]","[]","[]","vertical","","","",""
"","","","","","horizons-trial","94","1760562","0.0-90.0","","","","","10","[67,59,53,54,43,64,71,63,57,48]","[59,46,40,55,52,52,53,65,53,57]","""2023-07-16T21:15:27.670Z""","[1,0,0,1]","0","0","1","60","52","60","52","8","0","0","[""arrowright"",""arrowleft"",""arrowleft"",""arrowright"",""arrowright"",""arrowleft"",""arrowleft"",""arrowleft"",""arrowleft"",""arrowleft""]","[515,411,391,443,449,559,258,212,163,184]","[59,59,53,55,52,64,71,63,57,48]","[0,59,53,55,52,64,71,0,57,0]","[[50.2784,56.2483]]","[]","[]","[]","1","[]","[]","[]","[]","vertical","","","",""
"","","","","","horizons-trial","95","1767962","0.0-91.0","","","","","10","[42,50,28,39,46,29,45,36,29,57]","[61,63,53,56,66,61,63,46,57,60]","""2023-07-16T21:15:35.071Z""","[1,0,0,0]","1","0","1","40","60","40","60","20","0","0","[""arrowright"",""arrowleft"",""arrowleft"",""arrowleft"",""arrowleft"",""arrowright"",""arrowright"",""arrowright"",""arrowright"",""arrowright""]","[511,433,328,347,485,370,259,188,158,149]","[61,50,28,39,46,61,63,46,57,60]","[61,0,0,0,0,61,63,46,57,60]","[[32.182,43.5166]]","[]","[]","[]","1","[]","[]","[]","[]","vertical","","","",""
"","","","","","horizons-trial","96","1778758","0.0-92.0","","","","","10","[33,16,11,36,18,34,30,14,38,20]","[67,66,56,53,52,63,48,48,57,70]","""2023-07-16T21:15:45.866Z""","[1,1,0,0]","0","1","1","60","30","30","60","30","0","0","[""arrowright"",""arrowright"",""arrowleft"",""arrowleft"",""arrowright"",""arrowright"",""arrowright"",""arrowright"",""arrowright"",""arrowright""]","[462,339,588,759,447,424,201,178,162,165]","[67,66,11,36,52,63,48,48,57,70]","[67,66,0,0,52,63,48,48,57,70]","[[95.937,99.9412243]]","[]","[]","[]","1","[]","[]","[]","[]","vertical","","","",""
"","","","","","horizons-trial","97","1785619","0.0-93.0","","","","","10","[35,39,27,35,48,33,47,50,31,32]","[41,41,34,36,39,36,37,44,22,50]","""2023-07-16T21:15:52.728Z""","[1,0,0,1]","0","0","1","40","41","40","41","1","0","0","[""arrowright"",""arrowleft"",""arrowleft"",""arrowright"",""arrowright"",""arrowright"",""arrowright"",""arrowright"",""arrowright"",""arrowright""]","[451,629,335,435,327,381,196,175,160,145]","[41,39,27,36,39,36,37,44,22,50]","[41,0,0,36,0,36,0,0,0,50]","[[60.0226,57.4057]]","[]","[]","[]","1","[]","[]","[]","[]","vertical","","","",""
"","","","","","horizons-trial","98","1795317","0.0-94.0","","","","","5","[39,47,29,45,45]","[44,29,45,49,38]","""2023-07-16T21:16:02.426Z""","[0,1,0,0]","1","1","0","40","41","41","40","1","0","0","[""arrowleft"",""arrowright"",""arrowleft"",""arrowleft"",""arrowleft""]","[1061,487,340,584,1397]","[39,29,29,45,45]","[0,0,0,0,45]","[[50,53.3547]]","[]","[]","[]","1","[]","[]","[]","[]","vertical","","","",""
"","","","","","horizons-trial","99","1799407","0.0-95.0","","","","","5","[49,71,68,46,56]","[68,60,45,64,60]","""2023-07-16T21:16:06.516Z""","[0,0,1,0]","1","1","0","60","59","59","60","1","0","0","[""arrowleft"",""arrowleft"",""arrowright"",""arrowleft"",""arrowleft""]","[571,359,390,346,254]","[49,71,45,46,56]","[0,71,0,0,0]","[[50,76.2139]]","[]","[]","[]","1","[]","[]","[]","[]","vertical","","","",""
"","","","","","horizons-trial","100","1806787","0.0-96.0","","","","","5","[46,46,48,35,47]","[41,28,44,49,40]","""2023-07-16T21:16:13.896Z""","[0,1,0,1]","0","1","0","40","41","41","40","1","0","0","[""arrowleft"",""arrowright"",""arrowleft"",""arrowright"",""arrowleft""]","[481,300,641,559,915]","[46,28,48,49,47]","[46,0,48,49,47]","[[50,83.1585]]","[]","[]","[]","1","[]","[]","[]","[]","vertical","","","",""
"","","","","","horizons-trial","101","1811605","0.0-97.0","","","","","5","[48,40,46,33,41]","[61,59,54,48,48]","""2023-07-16T21:16:18.714Z""","[1,1,0,1]","1","1","0","60","48","48","60","12","0","0","[""arrowright"",""arrowright"",""arrowleft"",""arrowright"",""arrowright""]","[509,389,498,382,202]","[61,59,46,48,48]","[61,59,0,48,48]","[[50,82.00110000000001]]","[]","[]","[]","1","[]","[]","[]","[]","vertical","","","",""
"","","","","","horizons-trial","102","1820225","0.0-98.0","","","","","10","[53,47,56,44,46,60,60,46,41,34]","[35,44,39,46,44,42,42,37,36,52]","""2023-07-16T21:16:27.334Z""","[0,1,0,1]","0","1","1","40","52","52","40","12","0","0","[""arrowleft"",""arrowright"",""arrowleft"",""arrowright"",""arrowleft"",""arrowleft"",""arrowleft"",""arrowleft"",""arrowleft"",""arrowleft""]","[850,391,459,686,1091,572,250,197,187,172]","[53,44,56,46,46,60,60,46,41,34]","[53,0,56,46,46,60,60,46,41,0]","[[71.9941,65.2184]]","[]","[]","[]","1","[]","[]","[]","[]","vertical","","","",""
"","","","","","horizons-trial","103","1826212","0.0-99.0","","","","","5","[55,61,64,66,58]","[45,53,37,48,35]","""2023-07-16T21:16:33.321Z""","[0,1,1,0]","0","0","0","60","48","60","48","12","0","0","[""arrowleft"",""arrowright"",""arrowright"",""arrowleft"",""arrowleft""]","[651,403,501,459,221]","[55,53,37,66,58]","[55,0,0,66,58]","[[50,84.0266]]","[]","[]","[]","1","[]","[]","[]","[]","vertical","","","",""
"","","","","","horizons-trial","104","1854104","0.0-100.0","","","","","10","[47,60,60,55,60,47,41,71,64,48]","[70,58,49,62,59,65,63,66,55,68]","""2023-07-16T21:17:01.213Z""","[0,0,1,0]","1","1","1","60","58","58","60","2","0","0","[""arrowleft"",""arrowleft"",""arrowright"",""arrowleft"",""arrowleft"",""arrowleft"",""arrowleft"",""arrowleft"",""arrowleft"",""arrowleft""]","[583,365,520,395,325,422,249,220,662,628]","[47,60,49,55,60,47,41,71,64,48]","[0,60,0,0,60,0,0,71,64,0]","[[70.6021,60.878]]","[]","[]","[]","1","[]","[]","[]","[]","vertical","","","",""
"","","","","","horizons-trial","105","1861549","0.0-101.0","","","","","10","[50,63,67,50,66,66,55,53,66,55]","[46,59,45,47,53,39,45,40,37,45]","""2023-07-16T21:17:08.658Z""","[1,0,0,1]","0","0","1","60","48","60","48","12","0","0","[""arrowright"",""arrowleft"",""arrowleft"",""arrowright"",""arrowleft"",""arrowleft"",""arrowleft"",""arrowleft"",""arrowleft"",""arrowleft""]","[530,537,340,578,480,495,201,173,165,171]","[46,63,67,47,66,66,55,53,66,55]","[0,63,67,0,66,66,55,53,66,55]","[[86.1928,79.9756]]","[]","[]","[]","1","[]","[]","[]","[]","vertical","","","",""
"","","","","","horizons-trial","106","1868397","0.0-102.0","","","","","10","[56,51,50,65,54,39,41,47,53,50]","[33,51,37,30,52,50,49,29,35,45]","""2023-07-16T21:17:15.506Z""","[1,0,0,0]","1","1","1","40","48","48","40","8","0","0","[""arrowright"",""arrowleft"",""arrowleft"",""arrowleft"",""arrowleft"",""arrowleft"",""arrowleft"",""arrowleft"",""arrowleft"",""arrowleft""]","[589,385,310,345,477,573,194,168,167,538]","[33,51,50,65,54,39,41,47,53,50]","[0,51,50,65,54,0,0,47,53,50]","[[80.3463,73.6097]]","[]","[]","[]","1","[]","[]","[]","[]","vertical","","","",""
"","","","","","horizons-trial","107","1946293","0.0-103.0","","","","","10","[63,61,57,75,46,73,55,45,52,55]","[43,49,36,46,43,55,38,39,42,35]","""2023-07-16T21:18:33.401Z""","[0,0,1,1]","0","1","1","40","60","60","40","20","0","0","[""arrowleft"",""arrowleft"",""arrowright"",""arrowright"",""arrowleft"",""arrowleft"",""arrowleft"",""arrowleft"",""arrowleft"",""arrowleft""]","[601,314,3459,449,562,64848,500,1381,576,309]","[63,61,36,46,46,73,55,45,52,55]","[63,61,0,0,46,73,55,45,52,55]","[[86.7496,84.6053]]","[]","[]","[]","1","[]","[]","[]","[]","vertical","","","",""
"","","","","","horizons-trial","108","1956835","0.0-104.0","","","","","10","[33,39,50,39,36,36,54,38,32,42]","[44,33,48,44,39,27,65,44,44,49]","""2023-07-16T21:18:43.943Z""","[0,1,0,0]","1","0","1","40","44","40","44","4","0","0","[""arrowleft"",""arrowright"",""arrowleft"",""arrowleft"",""arrowleft"",""arrowleft"",""arrowleft"",""arrowleft"",""arrowleft"",""arrowleft""]","[576,339,449,287,194,410,196,1740,317,327]","[33,33,50,39,36,36,54,38,32,42]","[0,0,50,0,0,36,0,0,0,0]","[[60.8578,62.9035]]","[]","[]","[]","1","[]","[]","[]","[]","vertical","","","",""
"","","","","","horizons-trial","109","1962144","0.0-105.0","","","","","5","[53,47,64,61,49]","[40,43,49,46,40]","""2023-07-16T21:18:49.253Z""","[1,0,1,1]","1","0","0","60","48","60","48","12","0","0","[""arrowright"",""arrowleft"",""arrowright"",""arrowright"",""arrowright""]","[555,291,213,299,621]","[40,47,49,46,40]","[0,47,0,0,0]","[[50,80.5543]]","[]","[]","[]","1","[]","[]","[]","[]","vertical","","","",""
"","","","","","horizons-trial","110","1966528","0.0-106.0","","","","","5","[38,27,30,30,39]","[59,65,53,48,59]","""2023-07-16T21:18:53.637Z""","[0,0,1,1]","0","1","0","60","30","30","60","30","0","0","[""arrowleft"",""arrowleft"",""arrowright"",""arrowright"",""arrowright""]","[456,328,402,311,480]","[38,27,53,48,59]","[0,0,53,48,59]","[[50,87.4989]]","[]","[]","[]","1","[]","[]","[]","[]","vertical","","","",""
"","","","","","horizons-trial","111","1974388","0.0-107.0","","","","","10","[52,48,42,32,33,55,46,47,40,40]","[40,43,43,28,33,37,30,30,46,32]","""2023-07-16T21:19:01.496Z""","[0,0,1,1]","0","1","1","40","44","44","40","4","0","0","[""arrowleft"",""arrowleft"",""arrowright"",""arrowright"",""arrowleft"",""arrowleft"",""arrowright"",""arrowleft"",""arrowleft"",""arrowleft""]","[814,351,419,386,433,390,482,489,209,162]","[52,48,43,28,33,55,30,47,40,40]","[52,48,43,0,33,55,0,47,0,40]","[[72.2725,67.5332]]","[]","[]","[]","1","[]","[]","[]","[]","vertical","","","",""
"","","","","","horizons-trial","112","1980015","0.0-108.0","","","","","5","[53,52,39,58,52]","[41,57,44,46,40]","""2023-07-16T21:19:07.124Z""","[1,1,0,1]","1","1","0","40","48","48","40","8","0","0","[""arrowright"",""arrowright"",""arrowleft"",""arrowright"",""arrowright""]","[431,471,843,311,345]","[41,57,39,46,40]","[0,57,0,0,0]","[[50,84.6053]]","[]","[]","[]","1","[]","[]","[]","[]","vertical","","","",""
"","","","","","horizons-trial","113","1987759","0.0-109.0","","","","","5","[35,47,53,67,56]","[57,67,62,49,55]","""2023-07-16T21:19:14.868Z""","[1,0,1,0]","0","1","0","60","58","58","60","2","0","0","[""arrowright"",""arrowleft"",""arrowright"",""arrowleft"",""arrowleft""]","[483,323,392,584,2520]","[57,47,62,67,56]","[57,0,62,67,56]","[[50,56.2483]]","[]","[]","[]","1","[]","[]","[]","[]","vertical","","","",""
"","","","","","horizons-trial","114","1994519","0.0-110.0","","","","","10","[71,60,60,77,70,69,88,75,68,77]","[44,23,46,26,45,41,35,29,49,55]","""2023-07-16T21:19:21.628Z""","[1,0,0,0]","1","1","1","40","70","70","40","30","0","0","[""arrowright"",""arrowleft"",""arrowleft"",""arrowleft"",""arrowleft"",""arrowleft"",""arrowleft"",""arrowleft"",""arrowleft"",""arrowleft""]","[580,406,311,407,442,401,192,152,169,157]","[44,60,60,77,70,69,88,75,68,77]","[0,60,60,77,70,69,88,75,68,77]","[[81.7383,77.95009999999999]]","[]","[]","[]","1","[]","[]","[]","[]","vertical","","","",""
"","","","","","horizons-trial","115","2006408","0.0-111.0","","","","","5","[70,58,55,44,67]","[71,71,60,60,61]","""2023-07-16T21:19:33.517Z""","[1,0,1,0]","0","1","0","60","59","59","60","1","0","0","[""arrowright"",""arrowleft"",""arrowright"",""arrowleft"",""arrowright""]","[844,526,489,417,1225]","[71,58,60,44,61]","[71,0,60,0,0]","[[50,81.133]]","[]","[]","[]","1","[]","[]","[]","[]","vertical","","","",""
"","","","","","horizons-trial","116","2011490","0.0-112.0","","","","","5","[36,24,21,27,20]","[50,60,50,54,63]","""2023-07-16T21:19:38.599Z""","[0,1,0,0]","1","1","0","60","30","30","60","30","0","0","[""arrowleft"",""arrowright"",""arrowleft"",""arrowleft"",""arrowright""]","[552,415,610,343,394]","[36,60,21,27,63]","[0,60,0,0,63]","[[50,81.71170000000001]]","[]","[]","[]","1","[]","[]","[]","[]","vertical","","","",""
"","","","","","horizons-trial","117","2016279","0.0-113.0","","","","","5","[70,65,64,59,65]","[39,29,46,43,24]","""2023-07-16T21:19:43.388Z""","[1,0,0,0]","1","1","0","40","70","70","40","30","0","0","[""arrowright"",""arrowleft"",""arrowleft"",""arrowleft"",""arrowleft""]","[417,266,371,628,252]","[39,65,64,59,65]","[0,65,64,59,65]","[[50,87.2095]]","[]","[]","[]","1","[]","[]","[]","[]","vertical","","","",""
"","","","","","horizons-trial","118","2024955","0.0-114.0","","","","","10","[37,38,32,38,41,55,31,46,51,39]","[50,32,55,43,52,53,41,43,40,33]","""2023-07-16T21:19:52.063Z""","[1,0,1,0]","0","0","1","40","48","40","48","8","0","0","[""arrowright"",""arrowleft"",""arrowright"",""arrowleft"",""arrowleft"",""arrowleft"",""arrowright"",""arrowleft"",""arrowright"",""arrowright""]","[549,470,511,430,630,569,353,778,452,382]","[50,38,55,38,41,55,41,46,40,33]","[50,38,55,0,0,55,41,46,0,0]","[[17.4265,44.0953]]","[]","[]","[]","1","[]","[]","[]","[]","vertical","","","",""
"","","","","","horizons-trial","119","2031320","0.0-115.0","","","","","10","[57,63,46,53,70,42,55,60,69,61]","[82,53,62,52,62,58,65,72,63,67]","""2023-07-16T21:19:58.429Z""","[0,1,0,1]","0","0","1","60","59","60","59","1","0","0","[""arrowleft"",""arrowright"",""arrowleft"",""arrowright"",""arrowright"",""arrowright"",""arrowright"",""arrowright"",""arrowright"",""arrowright""]","[549,353,442,464,307,467,199,171,178,176]","[57,53,46,52,62,58,65,72,63,67]","[0,0,0,0,0,58,65,72,0,67]","[[74.7781,61.7461]]","[]","[]","[]","1","[]","[]","[]","[]","vertical","","","",""
"","","","","","horizons-trial","120","2039803","0.0-116.0","","","","","10","[51,58,56,44,44,53,37,34,44,41]","[43,80,57,66,55,54,56,54,54,57]","""2023-07-16T21:20:06.911Z""","[1,1,0,0]","0","1","1","60","48","48","60","12","0","0","[""arrowright"",""arrowright"",""arrowleft"",""arrowleft"",""arrowright"",""arrowright"",""arrowright"",""arrowright"",""arrowright"",""arrowright""]","[524,660,419,567,442,303,368,194,210,261]","[43,80,56,44,55,54,56,54,54,57]","[0,80,0,0,55,54,56,54,54,57]","[[63.6419,60.5887]]","[]","[]","[]","1","[]","[]","[]","[]","vertical","","","",""
"","","","","","horizons-trial","121","2046960","0.0-117.0","","","","","5","[42,29,36,31,42]","[59,58,70,67,63]","""2023-07-16T21:20:14.069Z""","[0,0,0,1]","1","1","0","60","40","40","60","20","0","0","[""arrowleft"",""arrowleft"",""arrowleft"",""arrowright"",""arrowright""]","[651,349,423,434,252]","[42,29,36,67,63]","[0,0,0,67,63]","[[50,83.4479]]","[]","[]","[]","1","[]","[]","[]","[]","vertical","","","",""
"","","","","","horizons-trial","122","2053646","0.0-118.0","","","","","5","[55,42,44,53,37]","[43,30,43,36,38]","""2023-07-16T21:20:20.755Z""","[0,1,0,0]","1","1","0","40","44","44","40","4","0","0","[""arrowleft"",""arrowright"",""arrowleft"",""arrowleft"",""arrowright""]","[596,601,584,528,368]","[55,30,44,53,38]","[55,0,44,53,38]","[[50,48.1463]]","[]","[]","[]","1","[]","[]","[]","[]","vertical","","","",""
"","","","","","survey-html-form","123","2090345","0.0-119.0","36695","{""comments"":"" I rated my confidence on turn 5 based on the outcome of the previous turns ""}","","","","","","","","","","","","","","","","","","","","","","","","","","","","","","","","","","",""
"","","","","","survey-html-form","124","2251683","0.0-120.0","161339","{""comments"":""I would look at the outcome on the previous turns and from there I would try and predict by making a systematic guess on what I believed to be the better choice.""}","","","","","","","","","","","","","","","","","","","","","","","","","","","","","","","","","","",""
"","","","","","survey-html-form","125","2269133","0.0-121.0","17448","{""comments"":"" This was an interesting study, thank you for inviting me.""}","","","","","","","","","","","","","","","","","","","","","","","","","","","","","","","","","","","[{""event"":""fullscreenenter"",""trial"":2,""time"":6988}]"
