"success","timeout","failed_images","failed_audio","failed_video","trial_type","trial_index","time_elapsed","internal_node_id","rt","response","view_history","task","stimulus","question_order","horizon","rewards_L","rewards_R","date","forced_choices","r_info","r_side","r_h","r_mean","r_otherMean","r_mean_L","r_mean_R","r_difference","confidence_immediate_overall","confidence_question_order","key_presses","response_times","outcomes","outcomes_counted_points","confidence","confidence_rt","confidence_2","confidence_2_rt","screen_resolution","belief_confidence_1","belief_confidence_2","belief_confidence_3","belief_confidence_4","immediate_judgement_orientation","phase","responses","num_errors","interactions"
"true","false","[]","[]","[]","preload","0","787","0.0-0.0","","","","","","","","","","","","","","","","","","","","","","","","","","","","","","","","","","","","","","",""
"","","","","","survey-html-form","1","3112","0.0-1.0","2322","{""comments"":"" 571a428ec97ad400123ad82d""}","","","","","","","","","","","","","","","","","","","","","","","","","","","","","","","","","","","","",""
"true","","","","","fullscreen","2","6944","0.0-2.0","","","","","","","","","","","","","","","","","","","","","","","","","","","","","","","","","","","","","","",""
"","","","","","instructions","3","43751","0.0-3.0","36802","","[{""page_index"":0,""viewing_time"":8207},{""page_index"":1,""viewing_time"":13204},{""page_index"":2,""viewing_time"":3368},{""page_index"":3,""viewing_time"":5146},{""page_index"":4,""viewing_time"":5300},{""page_index"":5,""viewing_time"":1576}]","Consent","","","","","","","","","","","","","","","","","","","","","","","","","","","","","","","","","","",""
"","","","","","html-button-response","4","45436","0.0-4.0","1680","0","","","<p>Declaration of consent for study participation:</p>
            <ul>
                <li> I was informed about the study 'Metacognition in a bandit task', its course, meaning, scope and risks, and I have read and understood the study information.</li>
                <li> I had the opportunity to clarify all open questions. </li>
                <li> I have the right to request further information about the study at any time.</li>
                <li> I voluntarily agree to participate in the study described in the study information provided.</li>
                <li> I have been informed that I may withdraw from this study at any time without incurring any disadvantage.</li>
            </ul>","","","","","","","","","","","","","","","","","","","","","","","","","","","","","","","","","",""
"","","","","","survey-multi-choice","5","56566","0.0-5.0","11125","{""firstDataProtectionQ"":""yes"",""secondDataProtectionQ"":""yes"",""thirdDataProtectionQ"":""yes"",""fourthDataProtectionQ"":""yes""}","","","","[0,1,2,3]","","","","","","","","","","","","","","","","","","","","","","","","","","","","","","","","",""
"","","","","","instructions","6","176747","0.0-6.0-0.0","120174","","[{""page_index"":0,""viewing_time"":2351},{""page_index"":1,""viewing_time"":3576},{""page_index"":2,""viewing_time"":10300},{""page_index"":3,""viewing_time"":40976},{""page_index"":4,""viewing_time"":9576},{""page_index"":5,""viewing_time"":3169},{""page_index"":6,""viewing_time"":5161},{""page_index"":7,""viewing_time"":5684},{""page_index"":8,""viewing_time"":6064},{""page_index"":9,""viewing_time"":14170},{""page_index"":10,""viewing_time"":11834},{""page_index"":11,""viewing_time"":7314}]","","","","","","","","","","","","","","","","","","","","","","","","","","","","","","","","","","","",""
"","","","","","horizons-trial","7","216484","0.0-6.0-1.0","","","","","","","5","[44,57,74,72,62]","[31,33,24,39,29]","""2023-10-27T14:17:14.316Z""","[1,0,1,1]","","","","","","","","","0","","[""arrowright"",""arrowleft"",""arrowright"",""arrowright"",""arrowright""]","[2182,1120,586,739,3083]","[31,57,24,39,29]","[0,57,0,0,0]","[[83.0622,50]]","[27897]","[]","[]","1","[]","[]","[]","[]","horizontal","practice","","",""
"","","","","","horizons-trial","8","249489","0.0-6.0-2.0","","","","","","","10","[64,50,57,35,52,38,44,61,39,38]","[70,69,76,71,75,58,81,84,57,61]","""2023-10-27T14:17:47.321Z""","[0,0,1,1]","","","","","","","","","1","","[""arrowleft"",""arrowleft"",""arrowright"",""arrowright"",""arrowleft"",""arrowright"",""arrowleft"",""arrowleft"",""arrowleft"",""arrowleft""]","[1452,548,601,469,618,2862,19,7380,2332,820]","[64,50,76,71,52,58,44,61,39,38]","[0,0,76,71,0,58,0,0,0,0]","[[51.0552,49.8983]]","[14106]","[]","[]","1","[]","[]","[]","[]","horizontal","practice","","",""
"","","","","","instructions","9","277619","0.0-6.0-3.0","28115","","[{""page_index"":0,""viewing_time"":2486},{""page_index"":1,""viewing_time"":18552},{""page_index"":2,""viewing_time"":4626},{""page_index"":3,""viewing_time"":2450}]","","","","","","","","","","","","","","","","","","","","","","","","","","","","","","","","","","","",""
"","","","","","horizons-comprehension","10","300232","0.0-6.0-4.0","22606.700000047684","","","","","","","","","","","","","","","","","","","","","","","","","","","","","","","","","","","","[""true"",""true"",""false"",""true""]","0",""
"","","","","","instructions","11","302254","0.0-7.0","2004","","[{""page_index"":0,""viewing_time"":2003}]","","","","","","","","","","","","","","","","","","","","","","","","","","","","","","","","","","","",""
"","","","","","horizons-trial","12","325256","0.0-8.0","","","","","","","10","[59,70,67,63,67,59,75,52,53,58]","[44,49,41,36,46,48,50,35,56,42]","""2023-10-27T14:19:03.088Z""","[0,1,1,0]","0","0","1","60","40","60","40","20","0","0","[""arrowleft"",""arrowright"",""arrowright"",""arrowleft"",""arrowright"",""arrowright"",""arrowright"",""arrowright"",""arrowright"",""arrowright""]","[1429,813,844,1480,2601,2563,1464,1182,1137,516]","[59,49,41,63,46,48,50,35,56,42]","[59,0,0,63,0,0,0,0,56,0]","[[28.5447,31.993899999999996]]","[6940]","[]","[]","1","[]","[]","[]","[]","horizontal","","","",""
"","","","","","horizons-trial","13","344420","0.0-9.0","","","","","","","10","[56,49,58,60,53,75,60,61,69,64]","[30,43,57,51,64,42,49,47,42,41]","""2023-10-27T14:19:22.252Z""","[1,0,0,1]","0","0","1","60","48","60","48","12","0","0","[""arrowright"",""arrowleft"",""arrowleft"",""arrowright"",""arrowleft"",""arrowleft"",""arrowleft"",""arrowleft"",""arrowleft"",""arrowleft""]","[1187,1001,560,503,5030,1792,1360,469,1059,487]","[30,49,58,51,53,75,60,61,69,64]","[0,49,58,0,0,75,60,61,69,64]","[[26.0827,33.6216]]","[4126]","[]","[]","1","[]","[]","[]","[]","horizontal","","","",""
"","","","","","horizons-trial","14","360992","0.0-10.0","","","","","","","10","[27,38,31,41,31,61,26,50,43,43]","[33,44,43,42,46,35,50,39,51,45]","""2023-10-27T14:19:38.825Z""","[1,1,0,0]","0","0","1","40","44","40","44","4","0","0","[""arrowright"",""arrowright"",""arrowleft"",""arrowleft"",""arrowright"",""arrowright"",""arrowright"",""arrowright"",""arrowright"",""arrowright""]","[1287,936,622,489,2904,1092,883,756,701,508]","[33,44,31,41,46,35,50,39,51,45]","[33,44,0,0,46,0,50,0,51,45]","[[49.6483,53.1536]]","[5205]","[]","[]","1","[]","[]","[]","[]","horizontal","","","",""
"","","","","","horizons-trial","15","373918","0.0-11.0","","","","","","","10","[35,23,35,30,23,30,55,31,30,50]","[48,49,45,46,47,58,48,52,39,37]","""2023-10-27T14:19:51.750Z""","[1,1,1,0]","1","0","1","40","48","40","48","8","0","0","[""arrowright"",""arrowright"",""arrowright"",""arrowleft"",""arrowright"",""arrowright"",""arrowright"",""arrowright"",""arrowright"",""arrowright""]","[1205,538,484,716,2093,942,766,526,473,460]","[48,49,45,30,47,58,48,52,39,37]","[48,49,45,0,47,58,0,52,39,0]","[[76.7311,63.7335]]","[3566]","[]","[]","1","[]","[]","[]","[]","horizontal","","","",""
"","","","","","horizons-trial","16","384263","0.0-12.0","","","","","","","10","[47,50,44,56,48,48,56,51,36,43]","[46,49,58,64,62,58,42,53,52,57]","""2023-10-27T14:20:02.096Z""","[1,1,0,1]","1","1","1","60","48","48","60","12","0","0","[""arrowright"",""arrowright"",""arrowleft"",""arrowright"",""arrowright"",""arrowright"",""arrowright"",""arrowright"",""arrowright"",""arrowright""]","[1137,496,803,883,1194,930,427,394,350,362]","[46,49,44,64,62,58,42,53,52,57]","[0,0,0,64,62,58,0,53,52,57]","[[82.7105,70.6511]]","[2262]","[]","[]","1","[]","[]","[]","[]","horizontal","","","",""
"","","","","","horizons-trial","17","396692","0.0-13.0","","","","","","","10","[43,36,37,46,34,41,41,25,37,37]","[69,92,65,58,68,59,72,65,67,59]","""2023-10-27T14:20:14.524Z""","[1,0,1,0]","0","0","1","40","70","40","70","30","0","0","[""arrowright"",""arrowleft"",""arrowright"",""arrowleft"",""arrowright"",""arrowright"",""arrowright"",""arrowright"",""arrowright"",""arrowright""]","[1116,778,476,696,1787,1140,517,438,569,667]","[69,36,65,46,68,59,72,65,67,59]","[69,0,65,0,68,59,72,65,67,59]","[[52.4621,38.9115]]","[3242]","[]","[]","1","[]","[]","[]","[]","horizontal","","","",""
"","","","","","horizons-trial","18","411713","0.0-14.0","","","","","","","10","[67,78,76,73,68,76,55,68,69,74]","[36,37,44,27,35,46,48,44,31,52]","""2023-10-27T14:20:29.545Z""","[0,1,1,1]","1","1","1","40","70","70","40","30","0","0","[""arrowleft"",""arrowright"",""arrowright"",""arrowright"",""arrowright"",""arrowright"",""arrowright"",""arrowright"",""arrowright"",""arrowright""]","[1024,1124,682,698,2470,871,452,363,398,772]","[67,37,44,27,35,46,48,44,31,52]","[67,0,0,0,0,0,0,0,0,0]","[[47.8896,42.9807]]","[3104]","[]","[]","1","[]","[]","[]","[]","horizontal","","","",""
"","","","","","horizons-trial","19","421491","0.0-15.0","","","","","","","5","[73,52,66,68,57]","[62,56,48,49,49]","""2023-10-27T14:20:39.324Z""","[0,1,1,1]","1","0","0","60","48","60","48","12","0","0","[""arrowleft"",""arrowright"",""arrowright"",""arrowright"",""arrowright""]","[1418,448,489,597,1241]","[73,56,48,49,49]","[73,56,0,0,0]","[[79.545,50]]","[4258]","[]","[]","1","[]","[]","[]","[]","horizontal","","","",""
"","","","","","horizons-trial","20","435258","0.0-16.0","","","","","","","10","[46,39,25,25,40,73,30,27,37,27]","[25,30,54,32,36,22,34,43,32,33]","""2023-10-27T14:20:53.091Z""","[1,0,0,0]","1","1","1","40","42","42","40","2","0","0","[""arrowright"",""arrowleft"",""arrowleft"",""arrowleft"",""arrowright"",""arrowleft"",""arrowleft"",""arrowleft"",""arrowleft"",""arrowleft""]","[1051,689,975,412,452,1314,437,525,634,219]","[25,39,25,25,36,73,30,27,37,27]","[0,39,0,0,0,73,0,0,37,0]","[[22.9171,24.669399999999996]]","[6135]","[]","[]","1","[]","[]","[]","[]","horizontal","","","",""
"","","","","","horizons-trial","21","444377","0.0-17.0","","","","","","","5","[58,70,44,48,60]","[55,68,59,58,69]","""2023-10-27T14:21:02.210Z""","[1,1,1,0]","1","0","0","60","59","60","59","1","0","0","[""arrowright"",""arrowright"",""arrowright"",""arrowleft"",""arrowright""]","[1065,447,434,1165,718]","[55,68,59,48,69]","[0,0,59,0,69]","[[75.3242,50]]","[3504]","[]","[]","1","[]","[]","[]","[]","horizontal","","","",""
"","","","","","horizons-trial","22","454225","0.0-18.0","","","","","","","5","[48,42,26,58,43]","[39,44,43,39,33]","""2023-10-27T14:21:12.058Z""","[0,0,1,0]","1","1","0","40","41","41","40","1","0","0","[""arrowleft"",""arrowleft"",""arrowright"",""arrowleft"",""arrowleft""]","[1210,397,560,798,1086]","[48,42,43,58,43]","[48,0,43,58,43]","[[79.8967,50]]","[3953]","[]","[]","1","[]","[]","[]","[]","horizontal","","","",""
"","","","","","horizons-trial","23","464371","0.0-19.0","","","","","","","10","[35,41,44,32,44,37,25,41,36,34]","[53,54,55,55,45,50,54,67,61,62]","""2023-10-27T14:21:22.204Z""","[1,0,0,0]","1","0","1","40","60","40","60","20","0","0","[""arrowright"",""arrowleft"",""arrowleft"",""arrowleft"",""arrowleft"",""arrowleft"",""arrowleft"",""arrowleft"",""arrowleft"",""arrowleft""]","[1274,642,421,396,1522,759,457,397,386,532]","[53,41,44,32,44,37,25,41,36,34]","[53,0,0,0,0,0,0,0,0,0]","[[66.5311,68.2096]]","[2540]","[]","[]","1","[]","[]","[]","[]","horizontal","","","",""
"","","","","","horizons-trial","24","475624","0.0-20.0","","","","","","","5","[44,35,44,63,46]","[41,44,43,43,29]","""2023-10-27T14:21:33.457Z""","[0,1,0,1]","0","1","0","40","44","44","40","4","0","0","[""arrowleft"",""arrowright"",""arrowleft"",""arrowright"",""arrowleft""]","[1470,492,447,658,1103]","[44,44,44,43,46]","[44,44,44,0,46]","[[36.9862,50]]","[5699]","[]","[]","1","[]","[]","[]","[]","horizontal","","","",""
"","","","","","horizons-trial","25","486929","0.0-21.0","","","","","","","5","[60,59,60,55,60]","[51,42,55,49,57]","""2023-10-27T14:21:44.762Z""","[1,0,0,1]","0","0","0","60","52","60","52","8","0","0","[""arrowright"",""arrowleft"",""arrowleft"",""arrowright"",""arrowleft""]","[1152,539,559,459,4816]","[51,59,60,49,60]","[0,59,60,0,60]","[[59.8483,50]]","[2820]","[]","[]","1","[]","[]","[]","[]","horizontal","","","",""
"","","","","","horizons-trial","26","498082","0.0-22.0","","","","","","","10","[36,33,43,34,48,32,40,50,42,35]","[45,33,29,42,44,34,49,35,37,45]","""2023-10-27T14:21:55.914Z""","[1,1,0,1]","1","1","1","40","41","41","40","1","0","0","[""arrowright"",""arrowright"",""arrowleft"",""arrowright"",""arrowright"",""arrowright"",""arrowright"",""arrowright"",""arrowright"",""arrowright""]","[1127,642,617,619,1374,1314,450,393,379,338]","[45,33,43,42,44,34,49,35,37,45]","[45,33,43,42,0,34,49,0,0,45]","[[64.069,69.0234]]","[2483]","[]","[]","1","[]","[]","[]","[]","horizontal","","","",""
"","","","","","horizons-trial","27","516743","0.0-23.0","","","","","","","10","[52,64,39,52,56,42,45,38,48,42]","[37,38,30,48,32,30,42,28,28,25]","""2023-10-27T14:22:14.576Z""","[1,0,0,1]","0","1","1","40","52","52","40","12","0","0","[""arrowright"",""arrowleft"",""arrowleft"",""arrowright"",""arrowleft"",""arrowleft"",""arrowleft"",""arrowleft"",""arrowleft"",""arrowleft""]","[723,412,411,429,1959,1612,497,362,142,508]","[37,64,39,48,56,42,45,38,48,42]","[0,64,39,0,56,42,45,38,48,42]","[[13.7723,68.2096]]","[10136]","[]","[]","1","[]","[]","[]","[]","horizontal","","","",""
"","","","","","horizons-trial","28","524167","0.0-24.0","","","","","","","5","[27,51,38,47,48]","[42,53,66,44,46]","""2023-10-27T14:22:22.000Z""","[1,0,1,1]","1","0","0","40","52","40","52","12","0","0","[""arrowright"",""arrowleft"",""arrowright"",""arrowright"",""arrowright""]","[998,403,547,592,1042]","[42,51,66,44,46]","[42,0,66,0,0]","[[77.7863,50]]","[2887]","[]","[]","1","[]","[]","[]","[]","horizontal","","","",""
"","","","","","horizons-trial","29","531476","0.0-25.0","","","","","","","5","[41,52,49,52,47]","[49,56,59,60,58]","""2023-10-27T14:22:29.309Z""","[0,0,1,0]","1","1","0","60","52","52","60","8","0","0","[""arrowleft"",""arrowleft"",""arrowright"",""arrowleft"",""arrowleft""]","[873,468,464,481,1254]","[41,52,59,52,47]","[0,0,59,0,0]","[[89.0415,50]]","[2702]","[]","[]","1","[]","[]","[]","[]","horizontal","","","",""
"","","","","","horizons-trial","30","538675","0.0-26.0","","","","","","","5","[70,59,49,43,42]","[48,49,54,26,45]","""2023-10-27T14:22:36.508Z""","[0,0,1,1]","0","1","0","40","52","52","40","12","0","0","[""arrowleft"",""arrowleft"",""arrowright"",""arrowright"",""arrowleft""]","[940,367,453,582,835]","[70,59,54,26,42]","[70,59,54,0,0]","[[74.2691,50]]","[3090]","[]","[]","1","[]","[]","[]","[]","horizontal","","","",""
"","","","","","horizons-trial","31","549771","0.0-27.0","","","","","","","5","[52,54,58,55,42]","[63,55,58,60,61]","""2023-10-27T14:22:47.604Z""","[1,1,0,0]","0","1","0","60","48","48","60","12","0","0","[""arrowright"",""arrowright"",""arrowleft"",""arrowleft"",""arrowright""]","[980,669,466,708,998]","[63,55,58,55,61]","[63,55,58,0,61]","[[61.9587,50]]","[4797]","[]","[]","1","[]","[]","[]","[]","horizontal","","","",""
"","","","","","horizons-trial","32","560479","0.0-28.0","","","","","","","5","[71,58,61,56,69]","[52,48,32,35,41]","""2023-10-27T14:22:58.313Z""","[0,1,0,0]","1","0","0","60","40","60","40","20","0","0","[""arrowleft"",""arrowright"",""arrowleft"",""arrowleft"",""arrowleft""]","[1658,466,372,388,1326]","[71,48,61,56,69]","[71,0,61,56,69]","[[87.6346,50]]","[5139]","[]","[]","1","[]","[]","[]","[]","horizontal","","","",""
"","","","","","horizons-trial","33","574379","0.0-29.0","","","","","","","10","[50,48,69,56,55,57,67,55,59,64]","[61,58,59,50,57,72,50,61,61,73]","""2023-10-27T14:23:12.212Z""","[1,1,0,0]","0","1","1","60","59","59","60","1","0","0","[""arrowright"",""arrowright"",""arrowleft"",""arrowleft"",""arrowleft"",""arrowleft"",""arrowleft"",""arrowleft"",""arrowleft"",""arrowleft""]","[1115,413,466,394,2469,1012,1471,154,143,1277]","[61,58,69,56,55,57,67,55,59,64]","[61,58,69,56,0,0,67,0,0,0]","[[11.3102,44.2014]]","[3911]","[]","[]","1","[]","[]","[]","[]","horizontal","","","",""
"","","","","","horizons-trial","34","583987","0.0-30.0","","","","","","","5","[57,57,56,56,64]","[56,51,57,66,51]","""2023-10-27T14:23:21.820Z""","[0,0,0,1]","1","0","0","60","58","60","58","2","0","0","[""arrowleft"",""arrowleft"",""arrowleft"",""arrowright"",""arrowleft""]","[671,542,473,1902,743]","[57,57,56,66,64]","[57,57,0,66,64]","[[74.2691,50]]","[4164]","[]","[]","1","[]","[]","[]","[]","horizontal","","","",""
"","","","","","horizons-trial","35","591116","0.0-31.0","","","","","","","5","[63,49,51,39,57]","[43,65,52,54,67]","""2023-10-27T14:23:28.949Z""","[1,0,0,0]","1","1","0","60","59","59","60","1","0","0","[""arrowright"",""arrowleft"",""arrowleft"",""arrowleft"",""arrowleft""]","[1055,509,525,871,810]","[43,49,51,39,57]","[0,0,0,0,0]","[[74.9725,50]]","[2029]","[]","[]","1","[]","[]","[]","[]","horizontal","","","",""
"","","","","","horizons-trial","36","598998","0.0-32.0","","","","","","","5","[63,42,47,65,56]","[43,36,49,39,52]","""2023-10-27T14:23:36.831Z""","[0,0,1,1]","0","1","0","40","60","60","40","20","0","0","[""arrowleft"",""arrowleft"",""arrowright"",""arrowright"",""arrowleft""]","[1194,447,468,430,487]","[63,42,49,39,56]","[63,42,49,0,56]","[[70.4001,50]]","[3906]","[]","[]","1","[]","[]","[]","[]","horizontal","","","",""
"","","","","","horizons-trial","37","610731","0.0-33.0","","","","","","","10","[61,74,60,64,51,44,66,66,63,53]","[31,39,45,43,37,34,35,38,39,49]","""2023-10-27T14:23:48.564Z""","[0,0,1,0]","1","0","1","60","40","60","40","20","0","0","[""arrowleft"",""arrowleft"",""arrowright"",""arrowleft"",""arrowleft"",""arrowleft"",""arrowleft"",""arrowleft"",""arrowleft"",""arrowleft""]","[1025,441,393,491,2155,944,1406,197,162,502]","[61,74,45,64,51,44,66,66,63,53]","[61,74,0,64,51,44,66,66,63,53]","[[16.5861,69.0234]]","[2830]","[]","[]","1","[]","[]","[]","[]","horizontal","","","",""
"","","","","","horizons-trial","38","620311","0.0-34.0","","","","","","","5","[35,56,36,44,19]","[83,89,77,62,67]","""2023-10-27T14:23:58.144Z""","[0,1,0,1]","0","0","0","40","70","40","70","30","0","0","[""arrowleft"",""arrowright"",""arrowleft"",""arrowright"",""arrowright""]","[826,482,357,395,2102]","[35,89,36,62,67]","[0,89,0,62,67]","[[78.1381,50]]","[4532]","[]","[]","1","[]","[]","[]","[]","horizontal","","","",""
"","","","","","horizons-trial","39","632240","0.0-35.0","","","","","","","10","[60,58,64,70,66,62,51,58,59,52]","[52,35,52,42,58,48,24,36,48,39]","""2023-10-27T14:24:10.073Z""","[0,1,1,1]","1","0","1","60","48","60","48","12","0","0","[""arrowleft"",""arrowright"",""arrowright"",""arrowright"",""arrowright"",""arrowleft"",""arrowright"",""arrowright"",""arrowright"",""arrowright""]","[819,327,414,705,1564,707,1004,384,1551,166]","[60,35,52,42,58,62,24,36,48,39]","[60,0,0,0,0,62,0,0,0,0]","[[82.3588,40.1322]]","[3505]","[]","[]","1","[]","[]","[]","[]","horizontal","","","",""
"","","","","","horizons-trial","40","641278","0.0-36.0","","","","","","","10","[43,36,39,47,33,33,48,33,46,42]","[45,43,38,25,39,39,37,29,41,38]","""2023-10-27T14:24:19.110Z""","[0,1,1,1]","1","0","1","40","41","40","41","1","0","0","[""arrowleft"",""arrowright"",""arrowright"",""arrowright"",""arrowright"",""arrowright"",""arrowright"",""arrowright"",""arrowright"",""arrowright""]","[937,342,301,409,1283,682,533,512,835,221]","[43,43,38,25,39,39,37,29,41,38]","[0,43,0,0,39,39,0,0,0,0]","[[83.7657,43.7945]]","[2140]","[]","[]","1","[]","[]","[]","[]","horizontal","","","",""
"","","","","","horizons-trial","41","650123","0.0-37.0","","","","","","","5","[67,79,73,66,67]","[43,47,31,29,43]","""2023-10-27T14:24:27.956Z""","[0,1,1,1]","1","1","0","40","70","70","40","30","0","0","[""arrowleft"",""arrowright"",""arrowright"",""arrowright"",""arrowright""]","[1226,314,567,548,1199]","[67,47,31,29,43]","[67,0,0,0,0]","[[56.3311,50]]","[4152]","[]","[]","1","[]","[]","[]","[]","horizontal","","","",""
"","","","","","horizons-trial","42","662849","0.0-38.0","","","","","","","10","[50,36,54,34,41,57,59,40,50,44]","[36,41,33,32,30,32,50,41,53,38]","""2023-10-27T14:24:40.682Z""","[1,0,0,1]","0","1","1","40","44","44","40","4","0","0","[""arrowright"",""arrowleft"",""arrowleft"",""arrowright"",""arrowleft"",""arrowleft"",""arrowleft"",""arrowleft"",""arrowleft"",""arrowleft""]","[962,440,418,741,2144,1017,1456,1382,486,159]","[36,36,54,32,41,57,59,40,50,44]","[0,0,54,0,41,57,59,0,0,44]","[[14.8274,36.47]]","[2983]","[]","[]","1","[]","[]","[]","[]","horizontal","","","",""
"","","","","","horizons-trial","43","672391","0.0-39.0","","","","","","","10","[69,62,58,69,52,58,49,63,63,54]","[42,47,37,46,51,35,39,49,33,37]","""2023-10-27T14:24:50.225Z""","[0,0,0,1]","1","1","1","40","60","60","40","20","0","0","[""arrowleft"",""arrowleft"",""arrowleft"",""arrowright"",""arrowleft"",""arrowleft"",""arrowleft"",""arrowleft"",""arrowleft"",""arrowleft""]","[779,513,430,492,1358,887,899,151,448,322]","[69,62,58,46,52,58,49,63,63,54]","[69,62,58,0,52,58,49,63,63,54]","[[17.993,57.2228]]","[2263]","[]","[]","1","[]","[]","[]","[]","horizontal","","","",""
"","","","","","horizons-trial","44","680090","0.0-40.0","","","","","","","5","[55,56,40,66,48]","[60,63,75,73,55]","""2023-10-27T14:24:57.923Z""","[0,1,0,1]","0","1","0","60","56","56","60","4","0","0","[""arrowleft"",""arrowright"",""arrowleft"",""arrowright"",""arrowright""]","[1004,506,360,607,968]","[55,63,40,73,55]","[0,63,0,73,55]","[[78.1381,50]]","[3141]","[]","[]","1","[]","[]","[]","[]","horizontal","","","",""
"","","","","","horizons-trial","45","689847","0.0-41.0","","","","","","","10","[62,32,46,32,33,47,36,39,36,39]","[56,63,47,55,46,54,74,67,50,60]","""2023-10-27T14:25:07.680Z""","[0,1,0,1]","0","0","1","40","60","40","60","20","0","0","[""arrowleft"",""arrowright"",""arrowleft"",""arrowright"",""arrowright"",""arrowright"",""arrowright"",""arrowright"",""arrowright"",""arrowright""]","[1172,310,390,435,2329,505,463,421,155,160]","[62,63,46,55,46,54,74,67,50,60]","[62,63,0,55,46,54,74,67,50,60]","[[82.3588,36.8769]]","[2718]","[]","[]","1","[]","[]","[]","[]","horizontal","","","",""
"","","","","","horizons-trial","46","697252","0.0-42.0","","","","","","","5","[41,37,51,46,56]","[67,59,48,71,64]","""2023-10-27T14:25:15.084Z""","[1,0,1,1]","1","1","0","60","48","48","60","12","0","0","[""arrowright"",""arrowleft"",""arrowright"",""arrowright"",""arrowright""]","[1035,360,322,1211,860]","[67,37,48,71,64]","[67,0,0,71,64]","[[92.9105,50]]","[2792]","[]","[]","1","[]","[]","[]","[]","horizontal","","","",""
"","","","","","horizons-trial","47","704616","0.0-43.0","","","","","","","5","[59,18,41,44,40]","[54,44,52,58,47]","""2023-10-27T14:25:22.449Z""","[1,1,0,0]","0","0","0","40","52","40","52","12","0","0","[""arrowright"",""arrowright"",""arrowleft"",""arrowleft"",""arrowright""]","[978,356,526,578,1142]","[54,44,41,44,47]","[0,44,0,0,47]","[[48.5931,50]]","[2868]","[]","[]","1","[]","[]","[]","[]","horizontal","","","",""
"","","","","","horizons-trial","48","713278","0.0-44.0","","","","","","","10","[64,62,52,58,64,62,57,64,53,52]","[21,20,31,30,31,33,36,26,28,31]","""2023-10-27T14:25:31.111Z""","[0,1,0,0]","1","0","1","60","30","60","30","30","0","0","[""arrowleft"",""arrowright"",""arrowleft"",""arrowleft"",""arrowleft"",""arrowleft"",""arrowleft"",""arrowleft"",""arrowleft"",""arrowleft""]","[930,339,365,392,1687,824,352,158,152,140]","[64,20,52,58,64,62,57,64,53,52]","[64,0,52,58,64,62,57,64,53,52]","[[13.7723,66.175]]","[2751]","[]","[]","1","[]","[]","[]","[]","horizontal","","","",""
"","","","","","horizons-trial","49","721413","0.0-45.0","","","","","","","10","[42,43,42,48,31,41,38,39,44,36]","[30,41,25,52,45,41,49,37,43,29]","""2023-10-27T14:25:39.246Z""","[0,0,1,0]","1","0","1","40","42","40","42","2","0","0","[""arrowleft"",""arrowleft"",""arrowright"",""arrowleft"",""arrowleft"",""arrowleft"",""arrowleft"",""arrowleft"",""arrowleft"",""arrowleft""]","[1060,443,407,477,1302,775,359,144,163,165]","[42,43,25,48,31,41,38,39,44,36]","[42,43,0,0,0,41,0,39,44,36]","[[10.9585,80.0102]]","[2278]","[]","[]","1","[]","[]","[]","[]","horizontal","","","",""
"","","","","","horizons-trial","50","736316","0.0-46.0","","","","","","","5","[57,54,54,43,41]","[54,30,40,36,47]","""2023-10-27T14:25:54.149Z""","[1,1,0,1]","1","1","0","40","52","52","40","12","0","0","[""arrowright"",""arrowright"",""arrowleft"",""arrowright"",""arrowright""]","[669,443,318,700,8299]","[54,30,54,36,47]","[0,0,54,0,47]","[[68.6415,50]]","[3266]","[]","[]","1","[]","[]","[]","[]","horizontal","","","",""
"","","","","","horizons-trial","51","750104","0.0-47.0","","","","","","","10","[63,54,47,48,49,39,44,61,64,43]","[63,55,59,45,56,53,26,48,31,32]","""2023-10-27T14:26:07.937Z""","[1,1,1,0]","1","1","1","40","48","48","40","8","0","0","[""arrowright"",""arrowright"",""arrowright"",""arrowleft"",""arrowright"",""arrowright"",""arrowright"",""arrowright"",""arrowright"",""arrowright""]","[6173,432,724,1180,369,587,223,163,152,403]","[63,55,59,48,56,53,26,48,31,32]","[63,55,59,48,56,53,0,0,0,0]","[[90.8002,94.25229]]","[2765]","[]","[]","1","[]","[]","[]","[]","horizontal","","","",""
"","","","","","horizons-trial","52","759977","0.0-48.0","","","","","","","10","[34,56,51,47,51,38,60,52,60,44]","[44,46,34,28,44,41,42,28,32,28]","""2023-10-27T14:26:17.810Z""","[0,1,0,1]","0","1","1","40","48","48","40","8","0","0","[""arrowleft"",""arrowright"",""arrowleft"",""arrowright"",""arrowleft"",""arrowleft"",""arrowleft"",""arrowleft"",""arrowleft"",""arrowleft""]","[967,292,315,1405,1872,702,426,171,139,143]","[34,46,51,28,51,38,60,52,60,44]","[0,0,51,0,51,0,60,52,60,44]","[[14.124,51.5259]]","[2753]","[]","[]","1","[]","[]","[]","[]","horizontal","","","",""
"","","","","","horizons-trial","53","767504","0.0-49.0","","","","","","","5","[41,39,41,42,32]","[78,73,63,65,73]","""2023-10-27T14:26:25.337Z""","[1,0,0,0]","1","0","0","40","70","40","70","30","0","0","[""arrowright"",""arrowleft"",""arrowleft"",""arrowleft"",""arrowleft""]","[1042,231,728,799,811]","[78,39,41,42,32]","[78,0,0,0,0]","[[60.9035,50]]","[3114]","[]","[]","1","[]","[]","[]","[]","horizontal","","","",""
"","","","","","horizons-trial","54","775583","0.0-50.0","","","","","","","10","[65,64,72,73,80,62,75,67,73,74]","[43,48,33,36,49,35,44,55,40,35]","""2023-10-27T14:26:33.416Z""","[1,1,0,0]","0","1","1","40","70","70","40","30","0","0","[""arrowright"",""arrowright"",""arrowleft"",""arrowleft"",""arrowleft"",""arrowleft"",""arrowleft"",""arrowleft"",""arrowleft"",""arrowleft""]","[911,431,409,371,772,1131,544,157,143,153]","[43,48,72,73,80,62,75,67,73,74]","[0,0,72,73,80,62,75,67,73,74]","[[18.6964,80.0102]]","[2501]","[]","[]","1","[]","[]","[]","[]","horizontal","","","",""
"","","","","","horizons-trial","55","788941","0.0-51.0","","","","","","","10","[52,46,36,30,32,44,47,40,33,22]","[47,35,42,34,34,55,33,45,48,38]","""2023-10-27T14:26:46.774Z""","[1,0,1,0]","0","1","1","40","42","42","40","2","0","0","[""arrowright"",""arrowleft"",""arrowright"",""arrowleft"",""arrowright"",""arrowright"",""arrowright"",""arrowright"",""arrowright"",""arrowright""]","[934,250,421,361,1985,1819,992,170,153,178]","[47,46,42,30,34,55,33,45,48,38]","[0,46,42,0,34,55,0,45,48,38]","[[68.6415,41.353]]","[2626]","[]","[]","1","[]","[]","[]","[]","horizontal","","","",""
"","","","","","horizons-trial","56","798443","0.0-52.0","","","","","","","10","[40,56,58,39,44,40,42,31,41,27]","[24,29,44,31,45,40,42,48,50,38]","""2023-10-27T14:26:56.275Z""","[1,0,0,1]","0","1","1","40","41","41","40","1","0","0","[""arrowright"",""arrowleft"",""arrowleft"",""arrowright"",""arrowleft"",""arrowleft"",""arrowleft"",""arrowleft"",""arrowleft"",""arrowleft""]","[1426,576,407,971,459,1063,337,167,143,142]","[24,56,58,31,44,40,42,31,41,27]","[0,56,58,0,0,40,42,0,0,0]","[[16.5861,62.5127]]","[3013]","[]","[]","1","[]","[]","[]","[]","horizontal","","","",""
"","","","","","horizons-trial","57","804534","0.0-53.0","","","","","","","5","[50,53,62,63,57]","[58,75,46,62,62]","""2023-10-27T14:27:02.367Z""","[1,0,1,1]","1","1","0","60","56","56","60","4","0","0","[""arrowright"",""arrowleft"",""arrowright"",""arrowright"",""arrowright""]","[635,282,366,464,535]","[58,53,46,62,62]","[58,0,0,0,62]","[[88.3381,50]]","[2898]","[]","[]","1","[]","[]","[]","[]","horizontal","","","",""
"","","","","","horizons-trial","58","811786","0.0-54.0","","","","","","","5","[38,39,45,24,34]","[35,49,42,31,22]","""2023-10-27T14:27:09.618Z""","[0,1,1,0]","0","0","0","40","41","40","41","1","0","0","[""arrowleft"",""arrowright"",""arrowright"",""arrowleft"",""arrowright""]","[986,337,482,490,584]","[38,49,42,24,22]","[38,49,0,0,0]","[[71.1035,50]]","[3518]","[]","[]","1","[]","[]","[]","[]","horizontal","","","",""
"","","","","","horizons-trial","59","819526","0.0-55.0","","","","","","","10","[52,56,50,39,54,52,41,58,57,36]","[56,44,44,44,26,40,30,32,25,35]","""2023-10-27T14:27:17.359Z""","[1,0,0,0]","1","1","1","40","52","52","40","12","0","0","[""arrowright"",""arrowleft"",""arrowleft"",""arrowleft"",""arrowleft"",""arrowleft"",""arrowleft"",""arrowleft"",""arrowleft"",""arrowleft""]","[656,514,374,401,894,534,332,186,153,164]","[56,56,50,39,54,52,41,58,57,36]","[56,56,50,0,54,52,41,58,57,36]","[[16.5861,77.1617]]","[2936]","[]","[]","1","[]","[]","[]","[]","horizontal","","","",""
"","","","","","horizons-trial","60","826634","0.0-56.0","","","","","","","5","[34,39,42,60,47]","[47,40,37,46,38]","""2023-10-27T14:27:24.467Z""","[0,0,0,1]","1","1","0","40","44","44","40","4","0","0","[""arrowleft"",""arrowleft"",""arrowleft"",""arrowright"",""arrowleft""]","[962,599,362,520,675]","[34,39,42,46,47]","[0,0,42,0,47]","[[51.7586,50]]","[3209]","[]","[]","1","[]","[]","[]","[]","horizontal","","","",""
"","","","","","horizons-trial","61","833089","0.0-57.0","","","","","","","5","[67,65,51,52,56]","[31,44,56,35,28]","""2023-10-27T14:27:30.922Z""","[0,1,1,0]","0","0","0","60","40","60","40","20","0","0","[""arrowleft"",""arrowright"",""arrowright"",""arrowleft"",""arrowleft""]","[899,509,375,375,1078]","[67,44,56,52,56]","[67,0,56,52,56]","[[57.0345,50]]","[2687]","[]","[]","1","[]","[]","[]","[]","horizontal","","","",""
"","","","","","horizons-trial","62","839120","0.0-58.0","","","","","","","5","[59,56,72,60,67]","[59,51,51,56,62]","""2023-10-27T14:27:36.953Z""","[0,1,1,1]","1","0","0","60","52","60","52","8","0","0","[""arrowleft"",""arrowright"",""arrowright"",""arrowright"",""arrowright""]","[1020,442,318,379,673]","[59,51,51,56,62]","[59,0,0,0,0]","[[75.676,50]]","[2120]","[]","[]","1","[]","[]","[]","[]","horizontal","","","",""
"","","","","","horizons-trial","63","848990","0.0-59.0","","","","","","","10","[73,57,54,75,51,61,72,65,58,53]","[30,36,26,30,18,29,34,25,33,34]","""2023-10-27T14:27:46.823Z""","[0,0,1,1]","0","0","1","60","30","60","30","30","0","0","[""arrowleft"",""arrowleft"",""arrowright"",""arrowright"",""arrowleft"",""arrowleft"",""arrowleft"",""arrowleft"",""arrowleft"",""arrowleft""]","[1138,309,412,325,580,491,231,154,142,147]","[73,57,26,30,51,61,72,65,58,53]","[73,57,0,0,51,61,72,65,58,53]","[[15.5309,47.8637]]","[4961]","[]","[]","1","[]","[]","[]","[]","horizontal","","","",""
"","","","","","horizons-trial","64","857280","0.0-60.0","","","","","","","5","[38,39,46,41,57]","[49,27,38,38,33]","""2023-10-27T14:27:55.113Z""","[1,0,0,1]","0","0","0","40","42","40","42","2","0","0","[""arrowright"",""arrowleft"",""arrowleft"",""arrowright"",""arrowright""]","[1397,419,289,434,1738]","[49,39,46,38,33]","[49,39,46,0,0]","[[49.2965,50]]","[3376]","[]","[]","1","[]","[]","[]","[]","horizontal","","","",""
"","","","","","horizons-trial","65","864538","0.0-61.0","","","","","","","10","[66,64,60,63,62,56,49,70,61,62]","[54,62,75,50,53,56,60,68,58,62]","""2023-10-27T14:28:02.371Z""","[1,0,0,0]","1","1","1","60","59","59","60","1","0","0","[""arrowright"",""arrowleft"",""arrowleft"",""arrowleft"",""arrowleft"",""arrowleft"",""arrowleft"",""arrowleft"",""arrowleft"",""arrowleft""]","[577,315,251,380,794,542,220,151,140,152]","[54,64,60,63,62,56,49,70,61,62]","[0,64,0,63,62,56,0,70,61,62]","[[21.5102,68.2096]]","[2861]","[]","[]","1","[]","[]","[]","[]","horizontal","","","",""
"","","","","","horizons-trial","66","872676","0.0-62.0","","","","","","","10","[32,39,26,38,42,40,49,34,37,41]","[41,55,41,61,53,53,46,50,50,40]","""2023-10-27T14:28:10.508Z""","[1,1,0,0]","0","0","1","40","52","40","52","12","0","0","[""arrowright"",""arrowright"",""arrowleft"",""arrowleft"",""arrowright"",""arrowright"",""arrowright"",""arrowright"",""arrowright"",""arrowright""]","[875,642,527,384,725,696,217,167,152,141]","[41,55,26,38,53,53,46,50,50,40]","[41,55,0,0,53,53,0,50,50,0]","[[71.807,54.3744]]","[2929]","[]","[]","1","[]","[]","[]","[]","horizontal","","","",""
"","","","","","horizons-trial","67","879739","0.0-63.0","","","","","","","10","[32,56,27,33,40,38,41,38,41,34]","[57,67,68,61,72,93,84,71,59,82]","""2023-10-27T14:28:17.572Z""","[1,0,0,0]","1","0","1","40","70","40","70","30","0","0","[""arrowright"",""arrowleft"",""arrowleft"",""arrowleft"",""arrowleft"",""arrowleft"",""arrowleft"",""arrowleft"",""arrowleft"",""arrowleft""]","[594,298,313,344,1094,556,170,160,137,155]","[57,56,27,33,40,38,41,38,41,34]","[57,0,0,0,0,0,0,0,0,0]","[[21.1585,48.6775]]","[2683]","[]","[]","1","[]","[]","[]","[]","horizontal","","","",""
"","","","","","horizons-trial","68","885327","0.0-64.0","","","","","","","5","[56,58,57,79,44]","[30,39,34,42,49]","""2023-10-27T14:28:23.159Z""","[1,0,1,1]","1","1","0","40","60","60","40","20","0","0","[""arrowright"",""arrowleft"",""arrowright"",""arrowright"",""arrowright""]","[628,260,378,391,859]","[30,58,34,42,49]","[0,58,0,0,49]","[[84.1174,50]]","[2431]","[]","[]","1","[]","[]","[]","[]","horizontal","","","",""
"","","","","","horizons-trial","69","894665","0.0-65.0","","","","","","","10","[35,29,27,27,37,35,27,53,25,22]","[64,59,63,57,56,48,54,61,55,50]","""2023-10-27T14:28:32.498Z""","[0,1,1,0]","0","1","1","60","30","30","60","30","0","0","[""arrowleft"",""arrowright"",""arrowright"",""arrowleft"",""arrowright"",""arrowright"",""arrowright"",""arrowright"",""arrowright"",""arrowright""]","[717,299,318,1064,748,1935,263,186,175,515]","[35,59,63,27,56,48,54,61,55,50]","[0,59,63,0,56,48,54,61,55,50]","[[68.9932,52.3398]]","[2546]","[]","[]","1","[]","[]","[]","[]","horizontal","","","",""
"","","","","","horizons-trial","70","903264","0.0-66.0","","","","","","","10","[51,55,69,51,44,53,60,52,53,55]","[59,66,59,56,55,54,65,70,62,55]","""2023-10-27T14:28:41.096Z""","[1,0,1,0]","0","1","1","60","56","56","60","4","0","0","[""arrowright"",""arrowleft"",""arrowright"",""arrowleft"",""arrowright"",""arrowright"",""arrowright"",""arrowright"",""arrowright"",""arrowright""]","[552,380,369,393,1962,484,184,155,155,163]","[59,55,59,51,55,54,65,70,62,55]","[59,0,0,0,55,54,65,70,62,55]","[[65.8277,33.6216]]","[3241]","[]","[]","1","[]","[]","[]","[]","horizontal","","","",""
"","","","","","horizons-trial","71","909954","0.0-67.0","","","","","","","10","[57,43,68,61,57,63,65,68,30,54]","[62,61,60,55,60,60,61,47,63,56]","""2023-10-27T14:28:47.786Z""","[0,0,1,1]","0","0","1","60","58","60","58","2","0","0","[""arrowleft"",""arrowleft"",""arrowright"",""arrowright"",""arrowright"",""arrowright"",""arrowright"",""arrowright"",""arrowright"",""arrowright""]","[775,620,469,308,800,465,197,149,126,142]","[57,43,60,55,60,60,61,47,63,56]","[0,0,0,0,60,0,0,0,63,56]","[[68.6415,36.8769]]","[1899]","[]","[]","1","[]","[]","[]","[]","horizontal","","","",""
"","","","","","horizons-trial","72","919408","0.0-68.0","","","","","","","10","[49,58,48,61,65,42,44,46,46,45]","[71,72,54,73,44,61,61,63,55,53]","""2023-10-27T14:28:57.240Z""","[0,1,0,1]","0","1","1","60","48","48","60","12","0","0","[""arrowleft"",""arrowright"",""arrowleft"",""arrowright"",""arrowright"",""arrowright"",""arrowright"",""arrowright"",""arrowright"",""arrowright""]","[626,232,451,550,1369,485,177,421,144,412]","[49,72,48,73,44,61,61,63,55,53]","[0,72,0,73,0,61,61,63,55,53]","[[71.1035,42.9807]]","[2444]","[]","[]","1","[]","[]","[]","[]","horizontal","","","",""
"","","","","","horizons-trial","73","927307","0.0-69.0","","","","","","","5","[39,52,17,50,35]","[67,55,49,59,61]","""2023-10-27T14:29:05.140Z""","[0,0,1,1]","0","0","0","40","60","40","60","20","0","0","[""arrowleft"",""arrowleft"",""arrowright"",""arrowright"",""arrowright""]","[726,674,399,399,2382]","[39,52,49,59,61]","[0,0,49,59,61]","[[50.3517,50]]","[2637]","[]","[]","1","[]","[]","[]","[]","horizontal","","","",""
"","","","","","horizons-trial","74","935477","0.0-70.0","","","","","","","10","[52,53,68,71,51,64,62,67,59,56]","[36,43,46,56,31,50,53,35,47,50]","""2023-10-27T14:29:13.310Z""","[1,0,1,0]","0","1","1","40","60","60","40","20","0","0","[""arrowright"",""arrowleft"",""arrowright"",""arrowleft"",""arrowleft"",""arrowleft"",""arrowleft"",""arrowleft"",""arrowleft"",""arrowleft""]","[704,300,337,719,1680,603,203,155,145,153]","[36,53,46,71,51,64,62,67,59,56]","[0,53,0,71,51,64,62,67,59,56]","[[30.3034,34.842299999999994]]","[2522]","[]","[]","1","[]","[]","[]","[]","horizontal","","","",""
"","","","","","horizons-trial","75","943528","0.0-71.0","","","","","","","10","[54,61,51,64,59,52,62,58,62,55]","[51,60,58,53,55,43,54,56,67,58]","""2023-10-27T14:29:21.361Z""","[0,1,0,0]","1","0","1","60","56","60","56","4","0","0","[""arrowleft"",""arrowright"",""arrowleft"",""arrowleft"",""arrowleft"",""arrowleft"",""arrowleft"",""arrowleft"",""arrowleft"",""arrowleft""]","[579,318,395,392,1196,465,169,167,147,148]","[54,60,51,64,59,52,62,58,62,55]","[54,0,0,64,59,52,62,58,0,0]","[[29.2482,65.7681]]","[2351]","[]","[]","1","[]","[]","[]","[]","horizontal","","","",""
"","","","","","horizons-trial","76","951058","0.0-72.0","","","","","","","5","[39,54,43,51,23]","[59,42,23,45,51]","""2023-10-27T14:29:28.891Z""","[1,0,0,1]","0","0","0","40","44","40","44","4","0","0","[""arrowright"",""arrowleft"",""arrowleft"",""arrowright"",""arrowright""]","[1062,318,351,1072,1712]","[59,54,43,45,51]","[59,54,43,0,51]","[[49.2965,50]]","[2037]","[]","[]","1","[]","[]","[]","[]","horizontal","","","",""
"","","","","","horizons-trial","77","964566","0.0-73.0","","","","","","","10","[56,56,67,66,43,57,85,54,53,64]","[47,60,58,68,61,56,56,78,65,63]","""2023-10-27T14:29:42.399Z""","[0,1,1,0]","0","1","1","60","58","58","60","2","0","0","[""arrowleft"",""arrowright"",""arrowright"",""arrowleft"",""arrowleft"",""arrowleft"",""arrowleft"",""arrowleft"",""arrowleft"",""arrowleft""]","[722,252,349,1749,5539,482,184,161,149,163]","[56,60,58,66,43,57,85,54,53,64]","[56,60,0,0,0,57,85,0,0,64]","[[47.1862,40.9461]]","[3144]","[]","[]","1","[]","[]","[]","[]","horizontal","","","",""
"","","","","","horizons-trial","78","974173","0.0-74.0","","","","","","","5","[49,41,38,26,50]","[32,44,39,43,40]","""2023-10-27T14:29:52.006Z""","[1,1,0,0]","0","1","0","40","42","42","40","2","0","0","[""arrowright"",""arrowright"",""arrowleft"",""arrowleft"",""arrowright""]","[573,555,517,419,1401]","[32,44,38,26,40]","[0,44,0,0,0]","[[49.6483,50]]","[5270]","[]","[]","1","[]","[]","[]","[]","horizontal","","","",""
"","","","","","horizons-trial","79","981820","0.0-75.0","","","","","","","5","[26,28,49,19,30]","[66,62,62,39,67]","""2023-10-27T14:29:59.653Z""","[1,0,0,1]","0","1","0","60","30","30","60","30","0","0","[""arrowright"",""arrowleft"",""arrowleft"",""arrowright"",""arrowright""]","[727,215,345,365,1724]","[66,28,49,39,67]","[66,0,0,39,67]","[[54.2207,50]]","[3130]","[]","[]","1","[]","[]","[]","[]","horizontal","","","",""
"","","","","","horizons-trial","80","989942","0.0-76.0","","","","","","","5","[33,38,45,39,36]","[62,57,46,73,69]","""2023-10-27T14:30:07.774Z""","[0,1,0,1]","0","1","0","60","40","40","60","20","0","0","[""arrowleft"",""arrowright"",""arrowleft"",""arrowright"",""arrowright""]","[633,445,430,785,796]","[33,57,45,73,69]","[0,57,0,73,69]","[[58.0897,50]]","[3945]","[]","[]","1","[]","[]","[]","[]","horizontal","","","",""
"","","","","","horizons-trial","81","998546","0.0-77.0","","","","","","","10","[58,46,42,39,35,47,46,38,31,30]","[60,49,72,76,54,65,68,66,64,55]","""2023-10-27T14:30:16.379Z""","[0,1,0,1]","0","1","1","60","40","40","60","20","0","0","[""arrowleft"",""arrowright"",""arrowleft"",""arrowright"",""arrowright"",""arrowright"",""arrowright"",""arrowright"",""arrowright"",""arrowright""]","[714,343,705,352,1679,600,177,172,148,156]","[58,49,42,76,54,65,68,66,64,55]","[0,49,0,76,54,65,68,66,64,55]","[[64.4208,32.400800000000004]]","[2934]","[]","[]","1","[]","[]","[]","[]","horizontal","","","",""
"","","","","","horizons-trial","82","1005598","0.0-78.0","","","","","","","5","[31,34,40,18,43]","[40,56,38,45,23]","""2023-10-27T14:30:23.431Z""","[0,1,1,0]","0","1","0","40","41","41","40","1","0","0","[""arrowleft"",""arrowright"",""arrowright"",""arrowleft"",""arrowright""]","[673,295,305,722,576]","[31,56,38,18,23]","[0,56,0,0,0]","[[73.9173,50]]","[2998]","[]","[]","1","[]","[]","[]","[]","horizontal","","","",""
"","","","","","horizons-trial","83","1016556","0.0-79.0","","","","","","","5","[64,61,55,52,61]","[53,59,63,60,54]","""2023-10-27T14:30:34.389Z""","[1,0,0,1]","0","0","0","60","59","60","59","1","0","0","[""arrowright"",""arrowleft"",""arrowleft"",""arrowright"",""arrowright""]","[655,444,356,413,5238]","[53,61,55,60,54]","[0,61,0,60,0]","[[30.6551,50]]","[2899]","[]","[]","1","[]","[]","[]","[]","horizontal","","","",""
"","","","","","horizons-trial","84","1023672","0.0-80.0","","","","","","","5","[48,48,41,45,24]","[45,51,45,57,40]","""2023-10-27T14:30:41.505Z""","[1,0,1,1]","1","0","0","40","44","40","44","4","0","0","[""arrowright"",""arrowleft"",""arrowright"",""arrowright"",""arrowright""]","[599,284,443,1350,782]","[45,48,45,57,40]","[0,0,45,57,40]","[[81.3036,50]]","[2866]","[]","[]","1","[]","[]","[]","[]","horizontal","","","",""
"","","","","","horizons-trial","85","1029993","0.0-81.0","","","","","","","5","[29,27,32,47,45]","[36,43,45,46,53]","""2023-10-27T14:30:47.825Z""","[0,0,0,1]","1","0","0","40","42","40","42","2","0","0","[""arrowleft"",""arrowleft"",""arrowleft"",""arrowright"",""arrowleft""]","[720,609,403,710,548]","[29,27,32,46,45]","[0,0,0,0,0]","[[87.6346,50]]","[2151]","[]","[]","1","[]","[]","[]","[]","horizontal","","","",""
"","","","","","horizons-trial","86","1037245","0.0-82.0","","","","","","","10","[63,41,54,61,66,60,53,64,63,59]","[58,62,51,63,48,46,61,60,61,70]","""2023-10-27T14:30:55.078Z""","[1,1,0,1]","1","0","1","60","59","60","59","1","0","0","[""arrowright"",""arrowright"",""arrowleft"",""arrowright"",""arrowright"",""arrowright"",""arrowright"",""arrowright"",""arrowright"",""arrowright""]","[766,631,458,540,974,486,188,168,135,144]","[58,62,54,63,48,46,61,60,61,70]","[0,62,54,63,0,0,61,0,0,70]","[[83.4139,68.2096]]","[2163]","[]","[]","1","[]","[]","[]","[]","horizontal","","","",""
"","","","","","horizons-trial","87","1043362","0.0-83.0","","","","","","","5","[64,50,63,62,69]","[58,54,73,66,59]","""2023-10-27T14:31:01.195Z""","[0,1,1,1]","1","1","0","60","58","58","60","2","0","0","[""arrowleft"",""arrowright"",""arrowright"",""arrowright"",""arrowright""]","[614,214,362,501,654]","[64,54,73,66,59]","[64,54,73,66,0]","[[87.9864,50]]","[2978]","[]","[]","1","[]","[]","[]","[]","horizontal","","","",""
"","","","","","horizons-trial","88","1048515","0.0-84.0","","","","","","","5","[75,59,53,56,53]","[52,58,61,51,70]","""2023-10-27T14:31:06.347Z""","[0,0,0,1]","1","0","0","60","56","60","56","4","0","0","[""arrowleft"",""arrowleft"",""arrowleft"",""arrowright"",""arrowleft""]","[645,477,401,407,679]","[75,59,53,51,53]","[75,59,0,0,0]","[[89.745,50]]","[1829]","[]","[]","1","[]","[]","[]","[]","horizontal","","","",""
"","","","","","horizons-trial","89","1057587","0.0-85.0","","","","","","","10","[34,29,37,26,40,47,36,36,31,38]","[52,49,46,59,53,62,48,47,49,54]","""2023-10-27T14:31:15.420Z""","[0,0,0,1]","1","0","1","40","52","40","52","12","0","0","[""arrowleft"",""arrowleft"",""arrowleft"",""arrowright"",""arrowleft"",""arrowleft"",""arrowleft"",""arrowleft"",""arrowleft"",""arrowleft""]","[587,446,389,474,2551,500,178,156,159,167]","[34,29,37,59,40,47,36,36,31,38]","[0,0,0,59,0,0,0,0,0,0]","[[32.062,28.738600000000005]]","[2773]","[]","[]","1","[]","[]","[]","[]","horizontal","","","",""
"","","","","","horizons-trial","90","1064746","0.0-86.0","","","","","","","10","[40,41,41,45,44,29,35,47,45,48]","[54,63,47,71,60,57,37,62,68,62]","""2023-10-27T14:31:22.579Z""","[0,0,0,1]","1","1","1","60","40","40","60","20","0","0","[""arrowleft"",""arrowleft"",""arrowleft"",""arrowright"",""arrowleft"",""arrowleft"",""arrowleft"",""arrowleft"",""arrowleft"",""arrowleft""]","[543,364,387,492,1603,383,204,154,155,156]","[40,41,41,71,44,29,35,47,45,48]","[0,0,0,71,0,0,0,0,0,0]","[[35.5792,33.214600000000004]]","[2155]","[]","[]","1","[]","[]","[]","[]","horizontal","","","",""
"","","","","","horizons-trial","91","1082007","0.0-87.0","","","","","","","10","[61,49,58,51,51,59,77,50,68,56]","[73,58,56,41,68,44,63,46,43,63]","""2023-10-27T14:31:39.840Z""","[1,0,1,1]","1","1","1","60","58","58","60","2","0","0","[""arrowright"",""arrowleft"",""arrowright"",""arrowright"",""arrowright"",""arrowright"",""arrowright"",""arrowright"",""arrowright"",""arrowright""]","[585,325,377,369,889,1938,347,167,541,2066]","[73,49,56,41,68,44,63,46,43,63]","[73,0,0,0,68,0,0,0,0,63]","[[84.1174,64.5473]]","[8764]","[]","[]","1","[]","[]","[]","[]","horizontal","","","",""
"","","","","","horizons-trial","92","1094595","0.0-88.0","","","","","","","10","[57,73,61,56,50,66,63,52,47,54]","[68,45,46,51,37,68,63,44,65,68]","""2023-10-27T14:31:52.428Z""","[0,0,1,0]","1","0","1","60","58","60","58","2","0","0","[""arrowleft"",""arrowleft"",""arrowright"",""arrowleft"",""arrowleft"",""arrowleft"",""arrowleft"",""arrowleft"",""arrowleft"",""arrowleft""]","[1291,599,589,1918,1804,1240,161,168,143,778]","[57,73,46,56,50,66,63,52,47,54]","[0,73,0,56,50,0,63,52,0,0]","[[23.6206,62.5127]]","[2379]","[]","[]","1","[]","[]","[]","[]","horizontal","","","",""
"","","","","","horizons-trial","93","1103259","0.0-89.0","","","","","","","5","[46,51,56,54,63]","[47,58,50,59,73]","""2023-10-27T14:32:01.092Z""","[0,1,0,1]","0","1","0","60","52","52","60","8","0","0","[""arrowleft"",""arrowright"",""arrowleft"",""arrowright"",""arrowright""]","[791,388,512,642,1759]","[46,58,56,59,73]","[0,58,56,59,73]","[[51.4069,50]]","[3520]","[]","[]","1","[]","[]","[]","[]","horizontal","","","",""
"","","","","","horizons-trial","94","1113737","0.0-90.0","","","","","","","5","[68,52,61,68,68]","[28,36,18,9,31]","""2023-10-27T14:32:11.570Z""","[1,1,0,1]","1","0","0","60","30","60","30","30","0","0","[""arrowright"",""arrowright"",""arrowleft"",""arrowright"",""arrowleft""]","[1272,314,648,928,2967]","[28,36,61,9,68]","[0,0,61,0,68]","[[25.3792,50]]","[3526]","[]","[]","1","[]","[]","[]","[]","horizontal","","","",""
"","","","","","horizons-trial","95","1119787","0.0-91.0","","","","","","","5","[34,41,43,26,35]","[75,61,68,53,68]","""2023-10-27T14:32:17.620Z""","[1,0,0,0]","1","1","0","60","40","40","60","20","0","0","[""arrowright"",""arrowleft"",""arrowleft"",""arrowleft"",""arrowright""]","[1067,511,388,413,1056]","[75,41,43,26,68]","[75,0,0,0,68]","[[25.3792,50]]","[1848]","[]","[]","1","[]","[]","[]","[]","horizontal","","","",""
"","","","","","horizons-trial","96","1127027","0.0-92.0","","","","","","","5","[28,42,37,49,45]","[42,34,55,34,50]","""2023-10-27T14:32:24.860Z""","[1,0,1,0]","0","0","0","40","48","40","48","8","0","0","[""arrowright"",""arrowleft"",""arrowright"",""arrowleft"",""arrowright""]","[1073,311,449,606,1467]","[42,42,55,49,50]","[42,42,55,49,50]","[[46.8345,50]]","[2620]","[]","[]","1","[]","[]","[]","[]","horizontal","","","",""
"","","","","","horizons-trial","97","1135469","0.0-93.0","","","","","","","5","[64,58,59,49,40]","[59,57,61,61,63]","""2023-10-27T14:32:33.302Z""","[0,1,0,1]","0","0","0","60","58","60","58","2","0","0","[""arrowleft"",""arrowright"",""arrowleft"",""arrowright"",""arrowleft""]","[611,284,479,439,2195]","[64,57,59,61,40]","[64,0,0,61,0]","[[32.7654,50]]","[3460]","[]","[]","1","[]","[]","[]","[]","horizontal","","","",""
"","","","","","horizons-trial","98","1142626","0.0-94.0","","","","","","","10","[70,49,57,53,63,64,67,61,57,69]","[64,65,69,68,60,67,52,69,70,73]","""2023-10-27T14:32:40.459Z""","[1,0,1,0]","0","0","1","60","59","60","59","1","0","0","[""arrowright"",""arrowleft"",""arrowright"",""arrowleft"",""arrowright"",""arrowright"",""arrowright"",""arrowright"",""arrowright"",""arrowright""]","[922,250,290,347,1094,472,177,149,144,140]","[64,49,69,53,60,67,52,69,70,73]","[0,0,69,0,0,67,0,69,70,73]","[[73.2139,46.6429]]","[2459]","[]","[]","1","[]","[]","[]","[]","horizontal","","","",""
"","","","","","horizons-trial","99","1149935","0.0-95.0","","","","","","","10","[50,18,41,37,44,31,49,32,47,43]","[44,34,53,49,45,46,51,49,45,47]","""2023-10-27T14:32:47.768Z""","[1,0,0,1]","0","0","1","40","41","40","41","1","0","0","[""arrowright"",""arrowleft"",""arrowleft"",""arrowright"",""arrowright"",""arrowright"",""arrowright"",""arrowright"",""arrowright"",""arrowright""]","[1058,301,292,400,1165,454,161,143,150,152]","[44,18,41,49,45,46,51,49,45,47]","[0,0,0,49,45,46,51,49,0,47]","[[67.938,27.9247]]","[2441]","[]","[]","1","[]","[]","[]","[]","horizontal","","","",""
"","","","","","horizons-trial","100","1156975","0.0-96.0","","","","","","","10","[51,66,44,55,63,48,62,53,60,59]","[73,49,57,48,57,56,49,65,62,50]","""2023-10-27T14:32:54.807Z""","[1,0,1,1]","1","1","1","60","56","56","60","4","0","0","[""arrowright"",""arrowleft"",""arrowright"",""arrowright"",""arrowright"",""arrowright"",""arrowright"",""arrowright"",""arrowright"",""arrowright""]","[573,206,589,386,717,383,154,126,147,504]","[73,66,57,48,57,56,49,65,62,50]","[73,66,57,0,0,56,0,65,62,0]","[[78.1381,51.5259]]","[2439]","[]","[]","1","[]","[]","[]","[]","horizontal","","","",""
"","","","","","horizons-trial","101","1168029","0.0-97.0","","","","","","","10","[59,65,52,55,63,61,65,54,60,70]","[63,58,48,52,56,42,39,47,41,47]","""2023-10-27T14:33:05.863Z""","[1,0,0,1]","0","0","1","60","52","60","52","8","0","0","[""arrowright"",""arrowleft"",""arrowleft"",""arrowright"",""arrowleft"",""arrowleft"",""arrowleft"",""arrowleft"",""arrowleft"",""arrowleft""]","[814,257,373,553,3421,706,169,155,260,342]","[63,65,52,52,63,61,65,54,60,70]","[63,65,52,0,63,61,65,54,60,70]","[[29.9516,43.3876]]","[3131]","[]","[]","1","[]","[]","[]","[]","horizontal","","","",""
"","","","","","horizons-trial","102","1175725","0.0-98.0","","","","","","","5","[63,58,51,50,59]","[62,57,45,62,51]","""2023-10-27T14:33:13.558Z""","[1,0,1,0]","0","0","0","60","56","60","56","4","0","0","[""arrowright"",""arrowleft"",""arrowright"",""arrowleft"",""arrowleft""]","[596,313,320,977,1162]","[62,58,45,50,59]","[0,58,0,0,59]","[[37.6896,50]]","[3240]","[]","[]","1","[]","[]","[]","[]","horizontal","","","",""
"","","","","","horizons-trial","103","1182699","0.0-99.0","","","","","","","10","[46,26,49,52,55,40,42,39,47,40]","[28,35,39,39,39,43,38,38,40,38]","""2023-10-27T14:33:20.532Z""","[1,0,0,0]","1","1","1","40","44","44","40","4","0","0","[""arrowright"",""arrowleft"",""arrowleft"",""arrowleft"",""arrowleft"",""arrowleft"",""arrowleft"",""arrowleft"",""arrowleft"",""arrowleft""]","[578,237,385,373,1473,604,207,140,146,147]","[28,26,49,52,55,40,42,39,47,40]","[0,0,49,52,55,0,42,39,47,40]","[[28.5447,83.2655]]","[2141]","[]","[]","1","[]","[]","[]","[]","horizontal","","","",""
"","","","","","horizons-trial","104","1189661","0.0-100.0","","","","","","","5","[49,57,41,47,43]","[33,38,37,37,45]","""2023-10-27T14:33:27.494Z""","[1,1,0,1]","1","1","0","40","48","48","40","8","0","0","[""arrowright"",""arrowright"",""arrowleft"",""arrowright"",""arrowright""]","[534,803,813,665,664]","[33,38,41,37,45]","[0,0,41,0,45]","[[75.3242,50]]","[2562]","[]","[]","1","[]","[]","[]","[]","horizontal","","","",""
"","","","","","horizons-trial","105","1197827","0.0-101.0","","","","","","","5","[35,41,33,41,47]","[55,71,72,57,61]","""2023-10-27T14:33:35.660Z""","[0,1,0,0]","1","0","0","40","60","40","60","20","0","0","[""arrowleft"",""arrowright"",""arrowleft"",""arrowleft"",""arrowright""]","[624,663,431,478,971]","[35,71,33,41,61]","[0,71,0,0,61]","[[51.0552,50]]","[4462]","[]","[]","1","[]","[]","[]","[]","horizontal","","","",""
"","","","","","horizons-trial","106","1205729","0.0-102.0","","","","","","","10","[52,25,42,21,44,47,43,49,28,36]","[42,40,34,52,37,40,39,49,33,36]","""2023-10-27T14:33:43.562Z""","[1,0,0,1]","0","0","1","40","42","40","42","2","0","0","[""arrowright"",""arrowleft"",""arrowleft"",""arrowright"",""arrowright"",""arrowright"",""arrowright"",""arrowright"",""arrowright"",""arrowright""]","[680,356,313,401,1865,450,179,139,155,139]","[42,25,42,52,37,40,39,49,33,36]","[0,0,42,52,0,0,0,49,33,36]","[[65.4759,40.1322]]","[2506]","[]","[]","1","[]","[]","[]","[]","horizontal","","","",""
"","","","","","horizons-trial","107","1211957","0.0-103.0","","","","","","","5","[59,51,63,40,68]","[40,33,29,40,29]","""2023-10-27T14:33:49.790Z""","[1,0,0,1]","0","0","0","60","30","60","30","30","0","0","[""arrowright"",""arrowleft"",""arrowleft"",""arrowright"",""arrowleft""]","[631,215,298,328,1372]","[40,51,63,40,68]","[0,51,63,40,68]","[[51.0552,50]]","[2443]","[]","[]","1","[]","[]","[]","[]","horizontal","","","",""
"","","","","","horizons-trial","108","1217423","0.0-104.0","","","","","","","5","[55,55,45,53,56]","[47,62,41,64,62]","""2023-10-27T14:33:55.256Z""","[1,0,0,1]","0","1","0","60","58","58","60","2","0","0","[""arrowright"",""arrowleft"",""arrowleft"",""arrowright"",""arrowright""]","[567,252,320,369,1418]","[47,55,45,64,62]","[0,0,45,64,62]","[[51.0552,50]]","[1696]","[]","[]","1","[]","[]","[]","[]","horizontal","","","",""
"","","","","","horizons-trial","109","1222929","0.0-105.0","","","","","","","5","[41,37,41,29,42]","[36,43,36,47,47]","""2023-10-27T14:34:00.762Z""","[1,0,1,1]","1","0","0","40","41","40","41","1","0","0","[""arrowright"",""arrowleft"",""arrowright"",""arrowright"",""arrowright""]","[582,360,465,412,619]","[36,37,36,47,47]","[0,0,0,47,47]","[[77.0829,50]]","[2396]","[]","[]","1","[]","[]","[]","[]","horizontal","","","",""
"","","","","","horizons-trial","110","1231097","0.0-106.0","","","","","","","10","[40,40,34,32,33,28,23,36,30,25]","[52,47,49,37,44,62,38,38,51,56]","""2023-10-27T14:34:08.930Z""","[1,1,0,0]","0","0","1","40","48","40","48","8","0","0","[""arrowright"",""arrowright"",""arrowleft"",""arrowleft"",""arrowright"",""arrowright"",""arrowright"",""arrowright"",""arrowright"",""arrowright""]","[620,627,426,357,652,451,201,167,156,144]","[52,47,34,32,44,62,38,38,51,56]","[52,47,0,0,44,62,38,38,51,56]","[[67.5863,36.8769]]","[3228]","[]","[]","1","[]","[]","[]","[]","horizontal","","","",""
"","","","","","horizons-trial","111","1239894","0.0-107.0","","","","","","","5","[60,62,60,66,39]","[52,47,41,38,32]","""2023-10-27T14:34:17.727Z""","[1,1,0,0]","0","0","0","60","48","60","48","12","0","0","[""arrowright"",""arrowright"",""arrowleft"",""arrowleft"",""arrowleft""]","[586,563,504,375,606]","[52,47,60,66,39]","[0,0,60,66,39]","[[61.2552,50]]","[5191]","[]","[]","1","[]","[]","[]","[]","horizontal","","","",""
"","","","","","horizons-trial","112","1247154","0.0-108.0","","","","","","","5","[80,55,53,51,57]","[62,59,65,68,59]","""2023-10-27T14:34:24.987Z""","[1,1,0,0]","0","1","0","60","59","59","60","1","0","0","[""arrowright"",""arrowright"",""arrowleft"",""arrowleft"",""arrowright""]","[962,391,466,369,1917]","[62,59,53,51,59]","[0,59,0,0,59]","[[59.8483,50]]","[2375]","[]","[]","1","[]","[]","[]","[]","horizontal","","","",""
"","","","","","horizons-trial","113","1257878","0.0-109.0","","","","","","","10","[52,74,56,61,43,37,58,48,59,50]","[60,56,51,60,64,54,55,61,72,70]","""2023-10-27T14:34:35.711Z""","[0,1,0,0]","1","1","1","60","52","52","60","8","0","0","[""arrowleft"",""arrowright"",""arrowleft"",""arrowleft"",""arrowleft"",""arrowleft"",""arrowleft"",""arrowleft"",""arrowleft"",""arrowleft""]","[758,545,602,361,1868,1571,188,158,137,177]","[52,56,56,61,43,37,58,48,59,50]","[0,0,56,61,0,0,58,0,0,0]","[[27.1378,55.5951]]","[3531]","[]","[]","1","[]","[]","[]","[]","horizontal","","","",""
"","","","","","horizons-trial","114","1266137","0.0-110.0","","","","","","","10","[44,40,37,35,27,24,24,43,33,16]","[61,72,75,60,52,48,50,66,65,55]","""2023-10-27T14:34:43.970Z""","[1,1,0,1]","1","1","1","60","30","30","60","30","0","0","[""arrowright"",""arrowright"",""arrowleft"",""arrowright"",""arrowright"",""arrowright"",""arrowright"",""arrowright"",""arrowright"",""arrowright""]","[645,331,497,949,608,1121,177,139,140,147]","[61,72,37,60,52,48,50,66,65,55]","[61,72,0,60,52,48,50,66,65,55]","[[93.614,79.19630000000001]]","[2730]","[]","[]","1","[]","[]","[]","[]","horizontal","","","",""
"","","","","","horizons-trial","115","1274424","0.0-111.0","","","","","","","10","[66,61,58,59,61,56,57,59,53,51]","[50,48,53,49,55,42,49,55,56,38]","""2023-10-27T14:34:52.257Z""","[0,1,1,1]","1","0","1","60","52","60","52","8","0","0","[""arrowleft"",""arrowright"",""arrowright"",""arrowright"",""arrowright"",""arrowright"",""arrowright"",""arrowright"",""arrowright"",""arrowright""]","[1201,552,404,411,1622,729,249,154,135,156]","[66,48,53,49,55,42,49,55,56,38]","[66,0,0,0,0,0,0,0,56,0]","[[93.9657,51.9329]]","[2135]","[]","[]","1","[]","[]","[]","[]","horizontal","","","",""
"","","","","","horizons-trial","116","1282291","0.0-112.0","","","","","","","10","[70,52,71,51,64,68,42,62,69,57]","[63,39,51,52,66,54,49,48,71,59]","""2023-10-27T14:35:00.123Z""","[0,0,1,1]","0","0","1","60","56","60","56","4","0","0","[""arrowleft"",""arrowleft"",""arrowright"",""arrowright"",""arrowleft"",""arrowleft"",""arrowleft"",""arrowleft"",""arrowleft"",""arrowleft""]","[649,483,471,362,1289,970,155,141,149,141]","[70,52,51,52,64,68,42,62,69,57]","[70,52,0,52,0,68,0,62,0,0]","[[31.3585,53.5605]]","[1989]","[]","[]","1","[]","[]","[]","[]","horizontal","","","",""
"","","","","","horizons-trial","117","1290116","0.0-113.0","","","","","","","10","[40,46,38,35,54,42,41,32,33,37]","[28,35,39,43,45,44,44,42,35,52]","""2023-10-27T14:35:07.949Z""","[0,0,0,1]","1","0","1","40","44","40","44","4","0","0","[""arrowleft"",""arrowleft"",""arrowleft"",""arrowright"",""arrowleft"",""arrowleft"",""arrowleft"",""arrowleft"",""arrowleft"",""arrowleft""]","[979,522,444,613,579,480,169,155,148,149]","[40,46,38,43,54,42,41,32,33,37]","[40,46,0,43,54,0,0,0,0,0]","[[28.193,82.4517]]","[2396]","[]","[]","1","[]","[]","[]","[]","horizontal","","","",""
"","","","","","horizons-trial","118","1298074","0.0-114.0","","","","","","","5","[90,67,74,63,75]","[44,35,50,38,44]","""2023-10-27T14:35:15.906Z""","[0,0,1,1]","0","1","0","40","70","70","40","30","0","0","[""arrowleft"",""arrowleft"",""arrowright"",""arrowright"",""arrowleft""]","[1215,352,548,347,676]","[90,67,50,38,75]","[90,67,0,0,75]","[[58.0897,50]]","[3939]","[]","[]","1","[]","[]","[]","[]","horizontal","","","",""
"","","","","","horizons-trial","119","1307496","0.0-115.0","","","","","","","10","[63,51,61,42,40,58,59,58,57,41]","[35,69,59,57,68,67,70,62,61,70]","""2023-10-27T14:35:25.329Z""","[1,0,0,1]","0","1","1","60","52","52","60","8","0","0","[""arrowright"",""arrowleft"",""arrowleft"",""arrowright"",""arrowright"",""arrowright"",""arrowright"",""arrowright"",""arrowright"",""arrowright""]","[923,509,391,443,359,1241,177,105,145,128]","[35,51,61,57,68,67,70,62,61,70]","[0,0,61,57,68,67,70,62,61,70]","[[68.2897,46.236]]","[4321]","[]","[]","1","[]","[]","[]","[]","horizontal","","","",""
"","","","","","horizons-trial","120","1315354","0.0-116.0","","","","","","","5","[10,32,35,33,13]","[70,59,60,39,48]","""2023-10-27T14:35:33.186Z""","[1,0,0,0]","1","1","0","60","30","30","60","30","0","0","[""arrowright"",""arrowleft"",""arrowleft"",""arrowleft"",""arrowright""]","[561,360,337,556,2512]","[70,32,35,33,48]","[70,0,0,0,48]","[[30.6551,50]]","[2688]","[]","[]","1","[]","[]","[]","[]","horizontal","","","",""
"","","","","","horizons-trial","121","1321687","0.0-117.0","","","","","","","5","[40,49,46,44,46]","[35,42,37,42,57]","""2023-10-27T14:35:39.519Z""","[0,0,1,0]","1","1","0","40","42","42","40","2","0","0","[""arrowleft"",""arrowleft"",""arrowright"",""arrowleft"",""arrowleft""]","[754,386,451,751,819]","[40,49,37,44,46]","[40,49,0,44,0]","[[75.3242,50]]","[2205]","[]","[]","1","[]","[]","[]","[]","horizontal","","","",""
"","","","","","horizons-trial","122","1327586","0.0-118.0","","","","","","","5","[45,40,24,43,49]","[52,41,51,45,55]","""2023-10-27T14:35:45.418Z""","[1,1,1,0]","1","0","0","40","48","40","48","8","0","0","[""arrowright"",""arrowright"",""arrowright"",""arrowleft"",""arrowright""]","[637,349,334,501,507]","[52,41,51,43,55]","[52,41,51,0,55]","[[92.2071,50]]","[2745]","[]","[]","1","[]","[]","[]","[]","horizontal","","","",""
"","","","","","horizons-trial","123","1335284","0.0-119.0","","","","","","","5","[33,55,36,33,58]","[30,49,35,33,43]","""2023-10-27T14:35:53.117Z""","[1,0,1,0]","0","1","0","40","48","48","40","8","0","0","[""arrowright"",""arrowleft"",""arrowright"",""arrowleft"",""arrowleft""]","[936,619,634,1040,1146]","[30,55,35,33,58]","[0,55,0,33,58]","[[48.5931,50]]","[2431]","[]","[]","1","[]","[]","[]","[]","horizontal","","","",""
"","","","","","survey-html-form","124","1376158","0.0-120.0","40856","{""comments"":"" I looked at the previous results, which had more wins and how high the payout. It sometimes differed.""}","","","","","","","","","","","","","","","","","","","","","","","","","","","","","","","","","","","","",""
"","","","","","survey-html-form","125","1397679","0.0-121.0","21518","{""comments"":"" I looked at how different the payouts were on each side.""}","","","","","","","","","","","","","","","","","","","","","","","","","","","","","","","","","","","","",""
"","","","","","survey-html-form","126","1432840","0.0-122.0","35159","{""comments"":"" I looked at level of payouts and if they were very different I would be more confident.""}","","","","","","","","","","","","","","","","","","","","","","","","","","","","","","","","","","","","",""
"","","","","","survey-html-form","127","1436671","0.0-123.0","3830","{""comments"":"" NA""}","","","","","","","","","","","","","","","","","","","","","","","","","","","","","","","","","","","","","[{""event"":""fullscreenenter"",""trial"":2,""time"":6081}]"
