"success","timeout","failed_images","failed_audio","failed_video","trial_type","trial_index","time_elapsed","internal_node_id","rt","response","stimulus","view_history","horizon","rewards_L","rewards_R","date","forced_choices","r_info","r_side","r_h","r_mean","r_otherMean","r_mean_L","r_mean_R","r_difference","confidence_immediate_overall","confidence_question_order","key_presses","response_times","outcomes","outcomes_counted_points","confidence","confidence_rt","confidence_2","confidence_2_rt","screen_resolution","belief_confidence_1","belief_confidence_2","belief_confidence_3","belief_confidence_4","immediate_judgement_orientation","phase","responses","num_errors","interactions"
"true","false","[]","[]","[]","preload","0","441","0.0-0.0","","","","","","","","","","","","","","","","","","","","","","","","","","","","","","","","","","","","",""
"","","","","","survey-html-form","1","13912","0.0-1.0","13468","{""comments"":"" 594abd98215cbd000146debc""}","","","","","","","","","","","","","","","","","","","","","","","","","","","","","","","","","","",""
"true","","","","","fullscreen","2","16549","0.0-2.0","","","","","","","","","","","","","","","","","","","","","","","","","","","","","","","","","","","","",""
"","","","","","html-button-response","3","41293","0.0-3.0","24742","0","
      <h1>Consent to Participate in the Learning and Cognitive Control Study</h1>

      <p>This is a psychology experiment being conducted by Dr. Peter Dayan, 
      director of the Max Planck Institute for Biological Cybernetics, and the 
      members of his lab. In order to consent to participate, you MUST meet the 
      following criteria:</p>

      <p>
      - 18 years of age or older<br>
      - Fluent speaker of English<br>
      - Have not previously participated in this experiment<br></p>

      <p>This study is designed to look at how people learn how to make decisions 
      to accomplish their goals. In this task, you will be asked to make choices, 
      play games, and answer questions related to those games. The study will take 
      about 45 minutes. </p> 

      <p>Your participation in this research is voluntary. You may refrain from 
      answering any questions that make you uncomfortable and may withdraw your 
      participation at any time without penalty by exiting this task and alerting 
      the experimenter. You may choose not to complete certain parts of the task 
      or answer certain questions. You may contact us at the address provided 
      below if you have additional questions or concerns.</p> 

      <p>Other than monetary compensation, participating in this study will 
      provide no direct benefits to you. But we hope that this research will 
      benefit society at large by contributing towards establishing a scientific 
      foundation for improving people's learning and cognitive control abilities.</p>

      <p>Your online username may be connected to your individual responses, but 
      we will not be asking for any additional personally identifying information, 
      and we will handle responses as confidentially as possible. We cannot however 
      guarantee the confidentiality of information transmitted over the Internet. 
      We will be keeping de-identified data collected as part of this experiment 
      indefinitely. Data used in scientific publications will remain completely 
      anonymous.</p>

      <p>If you have any questions about the study, feel free to contact our lab. 
      Dr. Dayan and his lab members can be reached at <a href='mailto:kyblab.tuebingen@gmail.com'>kyblab.tuebingen@gmail.com</a></p>
      
      <p>By selecting the â€œconsentâ€ option below, I acknowledge that I am 18 or older, that I am a fluent speaker of
            English, that I have read this consent form, and that I agree to take part in the research.</p>","","","","","","","","","","","","","","","","","","","","","","","","","","","","","","","","","",""
"","","","","","html-button-response","4","69881","0.0-4.0","28586","0","<h1>Legal Declaration of Consent under Data Protection Law</h1>
    <p><a target=""_blank"" rel=""noopener noreferrer"" href=""https://kyblab.tuebingen.mpg.de/fma/dataprotection.pdf"">Please click here to view our Data Protection Information Sheet, yours to keep.</a></p>
    <p>I have received and took note of the written Data Protection Information Sheet for this study. In doing so, I had sufficient time and opportunity to ask questions about data protection and reconsider my participation in the study. </p>
    <p>I am aware that:</p>
    <ul>
        <li>the processing and use of the collected data occur in a pseudonymized form within the scope of the legally prescribed provisions.
            As a general rule, the storage occurs in the form of questionnaires, as well as on electronic data media, for 10 years
            or longer, if this is required by the purpose of the study.</li>
        <li>by providing further personal data in pseudonymized form, collected personal data may be used for the preparation of anonymized
            scientific research work and may also be published and used in an anonymized form in medical journals, scientific publications
            and publicly accessible scientific databases, so that a direct assignment to my person cannot be established.</li>
        <li>the information obtained during this study may also be sent in an anonymized form to cooperation partners within the
            scope of the European General Data Protection Regulation for scientific purposes and to cooperation partners outside of the
            European Union, i.e. to countries with a lower data protection level (this also applies to the USA).</li>
        <li>the data collected within the scope of the study can also be used and processed in the future inside of the Institute.</li>
    </ul>
    <p>I was informed about my rights, that at any time:</p>
    <ul>
          <li>I can withdraw this declaration of consent.</li>
          <li>I can request information about my stored data and request the correction or blocking of data.</li>
          <li>by cancellation of my participation in the study, I can request that my personal data collected until that time are immediately deleted or anonymized.</li>
          <li>I can request that my data are handed out to me or to third parties (if technically feasible).</li>
    </ul>

    <p>I herewith declare that:</p>
    <ul>
          <li>I have been adequately informed about the collection and processing of my data and rights.</li>
          <li>I consent to the collection and processing of personal data within the scope of the study and its pseudonymized disclosure so that
            only the persons conducting the study can establish a link between the data and my person.</li>
    </ul>
    <p>By selecting the consent option below, I agree to participate in online studies or experiments using learning, and I consent to the use of my data described in the Data Protection Information Sheet and confirm having received a copy of the Data Protection Sheet.</p>
    <p>Note: If you do not consent to participate in this study or have your data used as outlined in the Data Protection Information Sheet, then this experiment will now close and you will not proceed any further. No information about you will be retained. </p>
    <br><br>","","","","","","","","","","","","","","","","","","","","","","","","","","","","","","","","","",""
"","","","","","instructions","5","314053","0.0-5.0-0.0","244170","","","[{""page_index"":0,""viewing_time"":4798},{""page_index"":1,""viewing_time"":26647},{""page_index"":2,""viewing_time"":12821},{""page_index"":3,""viewing_time"":29292},{""page_index"":4,""viewing_time"":22986},{""page_index"":5,""viewing_time"":4992},{""page_index"":6,""viewing_time"":12955},{""page_index"":7,""viewing_time"":11629},{""page_index"":8,""viewing_time"":15724},{""page_index"":9,""viewing_time"":26738},{""page_index"":10,""viewing_time"":64284},{""page_index"":11,""viewing_time"":11302}]","","","","","","","","","","","","","","","","","","","","","","","","","","","","","","","","",""
"","","","","","horizons-trial","6","355619","0.0-5.0-1.0","","","","","5","[44,57,74,72,62]","[31,33,24,39,29]","""2023-07-16T20:53:23.045Z""","[1,0,1,1]","","","","","","","","","0","","[""arrowright"",""arrowleft"",""arrowright"",""arrowright"",""arrowleft""]","[1885,1774,1558,1483,1869]","[31,57,24,39,62]","[0,57,0,0,62]","[[50,82.4517]]","[]","[]","[]","1","[]","[]","[]","[]","vertical","practice","","",""
"","","","","","horizons-trial","7","399147","0.0-5.0-2.0","","","","","10","[64,50,57,35,52,38,44,61,39,38]","[70,69,76,71,75,58,81,84,57,61]","""2023-07-16T20:54:06.573Z""","[0,0,1,1]","","","","","","","","","1","","[""arrowleft"",""arrowleft"",""arrowright"",""arrowright"",""arrowright"",""arrowright"",""arrowright"",""arrowright"",""arrowright"",""arrowright""]","[3197,1075,1142,820,5307,3509,2633,2068,2119,1599]","[64,50,76,71,75,58,81,84,57,61]","[0,0,76,71,75,58,81,84,57,61]","[[72.8622,84.4863]]","[]","[]","[]","1","[]","[]","[]","[]","vertical","practice","","",""
"","","","","","instructions","8","434409","0.0-5.0-3.0","35259","","","[{""page_index"":0,""viewing_time"":2901},{""page_index"":1,""viewing_time"":23491},{""page_index"":2,""viewing_time"":5410},{""page_index"":3,""viewing_time"":3457}]","","","","","","","","","","","","","","","","","","","","","","","","","","","","","","","","",""
"","","","","","horizons-comprehension","9","611273","0.0-5.0-4.0","176860.39999997616","","","","","","","","","","","","","","","","","","","","","","","","","","","","","","","","","","[""true"",""false"",""false"",""true""]","0",""
"","","","","","instructions","10","614992","0.0-6.0","3715","","","[{""page_index"":0,""viewing_time"":3715}]","","","","","","","","","","","","","","","","","","","","","","","","","","","","","","","","",""
"","","","","","horizons-trial","11","634947","0.0-7.0","","","","","5","[65,57,57,54,61]","[45,29,31,22,53]","""2023-07-16T20:58:02.372Z""","[1,0,0,0]","1","0","0","60","40","60","40","20","0","0","[""arrowright"",""arrowleft"",""arrowleft"",""arrowleft"",""arrowleft""]","[1991,1637,4071,2380,2156]","[45,57,57,54,61]","[0,57,57,54,61]","[[50,89.3693]]","[]","[]","[]","1","[]","[]","[]","[]","vertical","","","",""
"","","","","","horizons-trial","12","652862","0.0-8.0","","","","","5","[46,36,46,47,41]","[32,34,45,39,36]","""2023-07-16T20:58:20.288Z""","[0,0,1,1]","0","1","0","40","41","41","40","1","0","0","[""arrowleft"",""arrowleft"",""arrowright"",""arrowright"",""arrowright""]","[1869,1128,1538,1800,2790]","[46,36,45,39,36]","[46,36,0,0,0]","[[50,66.175]]","[]","[]","[]","1","[]","[]","[]","[]","vertical","","","",""
"","","","","","horizons-trial","13","671088","0.0-9.0","","","","","5","[45,38,46,50,30]","[54,34,29,35,40]","""2023-07-16T20:58:38.514Z""","[1,1,1,0]","1","1","0","40","41","41","40","1","0","0","[""arrowright"",""arrowright"",""arrowright"",""arrowleft"",""arrowleft""]","[1406,1038,954,2623,2118]","[54,34,29,50,30]","[54,0,0,50,0]","[[50,60.4781]]","[]","[]","[]","1","[]","[]","[]","[]","vertical","","","",""
"","","","","","horizons-trial","14","685391","0.0-10.0","","","","","5","[56,58,36,39,31]","[58,62,70,60,58]","""2023-07-16T20:58:52.816Z""","[1,1,0,0]","0","1","0","60","48","48","60","12","0","0","[""arrowright"",""arrowright"",""arrowleft"",""arrowleft"",""arrowright""]","[1389,1028,1361,1042,1950]","[58,62,36,39,58]","[58,62,0,0,58]","[[50,82.8586]]","[]","[]","[]","1","[]","[]","[]","[]","vertical","","","",""
"","","","","","horizons-trial","15","699821","0.0-11.0","","","","","5","[57,65,55,68,60]","[47,52,52,64,62]","""2023-07-16T20:59:07.246Z""","[0,1,0,1]","0","1","0","60","58","58","60","2","0","0","[""arrowleft"",""arrowright"",""arrowleft"",""arrowright"",""arrowright""]","[1528,1427,1325,1676,2923]","[57,52,55,64,62]","[57,0,55,0,62]","[[50,33.6216]]","[]","[]","[]","1","[]","[]","[]","[]","vertical","","","",""
"","","","","","horizons-trial","16","727238","0.0-12.0","","","","","10","[73,68,77,56,64,61,64,64,63,65]","[29,38,35,40,35,40,44,51,28,43]","""2023-07-16T20:59:34.664Z""","[1,1,0,0]","0","1","1","40","70","70","40","30","0","0","[""arrowright"",""arrowright"",""arrowleft"",""arrowleft"",""arrowleft"",""arrowleft"",""arrowleft"",""arrowleft"",""arrowleft"",""arrowleft""]","[1646,948,1225,1067,2102,3301,1431,1036,1042,1627]","[29,38,77,56,64,61,64,64,63,65]","[0,0,77,56,64,61,64,64,63,65]","[[78.4898,73.4995]]","[]","[]","[]","1","[]","[]","[]","[]","vertical","","","",""
"","","","","","horizons-trial","17","753097","0.0-13.0","","","","","10","[47,51,50,44,43,48,43,52,36,33]","[35,48,41,34,45,52,45,45,42,33]","""2023-07-16T21:00:00.522Z""","[0,1,0,0]","1","1","1","40","48","48","40","8","0","0","[""arrowleft"",""arrowright"",""arrowleft"",""arrowleft"",""arrowright"",""arrowright"",""arrowleft"",""arrowright"",""arrowright"",""arrowright""]","[1945,796,803,920,2809,4897,2550,760,808,672]","[47,48,50,44,45,52,43,45,42,33]","[47,0,50,44,45,52,0,0,42,33]","[[49.2965,53.5605]]","[]","[]","[]","1","[]","[]","[]","[]","vertical","","","",""
"","","","","","horizons-trial","18","770127","0.0-14.0","","","","","5","[45,47,57,57,47]","[35,48,26,48,23]","""2023-07-16T21:00:17.552Z""","[1,0,1,0]","0","1","0","40","52","52","40","12","0","0","[""arrowright"",""arrowleft"",""arrowright"",""arrowleft"",""arrowleft""]","[1366,883,659,810,561]","[35,47,26,57,47]","[0,0,0,57,47]","[[50,88.1485]]","[]","[]","[]","1","[]","[]","[]","[]","vertical","","","",""
"","","","","","horizons-trial","19","780559","0.0-15.0","","","","","5","[57,62,61,65,58]","[53,62,68,44,62]","""2023-07-16T21:00:27.984Z""","[0,1,1,1]","1","0","0","60","58","60","58","2","0","0","[""arrowleft"",""arrowright"",""arrowright"",""arrowright"",""arrowright""]","[1389,820,793,1168,1518]","[57,62,68,44,62]","[57,62,68,0,62]","[[50,68.2096]]","[]","[]","[]","1","[]","[]","[]","[]","vertical","","","",""
"","","","","","horizons-trial","20","806356","0.0-16.0","","","","","5","[61,44,61,57,56]","[54,43,44,54,43]","""2023-07-16T21:00:53.782Z""","[0,1,0,1]","0","1","0","40","60","60","40","20","0","0","[""arrowleft"",""arrowright"",""arrowleft"",""arrowright"",""arrowleft""]","[1450,863,975,1184,1295]","[61,43,61,54,56]","[61,0,61,0,56]","[[50,84.89320000000001]]","[]","[]","[]","1","[]","[]","[]","[]","vertical","","","",""
"","","","","","horizons-trial","21","841718","0.0-17.0","","","","","10","[52,38,37,17,53,11,30,35,31,46]","[45,42,43,36,41,38,38,50,51,35]","""2023-07-16T21:01:29.144Z""","[1,1,0,0]","0","0","1","40","42","40","42","2","0","0","[""arrowright"",""arrowright"",""arrowleft"",""arrowleft"",""arrowright"",""arrowright"",""arrowright"",""arrowright"",""arrowright"",""arrowright""]","[1624,763,1166,846,1263,2218,1256,1647,1216,1060]","[45,42,37,17,41,38,38,50,51,35]","[0,42,0,0,0,38,38,50,51,0]","[[83.4139,79.19630000000001]]","[]","[]","[]","1","[]","[]","[]","[]","vertical","","","",""
"","","","","","horizons-trial","22","863460","0.0-18.0","","","","","10","[23,34,50,45,28,32,52,13,42,37]","[70,62,68,49,59,48,38,59,67,61]","""2023-07-16T21:01:50.885Z""","[0,0,1,1]","0","0","1","40","60","40","60","20","0","0","[""arrowleft"",""arrowleft"",""arrowright"",""arrowright"",""arrowright"",""arrowright"",""arrowright"",""arrowright"",""arrowright"",""arrowright""]","[1435,646,723,712,1985,1905,891,1006,979,1517]","[23,34,68,49,59,48,38,59,67,61]","[0,0,68,49,59,48,0,59,67,61]","[[57.0345,65.3611]]","[]","[]","[]","1","[]","[]","[]","[]","vertical","","","",""
"","","","","","horizons-trial","23","894260","0.0-19.0","","","","","10","[29,43,40,43,28,41,47,31,42,37]","[58,31,41,54,29,39,46,43,47,27]","""2023-07-16T21:02:21.685Z""","[1,1,1,0]","1","0","1","40","44","40","44","4","0","0","[""arrowright"",""arrowright"",""arrowright"",""arrowleft"",""arrowleft"",""arrowright"",""arrowright"",""arrowleft"",""arrowright"",""arrowright""]","[1514,642,695,1396,2180,1867,1286,2661,718,817]","[58,31,41,43,28,39,46,31,47,27]","[58,0,41,0,0,0,0,0,47,0]","[[25.7309,47.4568]]","[]","[]","[]","1","[]","[]","[]","[]","vertical","","","",""
"","","","","","horizons-trial","24","930543","0.0-20.0","","","","","10","[40,47,34,37,41,45,36,47,39,45]","[41,38,37,24,36,43,36,40,48,54]","""2023-07-16T21:02:57.968Z""","[1,0,0,1]","0","1","1","40","42","42","40","2","0","0","[""arrowright"",""arrowleft"",""arrowleft"",""arrowright"",""arrowleft"",""arrowleft"",""arrowleft"",""arrowright"",""arrowright"",""arrowright""]","[3131,1486,1089,697,2591,2467,5905,1038,3458,726]","[41,47,34,24,41,45,36,40,48,54]","[41,47,0,0,41,45,36,0,48,54]","[[63.7173,67.8026]]","[]","[]","[]","1","[]","[]","[]","[]","vertical","","","",""
"","","","","","horizons-trial","25","957743","0.0-21.0","","","","","5","[47,46,57,66,52]","[51,49,40,58,48]","""2023-07-16T21:03:25.169Z""","[1,1,1,0]","1","0","0","60","56","60","56","4","0","0","[""arrowright"",""arrowright"",""arrowright"",""arrowleft"",""arrowleft""]","[1366,679,645,877,980]","[51,49,40,66,52]","[51,49,0,66,52]","[[50,43.3876]]","[]","[]","[]","1","[]","[]","[]","[]","vertical","","","",""
"","","","","","horizons-trial","26","990656","0.0-22.0","","","","","10","[66,60,71,64,66,58,51,70,63,47]","[46,35,52,42,43,50,49,43,43,50]","""2023-07-16T21:03:58.082Z""","[0,0,1,1]","0","0","1","60","40","60","40","20","0","0","[""arrowleft"",""arrowleft"",""arrowright"",""arrowright"",""arrowleft"",""arrowleft"",""arrowleft"",""arrowright"",""arrowleft"",""arrowleft""]","[2049,670,623,772,1898,1821,3038,1515,889,612]","[66,60,52,42,66,58,51,43,63,47]","[66,60,0,0,66,58,51,0,63,0]","[[50.3517,49.0844]]","[]","[]","[]","1","[]","[]","[]","[]","vertical","","","",""
"","","","","","horizons-trial","27","1020777","0.0-23.0","","","","","10","[35,30,30,37,51,29,40,43,44,34]","[71,64,71,64,96,73,71,70,91,73]","""2023-07-16T21:04:28.203Z""","[0,0,1,1]","0","0","1","40","70","40","70","30","0","0","[""arrowleft"",""arrowleft"",""arrowright"",""arrowright"",""arrowright"",""arrowright"",""arrowright"",""arrowright"",""arrowright"",""arrowright""]","[1673,999,599,1178,2176,1716,931,867,1064,1225]","[35,30,71,64,96,73,71,70,91,73]","[0,0,71,64,96,73,71,70,91,73]","[[74.6208,46.6429]]","[]","[]","[]","1","[]","[]","[]","[]","vertical","","","",""
"","","","","","horizons-trial","28","1037517","0.0-24.0","","","","","5","[27,12,16,32,29]","[52,59,57,53,78]","""2023-07-16T21:04:44.943Z""","[0,0,1,1]","0","1","0","60","30","30","60","30","0","0","[""arrowleft"",""arrowleft"",""arrowright"",""arrowright"",""arrowright""]","[1387,1088,628,1197,869]","[27,12,57,53,78]","[0,0,57,53,78]","[[50,86.1139]]","[]","[]","[]","1","[]","[]","[]","[]","vertical","","","",""
"","","","","","horizons-trial","29","1052060","0.0-25.0","","","","","5","[38,37,45,49,44]","[47,42,30,47,40]","""2023-07-16T21:04:59.485Z""","[1,0,0,0]","1","1","0","40","48","48","40","8","0","0","[""arrowright"",""arrowleft"",""arrowleft"",""arrowleft"",""arrowleft""]","[1769,1470,827,840,1614]","[47,37,45,49,44]","[47,0,45,49,44]","[[50,64.5473]]","[]","[]","[]","1","[]","[]","[]","[]","vertical","","","",""
"","","","","","horizons-trial","30","1075776","0.0-26.0","","","","","10","[62,56,39,55,62,54,43,56,45,50]","[62,60,63,73,59,57,66,55,74,62]","""2023-07-16T21:05:23.201Z""","[1,1,1,0]","1","1","1","60","52","52","60","8","0","0","[""arrowright"",""arrowright"",""arrowright"",""arrowleft"",""arrowright"",""arrowright"",""arrowright"",""arrowright"",""arrowright"",""arrowright""]","[1414,686,804,812,1292,1963,995,804,1284,659]","[62,60,63,55,59,57,66,55,74,62]","[62,60,63,0,0,57,66,0,74,62]","[[56.3311,23.4486]]","[]","[]","[]","1","[]","[]","[]","[]","vertical","","","",""
"","","","","","horizons-trial","31","1087308","0.0-27.0","","","","","5","[58,68,58,46,68]","[37,46,51,24,29]","""2023-07-16T21:05:34.733Z""","[1,0,1,0]","0","0","0","60","40","60","40","20","0","0","[""arrowright"",""arrowleft"",""arrowright"",""arrowleft"",""arrowleft""]","[1348,810,976,1040,2474]","[37,68,51,46,68]","[0,68,0,46,68]","[[50,62.5127]]","[]","[]","[]","1","[]","[]","[]","[]","vertical","","","",""
"","","","","","horizons-trial","32","1117572","0.0-28.0","","","","","10","[41,40,48,56,42,30,35,54,44,44]","[40,47,53,61,40,35,58,42,33,31]","""2023-07-16T21:06:04.997Z""","[1,1,0,0]","0","0","1","40","44","40","44","4","0","0","[""arrowright"",""arrowright"",""arrowleft"",""arrowleft"",""arrowright"",""arrowleft"",""arrowright"",""arrowright"",""arrowright"",""arrowleft""]","[1433,967,721,821,3914,2088,833,988,1621,1111]","[40,47,48,56,40,30,58,42,33,44]","[0,47,0,0,0,0,58,0,0,44]","[[54.9242,23.855500000000006]]","[]","[]","[]","1","[]","[]","[]","[]","vertical","","","",""
"","","","","","horizons-trial","33","1131725","0.0-29.0","","","","","5","[43,40,45,48,47]","[71,54,53,53,62]","""2023-07-16T21:06:19.151Z""","[1,0,1,0]","0","1","0","60","40","40","60","20","0","0","[""arrowright"",""arrowleft"",""arrowright"",""arrowleft"",""arrowright""]","[1289,932,593,939,1625]","[71,40,53,48,62]","[71,0,53,0,62]","[[50,86.1139]]","[]","[]","[]","1","[]","[]","[]","[]","vertical","","","",""
"","","","","","horizons-trial","34","1150685","0.0-30.0","","","","","10","[72,89,67,78,63,84,74,60,72,78]","[39,40,32,32,38,43,52,24,27,43]","""2023-07-16T21:06:38.110Z""","[0,0,0,1]","1","1","1","40","70","70","40","30","0","0","[""arrowleft"",""arrowleft"",""arrowleft"",""arrowright"",""arrowleft"",""arrowleft"",""arrowleft"",""arrowleft"",""arrowleft"",""arrowleft""]","[1509,829,622,587,1042,2645,557,568,588,552]","[72,89,67,32,63,84,74,60,72,78]","[72,89,67,0,63,84,74,60,72,78]","[[74.2691,67.3957]]","[]","[]","[]","1","[]","[]","[]","[]","vertical","","","",""
"","","","","","horizons-trial","35","1177660","0.0-31.0","","","","","10","[60,70,63,60,67,53,57,70,50,65]","[64,67,64,59,56,65,63,54,60,71]","""2023-07-16T21:07:05.085Z""","[0,0,1,1]","0","1","1","60","59","59","60","1","0","0","[""arrowleft"",""arrowleft"",""arrowright"",""arrowright"",""arrowleft"",""arrowleft"",""arrowleft"",""arrowleft"",""arrowleft"",""arrowleft""]","[1184,473,685,677,1637,1328,545,741,839,522]","[60,70,64,59,67,53,57,70,50,65]","[0,70,64,0,67,0,0,70,0,0]","[[66.8828,47.0498]]","[]","[]","[]","1","[]","[]","[]","[]","vertical","","","",""
"","","","","","horizons-trial","36","1198905","0.0-32.0","","","","","10","[49,53,57,61,55,49,35,41,61,49]","[61,63,59,62,77,62,56,70,50,68]","""2023-07-16T21:07:26.330Z""","[1,0,0,1]","0","1","1","60","58","58","60","2","0","0","[""arrowright"",""arrowleft"",""arrowleft"",""arrowright"",""arrowright"",""arrowright"",""arrowright"",""arrowleft"",""arrowright"",""arrowright""]","[1271,1131,729,1086,1051,1417,898,1244,702,609]","[61,53,57,62,77,62,56,41,50,68]","[61,0,0,62,77,62,56,0,0,68]","[[46.4827,40.9461]]","[]","[]","[]","1","[]","[]","[]","[]","vertical","","","",""
"","","","","","horizons-trial","37","1214189","0.0-33.0","","","","","5","[70,67,50,62,53]","[50,58,58,64,43]","""2023-07-16T21:07:41.615Z""","[1,0,1,0]","0","0","0","60","56","60","56","4","0","0","[""arrowright"",""arrowleft"",""arrowright"",""arrowleft"",""arrowleft""]","[1171,743,840,647,1897]","[50,67,58,62,53]","[0,67,58,0,53]","[[50,87.7416]]","[]","[]","[]","1","[]","[]","[]","[]","vertical","","","",""
"","","","","","horizons-trial","38","1232827","0.0-34.0","","","","","5","[70,62,67,62,65]","[59,53,48,59,49]","""2023-07-16T21:08:00.253Z""","[1,0,1,0]","0","0","0","60","58","60","58","2","0","0","[""arrowright"",""arrowleft"",""arrowright"",""arrowleft"",""arrowleft""]","[1286,670,619,615,1396]","[59,62,48,62,65]","[0,62,0,62,65]","[[50,91.40387]]","[]","[]","[]","1","[]","[]","[]","[]","vertical","","","",""
"","","","","","horizons-trial","39","1253762","0.0-35.0","","","","","5","[39,35,43,60,45]","[54,57,37,46,64]","""2023-07-16T21:08:21.187Z""","[0,1,1,1]","1","0","0","40","52","40","52","12","0","0","[""arrowleft"",""arrowright"",""arrowright"",""arrowright"",""arrowright""]","[1352,714,724,1251,2576]","[39,57,37,46,64]","[0,57,0,0,64]","[[50,88.1485]]","[]","[]","[]","1","[]","[]","[]","[]","vertical","","","",""
"","","","","","horizons-trial","40","1272685","0.0-36.0","","","","","5","[70,50,52,42,56]","[63,50,65,56,53]","""2023-07-16T21:08:40.111Z""","[1,1,0,1]","1","1","0","60","58","58","60","2","0","0","[""arrowright"",""arrowright"",""arrowleft"",""arrowright"",""arrowright""]","[1513,981,1209,901,1654]","[63,50,52,56,53]","[0,50,0,56,0]","[[50,60.885]]","[]","[]","[]","1","[]","[]","[]","[]","vertical","","","",""
"","","","","","horizons-trial","41","1293608","0.0-37.0","","","","","5","[40,50,48,32,52]","[35,46,30,50,42]","""2023-07-16T21:09:01.033Z""","[0,1,1,1]","1","1","0","40","44","44","40","4","0","0","[""arrowleft"",""arrowright"",""arrowright"",""arrowright"",""arrowleft""]","[1364,677,738,995,1229]","[40,46,30,50,52]","[40,0,0,50,52]","[[50,58.0366]]","[]","[]","[]","1","[]","[]","[]","[]","vertical","","","",""
"","","","","","horizons-trial","42","1314842","0.0-38.0","","","","","10","[63,61,60,68,53,74,58,50,55,57]","[46,44,50,45,28,37,43,52,42,44]","""2023-07-16T21:09:22.268Z""","[1,0,1,1]","1","0","1","60","48","60","48","12","0","0","[""arrowright"",""arrowleft"",""arrowright"",""arrowright"",""arrowleft"",""arrowleft"",""arrowleft"",""arrowleft"",""arrowright"",""arrowleft""]","[1244,819,763,742,1756,1558,1161,1744,2698,608]","[46,61,50,45,53,74,58,50,42,57]","[0,61,0,0,53,74,58,0,0,57]","[[47.1862,31.180099999999996]]","[]","[]","[]","1","[]","[]","[]","[]","vertical","","","",""
"","","","","","horizons-trial","43","1332248","0.0-39.0","","","","","5","[33,48,43,38,24]","[78,76,76,71,58]","""2023-07-16T21:09:39.674Z""","[1,0,0,0]","1","0","0","40","70","40","70","30","0","0","[""arrowright"",""arrowleft"",""arrowleft"",""arrowleft"",""arrowright""]","[1276,790,3144,1052,753]","[78,48,43,38,58]","[78,0,0,0,58]","[[50,76.7548]]","[]","[]","[]","1","[]","[]","[]","[]","vertical","","","",""
"","","","","","horizons-trial","44","1355207","0.0-40.0","","","","","10","[45,43,47,41,41,40,40,52,49,50]","[48,54,58,50,43,58,52,57,59,55]","""2023-07-16T21:10:02.633Z""","[0,0,1,0]","1","0","1","40","52","40","52","12","0","0","[""arrowleft"",""arrowleft"",""arrowright"",""arrowleft"",""arrowright"",""arrowright"",""arrowright"",""arrowright"",""arrowright"",""arrowright""]","[1594,669,537,725,2085,2481,1702,1495,1171,721]","[45,43,58,41,43,58,52,57,59,55]","[0,0,58,0,43,58,52,57,59,55]","[[48.2414,22.227900000000005]]","[]","[]","[]","1","[]","[]","[]","[]","vertical","","","",""
"","","","","","horizons-trial","45","1374696","0.0-41.0","","","","","10","[28,37,39,39,40,33,32,43,43,43]","[66,63,54,55,70,56,72,61,53,62]","""2023-07-16T21:10:22.122Z""","[1,1,0,0]","0","1","1","60","40","40","60","20","0","0","[""arrowright"",""arrowright"",""arrowleft"",""arrowleft"",""arrowright"",""arrowright"",""arrowright"",""arrowright"",""arrowright"",""arrowright""]","[1193,699,719,763,797,1350,746,912,820,954]","[66,63,39,39,70,56,72,61,53,62]","[66,63,0,0,70,56,72,61,53,62]","[[68.9932,64.9542]]","[]","[]","[]","1","[]","[]","[]","[]","vertical","","","",""
"","","","","","horizons-trial","46","1388309","0.0-42.0","","","","","5","[50,61,65,55,60]","[38,53,67,44,65]","""2023-07-16T21:10:35.735Z""","[0,1,1,0]","0","0","0","60","59","60","59","1","0","0","[""arrowleft"",""arrowright"",""arrowright"",""arrowleft"",""arrowright""]","[1376,601,782,1333,1172]","[50,53,67,55,65]","[50,0,67,55,65]","[[50,67.3957]]","[]","[]","[]","1","[]","[]","[]","[]","vertical","","","",""
"","","","","","horizons-trial","47","1411117","0.0-43.0","","","","","10","[39,47,38,28,32,37,42,43,29,40]","[35,36,38,43,35,49,48,47,40,45]","""2023-07-16T21:10:58.543Z""","[1,1,1,0]","1","0","1","40","41","40","41","1","0","0","[""arrowright"",""arrowright"",""arrowright"",""arrowleft"",""arrowright"",""arrowright"",""arrowleft"",""arrowright"",""arrowright"",""arrowright""]","[1478,635,634,1087,2526,1545,2613,754,838,483]","[35,36,38,28,35,49,42,47,40,45]","[0,0,38,0,35,49,0,47,40,45]","[[45.4276,21.007099999999994]]","[]","[]","[]","1","[]","[]","[]","[]","vertical","","","",""
"","","","","","horizons-trial","48","1422976","0.0-44.0","","","","","5","[44,40,64,35,43]","[49,50,55,31,48]","""2023-07-16T21:11:10.402Z""","[0,0,1,1]","0","1","0","40","44","44","40","4","0","0","[""arrowleft"",""arrowleft"",""arrowright"",""arrowright"",""arrowleft""]","[1220,570,506,742,1409]","[44,40,55,31,43]","[0,0,0,0,0]","[[50,49.0844]]","[]","[]","[]","1","[]","[]","[]","[]","vertical","","","",""
"","","","","","horizons-trial","49","1434198","0.0-45.0","","","","","5","[56,22,41,42,38]","[61,55,44,52,53]","""2023-07-16T21:11:21.624Z""","[0,1,0,1]","0","0","0","40","52","40","52","12","0","0","[""arrowleft"",""arrowright"",""arrowleft"",""arrowright"",""arrowright""]","[1521,787,1202,1444,671]","[56,55,41,52,53]","[0,55,0,52,53]","[[50,36.8769]]","[]","[]","[]","1","[]","[]","[]","[]","vertical","","","",""
"","","","","","horizons-trial","50","1455465","0.0-46.0","","","","","10","[68,57,51,58,53,56,52,53,74,75]","[52,58,55,63,62,49,51,52,60,74]","""2023-07-16T21:11:42.890Z""","[0,1,1,0]","0","0","1","60","58","60","58","2","0","0","[""arrowleft"",""arrowright"",""arrowright"",""arrowleft"",""arrowleft"",""arrowleft"",""arrowleft"",""arrowright"",""arrowleft"",""arrowleft""]","[1392,1028,1259,721,1535,3014,1028,1541,913,726]","[68,58,55,58,53,56,52,52,74,75]","[68,58,55,0,0,56,52,0,74,75]","[[59.8483,46.236]]","[]","[]","[]","1","[]","[]","[]","[]","vertical","","","",""
"","","","","","horizons-trial","51","1479048","0.0-47.0","","","","","10","[61,41,51,70,40,46,51,46,31,45]","[67,63,64,61,66,70,58,49,58,71]","""2023-07-16T21:12:06.474Z""","[1,1,0,0]","0","1","1","60","52","52","60","8","0","0","[""arrowright"",""arrowright"",""arrowleft"",""arrowleft"",""arrowright"",""arrowleft"",""arrowright"",""arrowright"",""arrowleft"",""arrowright""]","[1218,709,798,653,5308,2995,698,612,853,515]","[67,63,51,70,66,46,58,49,31,71]","[67,63,0,70,66,0,58,49,0,71]","[[50.7035,74.7202]]","[]","[]","[]","1","[]","[]","[]","[]","vertical","","","",""
"","","","","","horizons-trial","52","1499313","0.0-48.0","","","","","10","[24,40,23,39,28,13,40,19,29,37]","[71,77,56,58,64,56,68,43,66,52]","""2023-07-16T21:12:26.739Z""","[0,1,0,1]","0","1","1","60","30","30","60","30","0","0","[""arrowleft"",""arrowright"",""arrowleft"",""arrowright"",""arrowright"",""arrowright"",""arrowright"",""arrowright"",""arrowright"",""arrowright""]","[1281,774,640,604,1122,1630,604,611,587,657]","[24,77,23,58,64,56,68,43,66,52]","[0,77,0,58,64,56,68,43,66,52]","[[50.3517,21.820999999999998]]","[]","[]","[]","1","[]","[]","[]","[]","vertical","","","",""
"","","","","","horizons-trial","53","1518879","0.0-49.0","","","","","10","[48,32,36,28,50,44,42,57,36,46]","[40,53,44,25,39,41,49,41,49,37]","""2023-07-16T21:12:46.305Z""","[1,1,0,1]","1","1","1","40","41","41","40","1","0","0","[""arrowright"",""arrowright"",""arrowleft"",""arrowright"",""arrowleft"",""arrowright"",""arrowleft"",""arrowright"",""arrowleft"",""arrowright""]","[1181,634,630,630,1286,4049,813,1165,1019,691]","[40,53,36,25,50,41,42,41,36,37]","[0,53,0,0,50,0,0,0,0,0]","[[28.193,27.517799999999994]]","[]","[]","[]","1","[]","[]","[]","[]","vertical","","","",""
"","","","","","horizons-trial","54","1528137","0.0-50.0","","","","","5","[50,73,58,47,69]","[50,46,39,55,61]","""2023-07-16T21:12:55.563Z""","[0,1,0,0]","1","0","0","60","48","60","48","12","0","0","[""arrowleft"",""arrowright"",""arrowleft"",""arrowleft"",""arrowleft""]","[1366,492,634,1120,1327]","[50,46,58,47,69]","[50,0,58,0,69]","[[50,72.2787]]","[]","[]","[]","1","[]","[]","[]","[]","vertical","","","",""
"","","","","","horizons-trial","55","1544178","0.0-51.0","","","","","10","[56,73,66,52,68,70,48,61,67,60]","[62,59,59,56,52,45,50,50,60,50]","""2023-07-16T21:13:11.604Z""","[1,0,1,0]","0","0","1","60","52","60","52","8","0","0","[""arrowright"",""arrowleft"",""arrowright"",""arrowleft"",""arrowleft"",""arrowleft"",""arrowleft"",""arrowleft"",""arrowleft"",""arrowleft""]","[1258,730,822,685,952,2200,597,958,616,521]","[62,73,59,52,68,70,48,61,67,60]","[62,73,0,0,68,70,0,61,67,60]","[[61.9587,60.0712]]","[]","[]","[]","1","[]","[]","[]","[]","vertical","","","",""
"","","","","","horizons-trial","56","1562289","0.0-52.0","","","","","10","[41,38,45,42,34,53,42,39,44,38]","[59,64,61,54,56,68,60,63,66,46]","""2023-07-16T21:13:29.715Z""","[1,0,0,0]","1","1","1","60","40","40","60","20","0","0","[""arrowright"",""arrowleft"",""arrowleft"",""arrowleft"",""arrowright"",""arrowright"",""arrowright"",""arrowright"",""arrowright"",""arrowright""]","[1294,664,1630,672,2519,1010,655,556,487,498]","[59,38,45,42,56,68,60,63,66,46]","[59,0,0,0,56,68,60,63,66,46]","[[70.7518,45.8291]]","[]","[]","[]","1","[]","[]","[]","[]","vertical","","","",""
"","","","","","horizons-trial","57","1586822","0.0-53.0","","","","","10","[19,42,35,19,16,21,28,30,29,17]","[47,54,63,54,36,64,57,69,63,53]","""2023-07-16T21:13:54.248Z""","[0,0,1,0]","1","1","1","60","30","30","60","30","0","0","[""arrowleft"",""arrowleft"",""arrowright"",""arrowleft"",""arrowright"",""arrowright"",""arrowright"",""arrowright"",""arrowright"",""arrowright""]","[1414,1099,476,1497,1054,1922,728,480,420,480]","[19,42,63,19,36,64,57,69,63,53]","[0,0,63,0,36,64,57,69,63,53]","[[68.9932,13.2757]]","[]","[]","[]","1","[]","[]","[]","[]","vertical","","","",""
"","","","","","horizons-trial","58","1606258","0.0-54.0","","","","","10","[34,37,46,44,43,48,58,51,40,50]","[31,41,30,45,41,29,36,38,24,39]","""2023-07-16T21:14:13.683Z""","[1,0,1,0]","0","1","1","40","48","48","40","8","0","0","[""arrowright"",""arrowleft"",""arrowright"",""arrowleft"",""arrowleft"",""arrowleft"",""arrowleft"",""arrowleft"",""arrowleft"",""arrowright""]","[1131,764,567,542,1430,2958,636,767,722,872]","[31,37,30,44,43,48,58,51,40,39]","[0,0,0,0,43,48,58,51,40,0]","[[50,34.842299999999994]]","[]","[]","[]","1","[]","[]","[]","[]","vertical","","","",""
"","","","","","horizons-trial","59","1617494","0.0-55.0","","","","","5","[55,56,57,53,71]","[56,52,60,65,61]","""2023-07-16T21:14:24.919Z""","[0,1,1,0]","0","1","0","60","59","59","60","1","0","0","[""arrowleft"",""arrowright"",""arrowright"",""arrowleft"",""arrowright""]","[1315,624,733,807,659]","[55,52,60,53,61]","[0,0,60,0,0]","[[50,84.0793]]","[]","[]","[]","1","[]","[]","[]","[]","vertical","","","",""
"","","","","","horizons-trial","60","1640058","0.0-56.0","","","","","10","[27,29,33,59,46,53,47,43,37,43]","[48,35,53,46,40,56,49,47,57,46]","""2023-07-16T21:14:47.483Z""","[1,1,0,1]","1","0","1","40","48","40","48","8","0","0","[""arrowright"",""arrowright"",""arrowleft"",""arrowright"",""arrowleft"",""arrowright"",""arrowright"",""arrowright"",""arrowleft"",""arrowright""]","[1522,692,526,651,3291,3185,1330,1631,1523,522]","[48,35,33,46,46,56,49,47,37,46]","[48,35,0,0,46,56,49,47,0,46]","[[28.5447,29.1455]]","[]","[]","[]","1","[]","[]","[]","[]","vertical","","","",""
"","","","","","horizons-trial","61","1655711","0.0-57.0","","","","","5","[25,36,47,38,32]","[50,49,30,42,52]","""2023-07-16T21:15:03.136Z""","[1,1,1,0]","1","0","0","40","48","40","48","8","0","0","[""arrowright"",""arrowright"",""arrowright"",""arrowleft"",""arrowright""]","[1177,1060,1047,1134,3290]","[50,49,30,38,52]","[50,49,0,0,52]","[[50,70.6511]]","[]","[]","[]","1","[]","[]","[]","[]","vertical","","","",""
"","","","","","horizons-trial","62","1672108","0.0-58.0","","","","","10","[47,51,34,41,40,33,50,34,34,43]","[31,25,40,37,52,33,51,49,44,37]","""2023-07-16T21:15:19.534Z""","[0,1,0,1]","0","1","1","40","41","41","40","1","0","0","[""arrowleft"",""arrowright"",""arrowleft"",""arrowright"",""arrowleft"",""arrowleft"",""arrowright"",""arrowright"",""arrowright"",""arrowright""]","[1420,677,592,636,1458,2578,1033,682,809,495]","[47,25,34,37,40,33,51,49,44,37]","[47,0,0,0,0,33,51,49,44,0]","[[26.7861,34.842299999999994]]","[]","[]","[]","1","[]","[]","[]","[]","vertical","","","",""
"","","","","","horizons-trial","63","1691171","0.0-59.0","","","","","10","[57,62,63,71,55,60,58,65,55,66]","[52,56,45,46,53,57,45,62,50,55]","""2023-07-16T21:15:38.596Z""","[1,1,1,0]","1","0","1","60","52","60","52","8","0","0","[""arrowright"",""arrowright"",""arrowright"",""arrowleft"",""arrowleft"",""arrowleft"",""arrowleft"",""arrowleft"",""arrowleft"",""arrowleft""]","[1244,684,586,625,1278,1941,620,861,949,800]","[52,56,45,71,55,60,58,65,55,66]","[0,0,0,71,55,60,58,65,55,66]","[[77.4346,69.4303]]","[]","[]","[]","1","[]","[]","[]","[]","vertical","","","",""
"","","","","","horizons-trial","64","1709158","0.0-60.0","","","","","5","[51,52,55,61,56]","[56,70,63,67,52]","""2023-07-16T21:15:56.584Z""","[0,1,1,1]","1","1","0","60","56","56","60","4","0","0","[""arrowleft"",""arrowright"",""arrowright"",""arrowright"",""arrowright""]","[1157,603,691,789,1342]","[51,70,63,67,52]","[0,70,63,67,0]","[[50,86.9278]]","[]","[]","[]","1","[]","[]","[]","[]","vertical","","","",""
"","","","","","horizons-trial","65","1721538","0.0-61.0","","","","","5","[74,57,50,54,61]","[33,44,31,38,45]","""2023-07-16T21:16:08.964Z""","[0,1,0,0]","1","1","0","40","60","60","40","20","0","0","[""arrowleft"",""arrowright"",""arrowleft"",""arrowleft"",""arrowleft""]","[1176,615,683,1285,1439]","[74,44,50,54,61]","[74,0,50,54,61]","[[50,64.9542]]","[]","[]","[]","1","[]","[]","[]","[]","vertical","","","",""
"","","","","","horizons-trial","66","1742549","0.0-62.0","","","","","10","[59,70,64,61,65,56,46,68,51,79]","[49,33,38,46,46,40,43,42,46,42]","""2023-07-16T21:16:29.974Z""","[0,1,0,0]","1","0","1","60","40","60","40","20","0","0","[""arrowleft"",""arrowright"",""arrowleft"",""arrowleft"",""arrowleft"",""arrowleft"",""arrowleft"",""arrowleft"",""arrowleft"",""arrowleft""]","[1321,705,730,750,3679,1803,863,1244,668,888]","[59,33,64,61,65,56,46,68,51,79]","[59,0,64,61,65,56,46,68,51,79]","[[68.6415,41.353]]","[]","[]","[]","1","[]","[]","[]","[]","vertical","","","",""
"","","","","","horizons-trial","67","1757602","0.0-63.0","","","","","10","[59,54,54,64,58,54,59,67,54,63]","[28,51,37,36,40,30,43,45,28,47]","""2023-07-16T21:16:45.027Z""","[0,1,1,0]","0","1","1","40","60","60","40","20","0","0","[""arrowleft"",""arrowright"",""arrowright"",""arrowleft"",""arrowleft"",""arrowleft"",""arrowleft"",""arrowleft"",""arrowleft"",""arrowleft""]","[1150,607,625,647,882,1080,501,591,606,629]","[59,51,37,64,58,54,59,67,54,63]","[59,0,0,64,58,54,59,67,54,63]","[[56.6828,46.6429]]","[]","[]","[]","1","[]","[]","[]","[]","vertical","","","",""
"","","","","","horizons-trial","68","1768316","0.0-64.0","","","","","5","[35,24,42,17,34]","[43,60,57,54,45]","""2023-07-16T21:16:55.742Z""","[0,1,0,0]","1","1","0","60","30","30","60","30","0","0","[""arrowleft"",""arrowright"",""arrowleft"",""arrowleft"",""arrowright""]","[1200,538,932,656,1705]","[35,60,42,17,45]","[0,60,0,0,45]","[[50,51.9329]]","[]","[]","[]","1","[]","[]","[]","[]","vertical","","","",""
"","","","","","horizons-trial","69","1787929","0.0-65.0","","","","","5","[40,36,39,58,48]","[61,60,45,56,40]","""2023-07-16T21:17:15.354Z""","[1,0,1,0]","0","0","0","40","60","40","60","20","0","0","[""arrowright"",""arrowleft"",""arrowright"",""arrowleft"",""arrowright""]","[1430,784,1147,1088,6953]","[61,36,45,58,40]","[61,0,45,58,0]","[[50,30.7731]]","[]","[]","[]","1","[]","[]","[]","[]","vertical","","","",""
"","","","","","horizons-trial","70","1810273","0.0-66.0","","","","","10","[43,56,46,53,53,41,47,43,46,35]","[83,62,45,59,47,72,65,62,57,61]","""2023-07-16T21:17:37.699Z""","[1,1,0,0]","0","1","1","60","48","48","60","12","0","0","[""arrowright"",""arrowright"",""arrowleft"",""arrowleft"",""arrowright"",""arrowright"",""arrowright"",""arrowright"",""arrowright"",""arrowright""]","[1259,621,656,754,1278,2120,906,951,718,857]","[83,62,46,53,47,72,65,62,57,61]","[83,62,46,0,0,72,65,62,57,61]","[[78.8415,43.3876]]","[]","[]","[]","1","[]","[]","[]","[]","vertical","","","",""
"","","","","","horizons-trial","71","1826620","0.0-67.0","","","","","10","[50,60,61,64,57,58,46,68,66,52]","[45,56,49,68,56,48,67,54,43,61]","""2023-07-16T21:17:54.045Z""","[0,0,0,1]","1","0","1","60","56","60","56","4","0","0","[""arrowleft"",""arrowleft"",""arrowleft"",""arrowright"",""arrowright"",""arrowright"",""arrowleft"",""arrowright"",""arrowright"",""arrowleft""]","[1267,901,759,603,772,2770,1484,835,690,625]","[50,60,61,68,56,48,46,54,43,52]","[50,60,61,68,0,0,0,0,0,0]","[[70.4001,67.3957]]","[]","[]","[]","1","[]","[]","[]","[]","vertical","","","",""
"","","","","","horizons-trial","72","1841414","0.0-68.0","","","","","5","[60,56,64,60,51]","[55,38,55,51,33]","""2023-07-16T21:18:08.839Z""","[1,0,1,0]","0","0","0","60","48","60","48","12","0","0","[""arrowright"",""arrowleft"",""arrowright"",""arrowleft"",""arrowleft""]","[1205,791,861,1907,3782]","[55,56,55,60,51]","[0,56,0,60,51]","[[50,47.0498]]","[]","[]","[]","1","[]","[]","[]","[]","vertical","","","",""
"","","","","","horizons-trial","73","1862056","0.0-69.0","","","","","10","[67,68,75,64,55,66,53,57,59,62]","[51,64,72,66,63,55,41,69,61,59]","""2023-07-16T21:18:29.482Z""","[1,0,1,0]","0","0","1","60","59","60","59","1","0","0","[""arrowright"",""arrowleft"",""arrowright"",""arrowleft"",""arrowright"",""arrowright"",""arrowleft"",""arrowright"",""arrowright"",""arrowleft""]","[1231,713,709,859,1953,3972,888,876,708,752]","[51,68,72,64,63,55,53,69,61,62]","[0,68,0,0,63,0,53,69,61,62]","[[28.8965,79.19630000000001]]","[]","[]","[]","1","[]","[]","[]","[]","vertical","","","",""
"","","","","","horizons-trial","74","1871444","0.0-70.0","","","","","5","[45,51,48,51,51]","[68,58,53,52,68]","""2023-07-16T21:18:38.870Z""","[1,0,1,1]","1","1","0","60","52","52","60","8","0","0","[""arrowright"",""arrowleft"",""arrowright"",""arrowright"",""arrowright""]","[1119,672,554,1986,1344]","[68,51,53,52,68]","[68,0,53,52,68]","[[50,63.7335]]","[]","[]","[]","1","[]","[]","[]","[]","vertical","","","",""
"","","","","","horizons-trial","75","1888238","0.0-71.0","","","","","10","[39,27,32,51,37,30,44,38,32,46]","[39,40,43,37,29,35,43,27,43,28]","""2023-07-16T21:18:55.664Z""","[0,0,1,0]","1","0","1","40","42","40","42","2","0","0","[""arrowleft"",""arrowleft"",""arrowright"",""arrowleft"",""arrowright"",""arrowleft"",""arrowright"",""arrowright"",""arrowleft"",""arrowright""]","[1312,618,505,705,2060,2139,583,668,776,857]","[39,27,43,51,29,30,43,27,32,28]","[39,0,43,51,0,0,0,0,0,0]","[[57.738,43.7945]]","[]","[]","[]","1","[]","[]","[]","[]","vertical","","","",""
"","","","","","horizons-trial","76","1905684","0.0-72.0","","","","","10","[49,57,55,41,57,49,53,46,52,50]","[40,47,54,45,36,48,49,39,37,49]","""2023-07-16T21:19:13.109Z""","[1,0,1,1]","1","1","1","40","52","52","40","12","0","0","[""arrowright"",""arrowleft"",""arrowright"",""arrowright"",""arrowleft"",""arrowleft"",""arrowleft"",""arrowleft"",""arrowright"",""arrowleft""]","[1124,554,718,875,1843,1808,1016,808,648,733]","[40,57,54,45,57,49,53,46,37,50]","[0,57,0,45,57,49,53,46,0,50]","[[49.2965,45.8291]]","[]","[]","[]","1","[]","[]","[]","[]","vertical","","","",""
"","","","","","horizons-trial","77","1923302","0.0-73.0","","","","","10","[45,43,43,33,37,56,56,50,44,38]","[38,49,31,46,37,43,54,35,46,52]","""2023-07-16T21:19:30.728Z""","[0,0,1,1]","0","1","1","40","44","44","40","4","0","0","[""arrowleft"",""arrowleft"",""arrowright"",""arrowright"",""arrowleft"",""arrowright"",""arrowright"",""arrowright"",""arrowleft"",""arrowright""]","[1221,630,507,642,1989,1925,2088,746,850,579]","[45,43,31,46,37,43,54,35,44,52]","[45,0,0,46,37,0,0,0,0,52]","[[30.6551,28.331599999999995]]","[]","[]","[]","1","[]","[]","[]","[]","vertical","","","",""
"","","","","","horizons-trial","78","1940032","0.0-74.0","","","","","10","[65,79,58,73,71,64,50,45,54,56]","[61,55,66,51,38,68,56,55,76,60]","""2023-07-16T21:19:47.458Z""","[1,1,1,0]","1","0","1","60","59","60","59","1","0","0","[""arrowright"",""arrowright"",""arrowright"",""arrowleft"",""arrowleft"",""arrowleft"",""arrowleft"",""arrowright"",""arrowleft"",""arrowright""]","[1289,514,689,1542,1624,2083,822,1351,707,748]","[61,55,66,73,71,64,50,55,54,60]","[0,0,66,73,71,0,0,55,0,60]","[[46.131,33.214600000000004]]","[]","[]","[]","1","[]","[]","[]","[]","vertical","","","",""
"","","","","","horizons-trial","79","1956314","0.0-75.0","","","","","5","[48,59,49,53,46]","[50,42,53,65,50]","""2023-07-16T21:20:03.739Z""","[1,1,1,0]","1","0","0","60","52","60","52","8","0","0","[""arrowright"",""arrowright"",""arrowright"",""arrowleft"",""arrowleft""]","[1153,664,794,565,2104]","[50,42,53,53,46]","[50,0,53,0,0]","[[50,19.379499999999993]]","[]","[]","[]","1","[]","[]","[]","[]","vertical","","","",""
"","","","","","horizons-trial","80","1972774","0.0-76.0","","","","","5","[55,41,57,65,59]","[68,57,57,68,62]","""2023-07-16T21:20:20.200Z""","[0,0,1,0]","1","1","0","60","59","59","60","1","0","0","[""arrowleft"",""arrowleft"",""arrowright"",""arrowleft"",""arrowleft""]","[1662,566,1593,941,4673]","[55,41,57,65,59]","[0,0,57,0,0]","[[50,45.0153]]","[]","[]","[]","1","[]","[]","[]","[]","vertical","","","",""
"","","","","","horizons-trial","81","1981885","0.0-77.0","","","","","5","[70,70,66,54,73]","[41,32,38,41,46]","""2023-07-16T21:20:29.311Z""","[1,1,0,0]","0","1","0","40","70","70","40","30","0","0","[""arrowright"",""arrowright"",""arrowleft"",""arrowleft"",""arrowleft""]","[1183,536,627,493,671]","[41,32,66,54,73]","[0,0,66,54,73]","[[50,71.87180000000001]]","[]","[]","[]","1","[]","[]","[]","[]","vertical","","","",""
"","","","","","horizons-trial","82","1999132","0.0-78.0","","","","","10","[46,45,42,43,25,33,57,47,48,42]","[40,53,32,41,43,50,37,37,33,51]","""2023-07-16T21:20:46.557Z""","[0,0,1,1]","0","0","1","40","41","40","41","1","0","0","[""arrowleft"",""arrowleft"",""arrowright"",""arrowright"",""arrowleft"",""arrowright"",""arrowright"",""arrowleft"",""arrowright"",""arrowleft""]","[1564,508,441,520,953,3485,973,832,866,685]","[46,45,32,41,25,50,37,47,33,42]","[46,0,0,0,0,50,0,47,0,0]","[[7.4412,13.2757]]","[]","[]","[]","1","[]","[]","[]","[]","vertical","","","",""
"","","","","","horizons-trial","83","2013705","0.0-79.0","","","","","10","[39,35,43,31,35,42,49,23,41,25]","[51,35,35,38,48,45,50,39,40,53]","""2023-07-16T21:21:01.131Z""","[1,0,1,0]","0","0","1","40","48","40","48","8","0","0","[""arrowright"",""arrowleft"",""arrowright"",""arrowleft"",""arrowright"",""arrowright"",""arrowright"",""arrowright"",""arrowleft"",""arrowright""]","[1254,728,545,692,1054,1272,1131,643,965,481]","[51,35,35,31,48,45,50,39,41,53]","[51,35,0,0,48,45,50,39,41,53]","[[31.3585,27.1109]]","[]","[]","[]","1","[]","[]","[]","[]","vertical","","","",""
"","","","","","horizons-trial","84","2028264","0.0-80.0","","","","","5","[48,58,61,68,73]","[38,16,25,18,32]","""2023-07-16T21:21:15.689Z""","[1,0,0,1]","0","0","0","60","30","60","30","30","0","0","[""arrowright"",""arrowleft"",""arrowleft"",""arrowright"",""arrowleft""]","[1123,565,900,970,913]","[38,58,61,18,73]","[0,58,61,0,73]","[[50,95.06612]]","[]","[]","[]","1","[]","[]","[]","[]","vertical","","","",""
"","","","","","horizons-trial","85","2045110","0.0-81.0","","","","","10","[62,59,45,56,49,40,64,60,61,61]","[65,69,49,56,50,66,54,64,57,64]","""2023-07-16T21:21:32.536Z""","[0,1,1,1]","1","1","1","60","58","58","60","2","0","0","[""arrowleft"",""arrowright"",""arrowright"",""arrowright"",""arrowleft"",""arrowright"",""arrowright"",""arrowright"",""arrowright"",""arrowright""]","[1317,641,724,743,2446,2002,995,2004,495,444]","[62,69,49,56,49,66,54,64,57,64]","[0,69,49,56,0,66,0,64,0,64]","[[44.3724,38.0977]]","[]","[]","[]","1","[]","[]","[]","[]","vertical","","","",""
"","","","","","horizons-trial","86","2057297","0.0-82.0","","","","","5","[47,44,53,54,43]","[41,53,45,30,51]","""2023-07-16T21:21:44.722Z""","[0,0,1,1]","0","1","0","40","48","48","40","8","0","0","[""arrowleft"",""arrowleft"",""arrowright"",""arrowright"",""arrowleft""]","[1179,536,474,570,2775]","[47,44,45,30,43]","[47,0,0,0,0]","[[50,66.175]]","[]","[]","[]","1","[]","[]","[]","[]","vertical","","","",""
"","","","","","horizons-trial","87","2073646","0.0-83.0","","","","","5","[28,35,40,37,46]","[43,33,44,42,58]","""2023-07-16T21:22:01.071Z""","[1,1,1,0]","1","0","0","40","42","40","42","2","0","0","[""arrowright"",""arrowright"",""arrowright"",""arrowleft"",""arrowright""]","[1228,511,920,1205,1281]","[43,33,44,37,58]","[43,0,44,0,58]","[[50,80.0102]]","[]","[]","[]","1","[]","[]","[]","[]","vertical","","","",""
"","","","","","horizons-trial","88","2094471","0.0-84.0","","","","","5","[31,36,45,46,28]","[44,42,58,48,29]","""2023-07-16T21:22:21.896Z""","[1,0,1,0]","0","0","0","40","44","40","44","4","0","0","[""arrowright"",""arrowleft"",""arrowright"",""arrowleft"",""arrowleft""]","[1209,803,582,1496,6007]","[44,36,58,46,28]","[44,0,58,0,0]","[[50,58.0366]]","[]","[]","[]","1","[]","[]","[]","[]","vertical","","","",""
"","","","","","horizons-trial","89","2111141","0.0-85.0","","","","","5","[55,60,68,52,53]","[60,62,50,50,54]","""2023-07-16T21:22:38.567Z""","[1,1,0,1]","1","0","0","60","59","60","59","1","0","0","[""arrowright"",""arrowright"",""arrowleft"",""arrowright"",""arrowleft""]","[1214,868,630,1090,4678]","[60,62,68,50,53]","[60,62,68,0,0]","[[50,18.565600000000003]]","[]","[]","[]","1","[]","[]","[]","[]","vertical","","","",""
"","","","","","horizons-trial","90","2121077","0.0-86.0","","","","","5","[58,68,48,43,55]","[63,55,63,62,50]","""2023-07-16T21:22:48.503Z""","[0,0,1,1]","0","1","0","60","56","56","60","4","0","0","[""arrowleft"",""arrowleft"",""arrowright"",""arrowright"",""arrowleft""]","[1286,551,537,1197,2063]","[58,68,63,62,55]","[0,68,63,62,55]","[[50,41.7599]]","[]","[]","[]","1","[]","[]","[]","[]","vertical","","","",""
"","","","","","horizons-trial","91","2140731","0.0-87.0","","","","","10","[51,45,40,49,41,45,42,49,37,46]","[32,38,31,46,36,52,43,34,42,49]","""2023-07-16T21:23:08.156Z""","[0,1,0,0]","1","1","1","40","44","44","40","4","0","0","[""arrowleft"",""arrowright"",""arrowleft"",""arrowleft"",""arrowright"",""arrowright"",""arrowleft"",""arrowright"",""arrowleft"",""arrowright""]","[1454,607,569,1244,1919,1885,3192,2475,895,825]","[51,38,40,49,36,52,42,34,37,49]","[51,0,40,49,0,52,0,0,0,49]","[[26.0827,34.028499999999994]]","[]","[]","[]","1","[]","[]","[]","[]","vertical","","","",""
"","","","","","horizons-trial","92","2158224","0.0-88.0","","","","","10","[46,41,45,58,39,65,44,50,57,66]","[46,47,46,35,26,25,33,45,37,30]","""2023-07-16T21:23:25.650Z""","[1,0,0,1]","0","1","1","40","52","52","40","12","0","0","[""arrowright"",""arrowleft"",""arrowleft"",""arrowright"",""arrowleft"",""arrowright"",""arrowleft"",""arrowleft"",""arrowleft"",""arrowleft""]","[1079,663,706,858,2508,1247,950,946,624,672]","[46,41,45,35,39,25,44,50,57,66]","[46,0,0,0,39,0,44,50,57,66]","[[48.2414,14.089500000000001]]","[]","[]","[]","1","[]","[]","[]","[]","vertical","","","",""
"","","","","","horizons-trial","93","2172168","0.0-89.0","","","","","10","[33,42,53,40,40,42,48,43,38,47]","[64,56,61,62,61,57,55,64,59,55]","""2023-07-16T21:23:39.594Z""","[1,0,0,0]","1","0","1","40","60","40","60","20","0","0","[""arrowright"",""arrowleft"",""arrowleft"",""arrowleft"",""arrowright"",""arrowright"",""arrowright"",""arrowright"",""arrowright"",""arrowright""]","[1314,840,828,885,689,1264,1069,1225,575,565]","[64,42,53,40,61,57,55,64,59,55]","[64,0,0,0,61,57,55,64,59,55]","[[36.2827,39.7253]]","[]","[]","[]","1","[]","[]","[]","[]","vertical","","","",""
"","","","","","horizons-trial","94","2190390","0.0-90.0","","","","","10","[39,43,35,40,28,50,40,44,34,15]","[39,32,39,50,48,48,30,30,37,42]","""2023-07-16T21:23:57.816Z""","[1,0,1,1]","1","1","1","40","42","42","40","2","0","0","[""arrowright"",""arrowleft"",""arrowright"",""arrowright"",""arrowleft"",""arrowright"",""arrowright"",""arrowright"",""arrowleft"",""arrowright""]","[1117,653,549,654,2606,1758,641,1064,1169,723]","[39,43,39,50,28,48,30,30,34,42]","[39,43,39,50,0,0,0,0,0,42]","[[30.3034,29.1455]]","[]","[]","[]","1","[]","[]","[]","[]","vertical","","","",""
"","","","","","horizons-trial","95","2202786","0.0-91.0","","","","","10","[46,56,33,40,57,38,50,49,41,24]","[68,61,56,43,67,49,65,38,71,66]","""2023-07-16T21:24:10.212Z""","[0,0,0,1]","1","1","1","60","48","48","60","12","0","0","[""arrowleft"",""arrowleft"",""arrowleft"",""arrowright"",""arrowright"",""arrowright"",""arrowright"",""arrowright"",""arrowright"",""arrowright""]","[1767,574,617,571,1001,1121,606,565,509,528]","[46,56,33,43,67,49,65,38,71,66]","[0,0,0,43,67,49,65,0,71,66]","[[44.0207,35.6562]]","[]","[]","[]","1","[]","[]","[]","[]","vertical","","","",""
"","","","","","horizons-trial","96","2216142","0.0-92.0","","","","","5","[30,40,35,31,26]","[43,46,44,51,37]","""2023-07-16T21:24:23.568Z""","[0,1,1,0]","0","0","0","40","42","40","42","2","0","0","[""arrowleft"",""arrowright"",""arrowright"",""arrowleft"",""arrowright""]","[3842,662,732,658,672]","[30,46,44,31,37]","[0,46,44,0,37]","[[50,88.5554]]","[]","[]","[]","1","[]","[]","[]","[]","vertical","","","",""
"","","","","","horizons-trial","97","2230488","0.0-93.0","","","","","10","[69,64,66,55,78,60,67,65,40,51]","[33,63,50,49,57,61,51,45,57,43]","""2023-07-16T21:24:37.914Z""","[0,0,1,1]","0","0","1","60","56","60","56","4","0","0","[""arrowleft"",""arrowleft"",""arrowright"",""arrowright"",""arrowleft"",""arrowright"",""arrowright"",""arrowleft"",""arrowleft"",""arrowright""]","[1359,572,508,594,712,960,589,1432,540,764]","[69,64,50,49,78,61,51,65,40,43]","[69,64,0,0,78,61,0,65,0,0]","[[54.2207,47.0498]]","[]","[]","[]","1","[]","[]","[]","[]","vertical","","","",""
"","","","","","horizons-trial","98","2250115","0.0-94.0","","","","","10","[34,28,34,31,39,46,24,25,20,43]","[82,82,68,71,79,65,63,67,69,79]","""2023-07-16T21:24:57.540Z""","[0,0,1,0]","1","0","1","40","70","40","70","30","0","0","[""arrowleft"",""arrowleft"",""arrowright"",""arrowleft"",""arrowright"",""arrowright"",""arrowright"",""arrowright"",""arrowright"",""arrowright""]","[1255,548,437,782,1348,1589,754,544,405,406]","[34,28,68,31,79,65,63,67,69,79]","[0,0,68,0,79,65,63,67,69,79]","[[47.5379,29.552400000000006]]","[]","[]","[]","1","[]","[]","[]","[]","vertical","","","",""
"","","","","","horizons-trial","99","2261743","0.0-95.0","","","","","5","[45,28,40,49,35]","[46,29,47,35,44]","""2023-07-16T21:25:09.168Z""","[1,0,0,0]","1","1","0","40","42","42","40","2","0","0","[""arrowright"",""arrowleft"",""arrowleft"",""arrowleft"",""arrowright""]","[1148,563,585,667,3714]","[46,28,40,49,44]","[46,0,0,49,44]","[[50,14.089500000000001]]","[]","[]","[]","1","[]","[]","[]","[]","vertical","","","",""
"","","","","","horizons-trial","100","2270969","0.0-96.0","","","","","5","[49,41,37,46,41]","[46,56,44,53,44]","""2023-07-16T21:25:18.394Z""","[0,1,1,1]","1","0","0","40","44","40","44","4","0","0","[""arrowleft"",""arrowright"",""arrowright"",""arrowright"",""arrowright""]","[1185,566,621,1066,1653]","[49,56,44,53,44]","[49,56,44,53,44]","[[50,47.0498]]","[]","[]","[]","1","[]","[]","[]","[]","vertical","","","",""
"","","","","","horizons-trial","101","2281658","0.0-97.0","","","","","5","[55,31,40,39,40]","[71,68,72,64,76]","""2023-07-16T21:25:29.083Z""","[1,0,1,0]","0","0","0","40","70","40","70","30","0","0","[""arrowright"",""arrowleft"",""arrowright"",""arrowleft"",""arrowright""]","[1115,540,604,627,559]","[71,31,72,39,76]","[71,0,72,0,76]","[[50,84.4863]]","[]","[]","[]","1","[]","[]","[]","[]","vertical","","","",""
"","","","","","horizons-trial","102","2290812","0.0-98.0","","","","","5","[66,73,66,57,62]","[55,51,53,58,51]","""2023-07-16T21:25:38.237Z""","[1,1,0,0]","0","0","0","60","52","60","52","8","0","0","[""arrowright"",""arrowright"",""arrowleft"",""arrowleft"",""arrowleft""]","[1183,747,711,728,924]","[55,51,66,57,62]","[0,0,66,0,62]","[[50,58.4435]]","[]","[]","[]","1","[]","[]","[]","[]","vertical","","","",""
"","","","","","horizons-trial","103","2302856","0.0-99.0","","","","","5","[44,45,65,38,45]","[37,30,39,29,39]","""2023-07-16T21:25:50.281Z""","[0,0,1,1]","0","1","0","40","42","42","40","2","0","0","[""arrowleft"",""arrowleft"",""arrowright"",""arrowright"",""arrowleft""]","[1213,445,591,626,1217]","[44,45,39,29,45]","[44,45,0,0,45]","[[50,93.43845]]","[]","[]","[]","1","[]","[]","[]","[]","vertical","","","",""
"","","","","","horizons-trial","104","2315409","0.0-100.0","","","","","5","[72,71,58,68,93]","[23,42,32,18,44]","""2023-07-16T21:26:02.835Z""","[0,0,0,1]","1","1","0","40","70","70","40","30","0","0","[""arrowleft"",""arrowleft"",""arrowleft"",""arrowright"",""arrowleft""]","[1162,519,596,625,1097]","[72,71,58,18,93]","[72,71,58,0,93]","[[50,89.3693]]","[]","[]","[]","1","[]","[]","[]","[]","vertical","","","",""
"","","","","","horizons-trial","105","2323922","0.0-101.0","","","","","5","[34,24,52,51,54]","[49,48,41,46,45]","""2023-07-16T21:26:11.347Z""","[1,0,0,1]","0","0","0","40","41","40","41","1","0","0","[""arrowright"",""arrowleft"",""arrowleft"",""arrowright"",""arrowleft""]","[1221,628,712,714,830]","[49,24,52,46,54]","[49,0,52,0,54]","[[50,19.379499999999993]]","[]","[]","[]","1","[]","[]","[]","[]","vertical","","","",""
"","","","","","horizons-trial","106","2332386","0.0-102.0","","","","","5","[49,41,49,50,42]","[52,70,63,62,69]","""2023-07-16T21:26:19.812Z""","[1,0,1,0]","0","1","0","60","52","52","60","8","0","0","[""arrowright"",""arrowleft"",""arrowright"",""arrowleft"",""arrowright""]","[1103,800,567,640,981]","[52,41,63,50,69]","[52,0,63,0,69]","[[50,42.9807]]","[]","[]","[]","1","[]","[]","[]","[]","vertical","","","",""
"","","","","","horizons-trial","107","2346955","0.0-103.0","","","","","10","[57,72,65,76,49,66,58,69,62,68]","[30,38,49,25,28,32,14,32,34,26]","""2023-07-16T21:26:34.380Z""","[0,1,0,1]","0","0","1","60","30","60","30","30","0","0","[""arrowleft"",""arrowright"",""arrowleft"",""arrowright"",""arrowleft"",""arrowleft"",""arrowleft"",""arrowleft"",""arrowleft"",""arrowleft""]","[1201,457,515,661,962,1489,444,584,561,495]","[57,38,65,25,49,66,58,69,62,68]","[57,0,65,0,49,66,58,69,62,68]","[[64.069,36.47]]","[]","[]","[]","1","[]","[]","[]","[]","vertical","","","",""
"","","","","","horizons-trial","108","2357366","0.0-104.0","","","","","5","[38,46,55,51,33]","[75,60,38,51,67]","""2023-07-16T21:26:44.792Z""","[1,0,0,0]","1","1","0","60","48","48","60","12","0","0","[""arrowright"",""arrowleft"",""arrowleft"",""arrowleft"",""arrowright""]","[1056,542,890,1027,1623]","[75,46,55,51,67]","[75,0,55,51,67]","[[50,65.3611]]","[]","[]","[]","1","[]","[]","[]","[]","vertical","","","",""
"","","","","","horizons-trial","109","2377724","0.0-105.0","","","","","10","[80,50,65,67,66,59,65,65,63,46]","[63,53,50,55,69,55,51,65,59,61]","""2023-07-16T21:27:05.150Z""","[1,1,1,0]","1","0","1","60","58","60","58","2","0","0","[""arrowright"",""arrowright"",""arrowright"",""arrowleft"",""arrowleft"",""arrowleft"",""arrowleft"",""arrowleft"",""arrowleft"",""arrowleft""]","[1139,718,759,1281,1313,3138,1248,650,537,508]","[63,53,50,67,66,59,65,65,63,46]","[0,53,0,67,0,59,65,65,63,0]","[[54.2207,66.58189999999999]]","[]","[]","[]","1","[]","[]","[]","[]","vertical","","","",""
"","","","","","horizons-trial","110","2387391","0.0-106.0","","","","","5","[59,33,22,32,28]","[29,51,36,55,48]","""2023-07-16T21:27:14.817Z""","[0,1,1,0]","0","0","0","40","48","40","48","8","0","0","[""arrowleft"",""arrowright"",""arrowright"",""arrowleft"",""arrowright""]","[1252,522,848,515,2076]","[59,51,36,32,48]","[59,51,36,0,48]","[[50,14.496399999999994]]","[]","[]","[]","1","[]","[]","[]","[]","vertical","","","",""
"","","","","","horizons-trial","111","2402700","0.0-107.0","","","","","10","[49,55,70,53,56,45,68,59,54,59]","[37,56,34,51,40,40,35,42,41,50]","""2023-07-16T21:27:30.125Z""","[0,1,1,1]","1","1","1","40","60","60","40","20","0","0","[""arrowleft"",""arrowright"",""arrowright"",""arrowright"",""arrowleft"",""arrowleft"",""arrowleft"",""arrowleft"",""arrowleft"",""arrowleft""]","[1225,442,711,983,490,2223,2025,627,623,437]","[49,56,34,51,56,45,68,59,54,59]","[49,56,0,0,56,45,68,59,54,59]","[[29.2482,32.400800000000004]]","[]","[]","[]","1","[]","[]","[]","[]","vertical","","","",""
"","","","","","horizons-trial","112","2418849","0.0-108.0","","","","","10","[51,73,52,59,63,56,50,66,49,62]","[55,59,54,72,62,70,62,55,56,63]","""2023-07-16T21:27:46.275Z""","[1,0,0,0]","1","1","1","60","56","56","60","4","0","0","[""arrowright"",""arrowleft"",""arrowleft"",""arrowleft"",""arrowleft"",""arrowleft"",""arrowleft"",""arrowleft"",""arrowleft"",""arrowleft""]","[1072,878,664,630,1953,1395,758,1311,525,415]","[55,73,52,59,63,56,50,66,49,62]","[55,73,0,0,63,0,0,66,0,0]","[[67.938,67.3957]]","[]","[]","[]","1","[]","[]","[]","[]","vertical","","","",""
"","","","","","horizons-trial","113","2433857","0.0-109.0","","","","","10","[53,63,66,56,75,68,67,52,69,61]","[52,58,39,34,47,43,52,52,56,48]","""2023-07-16T21:28:01.283Z""","[1,0,0,1]","0","0","1","60","48","60","48","12","0","0","[""arrowright"",""arrowleft"",""arrowleft"",""arrowright"",""arrowleft"",""arrowleft"",""arrowleft"",""arrowleft"",""arrowleft"",""arrowleft""]","[1011,592,719,744,4298,1257,507,497,730,523]","[52,63,66,34,75,68,67,52,69,61]","[0,63,66,0,75,68,67,52,69,61]","[[32.4137,38.5046]]","[]","[]","[]","1","[]","[]","[]","[]","vertical","","","",""
"","","","","","horizons-trial","114","2448795","0.0-110.0","","","","","10","[71,67,66,66,59,56,48,71,83,74]","[34,34,37,33,23,33,43,42,15,26]","""2023-07-16T21:28:16.221Z""","[1,1,0,1]","1","0","1","60","30","60","30","30","0","0","[""arrowright"",""arrowright"",""arrowleft"",""arrowright"",""arrowleft"",""arrowleft"",""arrowleft"",""arrowleft"",""arrowleft"",""arrowleft""]","[1094,551,640,608,1101,1919,1451,578,636,552]","[34,34,66,33,59,56,48,71,83,74]","[0,0,66,0,59,56,48,71,83,74]","[[45.4276,13.2757]]","[]","[]","[]","1","[]","[]","[]","[]","vertical","","","",""
"","","","","","horizons-trial","115","2456451","0.0-111.0","","","","","5","[73,68,63,57,62]","[25,25,36,22,47]","""2023-07-16T21:28:23.877Z""","[1,0,1,1]","1","0","0","60","30","60","30","30","0","0","[""arrowright"",""arrowleft"",""arrowright"",""arrowright"",""arrowleft""]","[1051,570,552,855,854]","[25,68,36,22,62]","[0,68,0,0,62]","[[50,58.8505]]","[]","[]","[]","1","[]","[]","[]","[]","vertical","","","",""
"","","","","","horizons-trial","116","2465281","0.0-112.0","","","","","5","[53,39,47,48,49]","[61,57,74,60,50]","""2023-07-16T21:28:32.706Z""","[1,0,1,1]","1","1","0","60","40","40","60","20","0","0","[""arrowright"",""arrowleft"",""arrowright"",""arrowright"",""arrowright""]","[1101,606,536,750,647]","[61,39,74,60,50]","[61,0,74,60,50]","[[50,76.7548]]","[]","[]","[]","1","[]","[]","[]","[]","vertical","","","",""
"","","","","","horizons-trial","117","2475147","0.0-113.0","","","","","5","[42,50,30,39,25]","[77,65,64,69,45]","""2023-07-16T21:28:42.572Z""","[0,1,0,0]","1","0","0","40","60","40","60","20","0","0","[""arrowleft"",""arrowright"",""arrowleft"",""arrowleft"",""arrowright""]","[1154,502,682,868,1546]","[42,65,30,39,45]","[0,65,0,0,45]","[[50,61.292]]","[]","[]","[]","1","[]","[]","[]","[]","vertical","","","",""
"","","","","","horizons-trial","118","2485451","0.0-114.0","","","","","5","[57,50,55,56,51]","[36,49,42,43,37]","""2023-07-16T21:28:52.877Z""","[1,1,0,1]","1","1","0","40","52","52","40","12","0","0","[""arrowright"",""arrowright"",""arrowleft"",""arrowright"",""arrowleft""]","[1271,502,567,619,2929]","[36,49,55,43,51]","[0,0,55,0,51]","[[50,42.1668]]","[]","[]","[]","1","[]","[]","[]","[]","vertical","","","",""
"","","","","","horizons-trial","119","2496806","0.0-115.0","","","","","5","[51,37,44,28,37]","[28,33,36,48,48]","""2023-07-16T21:29:04.231Z""","[0,1,1,1]","1","0","0","40","41","40","41","1","0","0","[""arrowleft"",""arrowright"",""arrowright"",""arrowright"",""arrowleft""]","[1225,483,999,1068,583]","[51,33,36,48,37]","[51,0,0,48,0]","[[50,70.2442]]","[]","[]","[]","1","[]","[]","[]","[]","vertical","","","",""
"","","","","","horizons-trial","120","2511453","0.0-116.0","","","","","10","[56,43,64,55,60,52,53,56,62,50]","[72,60,51,53,53,68,56,59,45,48]","""2023-07-16T21:29:18.878Z""","[1,0,1,0]","0","1","1","60","56","56","60","4","0","0","[""arrowright"",""arrowleft"",""arrowright"",""arrowleft"",""arrowright"",""arrowright"",""arrowright"",""arrowright"",""arrowright"",""arrowright""]","[1237,716,532,660,2480,2334,684,518,407,476]","[72,43,51,55,53,68,56,59,45,48]","[72,0,0,55,0,68,56,59,0,0]","[[44.0207,40.1322]]","[]","[]","[]","1","[]","[]","[]","[]","vertical","","","",""
"","","","","","horizons-trial","121","2529262","0.0-117.0","","","","","10","[32,25,38,40,42,48,49,50,40,36]","[57,59,66,48,46,61,59,42,37,59]","""2023-07-16T21:29:36.688Z""","[1,0,1,0]","0","0","1","40","52","40","52","12","0","0","[""arrowright"",""arrowleft"",""arrowright"",""arrowleft"",""arrowright"",""arrowright"",""arrowright"",""arrowright"",""arrowright"",""arrowright""]","[1023,572,517,742,1392,1614,559,982,500,463]","[57,25,66,40,46,61,59,42,37,59]","[57,0,66,0,46,61,59,0,0,59]","[[68.9932,39.7253]]","[]","[]","[]","1","[]","[]","[]","[]","vertical","","","",""
"","","","","","horizons-trial","122","2542350","0.0-118.0","","","","","10","[68,45,64,52,53,66,41,64,58,61]","[43,41,49,57,59,45,58,54,66,65]","""2023-07-16T21:29:49.775Z""","[1,0,0,0]","1","1","1","60","59","59","60","1","0","0","[""arrowright"",""arrowleft"",""arrowleft"",""arrowleft"",""arrowleft"",""arrowleft"",""arrowleft"",""arrowleft"",""arrowleft"",""arrowleft""]","[1087,656,1061,755,1485,881,579,1010,502,492]","[43,45,64,52,53,66,41,64,58,61]","[0,45,64,0,0,66,0,64,0,0]","[[41.5586,47.8637]]","[]","[]","[]","1","[]","[]","[]","[]","vertical","","","",""
"","","","","","survey-html-form","123","2580685","0.0-119.0","38332","{""comments"":"" Based on the previous points from other turns""}","","","","","","","","","","","","","","","","","","","","","","","","","","","","","","","","","","",""
"","","","","","survey-html-form","124","2626808","0.0-120.0","46122","{""comments"":"" Based on the previous point allocation in rounds 1-5""}","","","","","","","","","","","","","","","","","","","","","","","","","","","","","","","","","","",""
"","","","","","survey-html-form","125","2661263","0.0-121.0","34453","{""comments"":"" Interesting study""}","","","","","","","","","","","","","","","","","","","","","","","","","","","","","","","","","","","[{""event"":""blur"",""trial"":1,""time"":2082},{""event"":""focus"",""trial"":1,""time"":9331},{""event"":""fullscreenenter"",""trial"":2,""time"":15580}]"
