"success","timeout","failed_images","failed_audio","failed_video","trial_type","trial_index","time_elapsed","internal_node_id","rt","response","stimulus","view_history","horizon","rewards_L","rewards_R","date","forced_choices","r_info","r_side","r_h","r_mean","r_otherMean","r_mean_L","r_mean_R","r_difference","confidence_immediate_overall","confidence_question_order","key_presses","response_times","outcomes","outcomes_counted_points","confidence","confidence_rt","confidence_2","confidence_2_rt","screen_resolution","belief_confidence_1","belief_confidence_2","belief_confidence_3","belief_confidence_4","immediate_judgement_orientation","phase","responses","num_errors","interactions"
"true","false","[]","[]","[]","preload","0","1350","0.0-0.0","","","","","","","","","","","","","","","","","","","","","","","","","","","","","","","","","","","","",""
"","","","","","survey-html-form","1","6371","0.0-1.0","5013","{""comments"":"" 63da39331b43547d3a71dc77""}","","","","","","","","","","","","","","","","","","","","","","","","","","","","","","","","","","",""
"true","","","","","fullscreen","2","9944","0.0-2.0","","","","","","","","","","","","","","","","","","","","","","","","","","","","","","","","","","","","",""
"","","","","","html-button-response","3","15428","0.0-3.0","5482","0","
      <h1>Consent to Participate in the Learning and Cognitive Control Study</h1>

      <p>This is a psychology experiment being conducted by Dr. Peter Dayan, 
      director of the Max Planck Institute for Biological Cybernetics, and the 
      members of his lab. In order to consent to participate, you MUST meet the 
      following criteria:</p>

      <p>
      - 18 years of age or older<br>
      - Fluent speaker of English<br>
      - Have not previously participated in this experiment<br></p>

      <p>This study is designed to look at how people learn how to make decisions 
      to accomplish their goals. In this task, you will be asked to make choices, 
      play games, and answer questions related to those games. The study will take 
      about 45 minutes. </p> 

      <p>Your participation in this research is voluntary. You may refrain from 
      answering any questions that make you uncomfortable and may withdraw your 
      participation at any time without penalty by exiting this task and alerting 
      the experimenter. You may choose not to complete certain parts of the task 
      or answer certain questions. You may contact us at the address provided 
      below if you have additional questions or concerns.</p> 

      <p>Other than monetary compensation, participating in this study will 
      provide no direct benefits to you. But we hope that this research will 
      benefit society at large by contributing towards establishing a scientific 
      foundation for improving people's learning and cognitive control abilities.</p>

      <p>Your online username may be connected to your individual responses, but 
      we will not be asking for any additional personally identifying information, 
      and we will handle responses as confidentially as possible. We cannot however 
      guarantee the confidentiality of information transmitted over the Internet. 
      We will be keeping de-identified data collected as part of this experiment 
      indefinitely. Data used in scientific publications will remain completely 
      anonymous.</p>

      <p>If you have any questions about the study, feel free to contact our lab. 
      Dr. Dayan and his lab members can be reached at <a href='mailto:kyblab.tuebingen@gmail.com'>kyblab.tuebingen@gmail.com</a></p>
      
      <p>By selecting the â€œconsentâ€ option below, I acknowledge that I am 18 or older, that I am a fluent speaker of
            English, that I have read this consent form, and that I agree to take part in the research.</p>","","","","","","","","","","","","","","","","","","","","","","","","","","","","","","","","","",""
"","","","","","html-button-response","4","20466","0.0-4.0","5036","0","<h1>Legal Declaration of Consent under Data Protection Law</h1>
    <p><a target=""_blank"" rel=""noopener noreferrer"" href=""https://kyblab.tuebingen.mpg.de/fma/dataprotection.pdf"">Please click here to view our Data Protection Information Sheet, yours to keep.</a></p>
    <p>I have received and took note of the written Data Protection Information Sheet for this study. In doing so, I had sufficient time and opportunity to ask questions about data protection and reconsider my participation in the study. </p>
    <p>I am aware that:</p>
    <ul>
        <li>the processing and use of the collected data occur in a pseudonymized form within the scope of the legally prescribed provisions.
            As a general rule, the storage occurs in the form of questionnaires, as well as on electronic data media, for 10 years
            or longer, if this is required by the purpose of the study.</li>
        <li>by providing further personal data in pseudonymized form, collected personal data may be used for the preparation of anonymized
            scientific research work and may also be published and used in an anonymized form in medical journals, scientific publications
            and publicly accessible scientific databases, so that a direct assignment to my person cannot be established.</li>
        <li>the information obtained during this study may also be sent in an anonymized form to cooperation partners within the
            scope of the European General Data Protection Regulation for scientific purposes and to cooperation partners outside of the
            European Union, i.e. to countries with a lower data protection level (this also applies to the USA).</li>
        <li>the data collected within the scope of the study can also be used and processed in the future inside of the Institute.</li>
    </ul>
    <p>I was informed about my rights, that at any time:</p>
    <ul>
          <li>I can withdraw this declaration of consent.</li>
          <li>I can request information about my stored data and request the correction or blocking of data.</li>
          <li>by cancellation of my participation in the study, I can request that my personal data collected until that time are immediately deleted or anonymized.</li>
          <li>I can request that my data are handed out to me or to third parties (if technically feasible).</li>
    </ul>

    <p>I herewith declare that:</p>
    <ul>
          <li>I have been adequately informed about the collection and processing of my data and rights.</li>
          <li>I consent to the collection and processing of personal data within the scope of the study and its pseudonymized disclosure so that
            only the persons conducting the study can establish a link between the data and my person.</li>
    </ul>
    <p>By selecting the consent option below, I agree to participate in online studies or experiments using learning, and I consent to the use of my data described in the Data Protection Information Sheet and confirm having received a copy of the Data Protection Sheet.</p>
    <p>Note: If you do not consent to participate in this study or have your data used as outlined in the Data Protection Information Sheet, then this experiment will now close and you will not proceed any further. No information about you will be retained. </p>
    <br><br>","","","","","","","","","","","","","","","","","","","","","","","","","","","","","","","","","",""
"","","","","","instructions","5","188809","0.0-5.0-0.0","168342","","","[{""page_index"":0,""viewing_time"":2400},{""page_index"":1,""viewing_time"":2962},{""page_index"":2,""viewing_time"":12510},{""page_index"":3,""viewing_time"":7534},{""page_index"":4,""viewing_time"":7289},{""page_index"":5,""viewing_time"":2964},{""page_index"":6,""viewing_time"":7952},{""page_index"":7,""viewing_time"":5801},{""page_index"":8,""viewing_time"":5098},{""page_index"":9,""viewing_time"":15412},{""page_index"":10,""viewing_time"":13520},{""page_index"":11,""viewing_time"":84900}]","","","","","","","","","","","","","","","","","","","","","","","","","","","","","","","","",""
"","","","","","horizons-trial","6","213165","0.0-5.0-1.0","","","","","5","[44,57,74,72,62]","[31,33,24,39,29]","""2023-06-17T07:41:00.326Z""","[1,0,1,1]","","","","","","","","","0","","[""arrowright"",""arrowleft"",""arrowright"",""arrowright"",""arrowleft""]","[5950,4723,1222,944,714]","[31,57,24,39,62]","[0,57,0,0,62]","[[50,76.9513]]","[]","[]","[]","1","[]","[]","[]","[]","vertical","practice","","",""
"","","","","","horizons-trial","7","248659","0.0-5.0-2.0","","","","","10","[64,50,57,35,52,38,44,61,39,38]","[70,69,76,71,75,58,81,84,57,61]","""2023-06-17T07:41:35.818Z""","[0,0,1,1]","","","","","","","","","1","","[""arrowleft"",""arrowleft"",""arrowright"",""arrowright"",""arrowright"",""arrowright"",""arrowright"",""arrowright"",""arrowright"",""arrowright""]","[5631,1480,2686,726,1863,1539,472,331,232,198]","[64,50,76,71,75,58,81,84,57,61]","[0,0,76,71,75,58,81,84,57,61]","[[39.558,76.0753]]","[]","[]","[]","1","[]","[]","[]","[]","vertical","practice","","",""
"","","","","","instructions","8","274376","0.0-5.0-3.0","25710","","","[{""page_index"":0,""viewing_time"":1842},{""page_index"":1,""viewing_time"":7935},{""page_index"":2,""viewing_time"":14383},{""page_index"":3,""viewing_time"":1549}]","","","","","","","","","","","","","","","","","","","","","","","","","","","","","","","","",""
"","","","","","horizons-comprehension","9","290342","0.0-5.0-4.0","15964.10000000894","","","","","","","","","","","","","","","","","","","","","","","","","","","","","","","","","","[""true"",""false"",""false"",""true""]","0",""
"","","","","","instructions","10","292213","0.0-6.0","1867","","","[{""page_index"":0,""viewing_time"":1867}]","","","","","","","","","","","","","","","","","","","","","","","","","","","","","","","","",""
"","","","","","horizons-trial","11","319396","0.0-7.0","","","","","10","[66,47,52,47,38,50,43,57,61,49]","[22,31,48,43,44,39,31,33,46,29]","""2023-06-17T07:42:46.557Z""","[0,0,0,1]","1","1","1","40","52","52","40","12","0","0","[""arrowleft"",""arrowleft"",""arrowleft"",""arrowright"",""arrowleft"",""arrowleft"",""arrowleft"",""arrowleft"",""arrowleft"",""arrowleft""]","[1260,498,389,2002,2523,3316,872,584,472,415]","[66,47,52,43,38,50,43,57,61,49]","[66,47,52,0,0,50,43,57,61,49]","[[22.3397,69.0536]]","[]","[]","[]","1","[]","[]","[]","[]","vertical","","","",""
"","","","","","horizons-trial","12","331311","0.0-8.0","","","","","5","[56,67,56,60,55]","[51,69,66,58,66]","""2023-06-17T07:42:58.472Z""","[0,1,1,1]","1","0","0","60","58","60","58","2","0","0","[""arrowleft"",""arrowright"",""arrowright"",""arrowright"",""arrowright""]","[935,1933,645,470,1854]","[56,69,66,58,66]","[56,69,66,0,66]","[[50,77.2165]]","[]","[]","[]","1","[]","[]","[]","[]","vertical","","","",""
"","","","","","horizons-trial","13","349599","0.0-9.0","","","","","5","[53,42,44,38,44]","[68,73,70,67,68]","""2023-06-17T07:43:16.759Z""","[1,0,1,1]","1","0","0","40","70","40","70","30","0","0","[""arrowright"",""arrowleft"",""arrowright"",""arrowright"",""arrowright""]","[1338,1264,630,530,2138]","[68,42,70,67,68]","[68,0,70,67,68]","[[50,80.2776]]","[]","[]","[]","1","[]","[]","[]","[]","vertical","","","",""
"","","","","","horizons-trial","14","372757","0.0-10.0","","","","","10","[27,32,33,18,33,26,55,43,47,41]","[63,64,80,73,73,75,83,71,64,75]","""2023-06-17T07:43:39.917Z""","[1,0,1,0]","0","0","1","40","70","40","70","30","0","0","[""arrowright"",""arrowleft"",""arrowright"",""arrowleft"",""arrowright"",""arrowright"",""arrowright"",""arrowright"",""arrowright"",""arrowright""]","[5276,858,520,1111,850,1971,1291,568,702,1333]","[63,32,80,18,73,75,83,71,64,75]","[63,0,80,0,73,75,83,71,64,75]","[[0,79.2572]]","[]","[]","[]","1","[]","[]","[]","[]","vertical","","","",""
"","","","","","horizons-trial","15","402508","0.0-11.0","","","","","10","[44,30,37,48,37,50,40,36,45,55]","[45,39,45,32,38,40,45,47,45,39]","""2023-06-17T07:44:09.668Z""","[0,1,0,0]","1","1","1","40","44","44","40","4","0","0","[""arrowleft"",""arrowright"",""arrowleft"",""arrowleft"",""arrowleft"",""arrowleft"",""arrowleft"",""arrowleft"",""arrowleft"",""arrowleft""]","[1351,671,555,635,1614,2041,1250,480,538,561]","[44,39,37,48,37,50,40,36,45,55]","[0,39,0,48,0,50,0,0,45,55]","[[98.0454,78.7471]]","[]","[]","[]","1","[]","[]","[]","[]","vertical","","","",""
"","","","","","horizons-trial","16","413397","0.0-12.0","","","","","5","[13,35,49,36,29]","[58,63,69,56,59]","""2023-06-17T07:44:20.557Z""","[0,1,1,0]","0","1","0","60","40","40","60","20","0","0","[""arrowleft"",""arrowright"",""arrowright"",""arrowleft"",""arrowright""]","[987,677,572,1194,868]","[13,63,69,36,59]","[0,63,69,0,59]","[[50,78.23689999999999]]","[]","[]","[]","1","[]","[]","[]","[]","vertical","","","",""
"","","","","","horizons-trial","17","433024","0.0-13.0","","","","","5","[46,37,59,71,48]","[47,56,76,73,49]","""2023-06-17T07:44:40.184Z""","[0,1,0,0]","1","1","0","60","48","48","60","12","0","0","[""arrowleft"",""arrowright"",""arrowleft"",""arrowleft"",""arrowleft""]","[10336,683,845,742,1041]","[46,56,59,71,48]","[0,56,0,0,0]","[[50,81.298]]","[]","[]","[]","1","[]","[]","[]","[]","vertical","","","",""
"","","","","","horizons-trial","18","448977","0.0-14.0","","","","","10","[35,43,43,39,43,29,37,44,50,43]","[56,61,51,54,47,42,57,46,53,39]","""2023-06-17T07:44:56.138Z""","[0,1,1,1]","1","0","1","40","48","40","48","8","0","0","[""arrowleft"",""arrowright"",""arrowright"",""arrowright"",""arrowleft"",""arrowright"",""arrowright"",""arrowright"",""arrowright"",""arrowright""]","[1054,571,524,409,681,1794,1449,521,497,948]","[35,61,51,54,43,42,57,46,53,39]","[0,61,51,54,0,42,57,46,53,0]","[[100,75.1758]]","[]","[]","[]","1","[]","[]","[]","[]","vertical","","","",""
"","","","","","horizons-trial","19","462219","0.0-15.0","","","","","10","[62,62,57,67,72,68,75,74,65,67]","[27,51,29,47,44,42,28,48,54,32]","""2023-06-17T07:45:09.379Z""","[1,0,0,0]","1","1","1","40","70","70","40","30","0","0","[""arrowright"",""arrowleft"",""arrowleft"",""arrowleft"",""arrowleft"",""arrowleft"",""arrowleft"",""arrowleft"",""arrowleft"",""arrowleft""]","[1111,677,637,541,1229,1216,467,595,538,506]","[27,62,57,67,72,68,75,74,65,67]","[0,62,57,67,72,68,75,74,65,67]","[[100,71.0943]]","[]","[]","[]","1","[]","[]","[]","[]","vertical","","","",""
"","","","","","horizons-trial","20","548367","0.0-16.0","","","","","10","[55,45,57,62,60,70,61,59,67,54]","[52,46,38,40,41,50,48,48,44,61]","""2023-06-17T07:46:35.527Z""","[0,1,0,1]","0","0","1","60","48","60","48","12","0","0","[""arrowleft"",""arrowright"",""arrowleft"",""arrowright"",""arrowleft"",""arrowleft"",""arrowleft"",""arrowleft"",""arrowleft"",""arrowleft""]","[70583,795,579,1624,2398,894,546,450,483,452]","[55,46,57,40,60,70,61,59,67,54]","[55,46,57,0,60,70,61,59,67,0]","[[98.8551,86.91]]","[]","[]","[]","1","[]","[]","[]","[]","vertical","","","",""
"","","","","","horizons-trial","21","561568","0.0-17.0","","","","","5","[31,37,37,52,26]","[64,49,68,40,53]","""2023-06-17T07:46:48.729Z""","[0,1,0,0]","1","0","0","40","52","40","52","12","0","0","[""arrowleft"",""arrowright"",""arrowleft"",""arrowleft"",""arrowleft""]","[536,682,687,1172,2591]","[31,49,37,52,26]","[0,49,0,52,0]","[[50,82.82849999999999]]","[]","[]","[]","1","[]","[]","[]","[]","vertical","","","",""
"","","","","","horizons-trial","22","651866","0.0-18.0","","","","","10","[33,33,57,41,35,38,41,46,46,31]","[42,47,49,39,54,51,46,32,51,40]","""2023-06-17T07:48:19.026Z""","[0,1,1,0]","0","0","1","40","42","40","42","2","0","0","[""arrowleft"",""arrowright"",""arrowright"",""arrowleft"",""arrowright"",""arrowright"",""arrowright"",""arrowright"",""arrowright"",""arrowright""]","[69862,822,543,727,924,1835,380,313,417,366]","[33,47,49,41,54,51,46,32,51,40]","[0,47,0,41,54,51,46,0,51,40]","[[83.8759,0]]","[]","[]","[]","1","[]","[]","[]","[]","vertical","","","",""
"","","","","","horizons-trial","23","757599","0.0-19.0","","","","","5","[42,46,31,33,43]","[43,44,40,48,48]","""2023-06-17T07:50:04.759Z""","[0,1,1,0]","0","1","0","40","41","41","40","1","0","0","[""arrowleft"",""arrowright"",""arrowright"",""arrowleft"",""arrowright""]","[94263,702,427,1981,3010]","[42,44,40,33,48]","[0,0,40,0,48]","[[50,98.64415]]","[]","[]","[]","1","[]","[]","[]","[]","vertical","","","",""
"","","","","","horizons-trial","24","767810","0.0-20.0","","","","","5","[36,57,46,59,36]","[65,69,57,60,54]","""2023-06-17T07:50:14.969Z""","[1,0,0,0]","1","1","0","60","52","52","60","8","0","0","[""arrowright"",""arrowleft"",""arrowleft"",""arrowleft"",""arrowleft""]","[845,734,677,1116,1518]","[65,57,46,59,36]","[65,0,0,0,0]","[[50,89.9711]]","[]","[]","[]","1","[]","[]","[]","[]","vertical","","","",""
"","","","","","horizons-trial","25","776160","0.0-21.0","","","","","5","[49,46,36,47,28]","[50,72,57,73,58]","""2023-06-17T07:50:23.320Z""","[1,0,0,1]","0","0","0","40","60","40","60","20","0","0","[""arrowright"",""arrowleft"",""arrowleft"",""arrowright"",""arrowright""]","[857,723,938,973,785]","[50,46,36,73,58]","[50,0,0,73,58]","[[50,96.60342]]","[]","[]","[]","1","[]","[]","[]","[]","vertical","","","",""
"","","","","","horizons-trial","26","791297","0.0-22.0","","","","","10","[70,53,55,62,51,59,53,65,49,29]","[59,61,48,69,59,49,61,85,70,60]","""2023-06-17T07:50:38.456Z""","[0,1,0,1]","0","1","1","60","52","52","60","8","0","0","[""arrowleft"",""arrowright"",""arrowleft"",""arrowright"",""arrowright"",""arrowright"",""arrowright"",""arrowright"",""arrowright"",""arrowright""]","[893,819,810,540,880,1377,1190,631,523,537]","[70,61,55,69,59,49,61,85,70,60]","[70,61,55,69,59,0,61,85,70,60]","[[88.734,0]]","[]","[]","[]","1","[]","[]","[]","[]","vertical","","","",""
"","","","","","horizons-trial","27","807119","0.0-23.0","","","","","10","[53,39,63,54,47,41,58,49,47,45]","[52,30,48,45,49,46,47,30,42,46]","""2023-06-17T07:50:54.279Z""","[1,0,0,1]","0","1","1","40","52","52","40","12","0","0","[""arrowright"",""arrowleft"",""arrowleft"",""arrowright"",""arrowright"",""arrowright"",""arrowright"",""arrowright"",""arrowright"",""arrowright""]","[874,680,583,704,2848,1342,505,546,394,450]","[52,39,63,45,49,46,47,30,42,46]","[0,39,63,0,49,46,0,0,0,46]","[[100,92.52197]]","[]","[]","[]","1","[]","[]","[]","[]","vertical","","","",""
"","","","","","horizons-trial","28","814514","0.0-24.0","","","","","5","[71,62,64,76,77]","[35,39,50,45,26]","""2023-06-17T07:51:01.675Z""","[0,1,0,0]","1","1","0","40","70","70","40","30","0","0","[""arrowleft"",""arrowright"",""arrowleft"",""arrowleft"",""arrowleft""]","[949,626,558,597,771]","[71,39,64,76,77]","[71,0,64,76,77]","[[50,86.91]]","[]","[]","[]","1","[]","[]","[]","[]","vertical","","","",""
"","","","","","horizons-trial","29","894347","0.0-25.0","","","","","10","[60,61,49,51,56,62,62,56,63,54]","[33,44,44,44,46,44,40,33,34,34]","""2023-06-17T07:52:21.507Z""","[1,0,0,1]","0","1","1","40","60","60","40","20","0","0","[""arrowright"",""arrowleft"",""arrowleft"",""arrowright"",""arrowleft"",""arrowleft"",""arrowleft"",""arrowleft"",""arrowleft"",""arrowleft""]","[950,1078,621,528,2034,918,542,391,325,396]","[33,61,49,44,56,62,62,56,63,54]","[0,61,49,0,56,62,62,56,63,54]","[[100,87.9303]]","[]","[]","[]","1","[]","[]","[]","[]","vertical","","","",""
"","","","","","horizons-trial","30","910438","0.0-26.0","","","","","10","[61,52,64,54,62,51,53,54,53,54]","[32,36,46,41,46,43,36,54,40,41]","""2023-06-17T07:52:37.598Z""","[1,1,0,0]","0","0","1","60","40","60","40","20","0","0","[""arrowright"",""arrowright"",""arrowleft"",""arrowleft"",""arrowleft"",""arrowleft"",""arrowleft"",""arrowleft"",""arrowleft"",""arrowleft""]","[685,359,798,562,1194,1032,483,228,174,122]","[32,36,64,54,62,51,53,54,53,54]","[0,0,64,54,62,51,53,54,53,54]","[[86.7098,0]]","[]","[]","[]","1","[]","[]","[]","[]","vertical","","","",""
"","","","","","horizons-trial","31","920861","0.0-27.0","","","","","5","[37,69,66,50,54]","[33,43,51,31,34]","""2023-06-17T07:52:48.022Z""","[0,1,1,0]","0","1","0","40","60","60","40","20","0","0","[""arrowleft"",""arrowright"",""arrowright"",""arrowleft"",""arrowleft""]","[971,637,508,663,3479]","[37,43,51,50,54]","[37,0,0,50,54]","[[50,79.2572]]","[]","[]","[]","1","[]","[]","[]","[]","vertical","","","",""
"","","","","","horizons-trial","32","932926","0.0-28.0","","","","","10","[20,29,40,42,42,38,35,27,40,47]","[60,57,58,61,61,67,35,48,63,72]","""2023-06-17T07:53:00.086Z""","[0,1,1,0]","0","1","1","60","40","40","60","20","0","0","[""arrowleft"",""arrowright"",""arrowright"",""arrowleft"",""arrowright"",""arrowright"",""arrowright"",""arrowright"",""arrowright"",""arrowright""]","[855,602,2770,926,1271,826,373,190,148,158]","[20,57,58,42,61,67,35,48,63,72]","[0,57,58,0,61,67,35,48,63,72]","[[99.26,85.8896]]","[]","[]","[]","1","[]","[]","[]","[]","vertical","","","",""
"","","","","","horizons-trial","33","942548","0.0-29.0","","","","","10","[63,74,51,61,66,64,56,55,59,62]","[53,63,50,55,59,51,52,67,67,74]","""2023-06-17T07:53:09.708Z""","[1,1,0,0]","0","1","1","60","58","58","60","2","0","0","[""arrowright"",""arrowright"",""arrowleft"",""arrowleft"",""arrowright"",""arrowright"",""arrowright"",""arrowright"",""arrowright"",""arrowright""]","[894,407,725,631,1120,829,417,239,171,154]","[53,63,51,61,59,51,52,67,67,74]","[0,0,51,61,0,0,0,67,67,74]","[[98.8551,72.1147]]","[]","[]","[]","1","[]","[]","[]","[]","vertical","","","",""
"","","","","","horizons-trial","34","955201","0.0-30.0","","","","","5","[68,48,65,63,80]","[54,38,61,59,57]","""2023-06-17T07:53:22.361Z""","[1,0,1,0]","0","0","0","60","58","60","58","2","0","0","[""arrowright"",""arrowleft"",""arrowright"",""arrowleft"",""arrowright""]","[904,638,507,1251,5346]","[54,48,61,63,57]","[0,48,0,63,0]","[[50,82.82849999999999]]","[]","[]","[]","1","[]","[]","[]","[]","vertical","","","",""
"","","","","","horizons-trial","35","968253","0.0-31.0","","","","","10","[38,48,42,38,49,45,39,52,51,34]","[49,61,78,61,55,74,84,64,68,67]","""2023-06-17T07:53:35.414Z""","[0,1,1,1]","1","0","1","40","70","40","70","30","0","0","[""arrowleft"",""arrowright"",""arrowright"",""arrowright"",""arrowright"",""arrowright"",""arrowright"",""arrowright"",""arrowright"",""arrowright""]","[912,457,416,260,168,1150,310,331,243,509]","[38,61,78,61,55,74,84,64,68,67]","[0,61,78,61,55,74,84,64,68,67]","[[99.6648,81.298]]","[]","[]","[]","1","[]","[]","[]","[]","vertical","","","",""
"","","","","","horizons-trial","36","989527","0.0-32.0","","","","","10","[53,60,58,52,65,52,58,52,59,64]","[52,60,58,53,56,64,64,56,56,63]","""2023-06-17T07:53:56.687Z""","[1,0,0,1]","0","0","1","60","56","60","56","4","0","0","[""arrowright"",""arrowleft"",""arrowleft"",""arrowright"",""arrowleft"",""arrowleft"",""arrowleft"",""arrowleft"",""arrowleft"",""arrowleft""]","[9363,590,585,872,1832,1241,577,201,206,481]","[52,60,58,53,65,52,58,52,59,64]","[0,60,58,53,65,0,0,0,59,64]","[[100,77.2165]]","[]","[]","[]","1","[]","[]","[]","[]","vertical","","","",""
"","","","","","horizons-trial","37","997096","0.0-33.0","","","","","5","[56,59,49,53,56]","[55,38,60,53,69]","""2023-06-17T07:54:04.256Z""","[1,0,0,0]","1","1","0","60","59","59","60","1","0","0","[""arrowright"",""arrowleft"",""arrowleft"",""arrowleft"",""arrowleft""]","[883,607,546,652,1220]","[55,59,49,53,56]","[0,59,0,53,0]","[[50,71.6045]]","[]","[]","[]","1","[]","[]","[]","[]","vertical","","","",""
"","","","","","horizons-trial","38","1007310","0.0-34.0","","","","","5","[52,60,44,51,56]","[60,60,66,61,66]","""2023-06-17T07:54:14.471Z""","[0,1,1,0]","0","1","0","60","48","48","60","12","0","0","[""arrowleft"",""arrowright"",""arrowright"",""arrowleft"",""arrowright""]","[761,561,553,627,3094]","[52,60,66,51,66]","[0,60,66,0,66]","[[50,77.7267]]","[]","[]","[]","1","[]","[]","[]","[]","vertical","","","",""
"","","","","","horizons-trial","39","1016001","0.0-35.0","","","","","5","[40,26,54,48,41]","[75,69,65,78,66]","""2023-06-17T07:54:23.161Z""","[0,1,0,1]","0","0","0","40","70","40","70","30","0","0","[""arrowleft"",""arrowright"",""arrowleft"",""arrowright"",""arrowright""]","[729,532,488,469,1967]","[40,69,54,78,66]","[0,69,0,78,66]","[[50,95.07287]]","[]","[]","[]","1","[]","[]","[]","[]","vertical","","","",""
"","","","","","horizons-trial","40","1044571","0.0-36.0","","","","","5","[40,40,43,35,57]","[41,47,42,52,45]","""2023-06-17T07:54:51.731Z""","[1,0,1,0]","0","0","0","40","48","40","48","8","0","0","[""arrowright"",""arrowleft"",""arrowright"",""arrowleft"",""arrowright""]","[949,582,384,443,759]","[41,40,42,35,45]","[41,0,0,0,0]","[[50,85.8896]]","[]","[]","[]","1","[]","[]","[]","[]","vertical","","","",""
"","","","","","horizons-trial","41","1054318","0.0-37.0","","","","","5","[48,41,34,38,33]","[48,21,52,44,45]","""2023-06-17T07:55:01.478Z""","[1,0,0,0]","1","0","0","40","48","40","48","8","0","0","[""arrowright"",""arrowleft"",""arrowleft"",""arrowleft"",""arrowleft""]","[746,628,589,491,2539]","[48,41,34,38,33]","[48,41,0,0,0]","[[50,82.3183]]","[]","[]","[]","1","[]","[]","[]","[]","vertical","","","",""
"","","","","","horizons-trial","42","1064272","0.0-38.0","","","","","10","[59,75,61,59,70,63,42,60,69,63]","[36,27,31,47,27,41,21,31,27,31]","""2023-06-17T07:55:11.433Z""","[0,1,1,0]","0","0","1","60","30","60","30","30","0","0","[""arrowleft"",""arrowright"",""arrowright"",""arrowleft"",""arrowleft"",""arrowleft"",""arrowleft"",""arrowleft"",""arrowleft"",""arrowleft""]","[785,451,542,575,722,1251,423,230,167,484]","[59,27,31,59,70,63,42,60,69,63]","[59,0,0,59,70,63,42,60,69,63]","[[100,86.91]]","[]","[]","[]","1","[]","[]","[]","[]","vertical","","","",""
"","","","","","horizons-trial","43","1077386","0.0-39.0","","","","","10","[36,42,35,33,48,38,47,29,34,42]","[38,42,37,39,37,47,30,31,42,39]","""2023-06-17T07:55:24.546Z""","[1,1,0,0]","0","0","1","40","41","40","41","1","0","0","[""arrowright"",""arrowright"",""arrowleft"",""arrowleft"",""arrowright"",""arrowright"",""arrowright"",""arrowright"",""arrowright"",""arrowright""]","[787,390,711,700,4248,1066,488,272,181,380]","[38,42,35,33,37,47,30,31,42,39]","[38,42,0,0,0,47,0,31,42,0]","[[100,72.1147]]","[]","[]","[]","1","[]","[]","[]","[]","vertical","","","",""
"","","","","","horizons-trial","44","1084910","0.0-40.0","","","","","5","[40,54,50,39,40]","[38,46,40,50,48]","""2023-06-17T07:55:32.071Z""","[0,0,1,0]","1","0","0","40","42","40","42","2","0","0","[""arrowleft"",""arrowleft"",""arrowright"",""arrowleft"",""arrowleft""]","[819,455,590,560,1229]","[40,54,40,39,40]","[40,54,0,0,0]","[[50,74.1554]]","[]","[]","[]","1","[]","[]","[]","[]","vertical","","","",""
"","","","","","horizons-trial","45","1095303","0.0-41.0","","","","","10","[39,39,21,43,38,26,46,44,42,37]","[39,36,37,43,46,40,40,29,41,52]","""2023-06-17T07:55:42.463Z""","[0,0,0,1]","1","1","1","40","41","41","40","1","0","0","[""arrowleft"",""arrowleft"",""arrowleft"",""arrowright"",""arrowleft"",""arrowleft"",""arrowleft"",""arrowleft"",""arrowleft"",""arrowleft""]","[1019,424,389,596,983,816,361,407,499,469]","[39,39,21,43,38,26,46,44,42,37]","[39,39,0,43,0,0,46,44,42,0]","[[100,78.7471]]","[]","[]","[]","1","[]","[]","[]","[]","vertical","","","",""
"","","","","","horizons-trial","46","1165273","0.0-42.0","","","","","5","[50,29,66,63,54]","[65,59,73,53,57]","""2023-06-17T07:56:52.433Z""","[1,1,1,0]","1","1","0","60","56","56","60","4","0","0","[""arrowright"",""arrowright"",""arrowright"",""arrowleft"",""arrowright""]","[62892,387,351,879,565]","[65,59,73,63,57]","[65,59,73,63,57]","[[50,78.7471]]","[]","[]","[]","1","[]","[]","[]","[]","vertical","","","",""
"","","","","","horizons-trial","47","1172981","0.0-43.0","","","","","5","[43,14,25,31,29]","[56,48,73,53,69]","""2023-06-17T07:57:00.141Z""","[1,1,0,1]","1","1","0","60","30","30","60","30","0","0","[""arrowright"",""arrowright"",""arrowleft"",""arrowright"",""arrowright""]","[754,450,689,561,770]","[56,48,25,53,69]","[56,48,0,53,69]","[[50,86.3998]]","[]","[]","[]","1","[]","[]","[]","[]","vertical","","","",""
"","","","","","horizons-trial","48","1182319","0.0-44.0","","","","","10","[33,49,33,55,32,49,46,33,54,35]","[30,51,38,52,48,33,45,31,48,48]","""2023-06-17T07:57:09.479Z""","[1,1,0,1]","1","0","1","40","42","40","42","2","0","0","[""arrowright"",""arrowright"",""arrowleft"",""arrowright"",""arrowright"",""arrowright"",""arrowright"",""arrowright"",""arrowright"",""arrowright""]","[888,393,668,480,901,781,327,267,320,435]","[30,51,33,52,48,33,45,31,48,48]","[0,51,0,0,48,0,0,0,0,48]","[[100,79.2572]]","[]","[]","[]","1","[]","[]","[]","[]","vertical","","","",""
"","","","","","horizons-trial","49","1192083","0.0-45.0","","","","","10","[43,37,56,22,36,46,32,29,47,29]","[40,52,52,43,37,59,53,33,44,38]","""2023-06-17T07:57:19.243Z""","[1,0,0,0]","1","0","1","40","44","40","44","4","0","0","[""arrowright"",""arrowleft"",""arrowleft"",""arrowleft"",""arrowleft"",""arrowleft"",""arrowleft"",""arrowleft"",""arrowleft"",""arrowleft""]","[778,508,560,446,1351,1221,354,305,303,403]","[40,37,56,22,36,46,32,29,47,29]","[0,0,56,0,0,0,0,0,47,0]","[[100,53.238]]","[]","[]","[]","1","[]","[]","[]","[]","vertical","","","",""
"","","","","","horizons-trial","50","1207523","0.0-46.0","","","","","5","[51,35,36,40,38]","[52,51,47,39,54]","""2023-06-17T07:57:34.684Z""","[0,0,1,0]","1","1","0","40","42","42","40","2","0","0","[""arrowleft"",""arrowleft"",""arrowright"",""arrowleft"",""arrowleft""]","[7785,408,716,663,1000]","[51,35,47,40,38]","[0,0,47,40,0]","[[50,85.8896]]","[]","[]","[]","1","[]","[]","[]","[]","vertical","","","",""
"","","","","","horizons-trial","51","1240711","0.0-47.0","","","","","10","[31,43,29,61,55,58,49,57,50,57]","[52,51,56,49,64,66,71,53,49,63]","""2023-06-17T07:58:07.871Z""","[0,0,1,0]","1","1","1","60","48","48","60","12","0","0","[""arrowleft"",""arrowleft"",""arrowright"",""arrowleft"",""arrowleft"",""arrowleft"",""arrowleft"",""arrowleft"",""arrowleft"",""arrowleft""]","[22409,409,634,529,1330,757,451,357,395,434]","[31,43,56,61,55,58,49,57,50,57]","[0,0,56,61,0,0,0,57,50,0]","[[100,76.7063]]","[]","[]","[]","1","[]","[]","[]","[]","vertical","","","",""
"","","","","","horizons-trial","52","1250856","0.0-48.0","","","","","10","[35,59,50,37,45,47,43,42,42,36]","[57,58,50,58,47,56,57,46,62,69]","""2023-06-17T07:58:18.016Z""","[0,1,0,1]","0","0","1","40","52","40","52","12","0","0","[""arrowleft"",""arrowright"",""arrowleft"",""arrowright"",""arrowright"",""arrowright"",""arrowright"",""arrowright"",""arrowright"",""arrowright""]","[770,693,486,903,914,1373,340,252,258,342]","[35,58,50,58,47,56,57,46,62,69]","[0,0,50,58,47,56,57,46,62,69]","[[100,78.23689999999999]]","[]","[]","[]","1","[]","[]","[]","[]","vertical","","","",""
"","","","","","horizons-trial","53","1261977","0.0-49.0","","","","","10","[50,43,52,41,44,59,34,38,29,51]","[45,30,52,32,38,32,38,37,39,43]","""2023-06-17T07:58:29.138Z""","[0,1,0,1]","0","1","1","40","44","44","40","4","0","0","[""arrowleft"",""arrowright"",""arrowleft"",""arrowright"",""arrowleft"",""arrowleft"",""arrowleft"",""arrowleft"",""arrowleft"",""arrowleft""]","[738,518,477,1015,1088,1173,478,292,230,367]","[50,30,52,32,44,59,34,38,29,51]","[50,0,52,0,44,59,0,38,0,51]","[[100,88.4405]]","[]","[]","[]","1","[]","[]","[]","[]","vertical","","","",""
"","","","","","horizons-trial","54","1273034","0.0-50.0","","","","","10","[48,55,62,50,44,41,37,38,54,57]","[68,64,50,47,42,61,64,45,65,55]","""2023-06-17T07:58:40.194Z""","[0,0,0,1]","1","1","1","60","52","52","60","8","0","0","[""arrowleft"",""arrowleft"",""arrowleft"",""arrowright"",""arrowleft"",""arrowleft"",""arrowleft"",""arrowleft"",""arrowleft"",""arrowleft""]","[897,430,372,662,641,654,271,177,163,476]","[48,55,62,47,44,41,37,38,54,57]","[0,0,62,0,44,0,0,0,0,57]","[[100,75.1758]]","[]","[]","[]","1","[]","[]","[]","[]","vertical","","","",""
"","","","","","horizons-trial","55","1287851","0.0-51.0","","","","","5","[53,61,67,47,57]","[54,64,56,62,58]","""2023-06-17T07:58:55.011Z""","[1,0,0,1]","0","0","0","60","56","60","56","4","0","0","[""arrowright"",""arrowleft"",""arrowleft"",""arrowright"",""arrowleft""]","[753,828,652,629,6444]","[54,61,67,62,57]","[54,0,67,62,0]","[[50,79.7674]]","[]","[]","[]","1","[]","[]","[]","[]","vertical","","","",""
"","","","","","horizons-trial","56","1310249","0.0-52.0","","","","","5","[47,31,27,41,54]","[38,48,41,43,47]","""2023-06-17T07:59:17.409Z""","[0,1,1,0]","0","0","0","40","42","40","42","2","0","0","[""arrowleft"",""arrowright"",""arrowright"",""arrowleft"",""arrowright""]","[10856,597,573,661,5157]","[47,48,41,41,47]","[47,48,41,0,0]","[[50,72.1147]]","[]","[]","[]","1","[]","[]","[]","[]","vertical","","","",""
"","","","","","horizons-trial","57","1319512","0.0-53.0","","","","","10","[24,30,24,20,35,29,31,31,31,14]","[57,47,56,64,62,61,61,62,49,64]","""2023-06-17T07:59:26.672Z""","[0,1,0,1]","0","1","1","60","30","30","60","30","0","0","[""arrowleft"",""arrowright"",""arrowleft"",""arrowright"",""arrowright"",""arrowright"",""arrowright"",""arrowright"",""arrowright"",""arrowright""]","[703,478,417,378,1303,762,322,245,174,335]","[24,47,24,64,62,61,61,62,49,64]","[0,47,0,64,62,61,61,62,49,64]","[[100,85.3794]]","[]","[]","[]","1","[]","[]","[]","[]","vertical","","","",""
"","","","","","horizons-trial","58","1327229","0.0-54.0","","","","","5","[51,57,65,56,53]","[62,49,66,51,67]","""2023-06-17T07:59:34.390Z""","[0,0,1,0]","1","0","0","60","56","60","56","4","0","0","[""arrowleft"",""arrowleft"",""arrowright"",""arrowleft"",""arrowleft""]","[764,408,628,561,1861]","[51,57,66,56,53]","[0,57,66,56,0]","[[50,78.23689999999999]]","[]","[]","[]","1","[]","[]","[]","[]","vertical","","","",""
"","","","","","horizons-trial","59","1356609","0.0-55.0","","","","","10","[61,59,58,66,51,73,53,62,51,66]","[40,42,54,47,57,52,52,54,46,48]","""2023-06-17T08:00:03.769Z""","[1,0,1,1]","1","0","1","60","52","60","52","8","0","0","[""arrowright"",""arrowleft"",""arrowright"",""arrowright"",""arrowright"",""arrowright"",""arrowright"",""arrowright"",""arrowright"",""arrowright""]","[17249,524,384,600,1895,890,370,310,349,360]","[40,59,54,47,57,52,52,54,46,48]","[0,59,0,0,57,0,0,0,0,0]","[[98.4503,83.3387]]","[]","[]","[]","1","[]","[]","[]","[]","vertical","","","",""
"","","","","","horizons-trial","60","1366707","0.0-56.0","","","","","10","[41,56,49,47,54,28,49,41,64,47]","[28,42,39,39,37,51,51,60,41,39]","""2023-06-17T08:00:13.867Z""","[1,1,0,1]","1","1","1","40","42","42","40","2","0","0","[""arrowright"",""arrowright"",""arrowleft"",""arrowright"",""arrowright"",""arrowright"",""arrowright"",""arrowright"",""arrowright"",""arrowright""]","[775,366,807,598,962,1074,319,209,170,308]","[28,42,49,39,37,51,51,60,41,39]","[0,0,49,0,0,51,51,60,0,0]","[[100,75.686]]","[]","[]","[]","1","[]","[]","[]","[]","vertical","","","",""
"","","","","","horizons-trial","61","1483536","0.0-57.0","","","","","5","[57,67,54,51,66]","[41,51,31,27,34]","""2023-06-17T08:02:10.697Z""","[0,0,1,0]","1","0","0","60","40","60","40","20","0","0","[""arrowleft"",""arrowleft"",""arrowright"",""arrowleft"",""arrowleft""]","[107997,477,593,488,722]","[57,67,31,51,66]","[57,67,0,51,66]","[[50,87.9303]]","[]","[]","[]","1","[]","[]","[]","[]","vertical","","","",""
"","","","","","horizons-trial","62","1492058","0.0-58.0","","","","","5","[54,55,60,62,56]","[48,60,48,50,55]","""2023-06-17T08:02:19.218Z""","[1,0,1,1]","1","0","0","60","48","60","48","12","0","0","[""arrowright"",""arrowleft"",""arrowright"",""arrowright"",""arrowright""]","[896,595,460,494,1322]","[48,55,48,50,55]","[0,0,0,0,0]","[[50,80.2776]]","[]","[]","[]","1","[]","[]","[]","[]","vertical","","","",""
"","","","","","horizons-trial","63","1499338","0.0-59.0","","","","","5","[39,35,41,52,51]","[39,42,62,34,39]","""2023-06-17T08:02:26.499Z""","[1,0,1,1]","1","1","0","40","44","44","40","4","0","0","[""arrowright"",""arrowleft"",""arrowright"",""arrowright"",""arrowright""]","[814,626,674,651,623]","[39,35,62,34,39]","[39,0,62,0,0]","[[50,80.2776]]","[]","[]","[]","1","[]","[]","[]","[]","vertical","","","",""
"","","","","","horizons-trial","64","1508302","0.0-60.0","","","","","5","[63,62,56,70,41]","[62,51,64,48,64]","""2023-06-17T08:02:35.462Z""","[0,1,1,1]","1","1","0","60","58","58","60","2","0","0","[""arrowleft"",""arrowright"",""arrowright"",""arrowright"",""arrowleft""]","[713,558,561,590,2058]","[63,51,64,48,41]","[63,0,64,0,0]","[[50,71.0943]]","[]","[]","[]","1","[]","[]","[]","[]","vertical","","","",""
"","","","","","horizons-trial","65","1517686","0.0-61.0","","","","","10","[40,38,49,39,39,23,42,34,42,47]","[44,35,55,53,49,50,35,48,39,47]","""2023-06-17T08:02:44.846Z""","[1,0,1,0]","0","0","1","40","44","40","44","4","0","0","[""arrowright"",""arrowleft"",""arrowright"",""arrowleft"",""arrowright"",""arrowright"",""arrowright"",""arrowright"",""arrowright"",""arrowright""]","[706,565,396,420,384,901,391,363,351,544]","[44,38,55,39,49,50,35,48,39,47]","[44,38,55,0,49,50,0,48,0,47]","[[100,77.2165]]","[]","[]","[]","1","[]","[]","[]","[]","vertical","","","",""
"","","","","","horizons-trial","66","1584441","0.0-62.0","","","","","10","[38,48,45,39,42,38,35,34,51,46]","[63,60,67,62,68,61,64,51,43,50]","""2023-06-17T08:03:51.602Z""","[1,0,0,1]","0","0","1","40","60","40","60","20","0","0","[""arrowright"",""arrowleft"",""arrowleft"",""arrowright"",""arrowright"",""arrowright"",""arrowright"",""arrowright"",""arrowright"",""arrowright""]","[57021,525,583,541,514,760,395,364,356,497]","[63,48,45,62,68,61,64,51,43,50]","[63,0,0,62,68,61,64,51,0,50]","[[100,71.6045]]","[]","[]","[]","1","[]","[]","[]","[]","vertical","","","",""
"","","","","","horizons-trial","67","1593102","0.0-63.0","","","","","5","[65,59,68,50,54]","[50,26,47,38,52]","""2023-06-17T08:04:00.262Z""","[1,0,0,1]","0","0","0","60","40","60","40","20","0","0","[""arrowright"",""arrowleft"",""arrowleft"",""arrowright"",""arrowleft""]","[647,839,791,2007,818]","[50,59,68,38,54]","[0,59,68,0,54]","[[50,75.686]]","[]","[]","[]","1","[]","[]","[]","[]","vertical","","","",""
"","","","","","horizons-trial","68","1600942","0.0-64.0","","","","","5","[65,73,63,73,61]","[55,46,22,54,46]","""2023-06-17T08:04:08.103Z""","[1,1,0,0]","0","0","0","60","52","60","52","8","0","0","[""arrowright"",""arrowright"",""arrowleft"",""arrowleft"",""arrowleft""]","[600,467,561,680,1129]","[55,46,63,73,61]","[0,0,63,73,61]","[[50,81.298]]","[]","[]","[]","1","[]","[]","[]","[]","vertical","","","",""
"","","","","","horizons-trial","69","1613725","0.0-65.0","","","","","5","[66,49,58,65,56]","[37,42,49,29,36]","""2023-06-17T08:04:20.886Z""","[1,1,1,0]","1","1","0","40","60","60","40","20","0","0","[""arrowright"",""arrowright"",""arrowright"",""arrowleft"",""arrowleft""]","[624,388,399,709,3568]","[37,42,49,65,56]","[0,0,0,65,56]","[[50,83.8489]]","[]","[]","[]","1","[]","[]","[]","[]","vertical","","","",""
"","","","","","horizons-trial","70","1625956","0.0-66.0","","","","","10","[63,68,78,66,61,65,63,61,61,67]","[56,68,45,56,79,60,61,45,69,57]","""2023-06-17T08:04:33.116Z""","[1,0,0,1]","0","0","1","60","58","60","58","2","0","0","[""arrowright"",""arrowleft"",""arrowleft"",""arrowright"",""arrowleft"",""arrowleft"",""arrowleft"",""arrowleft"",""arrowleft"",""arrowleft""]","[758,867,577,648,1188,770,454,423,366,467]","[56,68,78,56,61,65,63,61,61,67]","[0,68,78,0,0,65,63,61,0,67]","[[100,76.1962]]","[]","[]","[]","1","[]","[]","[]","[]","vertical","","","",""
"","","","","","horizons-trial","71","1633962","0.0-67.0","","","","","5","[53,55,66,54,50]","[45,45,41,35,47]","""2023-06-17T08:04:41.122Z""","[0,0,0,1]","1","1","0","40","52","52","40","12","0","0","[""arrowleft"",""arrowleft"",""arrowleft"",""arrowright"",""arrowleft""]","[626,432,424,641,754]","[53,55,66,35,50]","[53,55,66,0,50]","[[50,79.2572]]","[]","[]","[]","1","[]","[]","[]","[]","vertical","","","",""
"","","","","","horizons-trial","72","1661229","0.0-68.0","","","","","5","[77,76,60,59,75]","[43,50,44,66,56]","""2023-06-17T08:05:08.390Z""","[0,1,0,1]","0","0","0","60","59","60","59","1","0","0","[""arrowleft"",""arrowright"",""arrowleft"",""arrowright"",""arrowleft""]","[19165,546,482,506,1703]","[77,50,60,66,75]","[77,0,60,66,75]","[[50,77.2165]]","[]","[]","[]","1","[]","[]","[]","[]","vertical","","","",""
"","","","","","horizons-trial","73","1669090","0.0-69.0","","","","","5","[37,45,43,41,38]","[53,37,49,44,55]","""2023-06-17T08:05:16.250Z""","[1,0,0,0]","1","0","0","40","41","40","41","1","0","0","[""arrowright"",""arrowleft"",""arrowleft"",""arrowleft"",""arrowright""]","[758,843,571,570,1398]","[53,45,43,41,55]","[53,45,0,0,55]","[[50,74.1554]]","[]","[]","[]","1","[]","[]","[]","[]","vertical","","","",""
"","","","","","horizons-trial","74","1676970","0.0-70.0","","","","","5","[65,67,57,50,69]","[35,31,26,14,40]","""2023-06-17T08:05:24.130Z""","[0,1,1,1]","1","0","0","60","30","60","30","30","0","0","[""arrowleft"",""arrowright"",""arrowright"",""arrowright"",""arrowleft""]","[1219,602,586,450,917]","[65,31,26,14,69]","[65,0,0,0,69]","[[50,72.1147]]","[]","[]","[]","1","[]","[]","[]","[]","vertical","","","",""
"","","","","","horizons-trial","75","1749594","0.0-71.0","","","","","5","[40,57,42,30,46]","[54,52,62,58,55]","""2023-06-17T08:06:36.754Z""","[1,0,1,1]","1","1","0","60","40","40","60","20","0","0","[""arrowright"",""arrowleft"",""arrowright"",""arrowright"",""arrowright""]","[65716,559,438,519,768]","[54,57,62,58,55]","[54,57,62,58,55]","[[50,85.3794]]","[]","[]","[]","1","[]","[]","[]","[]","vertical","","","",""
"","","","","","horizons-trial","76","1798867","0.0-72.0","","","","","5","[38,40,45,39,34]","[44,39,50,35,50]","""2023-06-17T08:07:26.028Z""","[1,1,0,1]","1","1","0","40","41","41","40","1","0","0","[""arrowright"",""arrowright"",""arrowleft"",""arrowright"",""arrowright""]","[41257,380,558,483,1995]","[44,39,45,35,50]","[44,0,0,0,50]","[[50,77.7267]]","[]","[]","[]","1","[]","[]","[]","[]","vertical","","","",""
"","","","","","horizons-trial","77","1806764","0.0-73.0","","","","","5","[48,50,24,50,39]","[41,45,53,39,38]","""2023-06-17T08:07:33.924Z""","[0,0,1,1]","0","0","0","40","44","40","44","4","0","0","[""arrowleft"",""arrowleft"",""arrowright"",""arrowright"",""arrowright""]","[756,398,610,526,1287]","[48,50,53,39,38]","[48,50,53,0,0]","[[50,72.1147]]","[]","[]","[]","1","[]","[]","[]","[]","vertical","","","",""
"","","","","","horizons-trial","78","1813069","0.0-74.0","","","","","5","[51,38,40,51,44]","[41,45,41,48,35]","""2023-06-17T08:07:40.229Z""","[1,0,1,1]","1","0","0","40","44","40","44","4","0","0","[""arrowright"",""arrowleft"",""arrowright"",""arrowright"",""arrowright""]","[694,526,423,450,710]","[41,38,41,48,35]","[0,0,41,0,0]","[[50,75.1758]]","[]","[]","[]","1","[]","[]","[]","[]","vertical","","","",""
"","","","","","horizons-trial","79","1819503","0.0-75.0","","","","","5","[43,68,57,66,68]","[72,72,48,69,48]","""2023-06-17T08:07:46.663Z""","[0,0,1,0]","1","0","0","60","59","60","59","1","0","0","[""arrowleft"",""arrowleft"",""arrowright"",""arrowleft"",""arrowleft""]","[819,420,565,620,649]","[43,68,48,66,68]","[0,0,0,0,68]","[[50,79.2572]]","[]","[]","[]","1","[]","[]","[]","[]","vertical","","","",""
"","","","","","horizons-trial","80","1839679","0.0-76.0","","","","","5","[34,34,59,45,52]","[42,62,33,44,56]","""2023-06-17T08:08:06.839Z""","[0,1,0,1]","0","1","0","40","42","42","40","2","0","0","[""arrowleft"",""arrowright"",""arrowleft"",""arrowright"",""arrowright""]","[837,702,800,605,4877]","[34,62,59,44,56]","[0,62,59,0,56]","[[50,80.2776]]","[]","[]","[]","1","[]","[]","[]","[]","vertical","","","",""
"","","","","","horizons-trial","81","1847998","0.0-77.0","","","","","5","[26,47,40,34,47]","[51,46,57,47,45]","""2023-06-17T08:08:15.159Z""","[0,0,1,1]","0","0","0","40","52","40","52","12","0","0","[""arrowleft"",""arrowleft"",""arrowright"",""arrowright"",""arrowright""]","[743,481,632,441,1427]","[26,47,57,47,45]","[0,47,57,47,0]","[[50,84.8692]]","[]","[]","[]","1","[]","[]","[]","[]","vertical","","","",""
"","","","","","horizons-trial","82","1856078","0.0-78.0","","","","","5","[57,55,52,64,62]","[46,60,45,41,53]","""2023-06-17T08:08:23.239Z""","[1,0,0,1]","0","0","0","60","48","60","48","12","0","0","[""arrowright"",""arrowleft"",""arrowleft"",""arrowright"",""arrowleft""]","[675,1459,546,874,788]","[46,55,52,41,62]","[0,0,52,0,62]","[[50,86.91]]","[]","[]","[]","1","[]","[]","[]","[]","vertical","","","",""
"","","","","","horizons-trial","83","1868859","0.0-79.0","","","","","5","[33,50,67,43,52]","[44,32,47,52,52]","""2023-06-17T08:08:36.019Z""","[0,1,0,1]","0","1","0","40","52","52","40","12","0","0","[""arrowleft"",""arrowright"",""arrowleft"",""arrowright"",""arrowleft""]","[860,502,481,478,4219]","[33,32,67,52,52]","[0,0,67,52,52]","[[50,87.9303]]","[]","[]","[]","1","[]","[]","[]","[]","vertical","","","",""
"","","","","","horizons-trial","84","1876313","0.0-80.0","","","","","5","[39,40,23,51,39]","[51,52,53,45,52]","""2023-06-17T08:08:43.474Z""","[0,0,0,1]","1","0","0","40","60","40","60","20","0","0","[""arrowleft"",""arrowleft"",""arrowleft"",""arrowright"",""arrowright""]","[597,378,343,584,1392]","[39,40,23,45,52]","[0,0,0,0,52]","[[50,80.2776]]","[]","[]","[]","1","[]","[]","[]","[]","vertical","","","",""
"","","","","","horizons-trial","85","1895704","0.0-81.0","","","","","10","[80,70,60,59,64,61,51,49,62,70]","[37,34,47,44,49,48,52,43,29,31]","""2023-06-17T08:09:02.864Z""","[0,0,0,1]","1","1","1","40","60","60","40","20","0","0","[""arrowleft"",""arrowleft"",""arrowleft"",""arrowright"",""arrowleft"",""arrowleft"",""arrowleft"",""arrowleft"",""arrowleft"",""arrowleft""]","[9275,396,363,624,1320,865,354,269,298,398]","[80,70,60,44,64,61,51,49,62,70]","[80,70,60,0,64,61,0,49,62,70]","[[100,82.3183]]","[]","[]","[]","1","[]","[]","[]","[]","vertical","","","",""
"","","","","","horizons-trial","86","1906555","0.0-82.0","","","","","10","[48,29,29,46,35,40,41,34,34,48]","[44,35,40,54,65,53,54,51,62,54]","""2023-06-17T08:09:13.716Z""","[1,0,1,1]","1","0","1","40","52","40","52","12","0","0","[""arrowright"",""arrowleft"",""arrowright"",""arrowright"",""arrowright"",""arrowright"",""arrowright"",""arrowright"",""arrowright"",""arrowright""]","[788,570,485,541,1201,856,367,337,312,371]","[44,29,40,54,65,53,54,51,62,54]","[0,0,40,54,65,53,54,51,62,54]","[[100,85.8896]]","[]","[]","[]","1","[]","[]","[]","[]","vertical","","","",""
"","","","","","horizons-trial","87","1915386","0.0-83.0","","","","","10","[20,41,44,42,30,34,32,48,48,41]","[35,41,38,23,32,22,47,44,46,46]","""2023-06-17T08:09:22.547Z""","[0,0,0,1]","1","0","1","40","41","40","41","1","0","0","[""arrowleft"",""arrowleft"",""arrowleft"",""arrowright"",""arrowleft"",""arrowleft"",""arrowleft"",""arrowleft"",""arrowleft"",""arrowleft""]","[736,351,275,688,1049,720,320,263,268,490]","[20,41,44,23,30,34,32,48,48,41]","[0,41,44,0,0,34,0,48,48,0]","[[99.6648,78.7471]]","[]","[]","[]","1","[]","[]","[]","[]","vertical","","","",""
"","","","","","horizons-trial","88","1939789","0.0-84.0","","","","","5","[46,64,52,51,53]","[37,28,39,31,39]","""2023-06-17T08:09:46.950Z""","[1,1,1,0]","1","1","0","40","48","48","40","8","0","0","[""arrowright"",""arrowright"",""arrowright"",""arrowleft"",""arrowright""]","[10755,382,269,709,1466]","[37,28,39,51,39]","[0,0,0,51,0]","[[50,84.8692]]","[]","[]","[]","1","[]","[]","[]","[]","vertical","","","",""
"","","","","","horizons-trial","89","1951817","0.0-85.0","","","","","10","[65,75,54,69,61,66,54,52,56,58]","[51,70,71,64,75,66,63,49,62,60]","""2023-06-17T08:09:58.977Z""","[1,0,1,0]","0","1","1","60","56","56","60","4","0","0","[""arrowright"",""arrowleft"",""arrowright"",""arrowleft"",""arrowleft"",""arrowleft"",""arrowleft"",""arrowleft"",""arrowleft"",""arrowleft""]","[769,594,479,964,3506,676,391,353,209,176]","[51,75,71,69,61,66,54,52,56,58]","[0,75,71,69,0,66,0,52,0,0]","[[99.6648,75.1758]]","[]","[]","[]","1","[]","[]","[]","[]","vertical","","","",""
"","","","","","horizons-trial","90","1960170","0.0-86.0","","","","","5","[30,64,50,52,47]","[78,64,59,58,51]","""2023-06-17T08:10:07.330Z""","[0,1,0,1]","0","1","0","60","52","52","60","8","0","0","[""arrowleft"",""arrowright"",""arrowleft"",""arrowright"",""arrowright""]","[817,490,446,599,1407]","[30,64,50,58,51]","[0,64,0,58,51]","[[50,72.1147]]","[]","[]","[]","1","[]","[]","[]","[]","vertical","","","",""
"","","","","","horizons-trial","91","1972020","0.0-87.0","","","","","10","[27,47,49,51,47,43,43,41,59,59]","[36,47,31,35,36,31,41,46,45,31]","""2023-06-17T08:10:19.180Z""","[0,0,1,1]","0","1","1","40","48","48","40","8","0","0","[""arrowleft"",""arrowleft"",""arrowright"",""arrowright"",""arrowleft"",""arrowleft"",""arrowleft"",""arrowleft"",""arrowleft"",""arrowleft""]","[884,378,551,391,3305,652,276,186,152,280]","[27,47,31,35,47,43,43,41,59,59]","[0,47,0,0,47,43,43,0,59,59]","[[99.6648,87.4202]]","[]","[]","[]","1","[]","[]","[]","[]","vertical","","","",""
"","","","","","horizons-trial","92","1982302","0.0-88.0","","","","","10","[47,39,45,43,37,41,38,39,37,34]","[39,34,39,51,46,48,47,44,39,24]","""2023-06-17T08:10:29.463Z""","[1,1,0,0]","0","1","1","40","41","41","40","1","0","0","[""arrowright"",""arrowright"",""arrowleft"",""arrowleft"",""arrowleft"",""arrowleft"",""arrowleft"",""arrowleft"",""arrowleft"",""arrowleft""]","[639,344,646,642,2590,806,243,179,159,137]","[39,34,45,43,37,41,38,39,37,34]","[0,0,45,0,0,0,0,0,0,34]","[[100,84.8692]]","[]","[]","[]","1","[]","[]","[]","[]","vertical","","","",""
"","","","","","horizons-trial","93","1991913","0.0-89.0","","","","","5","[46,57,48,70,60]","[65,64,55,54,58]","""2023-06-17T08:10:39.073Z""","[1,1,0,0]","0","1","0","60","59","59","60","1","0","0","[""arrowright"",""arrowright"",""arrowleft"",""arrowleft"",""arrowright""]","[821,379,535,544,3657]","[65,64,48,70,58]","[65,64,0,70,0]","[[50,88.4405]]","[]","[]","[]","1","[]","[]","[]","[]","vertical","","","",""
"","","","","","horizons-trial","94","2000610","0.0-90.0","","","","","10","[43,27,47,29,37,39,41,44,36,36]","[70,66,35,65,63,56,63,55,58,47]","""2023-06-17T08:10:47.770Z""","[0,0,0,1]","1","1","1","60","40","40","60","20","0","0","[""arrowleft"",""arrowleft"",""arrowleft"",""arrowright"",""arrowright"",""arrowright"",""arrowright"",""arrowright"",""arrowright"",""arrowright""]","[751,523,407,511,389,812,254,193,169,184]","[43,27,47,65,63,56,63,55,58,47]","[0,0,47,65,63,56,63,55,58,47]","[[100,82.82849999999999]]","[]","[]","[]","1","[]","[]","[]","[]","vertical","","","",""
"","","","","","horizons-trial","95","2008294","0.0-91.0","","","","","10","[33,21,34,23,32,31,18,36,30,27]","[78,66,67,54,50,50,57,51,57,54]","""2023-06-17T08:10:55.454Z""","[1,0,1,1]","1","1","1","60","30","30","60","30","0","0","[""arrowright"",""arrowleft"",""arrowright"",""arrowright"",""arrowright"",""arrowright"",""arrowright"",""arrowright"",""arrowright"",""arrowright""]","[620,450,341,520,704,731,203,153,147,206]","[78,21,67,54,50,50,57,51,57,54]","[78,0,67,54,50,50,57,51,57,54]","[[100,84.8692]]","[]","[]","[]","1","[]","[]","[]","[]","vertical","","","",""
"","","","","","horizons-trial","96","2015780","0.0-92.0","","","","","10","[53,44,54,55,67,49,39,59,37,49]","[52,67,67,56,59,60,59,63,69,60]","""2023-06-17T08:11:02.941Z""","[0,1,0,1]","0","1","1","60","48","48","60","12","0","0","[""arrowleft"",""arrowright"",""arrowleft"",""arrowright"",""arrowleft"",""arrowright"",""arrowright"",""arrowright"",""arrowright"",""arrowright""]","[700,488,436,391,475,595,325,173,154,162]","[53,67,54,56,67,60,59,63,69,60]","[53,67,0,56,67,60,59,63,69,60]","[[100,78.23689999999999]]","[]","[]","[]","1","[]","[]","[]","[]","vertical","","","",""
"","","","","","horizons-trial","97","2023913","0.0-93.0","","","","","10","[42,69,58,43,59,73,64,64,61,57]","[64,60,56,49,66,57,59,58,55,58]","""2023-06-17T08:11:11.074Z""","[1,0,0,1]","0","0","1","60","59","60","59","1","0","0","[""arrowright"",""arrowleft"",""arrowleft"",""arrowright"",""arrowright"",""arrowright"",""arrowright"",""arrowright"",""arrowright"",""arrowright""]","[892,582,638,439,620,743,204,152,146,147]","[64,69,58,49,66,57,59,58,55,58]","[64,69,58,49,66,0,0,0,0,58]","[[100,83.8489]]","[]","[]","[]","1","[]","[]","[]","[]","vertical","","","",""
"","","","","","horizons-trial","98","2039446","0.0-94.0","","","","","10","[63,45,57,73,61,68,74,52,67,56]","[46,39,39,48,37,45,42,48,67,39]","""2023-06-17T08:11:26.607Z""","[0,1,0,0]","1","0","1","60","48","60","48","12","0","0","[""arrowleft"",""arrowright"",""arrowleft"",""arrowleft"",""arrowleft"",""arrowleft"",""arrowleft"",""arrowleft"",""arrowleft"",""arrowleft""]","[755,439,410,601,1186,992,263,189,159,153]","[63,39,57,73,61,68,74,52,67,56]","[63,0,57,73,61,68,74,52,67,56]","[[100,87.9303]]","[]","[]","[]","1","[]","[]","[]","[]","vertical","","","",""
"","","","","","horizons-trial","99","2047552","0.0-95.0","","","","","5","[57,68,61,61,57]","[44,28,7,30,26]","""2023-06-17T08:11:34.713Z""","[1,1,0,0]","0","0","0","60","30","60","30","30","0","0","[""arrowright"",""arrowright"",""arrowleft"",""arrowleft"",""arrowleft""]","[837,392,511,624,1506]","[44,28,61,61,57]","[0,0,61,61,57]","[[50,74.1554]]","[]","[]","[]","1","[]","[]","[]","[]","vertical","","","",""
"","","","","","horizons-trial","100","2057290","0.0-96.0","","","","","10","[56,60,64,42,54,61,60,53,69,56]","[40,25,30,28,25,40,37,26,32,23]","""2023-06-17T08:11:44.451Z""","[1,0,1,1]","1","0","1","60","30","60","30","30","0","0","[""arrowright"",""arrowleft"",""arrowright"",""arrowright"",""arrowleft"",""arrowleft"",""arrowleft"",""arrowleft"",""arrowleft"",""arrowleft""]","[718,556,472,543,1002,679,248,177,175,355]","[40,60,30,28,54,61,60,53,69,56]","[0,60,0,0,54,61,60,53,69,56]","[[100,89.9711]]","[]","[]","[]","1","[]","[]","[]","[]","vertical","","","",""
"","","","","","horizons-trial","101","2068547","0.0-97.0","","","","","10","[47,20,46,41,43,42,40,38,57,42]","[53,39,25,33,34,49,32,53,30,37]","""2023-06-17T08:11:55.707Z""","[0,0,1,1]","0","1","1","40","42","42","40","2","0","0","[""arrowleft"",""arrowleft"",""arrowright"",""arrowright"",""arrowleft"",""arrowleft"",""arrowleft"",""arrowleft"",""arrowleft"",""arrowleft""]","[725,749,560,488,950,670,373,286,359,428]","[47,20,25,33,43,42,40,38,57,42]","[0,0,0,0,43,0,40,0,57,42]","[[98.8551,84.8692]]","[]","[]","[]","1","[]","[]","[]","[]","vertical","","","",""
"","","","","","horizons-trial","102","2079936","0.0-98.0","","","","","5","[53,58,69,50,58]","[56,62,60,71,56]","""2023-06-17T08:12:07.096Z""","[1,0,1,0]","0","1","0","60","56","56","60","4","0","0","[""arrowright"",""arrowleft"",""arrowright"",""arrowleft"",""arrowright""]","[1344,1009,669,1364,2430]","[56,58,60,50,56]","[56,0,0,0,0]","[[50,88.9507]]","[]","[]","[]","1","[]","[]","[]","[]","vertical","","","",""
"","","","","","horizons-trial","103","2089784","0.0-99.0","","","","","10","[64,69,86,69,60,49,63,57,57,50]","[60,60,62,71,73,49,60,55,52,66]","""2023-06-17T08:12:16.944Z""","[1,0,0,0]","1","1","1","60","59","59","60","1","0","0","[""arrowright"",""arrowleft"",""arrowleft"",""arrowleft"",""arrowleft"",""arrowleft"",""arrowleft"",""arrowleft"",""arrowleft"",""arrowleft""]","[714,461,604,429,923,633,272,251,204,228]","[60,69,86,69,60,49,63,57,57,50]","[0,69,86,0,0,49,63,57,57,0]","[[100,83.8489]]","[]","[]","[]","1","[]","[]","[]","[]","vertical","","","",""
"","","","","","horizons-trial","104","2098470","0.0-100.0","","","","","10","[56,62,46,58,55,50,54,65,68,68]","[61,67,52,66,54,54,60,60,43,62]","""2023-06-17T08:12:25.630Z""","[0,0,1,0]","1","1","1","60","58","58","60","2","0","0","[""arrowleft"",""arrowleft"",""arrowright"",""arrowleft"",""arrowright"",""arrowleft"",""arrowleft"",""arrowleft"",""arrowleft"",""arrowleft""]","[826,413,791,484,356,761,271,202,171,162]","[56,62,52,58,54,50,54,65,68,68]","[0,0,52,0,0,0,0,65,68,68]","[[100,87.9303]]","[]","[]","[]","1","[]","[]","[]","[]","vertical","","","",""
"","","","","","horizons-trial","105","2107017","0.0-101.0","","","","","10","[61,69,55,60,71,49,50,65,61,63]","[53,42,49,66,55,52,44,58,52,54]","""2023-06-17T08:12:34.177Z""","[0,1,0,1]","0","0","1","60","52","60","52","8","0","0","[""arrowleft"",""arrowright"",""arrowleft"",""arrowright"",""arrowleft"",""arrowleft"",""arrowleft"",""arrowleft"",""arrowleft"",""arrowleft""]","[849,367,410,333,429,715,299,222,211,165]","[61,42,55,66,71,49,50,65,61,63]","[61,0,55,66,71,0,50,65,61,63]","[[100,86.3998]]","[]","[]","[]","1","[]","[]","[]","[]","vertical","","","",""
"","","","","","horizons-trial","106","2115671","0.0-102.0","","","","","10","[77,59,72,56,55,51,74,59,47,65]","[53,58,56,54,58,60,48,48,56,61]","""2023-06-17T08:12:42.831Z""","[0,1,1,1]","1","0","1","60","56","60","56","4","0","0","[""arrowleft"",""arrowright"",""arrowright"",""arrowright"",""arrowleft"",""arrowleft"",""arrowleft"",""arrowleft"",""arrowleft"",""arrowleft""]","[670,374,542,406,1685,578,248,163,164,138]","[77,58,56,54,55,51,74,59,47,65]","[77,0,0,0,0,0,74,59,0,65]","[[100,88.4405]]","[]","[]","[]","1","[]","[]","[]","[]","vertical","","","",""
"","","","","","horizons-trial","107","2124717","0.0-103.0","","","","","5","[61,82,69,65,72]","[38,53,21,37,30]","""2023-06-17T08:12:51.878Z""","[1,0,1,0]","0","1","0","40","70","70","40","30","0","0","[""arrowright"",""arrowleft"",""arrowright"",""arrowleft"",""arrowleft""]","[911,478,444,723,1076]","[38,82,21,65,72]","[0,82,0,65,72]","[[50,91.5016]]","[]","[]","[]","1","[]","[]","[]","[]","vertical","","","",""
"","","","","","horizons-trial","108","2133206","0.0-104.0","","","","","5","[38,38,53,34,39]","[51,45,39,37,51]","""2023-06-17T08:13:00.366Z""","[1,0,1,0]","0","1","0","40","44","44","40","4","0","0","[""arrowright"",""arrowleft"",""arrowright"",""arrowleft"",""arrowright""]","[651,552,565,853,956]","[51,38,39,34,51]","[51,0,0,0,51]","[[50,86.91]]","[]","[]","[]","1","[]","[]","[]","[]","vertical","","","",""
"","","","","","horizons-trial","109","2142476","0.0-105.0","","","","","10","[45,49,41,45,34,41,42,32,29,36]","[52,53,63,50,48,46,30,61,39,51]","""2023-06-17T08:13:09.636Z""","[0,1,1,0]","0","0","1","40","48","40","48","8","0","0","[""arrowleft"",""arrowright"",""arrowright"",""arrowleft"",""arrowright"",""arrowright"",""arrowright"",""arrowright"",""arrowright"",""arrowright""]","[763,324,466,682,1658,860,178,166,165,156]","[45,53,63,45,48,46,30,61,39,51]","[0,53,63,0,48,46,0,61,39,51]","[[100,80.7878]]","[]","[]","[]","1","[]","[]","[]","[]","vertical","","","",""
"","","","","","horizons-trial","110","2152195","0.0-106.0","","","","","5","[52,23,25,31,26]","[57,56,66,59,64]","""2023-06-17T08:13:19.356Z""","[0,1,1,0]","0","1","0","60","30","30","60","30","0","0","[""arrowleft"",""arrowright"",""arrowright"",""arrowleft"",""arrowright""]","[737,1011,550,822,1718]","[52,56,66,31,64]","[0,56,66,0,64]","[[50,90.48124]]","[]","[]","[]","1","[]","[]","[]","[]","vertical","","","",""
"","","","","","horizons-trial","111","2163432","0.0-107.0","","","","","10","[63,66,40,51,47,65,46,52,52,55]","[59,44,62,58,56,56,74,53,59,64]","""2023-06-17T08:13:30.592Z""","[1,0,0,0]","1","1","1","60","56","56","60","4","0","0","[""arrowright"",""arrowleft"",""arrowleft"",""arrowleft"",""arrowleft"",""arrowleft"",""arrowleft"",""arrowleft"",""arrowleft"",""arrowleft""]","[715,520,605,513,3656,632,248,147,152,148]","[59,66,40,51,47,65,46,52,52,55]","[0,66,0,0,0,65,0,0,0,0]","[[100,89.9711]]","[]","[]","[]","1","[]","[]","[]","[]","vertical","","","",""
"","","","","","horizons-trial","112","2170976","0.0-108.0","","","","","5","[32,37,30,28,35]","[40,50,50,34,42]","""2023-06-17T08:13:38.137Z""","[0,0,1,1]","0","0","0","40","41","40","41","1","0","0","[""arrowleft"",""arrowleft"",""arrowright"",""arrowright"",""arrowleft""]","[738,677,563,573,743]","[32,37,50,34,35]","[0,0,50,34,0]","[[50,65.9925]]","[]","[]","[]","1","[]","[]","[]","[]","vertical","","","",""
"","","","","","horizons-trial","113","2182379","0.0-109.0","","","","","10","[53,57,58,75,55,48,71,63,66,67]","[76,58,80,58,61,59,62,54,45,56]","""2023-06-17T08:13:49.539Z""","[1,1,1,0]","1","0","1","60","59","60","59","1","0","0","[""arrowright"",""arrowright"",""arrowright"",""arrowleft"",""arrowright"",""arrowright"",""arrowright"",""arrowright"",""arrowright"",""arrowright""]","[654,557,359,598,3456,626,250,160,150,153]","[76,58,80,75,61,59,62,54,45,56]","[76,58,80,75,61,59,0,0,0,0]","[[100,85.8896]]","[]","[]","[]","1","[]","[]","[]","[]","vertical","","","",""
"","","","","","horizons-trial","114","2191613","0.0-110.0","","","","","10","[57,49,53,58,42,53,48,45,62,45]","[44,45,31,48,26,35,27,42,40,43]","""2023-06-17T08:13:58.773Z""","[0,0,0,1]","1","1","1","40","48","48","40","8","0","0","[""arrowleft"",""arrowleft"",""arrowleft"",""arrowright"",""arrowright"",""arrowright"",""arrowright"",""arrowright"",""arrowright"",""arrowright""]","[902,396,364,743,1394,705,268,168,173,178]","[57,49,53,48,26,35,27,42,40,43]","[57,49,53,0,0,0,0,0,0,0]","[[100,83.8489]]","[]","[]","[]","1","[]","[]","[]","[]","vertical","","","",""
"","","","","","horizons-trial","115","2199382","0.0-111.0","","","","","5","[35,44,63,42,55]","[42,26,42,39,33]","""2023-06-17T08:14:06.542Z""","[1,0,0,1]","0","1","0","40","48","48","40","8","0","0","[""arrowright"",""arrowleft"",""arrowleft"",""arrowright"",""arrowright""]","[792,757,589,521,770]","[42,44,63,39,33]","[42,44,63,0,0]","[[50,83.8489]]","[]","[]","[]","1","[]","[]","[]","[]","vertical","","","",""
"","","","","","horizons-trial","116","2211359","0.0-112.0","","","","","10","[38,34,41,28,51,30,52,48,23,47]","[48,46,62,72,54,50,60,69,57,49]","""2023-06-17T08:14:18.520Z""","[1,0,1,1]","1","0","1","40","60","40","60","20","0","0","[""arrowright"",""arrowleft"",""arrowright"",""arrowright"",""arrowright"",""arrowright"",""arrowright"",""arrowright"",""arrowright"",""arrowright""]","[700,513,371,711,854,3009,278,188,166,169]","[48,34,62,72,54,50,60,69,57,49]","[48,0,62,72,54,50,60,69,57,49]","[[100,86.91]]","[]","[]","[]","1","[]","[]","[]","[]","vertical","","","",""
"","","","","","horizons-trial","117","2223120","0.0-113.0","","","","","10","[51,65,62,74,61,77,66,68,58,69]","[33,44,40,35,28,41,38,46,41,50]","""2023-06-17T08:14:30.280Z""","[0,1,1,0]","0","1","1","40","70","70","40","30","0","0","[""arrowleft"",""arrowright"",""arrowright"",""arrowleft"",""arrowleft"",""arrowleft"",""arrowleft"",""arrowleft"",""arrowleft"",""arrowleft""]","[770,533,566,720,3199,799,275,199,173,424]","[51,44,40,74,61,77,66,68,58,69]","[51,0,0,74,61,77,66,68,58,69]","[[100,77.2165]]","[]","[]","[]","1","[]","[]","[]","[]","vertical","","","",""
"","","","","","horizons-trial","118","2230558","0.0-114.0","","","","","5","[57,74,49,59,57]","[64,44,44,50,49]","""2023-06-17T08:14:37.718Z""","[0,0,0,1]","1","0","0","60","52","60","52","8","0","0","[""arrowleft"",""arrowleft"",""arrowleft"",""arrowright"",""arrowleft""]","[653,446,257,904,1057]","[57,74,49,50,57]","[0,74,49,0,57]","[[50,85.8896]]","[]","[]","[]","1","[]","[]","[]","[]","vertical","","","",""
"","","","","","horizons-trial","119","2242067","0.0-115.0","","","","","10","[55,45,67,64,55,68,50,70,58,64]","[66,61,78,49,49,57,65,57,72,50]","""2023-06-17T08:14:49.228Z""","[0,1,1,1]","1","0","1","60","58","60","58","2","0","0","[""arrowleft"",""arrowright"",""arrowright"",""arrowright"",""arrowright"",""arrowleft"",""arrowleft"",""arrowleft"",""arrowleft"",""arrowleft""]","[793,543,443,329,1548,691,366,170,184,150]","[55,61,78,49,49,68,50,70,58,64]","[0,61,78,0,0,68,0,70,0,64]","[[100,87.4202]]","[]","[]","[]","1","[]","[]","[]","[]","vertical","","","",""
"","","","","","horizons-trial","120","2251856","0.0-116.0","","","","","10","[57,62,54,60,63,54,62,52,61,53]","[40,39,33,55,51,44,29,31,42,31]","""2023-06-17T08:14:59.017Z""","[0,1,1,1]","1","0","1","60","40","60","40","20","0","0","[""arrowleft"",""arrowright"",""arrowright"",""arrowright"",""arrowleft"",""arrowleft"",""arrowleft"",""arrowleft"",""arrowleft"",""arrowleft""]","[1062,482,568,442,474,1313,219,166,138,164]","[57,39,33,55,63,54,62,52,61,53]","[57,0,0,0,63,54,62,52,61,53]","[[100,88.4405]]","[]","[]","[]","1","[]","[]","[]","[]","vertical","","","",""
"","","","","","horizons-trial","121","2261518","0.0-117.0","","","","","10","[57,56,52,54,52,52,49,63,51,52]","[70,67,61,57,51,57,65,68,66,47]","""2023-06-17T08:15:08.679Z""","[0,0,1,1]","0","1","1","60","59","59","60","1","0","0","[""arrowleft"",""arrowleft"",""arrowright"",""arrowright"",""arrowright"",""arrowleft"",""arrowleft"",""arrowleft"",""arrowleft"",""arrowleft""]","[797,544,462,442,1314,1296,327,195,153,163]","[57,56,61,57,51,52,49,63,51,52]","[0,0,61,57,0,0,0,0,0,52]","[[100,83.8489]]","[]","[]","[]","1","[]","[]","[]","[]","vertical","","","",""
"","","","","","horizons-trial","122","2270707","0.0-118.0","","","","","5","[58,56,58,55,50]","[51,41,43,50,52]","""2023-06-17T08:15:17.867Z""","[1,1,0,0]","0","1","0","60","58","58","60","2","0","0","[""arrowright"",""arrowright"",""arrowleft"",""arrowleft"",""arrowleft""]","[724,366,747,503,2463]","[51,41,58,55,50]","[0,0,58,55,0]","[[50,87.9303]]","[]","[]","[]","1","[]","[]","[]","[]","vertical","","","",""
"","","","","","survey-html-form","123","2300245","0.0-119.0","29528","{""comments"":"" I added the numbers together to see the total in each machine.""}","","","","","","","","","","","","","","","","","","","","","","","","","","","","","","","","","","",""
"","","","","","survey-html-form","124","2318989","0.0-120.0","18743","{""comments"":"" This was more just guesswork. I didn't have a strategy at this point.""}","","","","","","","","","","","","","","","","","","","","","","","","","","","","","","","","","","",""
"","","","","","survey-html-form","125","2320845","0.0-121.0","1855","{""comments"":"" ""}","","","","","","","","","","","","","","","","","","","","","","","","","","","","","","","","","","","[{""event"":""focus"",""trial"":1,""time"":2902},{""event"":""fullscreenenter"",""trial"":2,""time"":8968},{""event"":""fullscreenexit"",""trial"":5,""time"":26702},{""event"":""blur"",""trial"":5,""time"":29078},{""event"":""focus"",""trial"":5,""time"":33684},{""event"":""blur"",""trial"":5,""time"":77564},{""event"":""focus"",""trial"":5,""time"":82350},{""event"":""blur"",""trial"":5,""time"":105403},{""event"":""focus"",""trial"":5,""time"":185565},{""event"":""blur"",""trial"":8,""time"":259479},{""event"":""focus"",""trial"":8,""time"":268361},{""event"":""blur"",""trial"":14,""time"":351318},{""event"":""focus"",""trial"":14,""time"":354100},{""event"":""blur"",""trial"":17,""time"":414504},{""event"":""focus"",""trial"":17,""time"":422876},{""event"":""blur"",""trial"":20,""time"":463658},{""event"":""focus"",""trial"":20,""time"":531794},{""event"":""blur"",""trial"":22,""time"":563212},{""event"":""focus"",""trial"":22,""time"":630159},{""event"":""blur"",""trial"":23,""time"":653554},{""event"":""focus"",""trial"":23,""time"":745159},{""event"":""blur"",""trial"":29,""time"":831920},{""event"":""focus"",""trial"":29,""time"":893511},{""event"":""blur"",""trial"":36,""time"":969657},{""event"":""focus"",""trial"":36,""time"":976688},{""event"":""blur"",""trial"":40,""time"":1025344},{""event"":""focus"",""trial"":40,""time"":1042766},{""event"":""blur"",""trial"":46,""time"":1096409},{""event"":""focus"",""trial"":46,""time"":1157474},{""event"":""blur"",""trial"":50,""time"":1193512},{""event"":""focus"",""trial"":50,""time"":1199178},{""event"":""blur"",""trial"":51,""time"":1209041},{""event"":""focus"",""trial"":51,""time"":1211568},{""event"":""blur"",""trial"":51,""time"":1212705},{""event"":""focus"",""trial"":51,""time"":1229073},{""event"":""blur"",""trial"":56,""time"":1288987},{""event"":""focus"",""trial"":56,""time"":1297857},{""event"":""blur"",""trial"":59,""time"":1328394},{""event"":""focus"",""trial"":59,""time"":1343579},{""event"":""blur"",""trial"":61,""time"":1368532},{""event"":""focus"",""trial"":61,""time"":1473779},{""event"":""blur"",""trial"":66,""time"":1519129},{""event"":""focus"",""trial"":66,""time"":1574046},{""event"":""blur"",""trial"":72,""time"":1635127},{""event"":""focus"",""trial"":72,""time"":1652371},{""event"":""blur"",""trial"":75,""time"":1678069},{""event"":""focus"",""trial"":75,""time"":1742038},{""event"":""blur"",""trial"":76,""time"":1750775},{""event"":""focus"",""trial"":76,""time"":1790256},{""event"":""blur"",""trial"":80,""time"":1830901},{""event"":""focus"",""trial"":80,""time"":1838754},{""event"":""blur"",""trial"":85,""time"":1877488},{""event"":""focus"",""trial"":85,""time"":1884786},{""event"":""blur"",""trial"":88,""time"":1916491},{""event"":""focus"",""trial"":88,""time"":1925169}]"
