"success","timeout","failed_images","failed_audio","failed_video","trial_type","trial_index","time_elapsed","internal_node_id","rt","response","stimulus","view_history","horizon","rewards_L","rewards_R","date","forced_choices","r_info","r_side","r_h","r_mean","r_otherMean","r_mean_L","r_mean_R","r_difference","confidence_immediate_overall","confidence_question_order","key_presses","response_times","outcomes","outcomes_counted_points","confidence","confidence_rt","confidence_2","confidence_2_rt","screen_resolution","belief_confidence_1","belief_confidence_2","belief_confidence_3","belief_confidence_4","immediate_judgement_orientation","phase","responses","num_errors","interactions"
"true","false","[]","[]","[]","preload","0","241","0.0-0.0","","","","","","","","","","","","","","","","","","","","","","","","","","","","","","","","","","","","",""
"","","","","","survey-html-form","1","8795","0.0-1.0","8553","{""comments"":"" 63d40228c2fb877b0bfe84ec""}","","","","","","","","","","","","","","","","","","","","","","","","","","","","","","","","","","",""
"true","","","","","fullscreen","2","10719","0.0-2.0","","","","","","","","","","","","","","","","","","","","","","","","","","","","","","","","","","","","",""
"","","","","","html-button-response","3","16493","0.0-3.0","5771","0","
      <h1>Consent to Participate in the Learning and Cognitive Control Study</h1>

      <p>This is a psychology experiment being conducted by Dr. Peter Dayan, 
      director of the Max Planck Institute for Biological Cybernetics, and the 
      members of his lab. In order to consent to participate, you MUST meet the 
      following criteria:</p>

      <p>
      - 18 years of age or older<br>
      - Fluent speaker of English<br>
      - Have not previously participated in this experiment<br></p>

      <p>This study is designed to look at how people learn how to make decisions 
      to accomplish their goals. In this task, you will be asked to make choices, 
      play games, and answer questions related to those games. The study will take 
      about 45 minutes. </p> 

      <p>Your participation in this research is voluntary. You may refrain from 
      answering any questions that make you uncomfortable and may withdraw your 
      participation at any time without penalty by exiting this task and alerting 
      the experimenter. You may choose not to complete certain parts of the task 
      or answer certain questions. You may contact us at the address provided 
      below if you have additional questions or concerns.</p> 

      <p>Other than monetary compensation, participating in this study will 
      provide no direct benefits to you. But we hope that this research will 
      benefit society at large by contributing towards establishing a scientific 
      foundation for improving people's learning and cognitive control abilities.</p>

      <p>Your online username may be connected to your individual responses, but 
      we will not be asking for any additional personally identifying information, 
      and we will handle responses as confidentially as possible. We cannot however 
      guarantee the confidentiality of information transmitted over the Internet. 
      We will be keeping de-identified data collected as part of this experiment 
      indefinitely. Data used in scientific publications will remain completely 
      anonymous.</p>

      <p>If you have any questions about the study, feel free to contact our lab. 
      Dr. Dayan and his lab members can be reached at <a href='mailto:kyblab.tuebingen@gmail.com'>kyblab.tuebingen@gmail.com</a></p>
      
      <p>By selecting the â€œconsentâ€ option below, I acknowledge that I am 18 or older, that I am a fluent speaker of
            English, that I have read this consent form, and that I agree to take part in the research.</p>","","","","","","","","","","","","","","","","","","","","","","","","","","","","","","","","","",""
"","","","","","html-button-response","4","19961","0.0-4.0","3466","0","<h1>Legal Declaration of Consent under Data Protection Law</h1>
    <p><a target=""_blank"" rel=""noopener noreferrer"" href=""https://kyblab.tuebingen.mpg.de/fma/dataprotection.pdf"">Please click here to view our Data Protection Information Sheet, yours to keep.</a></p>
    <p>I have received and took note of the written Data Protection Information Sheet for this study. In doing so, I had sufficient time and opportunity to ask questions about data protection and reconsider my participation in the study. </p>
    <p>I am aware that:</p>
    <ul>
        <li>the processing and use of the collected data occur in a pseudonymized form within the scope of the legally prescribed provisions.
            As a general rule, the storage occurs in the form of questionnaires, as well as on electronic data media, for 10 years
            or longer, if this is required by the purpose of the study.</li>
        <li>by providing further personal data in pseudonymized form, collected personal data may be used for the preparation of anonymized
            scientific research work and may also be published and used in an anonymized form in medical journals, scientific publications
            and publicly accessible scientific databases, so that a direct assignment to my person cannot be established.</li>
        <li>the information obtained during this study may also be sent in an anonymized form to cooperation partners within the
            scope of the European General Data Protection Regulation for scientific purposes and to cooperation partners outside of the
            European Union, i.e. to countries with a lower data protection level (this also applies to the USA).</li>
        <li>the data collected within the scope of the study can also be used and processed in the future inside of the Institute.</li>
    </ul>
    <p>I was informed about my rights, that at any time:</p>
    <ul>
          <li>I can withdraw this declaration of consent.</li>
          <li>I can request information about my stored data and request the correction or blocking of data.</li>
          <li>by cancellation of my participation in the study, I can request that my personal data collected until that time are immediately deleted or anonymized.</li>
          <li>I can request that my data are handed out to me or to third parties (if technically feasible).</li>
    </ul>

    <p>I herewith declare that:</p>
    <ul>
          <li>I have been adequately informed about the collection and processing of my data and rights.</li>
          <li>I consent to the collection and processing of personal data within the scope of the study and its pseudonymized disclosure so that
            only the persons conducting the study can establish a link between the data and my person.</li>
    </ul>
    <p>By selecting the consent option below, I agree to participate in online studies or experiments using learning, and I consent to the use of my data described in the Data Protection Information Sheet and confirm having received a copy of the Data Protection Sheet.</p>
    <p>Note: If you do not consent to participate in this study or have your data used as outlined in the Data Protection Information Sheet, then this experiment will now close and you will not proceed any further. No information about you will be retained. </p>
    <br><br>","","","","","","","","","","","","","","","","","","","","","","","","","","","","","","","","","",""
"","","","","","instructions","5","110638","0.0-5.0-0.0","90680","","","[{""page_index"":0,""viewing_time"":4078},{""page_index"":1,""viewing_time"":5908},{""page_index"":2,""viewing_time"":4595},{""page_index"":3,""viewing_time"":11269},{""page_index"":4,""viewing_time"":7635},{""page_index"":5,""viewing_time"":3220},{""page_index"":6,""viewing_time"":4187},{""page_index"":7,""viewing_time"":13415},{""page_index"":8,""viewing_time"":7337},{""page_index"":9,""viewing_time"":11684},{""page_index"":10,""viewing_time"":14635},{""page_index"":11,""viewing_time"":2718}]","","","","","","","","","","","","","","","","","","","","","","","","","","","","","","","","",""
"","","","","","horizons-trial","6","144828","0.0-5.0-1.0","","","","","5","[44,57,74,72,62]","[31,33,24,39,29]","""2023-06-19T14:21:49.562Z""","[1,0,1,1]","","","","","","","","","0","","[""arrowright"",""arrowleft"",""arrowright"",""arrowright"",""arrowleft""]","[3804,1350,950,2334,1740]","[31,57,24,39,62]","[0,57,0,0,62]","[[50,72.247]]","[]","[]","[]","1","[]","[]","[]","[]","vertical","practice","","",""
"","","","","","horizons-trial","7","174771","0.0-5.0-2.0","","","","","10","[64,50,57,35,52,38,44,61,39,38]","[70,69,76,71,75,58,81,84,57,61]","""2023-06-19T14:22:19.505Z""","[0,0,1,1]","","","","","","","","","1","","[""arrowleft"",""arrowleft"",""arrowright"",""arrowright"",""arrowleft"",""arrowright"",""arrowright"",""arrowleft"",""arrowright"",""arrowright""]","[2098,1079,1576,1477,1790,1204,1254,1782,980,1200]","[64,50,76,71,52,58,81,61,57,61]","[0,0,76,71,0,58,81,0,57,61]","[[54.8295,44.5685]]","[]","[]","[]","1","[]","[]","[]","[]","vertical","practice","","",""
"","","","","","instructions","8","191170","0.0-5.0-3.0","16398","","","[{""page_index"":0,""viewing_time"":1569},{""page_index"":1,""viewing_time"":8620},{""page_index"":2,""viewing_time"":5451},{""page_index"":3,""viewing_time"":759}]","","","","","","","","","","","","","","","","","","","","","","","","","","","","","","","","",""
"","","","","","horizons-comprehension","9","220227","0.0-5.0-4.0","29055.80000001192","","","","","","","","","","","","","","","","","","","","","","","","","","","","","","","","","","[""true"",""false"",""true"",""false""]","2",""
"","","","","","instructions","10","291426","0.0-5.1-0.1","68701","","","[{""page_index"":0,""viewing_time"":2561},{""page_index"":1,""viewing_time"":2051},{""page_index"":2,""viewing_time"":2017},{""page_index"":3,""viewing_time"":17917},{""page_index"":4,""viewing_time"":21534},{""page_index"":5,""viewing_time"":4768},{""page_index"":6,""viewing_time"":1067},{""page_index"":7,""viewing_time"":654},{""page_index"":8,""viewing_time"":1312},{""page_index"":9,""viewing_time"":800},{""page_index"":10,""viewing_time"":1001},{""page_index"":9,""viewing_time"":6549},{""page_index"":10,""viewing_time"":4318},{""page_index"":11,""viewing_time"":2153}]","","","","","","","","","","","","","","","","","","","","","","","","","","","","","","","","",""
"","","","","","horizons-trial","11","300367","0.0-5.1-1.1","","","","","5","[44,57,74,72,62]","[31,33,24,39,29]","""2023-06-19T14:24:25.101Z""","[1,0,1,1]","","","","","","","","","0","","[""arrowright"",""arrowleft"",""arrowright"",""arrowright"",""arrowleft""]","[1431,581,454,587,854]","[31,57,24,39,62]","[0,57,0,0,62]","[[50,70.1587]]","[]","[]","[]","1","[]","[]","[]","[]","vertical","practice","","",""
"","","","","","horizons-trial","12","317360","0.0-5.1-2.1","","","","","10","[64,50,57,35,52,38,44,61,39,38]","[70,69,76,71,75,58,81,84,57,61]","""2023-06-19T14:24:42.094Z""","[0,0,1,1]","","","","","","","","","1","","[""arrowleft"",""arrowleft"",""arrowright"",""arrowright"",""arrowleft"",""arrowright"",""arrowright"",""arrowright"",""arrowright"",""arrowright""]","[1274,588,1615,789,1909,865,1333,772,551,1044]","[64,50,76,71,52,58,81,84,57,61]","[0,0,76,71,0,58,81,84,57,61]","[[35.3818,45.2595]]","[]","[]","[]","1","[]","[]","[]","[]","vertical","practice","","",""
"","","","","","instructions","13","322673","0.0-5.1-3.1","5311","","","[{""page_index"":0,""viewing_time"":1294},{""page_index"":1,""viewing_time"":1899},{""page_index"":2,""viewing_time"":934},{""page_index"":3,""viewing_time"":1183}]","","","","","","","","","","","","","","","","","","","","","","","","","","","","","","","","",""
"","","","","","horizons-comprehension","14","341373","0.0-5.1-4.1","18698.80000001192","","","","","","","","","","","","","","","","","","","","","","","","","","","","","","","","","","[""true"",""false"",""true"",""true""]","1",""
"","","","","","instructions","15","347639","0.0-5.2-0.2","3931","","","[{""page_index"":0,""viewing_time"":1463},{""page_index"":1,""viewing_time"":466},{""page_index"":2,""viewing_time"":234},{""page_index"":3,""viewing_time"":116},{""page_index"":4,""viewing_time"":133},{""page_index"":5,""viewing_time"":117},{""page_index"":6,""viewing_time"":100},{""page_index"":7,""viewing_time"":117},{""page_index"":8,""viewing_time"":117},{""page_index"":9,""viewing_time"":467},{""page_index"":10,""viewing_time"":166},{""page_index"":11,""viewing_time"":434}]","","","","","","","","","","","","","","","","","","","","","","","","","","","","","","","","",""
"","","","","","horizons-trial","16","356566","0.0-5.2-1.2","","","","","5","[44,57,74,72,62]","[31,33,24,39,29]","""2023-06-19T14:25:21.300Z""","[1,0,1,1]","","","","","","","","","0","","[""arrowright"",""arrowleft"",""arrowright"",""arrowright"",""arrowright""]","[996,330,534,372,664]","[31,57,24,39,29]","[0,57,0,0,0]","[[50,51.0332]]","[]","[]","[]","1","[]","[]","[]","[]","vertical","practice","","",""
"","","","","","horizons-trial","17","367705","0.0-5.2-2.2","","","","","10","[64,50,57,35,52,38,44,61,39,38]","[70,69,76,71,75,58,81,84,57,61]","""2023-06-19T14:25:32.439Z""","[0,0,1,1]","","","","","","","","","1","","[""arrowleft"",""arrowleft"",""arrowright"",""arrowright"",""arrowleft"",""arrowright"",""arrowright"",""arrowright"",""arrowright"",""arrowright""]","[949,362,665,391,389,1075,146,197,305,235]","[64,50,76,71,52,58,81,84,57,61]","[0,0,76,71,0,58,81,84,57,61]","[[35.7067,18.555999999999997]]","[]","[]","[]","1","[]","[]","[]","[]","vertical","practice","","",""
"","","","","","instructions","18","372589","0.0-5.2-3.2","4882","","","[{""page_index"":0,""viewing_time"":1314},{""page_index"":1,""viewing_time"":2134},{""page_index"":2,""viewing_time"":817},{""page_index"":3,""viewing_time"":617}]","","","","","","","","","","","","","","","","","","","","","","","","","","","","","","","","",""
"","","","","","horizons-comprehension","19","410241","0.0-5.2-4.2","37650.299999952316","","","","","","","","","","","","","","","","","","","","","","","","","","","","","","","","","","[""true"",""true"",""true"",""false""]","3",""
"","","","","","instructions","20","411339","0.0-6.0","1094","","","[{""page_index"":0,""viewing_time"":1093}]","","","","","","","","","","","","","","","","","","","","","","","","","","","","","","","","",""
"","","","","","horizons-trial","21","423302","0.0-7.0","","","","","5","[54,56,64,60,72]","[35,30,31,54,49]","""2023-06-19T14:26:28.035Z""","[1,0,0,0]","1","1","0","40","60","60","40","20","0","0","[""arrowright"",""arrowleft"",""arrowleft"",""arrowleft"",""arrowright""]","[1600,917,668,715,1619]","[35,56,64,60,49]","[0,56,64,60,0]","[[50,46.7029]]","[]","[]","[]","1","[]","[]","[]","[]","vertical","","","",""
"","","","","","horizons-trial","22","429338","0.0-8.0","","","","","5","[49,60,57,48,47]","[30,17,43,36,39]","""2023-06-19T14:26:34.072Z""","[1,1,0,1]","1","0","0","60","30","60","30","30","0","0","[""arrowright"",""arrowright"",""arrowleft"",""arrowright"",""arrowleft""]","[907,658,421,652,674]","[30,17,57,36,47]","[0,0,57,0,47]","[[50,78.8193]]","[]","[]","[]","1","[]","[]","[]","[]","vertical","","","",""
"","","","","","horizons-trial","23","444776","0.0-9.0","","","","","10","[56,68,60,52,59,67,80,61,66,58]","[57,43,61,50,66,61,58,69,54,62]","""2023-06-19T14:26:49.510Z""","[1,1,1,0]","1","1","1","60","59","59","60","1","0","0","[""arrowright"",""arrowright"",""arrowright"",""arrowleft"",""arrowleft"",""arrowleft"",""arrowleft"",""arrowleft"",""arrowright"",""arrowleft""]","[677,489,447,701,1285,1195,613,685,1114,584]","[57,43,61,52,59,67,80,61,54,58]","[57,0,61,52,0,67,80,0,0,0]","[[70.4654,39.8466]]","[]","[]","[]","1","[]","[]","[]","[]","vertical","","","",""
"","","","","","horizons-trial","24","459547","0.0-10.0","","","","","10","[44,54,49,46,55,41,45,68,56,44]","[47,31,35,44,23,49,43,26,38,51]","""2023-06-19T14:27:04.281Z""","[0,0,0,1]","1","1","1","40","48","48","40","8","0","0","[""arrowleft"",""arrowleft"",""arrowleft"",""arrowright"",""arrowleft"",""arrowleft"",""arrowleft"",""arrowright"",""arrowleft"",""arrowleft""]","[1263,480,391,487,3476,722,503,1854,920,454]","[44,54,49,44,55,41,45,26,56,44]","[0,54,49,0,55,0,45,0,56,0]","[[69.8158,80.9845]]","[]","[]","[]","1","[]","[]","[]","[]","vertical","","","",""
"","","","","","horizons-trial","25","469043","0.0-11.0","","","","","5","[47,55,36,46,27]","[57,36,44,47,33]","""2023-06-19T14:27:13.777Z""","[1,1,0,0]","0","0","0","40","44","40","44","4","0","0","[""arrowright"",""arrowright"",""arrowleft"",""arrowleft"",""arrowright""]","[823,474,587,900,2314]","[57,36,36,46,33]","[57,0,0,0,33]","[[50,30.103499999999997]]","[]","[]","[]","1","[]","[]","[]","[]","vertical","","","",""
"","","","","","horizons-trial","26","480663","0.0-12.0","","","","","10","[56,49,72,59,64,57,64,55,62,58]","[68,62,53,63,49,55,61,57,51,48]","""2023-06-19T14:27:25.396Z""","[0,0,1,0]","1","0","1","60","58","60","58","2","0","0","[""arrowleft"",""arrowleft"",""arrowright"",""arrowleft"",""arrowleft"",""arrowleft"",""arrowright"",""arrowleft"",""arrowleft"",""arrowleft""]","[579,403,466,676,436,970,464,42,1220,636]","[56,49,53,59,64,57,61,55,62,58]","[0,0,0,0,64,57,0,0,62,58]","[[24.337,80.2627]]","[]","[]","[]","1","[]","[]","[]","[]","vertical","","","",""
"","","","","","horizons-trial","27","489888","0.0-13.0","","","","","10","[44,50,52,44,37,55,47,41,42,27]","[44,39,29,30,35,42,47,47,26,39]","""2023-06-19T14:27:34.622Z""","[1,0,0,0]","1","1","1","40","41","41","40","1","0","0","[""arrowright"",""arrowleft"",""arrowleft"",""arrowleft"",""arrowright"",""arrowleft"",""arrowleft"",""arrowleft"",""arrowright"",""arrowleft""]","[795,807,437,569,517,600,618,478,434,519]","[44,50,52,44,35,55,47,41,26,27]","[44,50,52,44,0,55,47,0,0,0]","[[53.5733,41.6509]]","[]","[]","[]","1","[]","[]","[]","[]","vertical","","","",""
"","","","","","horizons-trial","28","502891","0.0-14.0","","","","","10","[45,57,61,41,50,54,50,60,59,43]","[50,29,36,47,39,62,52,25,33,39]","""2023-06-19T14:27:47.625Z""","[0,1,1,0]","0","1","1","40","52","52","40","12","0","0","[""arrowleft"",""arrowright"",""arrowright"",""arrowleft"",""arrowleft"",""arrowleft"",""arrowleft"",""arrowleft"",""arrowright"",""arrowleft""]","[859,510,407,521,2629,1079,391,439,356,404]","[45,29,36,41,50,54,50,60,33,43]","[0,0,0,0,50,0,0,60,0,43]","[[49.3503,76.6542]]","[]","[]","[]","1","[]","[]","[]","[]","vertical","","","",""
"","","","","","horizons-trial","29","509981","0.0-15.0","","","","","5","[46,68,58,74,60]","[74,68,62,53,59]","""2023-06-19T14:27:54.714Z""","[0,1,1,1]","1","0","0","60","59","60","59","1","0","0","[""arrowleft"",""arrowright"",""arrowright"",""arrowright"",""arrowright""]","[1063,375,667,634,690]","[46,68,62,53,59]","[0,68,62,0,0]","[[50,36.9598]]","[]","[]","[]","1","[]","[]","[]","[]","vertical","","","",""
"","","","","","horizons-trial","30","515596","0.0-16.0","","","","","5","[50,48,46,52,36]","[35,30,49,38,36]","""2023-06-19T14:28:00.330Z""","[1,0,0,1]","0","1","0","40","48","48","40","8","0","0","[""arrowright"",""arrowleft"",""arrowleft"",""arrowright"",""arrowleft""]","[523,727,492,581,1113]","[35,48,46,38,36]","[0,48,0,0,36]","[[50,69.437]]","[]","[]","[]","1","[]","[]","[]","[]","vertical","","","",""
"","","","","","horizons-trial","31","525205","0.0-17.0","","","","","10","[64,63,49,63,75,62,61,44,74,66]","[44,37,45,70,46,49,51,55,47,58]","""2023-06-19T14:28:09.939Z""","[1,0,0,0]","1","0","1","60","52","60","52","8","0","0","[""arrowright"",""arrowleft"",""arrowleft"",""arrowleft"",""arrowright"",""arrowright"",""arrowright"",""arrowright"",""arrowleft"",""arrowleft""]","[540,491,485,562,476,662,332,314,395,562]","[44,63,49,63,46,49,51,55,74,66]","[0,63,49,0,0,0,0,55,74,66]","[[80.8606,26.134]]","[]","[]","[]","1","[]","[]","[]","[]","vertical","","","",""
"","","","","","horizons-trial","32","533950","0.0-18.0","","","","","10","[67,70,58,60,54,56,65,73,64,57]","[31,26,28,36,40,24,33,31,32,31]","""2023-06-19T14:28:18.684Z""","[1,0,0,0]","1","0","1","60","30","60","30","30","0","0","[""arrowright"",""arrowleft"",""arrowleft"",""arrowleft"",""arrowleft"",""arrowleft"",""arrowright"",""arrowleft"",""arrowleft"",""arrowleft""]","[855,477,360,500,1162,642,419,670,395,331]","[31,70,58,60,54,56,33,73,64,57]","[0,70,58,60,54,56,0,73,64,57]","[[38.6303,84.2322]]","[]","[]","[]","1","[]","[]","[]","[]","vertical","","","",""
"","","","","","horizons-trial","33","540916","0.0-19.0","","","","","5","[55,51,44,39,64]","[56,70,58,55,66]","""2023-06-19T14:28:25.650Z""","[0,1,0,1]","0","1","0","60","48","48","60","12","0","0","[""arrowleft"",""arrowright"",""arrowleft"",""arrowright"",""arrowright""]","[618,619,535,1306,739]","[55,70,44,55,66]","[0,70,0,55,66]","[[50,60.4156]]","[]","[]","[]","1","[]","[]","[]","[]","vertical","","","",""
"","","","","","horizons-trial","34","550938","0.0-20.0","","","","","10","[27,32,38,23,45,44,45,41,52,37]","[37,52,46,43,53,52,45,50,55,56]","""2023-06-19T14:28:35.672Z""","[0,1,0,1]","0","0","1","40","48","40","48","8","0","0","[""arrowleft"",""arrowright"",""arrowleft"",""arrowright"",""arrowright"",""arrowright"",""arrowright"",""arrowright"",""arrowright"",""arrowleft""]","[564,614,634,486,400,868,1586,426,642,1030]","[27,52,38,43,53,52,45,50,55,37]","[0,52,0,43,53,52,45,50,55,0]","[[89.9563,82.4279]]","[]","[]","[]","1","[]","[]","[]","[]","vertical","","","",""
"","","","","","horizons-trial","35","558614","0.0-21.0","","","","","5","[31,52,40,45,51]","[42,43,48,48,39]","""2023-06-19T14:28:43.348Z""","[0,1,1,1]","1","1","0","40","44","44","40","4","0","0","[""arrowleft"",""arrowright"",""arrowright"",""arrowright"",""arrowright""]","[1059,372,484,668,666]","[31,43,48,48,39]","[0,0,48,48,0]","[[50,71.6022]]","[]","[]","[]","1","[]","[]","[]","[]","vertical","","","",""
"","","","","","horizons-trial","36","570774","0.0-22.0","","","","","10","[44,40,35,46,47,30,56,45,31,51]","[68,68,55,61,61,71,66,67,81,77]","""2023-06-19T14:28:55.508Z""","[0,0,1,1]","0","0","1","40","70","40","70","30","0","0","[""arrowleft"",""arrowleft"",""arrowright"",""arrowright"",""arrowright"",""arrowleft"",""arrowleft"",""arrowright"",""arrowright"",""arrowright""]","[770,399,654,2133,1809,618,516,332,159,91]","[44,40,55,61,61,30,56,67,81,77]","[0,0,55,61,61,0,0,67,81,77]","[[24.9867,80.6236]]","[]","[]","[]","1","[]","[]","[]","[]","vertical","","","",""
"","","","","","horizons-trial","37","578007","0.0-23.0","","","","","5","[42,53,67,59,63]","[57,63,61,54,68]","""2023-06-19T14:29:02.741Z""","[1,1,1,0]","1","0","0","60","58","60","58","2","0","0","[""arrowright"",""arrowright"",""arrowright"",""arrowleft"",""arrowright""]","[607,419,471,836,2198]","[57,63,61,59,68]","[57,63,0,59,68]","[[50,52.1158]]","[]","[]","[]","1","[]","[]","[]","[]","vertical","","","",""
"","","","","","horizons-trial","38","593609","0.0-24.0","","","","","5","[72,62,55,73,62]","[46,58,46,48,76]","""2023-06-19T14:29:18.342Z""","[1,1,0,0]","0","0","0","60","58","60","58","2","0","0","[""arrowright"",""arrowright"",""arrowleft"",""arrowleft"",""arrowleft""]","[544,368,467,427,1177]","[46,58,55,73,62]","[0,0,55,73,0]","[[50,42.3726]]","[]","[]","[]","1","[]","[]","[]","[]","vertical","","","",""
"","","","","","horizons-trial","39","599464","0.0-25.0","","","","","5","[37,39,45,45,43]","[35,46,38,43,33]","""2023-06-19T14:29:24.198Z""","[0,0,1,1]","0","0","0","40","42","40","42","2","0","0","[""arrowleft"",""arrowleft"",""arrowright"",""arrowright"",""arrowright""]","[681,340,488,522,1134]","[37,39,38,43,33]","[37,0,0,0,0]","[[50,19.277699999999996]]","[]","[]","[]","1","[]","[]","[]","[]","vertical","","","",""
"","","","","","horizons-trial","40","608543","0.0-26.0","","","","","10","[73,56,56,61,55,57,59,63,77,64]","[54,54,62,79,63,59,47,49,45,65]","""2023-06-19T14:29:33.277Z""","[1,0,1,1]","1","0","1","60","59","60","59","1","0","0","[""arrowright"",""arrowleft"",""arrowright"",""arrowright"",""arrowright"",""arrowright"",""arrowright"",""arrowleft"",""arrowleft"",""arrowleft""]","[600,438,937,676,533,562,322,319,489,791]","[54,56,62,79,63,59,47,63,77,64]","[0,56,62,79,63,59,0,63,77,0]","[[14.2667,90.36678]]","[]","[]","[]","1","[]","[]","[]","[]","vertical","","","",""
"","","","","","horizons-trial","41","625671","0.0-27.0","","","","","10","[53,37,33,17,47,37,45,44,42,41]","[46,29,38,34,34,30,51,41,42,47]","""2023-06-19T14:29:50.405Z""","[1,1,0,0]","0","1","1","40","44","44","40","4","0","0","[""arrowright"",""arrowright"",""arrowleft"",""arrowleft"",""arrowright"",""arrowright"",""arrowright"",""arrowleft"",""arrowleft"",""arrowright""]","[936,348,377,433,1205,613,320,433,347,591]","[46,29,33,17,34,30,51,44,42,47]","[0,0,0,0,0,0,51,44,42,47]","[[81.5103,48.1464]]","[]","[]","[]","1","[]","[]","[]","[]","vertical","","","",""
"","","","","","horizons-trial","42","634841","0.0-28.0","","","","","10","[83,71,79,66,66,74,68,71,76,58]","[27,32,50,39,34,25,55,30,30,37]","""2023-06-19T14:29:59.575Z""","[1,1,1,0]","1","1","1","40","70","70","40","30","0","0","[""arrowright"",""arrowright"",""arrowright"",""arrowleft"",""arrowleft"",""arrowleft"",""arrowleft"",""arrowleft"",""arrowleft"",""arrowleft""]","[916,273,320,440,1172,559,289,228,315,516]","[27,32,50,66,66,74,68,71,76,58]","[0,0,0,66,66,74,68,71,76,58]","[[38.3055,80.9845]]","[]","[]","[]","1","[]","[]","[]","[]","vertical","","","",""
"","","","","","horizons-trial","43","643499","0.0-29.0","","","","","10","[58,62,61,66,64,55,55,46,44,54]","[52,53,43,51,42,46,47,51,52,46]","""2023-06-19T14:30:08.232Z""","[1,1,0,0]","0","0","1","60","48","60","48","12","0","0","[""arrowright"",""arrowright"",""arrowleft"",""arrowleft"",""arrowleft"",""arrowleft"",""arrowleft"",""arrowleft"",""arrowright"",""arrowleft""]","[1011,289,621,464,1403,803,257,206,256,411]","[52,53,61,66,64,55,55,46,52,54]","[0,0,61,66,64,55,55,0,52,54]","[[20.4388,95.77965]]","[]","[]","[]","1","[]","[]","[]","[]","vertical","","","",""
"","","","","","horizons-trial","44","650112","0.0-30.0","","","","","5","[46,31,40,37,34]","[37,39,40,28,24]","""2023-06-19T14:30:14.846Z""","[1,0,0,1]","0","0","0","40","41","40","41","1","0","0","[""arrowright"",""arrowleft"",""arrowleft"",""arrowright"",""arrowleft""]","[558,439,367,595,646]","[37,31,40,28,34]","[0,0,40,0,34]","[[50,59.6938]]","[]","[]","[]","1","[]","[]","[]","[]","vertical","","","",""
"","","","","","horizons-trial","45","660314","0.0-31.0","","","","","10","[37,49,46,44,33,46,47,38,40,48]","[44,51,44,43,40,39,26,51,40,37]","""2023-06-19T14:30:25.047Z""","[1,1,0,0]","0","0","1","40","41","40","41","1","0","0","[""arrowright"",""arrowright"",""arrowleft"",""arrowleft"",""arrowright"",""arrowright"",""arrowright"",""arrowright"",""arrowleft"",""arrowleft""]","[616,293,430,323,799,546,326,358,463,427]","[44,51,46,44,40,39,26,51,40,48]","[44,51,46,44,40,0,0,51,40,48]","[[44.8024,32.990300000000005]]","[]","[]","[]","1","[]","[]","[]","[]","vertical","","","",""
"","","","","","horizons-trial","46","666652","0.0-32.0","","","","","5","[66,68,68,58,57]","[59,48,43,56,50]","""2023-06-19T14:30:31.386Z""","[0,0,0,1]","1","0","0","60","52","60","52","8","0","0","[""arrowleft"",""arrowleft"",""arrowleft"",""arrowright"",""arrowleft""]","[969,341,417,631,334]","[66,68,68,56,57]","[66,68,68,0,57]","[[50,81.7062]]","[]","[]","[]","1","[]","[]","[]","[]","vertical","","","",""
"","","","","","horizons-trial","47","673042","0.0-33.0","","","","","5","[43,44,29,39,43]","[71,65,50,65,69]","""2023-06-19T14:30:37.776Z""","[1,0,0,0]","1","1","0","60","40","40","60","20","0","0","[""arrowright"",""arrowleft"",""arrowleft"",""arrowleft"",""arrowright""]","[460,276,1311,628,452]","[71,44,29,39,69]","[71,0,0,0,69]","[[50,60.7764]]","[]","[]","[]","1","[]","[]","[]","[]","vertical","","","",""
"","","","","","horizons-trial","48","683554","0.0-34.0","","","","","10","[56,57,61,60,60,51,65,75,70,44]","[49,56,43,32,50,51,37,57,47,56]","""2023-06-19T14:30:48.287Z""","[0,1,0,0]","1","0","1","60","48","60","48","12","0","0","[""arrowleft"",""arrowright"",""arrowleft"",""arrowleft"",""arrowleft"",""arrowleft"",""arrowright"",""arrowleft"",""arrowleft"",""arrowleft""]","[486,377,320,644,538,767,375,373,442,306]","[56,56,61,60,60,51,37,75,70,44]","[56,0,61,60,60,51,0,75,70,0]","[[19.7891,66.5501]]","[]","[]","[]","1","[]","[]","[]","[]","vertical","","","",""
"","","","","","horizons-trial","49","692267","0.0-35.0","","","","","10","[40,26,52,55,45,51,35,46,37,39]","[41,29,40,38,37,39,47,51,52,35]","""2023-06-19T14:30:57.001Z""","[1,0,1,0]","0","1","1","40","42","42","40","2","0","0","[""arrowright"",""arrowleft"",""arrowright"",""arrowleft"",""arrowleft"",""arrowleft"",""arrowleft"",""arrowleft"",""arrowright"",""arrowright""]","[1010,357,462,820,609,606,316,254,343,603]","[41,26,40,55,45,51,35,46,52,35]","[41,0,0,55,45,51,0,0,52,0]","[[29.5346,61.1373]]","[]","[]","[]","1","[]","[]","[]","[]","vertical","","","",""
"","","","","","horizons-trial","50","713225","0.0-36.0","","","","","10","[59,53,70,55,55,55,59,63,64,55]","[59,70,55,49,59,55,56,55,60,50]","""2023-06-19T14:31:17.959Z""","[0,0,0,1]","1","1","1","60","58","58","60","2","0","0","[""arrowleft"",""arrowleft"",""arrowleft"",""arrowright"",""arrowright"",""arrowleft"",""arrowleft"",""arrowleft"",""arrowleft"",""arrowleft""]","[932,624,453,476,471,1260,449,327,418,317]","[59,53,70,49,59,55,59,63,64,55]","[59,0,70,0,59,55,59,63,64,55]","[[66.5673,22.525400000000005]]","[]","[]","[]","1","[]","[]","[]","[]","vertical","","","",""
"","","","","","horizons-trial","51","731312","0.0-37.0","","","","","10","[56,75,50,59,52,49,54,53,44,45]","[52,59,58,62,49,48,61,61,69,62]","""2023-06-19T14:31:36.046Z""","[1,1,1,0]","1","1","1","60","52","52","60","8","0","0","[""arrowright"",""arrowright"",""arrowright"",""arrowleft"",""arrowleft"",""arrowleft"",""arrowleft"",""arrowright"",""arrowright"",""arrowright""]","[627,348,346,489,399,581,290,705,446,280]","[52,59,58,59,52,49,54,61,69,62]","[0,0,58,0,52,49,0,61,69,62]","[[26.2861,79.1802]]","[]","[]","[]","1","[]","[]","[]","[]","vertical","","","",""
"","","","","","horizons-trial","52","737047","0.0-38.0","","","","","5","[40,42,42,25,34]","[81,76,70,82,63]","""2023-06-19T14:31:41.781Z""","[1,0,1,0]","0","0","0","40","70","40","70","30","0","0","[""arrowright"",""arrowleft"",""arrowright"",""arrowleft"",""arrowright""]","[536,489,553,577,407]","[81,42,70,25,63]","[81,0,70,0,63]","[[50,88.5625]]","[]","[]","[]","1","[]","[]","[]","[]","vertical","","","",""
"","","","","","horizons-trial","53","742485","0.0-39.0","","","","","5","[32,39,43,32,39]","[39,52,47,43,40]","""2023-06-19T14:31:47.219Z""","[0,1,0,0]","1","1","0","40","42","42","40","2","0","0","[""arrowleft"",""arrowright"",""arrowleft"",""arrowleft"",""arrowright""]","[403,378,435,670,1612]","[32,52,43,32,40]","[0,52,0,0,40]","[[50,49.9507]]","[]","[]","[]","1","[]","[]","[]","[]","vertical","","","",""
"","","","","","horizons-trial","54","746797","0.0-40.0","","","","","5","[65,55,60,63,49]","[66,67,60,64,57]","""2023-06-19T14:31:51.531Z""","[0,0,1,0]","1","1","0","60","59","59","60","1","0","0","[""arrowleft"",""arrowleft"",""arrowright"",""arrowleft"",""arrowleft""]","[429,335,453,526,433]","[65,55,60,63,49]","[0,0,60,0,0]","[[50,39.8466]]","[]","[]","[]","1","[]","[]","[]","[]","vertical","","","",""
"","","","","","horizons-trial","55","756951","0.0-41.0","","","","","10","[43,54,42,29,51,35,35,46,30,52]","[30,38,26,39,28,41,43,48,37,47]","""2023-06-19T14:32:01.685Z""","[0,0,0,1]","1","1","1","40","44","44","40","4","0","0","[""arrowleft"",""arrowleft"",""arrowleft"",""arrowright"",""arrowleft"",""arrowleft"",""arrowleft"",""arrowright"",""arrowleft"",""arrowright""]","[446,322,334,595,1291,604,390,353,529,816]","[43,54,42,39,51,35,35,48,30,47]","[43,54,42,39,51,0,0,48,0,0]","[[24.6618,86.7582]]","[]","[]","[]","1","[]","[]","[]","[]","vertical","","","",""
"","","","","","horizons-trial","56","764139","0.0-42.0","","","","","5","[72,60,57,72,56]","[62,66,57,76,56]","""2023-06-19T14:32:08.873Z""","[0,1,1,1]","1","1","0","60","58","58","60","2","0","0","[""arrowleft"",""arrowright"",""arrowright"",""arrowright"",""arrowright""]","[1874,419,880,696,966]","[72,66,57,76,56]","[72,66,57,76,56]","[[50,71.6022]]","[]","[]","[]","1","[]","[]","[]","[]","vertical","","","",""
"","","","","","horizons-trial","57","783794","0.0-43.0","","","","","10","[74,81,78,70,61,69,77,80,66,70]","[35,39,43,48,35,46,50,44,36,21]","""2023-06-19T14:32:28.528Z""","[0,0,1,1]","0","1","1","40","70","70","40","30","0","0","[""arrowleft"",""arrowleft"",""arrowright"",""arrowright"",""arrowleft"",""arrowleft"",""arrowleft"",""arrowleft"",""arrowleft"",""arrowleft""]","[502,325,408,867,435,614,219,165,141,132]","[74,81,43,48,61,69,77,80,66,70]","[74,81,0,0,61,69,77,80,66,70]","[[32.1333,87.8408]]","[]","[]","[]","1","[]","[]","[]","[]","vertical","","","",""
"","","","","","horizons-trial","58","790162","0.0-44.0","","","","","10","[60,51,51,67,69,49,79,62,57,42]","[53,43,42,39,49,46,41,48,53,45]","""2023-06-19T14:32:34.896Z""","[1,1,1,0]","1","1","1","40","60","60","40","20","0","0","[""arrowright"",""arrowright"",""arrowright"",""arrowleft"",""arrowleft"",""arrowleft"",""arrowleft"",""arrowleft"",""arrowleft"",""arrowleft""]","[1238,319,365,409,382,458,193,130,129,105]","[53,43,42,67,69,49,79,62,57,42]","[0,0,0,67,69,49,79,62,57,0]","[[9.39395,94.69708]]","[]","[]","[]","1","[]","[]","[]","[]","vertical","","","",""
"","","","","","horizons-trial","59","794687","0.0-45.0","","","","","5","[48,50,62,59,39]","[37,34,38,33,41]","""2023-06-19T14:32:39.421Z""","[0,1,0,1]","0","1","0","40","52","52","40","12","0","0","[""arrowleft"",""arrowright"",""arrowleft"",""arrowright"",""arrowleft""]","[595,366,342,461,458]","[48,34,62,33,39]","[48,0,62,0,0]","[[50,57.8895]]","[]","[]","[]","1","[]","[]","[]","[]","vertical","","","",""
"","","","","","horizons-trial","60","799567","0.0-46.0","","","","","5","[36,40,35,32,28]","[62,46,54,56,53]","""2023-06-19T14:32:44.301Z""","[0,1,1,0]","0","0","0","40","52","40","52","12","0","0","[""arrowleft"",""arrowright"",""arrowright"",""arrowleft"",""arrowright""]","[449,363,428,564,453]","[36,46,54,32,53]","[0,46,54,0,53]","[[50,82.4279]]","[]","[]","[]","1","[]","[]","[]","[]","vertical","","","",""
"","","","","","horizons-trial","61","806812","0.0-47.0","","","","","5","[63,57,52,47,58]","[53,55,37,52,54]","""2023-06-19T14:32:51.546Z""","[1,0,1,1]","1","0","0","60","56","60","56","4","0","0","[""arrowright"",""arrowleft"",""arrowright"",""arrowright"",""arrowright""]","[426,343,411,1975,1814]","[53,57,37,52,54]","[0,57,0,52,0]","[[50,19.999399999999994]]","[]","[]","[]","1","[]","[]","[]","[]","vertical","","","",""
"","","","","","horizons-trial","62","826686","0.0-48.0","","","","","10","[37,34,31,29,19,36,27,43,19,23]","[54,55,67,50,68,59,43,47,63,72]","""2023-06-19T14:33:11.420Z""","[0,1,1,0]","0","1","1","60","30","30","60","30","0","0","[""arrowleft"",""arrowright"",""arrowright"",""arrowleft"",""arrowright"",""arrowleft"",""arrowleft"",""arrowleft"",""arrowleft"",""arrowleft""]","[419,327,439,692,725,508,213,156,150,195]","[37,55,67,29,68,36,27,43,19,23]","[0,55,67,0,68,0,0,0,0,0]","[[11.343,95.41879]]","[]","[]","[]","1","[]","[]","[]","[]","vertical","","","",""
"","","","","","horizons-trial","63","833204","0.0-49.0","","","","","5","[42,45,34,35,29]","[39,31,40,37,43]","""2023-06-19T14:33:17.938Z""","[1,1,0,1]","1","1","0","40","41","41","40","1","0","0","[""arrowright"",""arrowright"",""arrowleft"",""arrowright"",""arrowright""]","[872,324,557,469,490]","[39,31,34,37,43]","[0,0,0,37,43]","[[50,56.4461]]","[]","[]","[]","1","[]","[]","[]","[]","vertical","","","",""
"","","","","","horizons-trial","64","840725","0.0-50.0","","","","","5","[79,70,67,63,67]","[35,44,41,35,49]","""2023-06-19T14:33:25.459Z""","[1,0,1,0]","0","1","0","40","70","70","40","30","0","0","[""arrowright"",""arrowleft"",""arrowright"",""arrowleft"",""arrowleft""]","[394,371,349,948,519]","[35,70,41,63,67]","[0,70,0,63,67]","[[50,76.6542]]","[]","[]","[]","1","[]","[]","[]","[]","vertical","","","",""
"","","","","","horizons-trial","65","849051","0.0-51.0","","","","","10","[36,55,34,50,39,44,28,36,54,31]","[56,66,73,62,51,60,58,54,53,60]","""2023-06-19T14:33:33.785Z""","[0,0,1,0]","1","1","1","60","40","40","60","20","0","0","[""arrowleft"",""arrowleft"",""arrowright"",""arrowleft"",""arrowright"",""arrowright"",""arrowright"",""arrowright"",""arrowright"",""arrowright""]","[511,303,413,600,596,566,351,282,263,266]","[36,55,73,50,51,60,58,54,53,60]","[0,0,73,0,51,60,58,54,0,60]","[[55.8473,90.72764]]","[]","[]","[]","1","[]","[]","[]","[]","vertical","","","",""
"","","","","","horizons-trial","66","854835","0.0-52.0","","","","","5","[35,52,34,45,34]","[46,58,54,58,38]","""2023-06-19T14:33:39.568Z""","[1,1,1,0]","1","0","0","40","52","40","52","12","0","0","[""arrowright"",""arrowright"",""arrowright"",""arrowleft"",""arrowright""]","[732,334,382,1157,884]","[46,58,54,45,38]","[46,58,54,0,38]","[[50,70.5196]]","[]","[]","[]","1","[]","[]","[]","[]","vertical","","","",""
"","","","","","horizons-trial","67","860159","0.0-53.0","","","","","5","[64,46,71,57,53]","[43,50,32,36,38]","""2023-06-19T14:33:44.893Z""","[0,1,0,0]","1","1","0","40","52","52","40","12","0","0","[""arrowleft"",""arrowright"",""arrowleft"",""arrowleft"",""arrowleft""]","[435,395,423,441,1146]","[64,50,71,57,53]","[64,50,71,57,53]","[[50,85.6756]]","[]","[]","[]","1","[]","[]","[]","[]","vertical","","","",""
"","","","","","horizons-trial","68","864800","0.0-54.0","","","","","5","[33,36,39,54,42]","[44,51,32,52,38]","""2023-06-19T14:33:49.534Z""","[1,1,1,0]","1","0","0","40","42","40","42","2","0","0","[""arrowright"",""arrowright"",""arrowright"",""arrowleft"",""arrowleft""]","[412,322,374,525,948]","[44,51,32,54,42]","[44,51,0,54,42]","[[50,41.6509]]","[]","[]","[]","1","[]","[]","[]","[]","vertical","","","",""
"","","","","","horizons-trial","69","870331","0.0-55.0","","","","","5","[65,56,57,79,66]","[47,36,50,34,40]","""2023-06-19T14:33:55.065Z""","[1,0,1,1]","1","0","0","60","48","60","48","12","0","0","[""arrowright"",""arrowleft"",""arrowright"",""arrowright"",""arrowleft""]","[654,753,421,764,481]","[47,56,50,34,66]","[0,56,0,0,66]","[[50,30.464299999999994]]","[]","[]","[]","1","[]","[]","[]","[]","vertical","","","",""
"","","","","","horizons-trial","70","880240","0.0-56.0","","","","","10","[43,38,35,43,41,49,23,59,39,39]","[33,37,52,43,51,35,47,34,36,42]","""2023-06-19T14:34:04.974Z""","[0,0,1,1]","0","1","1","40","41","41","40","1","0","0","[""arrowleft"",""arrowleft"",""arrowright"",""arrowright"",""arrowright"",""arrowright"",""arrowleft"",""arrowright"",""arrowright"",""arrowright""]","[329,316,403,440,520,793,630,658,235,315]","[43,38,52,43,51,35,23,34,36,42]","[43,38,52,43,51,0,0,0,0,42]","[[75.3382,45.2595]]","[]","[]","[]","1","[]","[]","[]","[]","vertical","","","",""
"","","","","","horizons-trial","71","887783","0.0-57.0","","","","","5","[43,49,56,64,74]","[36,43,25,41,44]","""2023-06-19T14:34:12.517Z""","[0,1,0,1]","0","0","0","60","40","60","40","20","0","0","[""arrowleft"",""arrowright"",""arrowleft"",""arrowright"",""arrowleft""]","[624,431,807,558,790]","[43,43,56,41,74]","[43,0,56,0,74]","[[50,48.1464]]","[]","[]","[]","1","[]","[]","[]","[]","vertical","","","",""
"","","","","","horizons-trial","72","894021","0.0-58.0","","","","","10","[37,37,41,34,43,28,50,46,31,37]","[27,38,61,45,49,53,40,38,58,38]","""2023-06-19T14:34:18.754Z""","[0,1,0,0]","1","0","1","40","44","40","44","4","0","0","[""arrowleft"",""arrowright"",""arrowleft"",""arrowleft"",""arrowleft"",""arrowright"",""arrowright"",""arrowright"",""arrowright"",""arrowright""]","[472,256,411,333,474,534,320,210,163,148]","[37,38,41,34,43,53,40,38,58,38]","[37,38,0,0,0,53,0,0,58,38]","[[60.3951,39.4858]]","[]","[]","[]","1","[]","[]","[]","[]","vertical","","","",""
"","","","","","horizons-trial","73","899475","0.0-59.0","","","","","5","[36,50,46,33,35]","[54,34,31,27,46]","""2023-06-19T14:34:24.209Z""","[0,0,1,1]","0","1","0","40","42","42","40","2","0","0","[""arrowleft"",""arrowleft"",""arrowright"",""arrowright"",""arrowleft""]","[631,357,418,1367,761]","[36,50,31,27,35]","[0,50,0,0,0]","[[50,70.1587]]","[]","[]","[]","1","[]","[]","[]","[]","vertical","","","",""
"","","","","","horizons-trial","74","952399","0.0-60.0","","","","","10","[60,57,56,58,49,61,46,59,52,64]","[46,44,45,52,57,49,53,50,43,60]","""2023-06-19T14:35:17.133Z""","[1,0,0,1]","0","0","1","60","52","60","52","8","0","0","[""arrowright"",""arrowleft"",""arrowleft"",""arrowright"",""arrowleft"",""arrowleft"",""arrowleft"",""arrowleft"",""arrowleft"",""arrowleft""]","[601,434,370,373,438,528,292,160,138,132]","[46,57,56,52,49,61,46,59,52,64]","[0,57,56,0,0,61,0,59,52,64]","[[53.5733,90.36678]]","[]","[]","[]","1","[]","[]","[]","[]","vertical","","","",""
"","","","","","horizons-trial","75","959523","0.0-61.0","","","","","10","[67,61,57,57,60,66,72,64,61,60]","[37,39,47,39,36,41,20,49,35,43]","""2023-06-19T14:35:24.257Z""","[1,0,0,0]","1","0","1","60","40","60","40","20","0","0","[""arrowright"",""arrowleft"",""arrowleft"",""arrowleft"",""arrowright"",""arrowright"",""arrowright"",""arrowright"",""arrowleft"",""arrowleft""]","[491,360,358,369,423,430,217,232,495,159]","[37,61,57,57,36,41,20,49,61,60]","[0,61,57,57,0,0,0,0,61,60]","[[85.0836,13.504000000000005]]","[]","[]","[]","1","[]","[]","[]","[]","vertical","","","",""
"","","","","","horizons-trial","76","966990","0.0-62.0","","","","","5","[74,57,67,50,55]","[47,59,47,63,66]","""2023-06-19T14:35:31.723Z""","[0,0,1,1]","0","0","0","60","56","60","56","4","0","0","[""arrowleft"",""arrowleft"",""arrowright"",""arrowright"",""arrowleft""]","[1276,327,494,836,339]","[74,57,47,63,55]","[74,0,0,63,0]","[[50,81.34530000000001]]","[]","[]","[]","1","[]","[]","[]","[]","vertical","","","",""
"","","","","","horizons-trial","77","973939","0.0-63.0","","","","","5","[44,49,43,38,36]","[67,47,45,33,53]","""2023-06-19T14:35:38.673Z""","[0,1,1,1]","1","0","0","40","48","40","48","8","0","0","[""arrowleft"",""arrowright"",""arrowright"",""arrowright"",""arrowleft""]","[450,424,439,716,2306]","[44,47,45,33,36]","[0,0,45,0,0]","[[50,21.803700000000006]]","[]","[]","[]","1","[]","[]","[]","[]","vertical","","","",""
"","","","","","horizons-trial","78","978993","0.0-64.0","","","","","5","[28,27,34,21,31]","[73,53,65,76,61]","""2023-06-19T14:35:43.727Z""","[1,0,0,1]","0","1","0","60","30","30","60","30","0","0","[""arrowright"",""arrowleft"",""arrowleft"",""arrowright"",""arrowright""]","[472,360,588,812,423]","[73,27,34,76,61]","[73,0,0,76,61]","[[50,90.00592]]","[]","[]","[]","1","[]","[]","[]","[]","vertical","","","",""
"","","","","","horizons-trial","79","988534","0.0-65.0","","","","","10","[41,48,45,46,52,35,31,57,33,33]","[60,33,46,46,49,51,57,67,57,48]","""2023-06-19T14:35:53.268Z""","[0,1,1,1]","1","0","1","40","52","40","52","12","0","0","[""arrowleft"",""arrowright"",""arrowright"",""arrowright"",""arrowleft"",""arrowleft"",""arrowleft"",""arrowleft"",""arrowright"",""arrowright""]","[436,444,390,740,449,497,316,342,229,222]","[41,33,46,46,52,35,31,57,57,48]","[0,0,46,46,52,0,0,0,57,48]","[[68.5164,31.186000000000007]]","[]","[]","[]","1","[]","[]","[]","[]","vertical","","","",""
"","","","","","horizons-trial","80","994756","0.0-66.0","","","","","5","[47,44,25,49,42]","[57,61,59,73,63]","""2023-06-19T14:35:59.490Z""","[0,1,0,1]","0","0","0","40","60","40","60","20","0","0","[""arrowleft"",""arrowright"",""arrowleft"",""arrowright"",""arrowright""]","[723,448,684,504,399]","[47,61,25,73,63]","[0,61,0,73,63]","[[50,81.7062]]","[]","[]","[]","1","[]","[]","[]","[]","vertical","","","",""
"","","","","","horizons-trial","81","1004537","0.0-67.0","","","","","5","[46,49,57,49,73]","[61,43,60,55,61]","""2023-06-19T14:36:09.271Z""","[0,1,0,1]","0","1","0","60","58","58","60","2","0","0","[""arrowleft"",""arrowright"",""arrowleft"",""arrowright"",""arrowleft""]","[3048,421,428,832,2251]","[46,43,57,55,73]","[0,0,0,55,73]","[[50,9.173699999999997]]","[]","[]","[]","1","[]","[]","[]","[]","vertical","","","",""
"","","","","","horizons-trial","82","1009739","0.0-68.0","","","","","5","[30,28,25,37,23]","[71,55,65,77,67]","""2023-06-19T14:36:14.472Z""","[0,0,1,0]","1","1","0","60","30","30","60","30","0","0","[""arrowleft"",""arrowleft"",""arrowright"",""arrowleft"",""arrowright""]","[410,341,471,751,336]","[30,28,65,37,67]","[0,0,65,0,67]","[[50,84.593]]","[]","[]","[]","1","[]","[]","[]","[]","vertical","","","",""
"","","","","","horizons-trial","83","1016266","0.0-69.0","","","","","5","[64,63,61,68,60]","[34,33,24,38,24]","""2023-06-19T14:36:21.000Z""","[0,1,1,0]","0","0","0","60","30","60","30","30","0","0","[""arrowleft"",""arrowright"",""arrowright"",""arrowleft"",""arrowleft""]","[372,404,403,461,452]","[64,33,24,68,60]","[64,0,0,68,60]","[[50,91.44935]]","[]","[]","[]","1","[]","[]","[]","[]","vertical","","","",""
"","","","","","horizons-trial","84","1021455","0.0-70.0","","","","","5","[46,46,34,30,47]","[61,71,69,65,61]","""2023-06-19T14:36:26.189Z""","[0,0,0,1]","1","0","0","40","60","40","60","20","0","0","[""arrowleft"",""arrowleft"",""arrowleft"",""arrowright"",""arrowright""]","[495,334,449,586,713]","[46,46,34,65,61]","[0,0,0,65,61]","[[50,46.7029]]","[]","[]","[]","1","[]","[]","[]","[]","vertical","","","",""
"","","","","","horizons-trial","85","1029807","0.0-71.0","","","","","10","[33,29,50,36,37,28,38,25,36,39]","[60,63,62,51,54,48,71,57,69,47]","""2023-06-19T14:36:34.540Z""","[0,1,0,0]","1","0","1","40","60","40","60","20","0","0","[""arrowleft"",""arrowright"",""arrowleft"",""arrowleft"",""arrowright"",""arrowright"",""arrowright"",""arrowright"",""arrowright"",""arrowright""]","[428,473,398,715,504,566,326,428,305,279]","[33,63,50,36,54,48,71,57,69,47]","[0,63,0,0,54,48,71,57,69,47]","[[77.6121,53.1984]]","[]","[]","[]","1","[]","[]","[]","[]","vertical","","","",""
"","","","","","horizons-trial","86","1036407","0.0-72.0","","","","","10","[70,69,60,50,54,66,56,44,64,57]","[60,53,65,62,65,58,56,49,47,79]","""2023-06-19T14:36:41.141Z""","[0,1,0,1]","0","1","1","60","59","59","60","1","0","0","[""arrowleft"",""arrowright"",""arrowleft"",""arrowright"",""arrowleft"",""arrowleft"",""arrowleft"",""arrowleft"",""arrowleft"",""arrowleft""]","[773,399,445,461,673,740,265,193,177,176]","[70,53,60,62,54,66,56,44,64,57]","[70,0,0,62,0,66,56,0,64,0]","[[58.7709,48.8681]]","[]","[]","[]","1","[]","[]","[]","[]","vertical","","","",""
"","","","","","horizons-trial","87","1050195","0.0-73.0","","","","","10","[58,27,42,45,39,42,34,50,58,32]","[55,32,39,50,58,53,47,47,45,36]","""2023-06-19T14:36:54.929Z""","[1,0,1,1]","1","0","1","40","42","40","42","2","0","0","[""arrowright"",""arrowleft"",""arrowright"",""arrowright"",""arrowleft"",""arrowleft"",""arrowleft"",""arrowleft"",""arrowright"",""arrowright""]","[558,687,459,401,486,720,331,328,1194,346]","[55,27,39,50,39,42,34,50,45,36]","[0,0,0,50,0,0,0,50,0,36]","[[71.44,27.5775]]","[]","[]","[]","1","[]","[]","[]","[]","vertical","","","",""
"","","","","","horizons-trial","88","1060739","0.0-74.0","","","","","10","[27,38,45,43,33,18,49,25,34,47]","[48,29,51,37,48,43,46,51,48,55]","""2023-06-19T14:37:05.473Z""","[0,1,0,0]","1","0","1","40","48","40","48","8","0","0","[""arrowleft"",""arrowright"",""arrowleft"",""arrowleft"",""arrowleft"",""arrowleft"",""arrowleft"",""arrowright"",""arrowright"",""arrowright""]","[462,375,402,519,1135,453,301,465,289,386]","[27,29,45,43,33,18,49,51,48,55]","[0,0,0,43,0,0,49,51,48,55]","[[86.7079,22.886300000000006]]","[]","[]","[]","1","[]","[]","[]","[]","vertical","","","",""
"","","","","","horizons-trial","89","1076134","0.0-75.0","","","","","10","[44,38,38,41,65,40,35,42,38,45]","[38,33,37,32,31,49,47,43,56,39]","""2023-06-19T14:37:20.868Z""","[1,1,0,0]","0","0","1","40","44","40","44","4","0","0","[""arrowright"",""arrowright"",""arrowleft"",""arrowleft"",""arrowright"",""arrowright"",""arrowright"",""arrowright"",""arrowright"",""arrowright""]","[470,639,433,434,525,1524,468,281,215,207]","[38,33,38,41,31,49,47,43,56,39]","[0,0,38,41,0,49,47,43,56,0]","[[90.606,54.281]]","[]","[]","[]","1","[]","[]","[]","[]","vertical","","","",""
"","","","","","horizons-trial","90","1082728","0.0-76.0","","","","","5","[44,56,56,51,51]","[45,57,62,51,69]","""2023-06-19T14:37:27.462Z""","[0,0,1,0]","1","1","0","60","52","52","60","8","0","0","[""arrowleft"",""arrowleft"",""arrowright"",""arrowleft"",""arrowleft""]","[751,322,379,643,1921]","[44,56,62,51,51]","[0,0,62,51,0]","[[50,49.2289]]","[]","[]","[]","1","[]","[]","[]","[]","vertical","","","",""
"","","","","","horizons-trial","91","1088710","0.0-77.0","","","","","5","[74,59,62,44,55]","[76,48,53,67,63]","""2023-06-19T14:37:33.444Z""","[0,0,1,1]","0","1","0","60","52","52","60","8","0","0","[""arrowleft"",""arrowleft"",""arrowright"",""arrowright"",""arrowleft""]","[398,282,522,440,696]","[74,59,53,67,55]","[0,59,0,67,0]","[[50,60.4156]]","[]","[]","[]","1","[]","[]","[]","[]","vertical","","","",""
"","","","","","horizons-trial","92","1093275","0.0-78.0","","","","","5","[64,59,51,58,72]","[61,59,68,45,50]","""2023-06-19T14:37:38.009Z""","[0,1,1,0]","0","0","0","60","59","60","59","1","0","0","[""arrowleft"",""arrowright"",""arrowright"",""arrowleft"",""arrowright""]","[418,340,489,494,843]","[64,59,68,58,50]","[64,59,68,58,0]","[[50,75.9325]]","[]","[]","[]","1","[]","[]","[]","[]","vertical","","","",""
"","","","","","horizons-trial","93","1098661","0.0-79.0","","","","","5","[48,45,54,48,51]","[38,37,39,36,30]","""2023-06-19T14:37:43.395Z""","[1,1,1,0]","1","1","0","40","48","48","40","8","0","0","[""arrowright"",""arrowright"",""arrowright"",""arrowleft"",""arrowleft""]","[402,327,448,417,356]","[38,37,39,48,51]","[0,0,0,48,51]","[[50,80.2627]]","[]","[]","[]","1","[]","[]","[]","[]","vertical","","","",""
"","","","","","horizons-trial","94","1103240","0.0-80.0","","","","","5","[66,65,54,56,49]","[53,41,51,37,47]","""2023-06-19T14:37:47.974Z""","[0,1,1,1]","1","0","0","60","40","60","40","20","0","0","[""arrowleft"",""arrowright"",""arrowright"",""arrowright"",""arrowleft""]","[367,508,459,630,475]","[66,41,51,37,49]","[66,0,0,0,49]","[[50,66.5501]]","[]","[]","[]","1","[]","[]","[]","[]","vertical","","","",""
"","","","","","horizons-trial","95","1107497","0.0-81.0","","","","","5","[61,67,66,60,49]","[45,49,52,54,61]","""2023-06-19T14:37:52.231Z""","[1,0,0,1]","0","0","0","60","48","60","48","12","0","0","[""arrowright"",""arrowleft"",""arrowleft"",""arrowright"",""arrowleft""]","[433,539,395,789,303]","[45,67,66,54,49]","[0,67,66,0,0]","[[50,76.6542]]","[]","[]","[]","1","[]","[]","[]","[]","vertical","","","",""
"","","","","","horizons-trial","96","1115250","0.0-82.0","","","","","5","[34,46,39,47,42]","[48,39,46,48,39]","""2023-06-19T14:37:59.984Z""","[1,1,0,0]","0","0","0","40","48","40","48","8","0","0","[""arrowright"",""arrowright"",""arrowleft"",""arrowleft"",""arrowright""]","[473,347,289,1088,3276]","[48,39,39,47,39]","[48,0,0,0,0]","[[50,49.9507]]","[]","[]","[]","1","[]","[]","[]","[]","vertical","","","",""
"","","","","","horizons-trial","97","1125166","0.0-83.0","","","","","10","[71,48,66,69,57,56,66,58,57,70]","[62,72,47,66,62,62,56,56,63,66]","""2023-06-19T14:38:09.900Z""","[1,1,0,0]","0","0","1","60","56","60","56","4","0","0","[""arrowright"",""arrowright"",""arrowleft"",""arrowleft"",""arrowleft"",""arrowleft"",""arrowleft"",""arrowleft"",""arrowleft"",""arrowleft""]","[414,375,797,471,910,649,270,191,161,170]","[62,72,66,69,57,56,66,58,57,70]","[0,72,66,69,0,0,66,58,0,70]","[[72.4145,84.2322]]","[]","[]","[]","1","[]","[]","[]","[]","vertical","","","",""
"","","","","","horizons-trial","98","1132693","0.0-84.0","","","","","10","[64,49,49,64,41,56,52,59,58,51]","[44,40,34,46,49,37,32,46,39,30]","""2023-06-19T14:38:17.427Z""","[0,1,0,1]","0","0","1","60","40","60","40","20","0","0","[""arrowleft"",""arrowright"",""arrowleft"",""arrowright"",""arrowright"",""arrowleft"",""arrowleft"",""arrowleft"",""arrowleft"",""arrowleft""]","[712,651,695,415,736,498,327,159,444,119]","[64,40,49,46,49,56,52,59,58,51]","[64,0,49,0,49,56,52,59,58,51]","[[84.4339,55.0027]]","[]","[]","[]","1","[]","[]","[]","[]","vertical","","","",""
"","","","","","horizons-trial","99","1139044","0.0-85.0","","","","","5","[46,49,34,47,50]","[35,53,51,55,36]","""2023-06-19T14:38:23.778Z""","[1,1,1,0]","1","0","0","40","44","40","44","4","0","0","[""arrowright"",""arrowright"",""arrowright"",""arrowleft"",""arrowright""]","[1284,426,395,858,981]","[35,53,51,47,36]","[0,53,51,0,0]","[[50,48.8681]]","[]","[]","[]","1","[]","[]","[]","[]","vertical","","","",""
"","","","","","horizons-trial","100","1144933","0.0-86.0","","","","","5","[37,43,42,47,43]","[35,43,34,46,45]","""2023-06-19T14:38:29.667Z""","[1,1,0,0]","0","1","0","40","41","41","40","1","0","0","[""arrowright"",""arrowright"",""arrowleft"",""arrowleft"",""arrowleft""]","[382,345,465,374,728]","[35,43,42,47,43]","[0,43,42,47,0]","[[50,34.7946]]","[]","[]","[]","1","[]","[]","[]","[]","vertical","","","",""
"","","","","","horizons-trial","101","1151873","0.0-87.0","","","","","5","[34,42,38,48,38]","[57,55,60,56,74]","""2023-06-19T14:38:36.607Z""","[1,0,0,1]","0","1","0","60","40","40","60","20","0","0","[""arrowright"",""arrowleft"",""arrowleft"",""arrowright"",""arrowright""]","[380,392,394,882,1292]","[57,42,38,56,74]","[57,0,0,56,74]","[[50,61.1373]]","[]","[]","[]","1","[]","[]","[]","[]","vertical","","","",""
"","","","","","horizons-trial","102","1156734","0.0-88.0","","","","","5","[64,63,66,68,60]","[37,57,31,49,46]","""2023-06-19T14:38:41.468Z""","[0,1,0,1]","0","1","0","40","60","60","40","20","0","0","[""arrowleft"",""arrowright"",""arrowleft"",""arrowright"",""arrowleft""]","[337,402,641,742,731]","[64,57,66,49,60]","[64,0,66,0,60]","[[50,69.0761]]","[]","[]","[]","1","[]","[]","[]","[]","vertical","","","",""
"","","","","","horizons-trial","103","1163974","0.0-89.0","","","","","10","[36,37,39,33,27,35,25,27,22,17]","[75,61,61,61,58,60,60,54,56,57]","""2023-06-19T14:38:48.707Z""","[1,1,0,1]","1","1","1","60","30","30","60","30","0","0","[""arrowright"",""arrowright"",""arrowleft"",""arrowright"",""arrowright"",""arrowright"",""arrowright"",""arrowright"",""arrowright"",""arrowright""]","[398,389,543,446,430,467,109,132,112,107]","[75,61,39,61,58,60,60,54,56,57]","[75,61,0,61,58,60,60,54,56,57]","[[7.44486,93.61449999999999]]","[]","[]","[]","1","[]","[]","[]","[]","vertical","","","",""
"","","","","","horizons-trial","104","1171043","0.0-90.0","","","","","5","[70,51,60,66,56]","[70,49,53,52,56]","""2023-06-19T14:38:55.777Z""","[0,1,1,0]","0","1","0","60","56","56","60","4","0","0","[""arrowleft"",""arrowright"",""arrowright"",""arrowleft"",""arrowleft""]","[822,483,566,479,461]","[70,49,53,66,56]","[70,0,0,66,56]","[[50,71.2413]]","[]","[]","[]","1","[]","[]","[]","[]","vertical","","","",""
"","","","","","horizons-trial","105","1175262","0.0-91.0","","","","","5","[52,42,59,53,59]","[28,35,49,38,53]","""2023-06-19T14:38:59.995Z""","[0,1,1,0]","0","1","0","40","44","44","40","4","0","0","[""arrowleft"",""arrowright"",""arrowright"",""arrowleft"",""arrowleft""]","[504,451,410,456,466]","[52,35,49,53,59]","[52,0,0,53,59]","[[50,61.4981]]","[]","[]","[]","1","[]","[]","[]","[]","vertical","","","",""
"","","","","","horizons-trial","106","1183083","0.0-92.0","","","","","10","[46,57,51,62,71,49,52,50,42,47]","[42,34,47,45,50,29,39,38,31,60]","""2023-06-19T14:39:07.817Z""","[0,0,0,1]","1","1","1","40","52","52","40","12","0","0","[""arrowleft"",""arrowleft"",""arrowleft"",""arrowright"",""arrowright"",""arrowleft"",""arrowright"",""arrowleft"",""arrowleft"",""arrowleft""]","[376,328,322,428,439,637,605,656,1141,172]","[46,57,51,45,50,49,39,50,42,47]","[46,57,51,0,0,49,0,50,42,0]","[[88.3321,40.5684]]","[]","[]","[]","1","[]","[]","[]","[]","vertical","","","",""
"","","","","","horizons-trial","107","1194813","0.0-93.0","","","","","10","[46,63,47,51,41,33,48,44,47,44]","[51,62,66,59,53,53,65,55,43,56]","""2023-06-19T14:39:19.546Z""","[1,0,0,1]","0","1","1","60","48","48","60","12","0","0","[""arrowright"",""arrowleft"",""arrowleft"",""arrowright"",""arrowright"",""arrowright"",""arrowright"",""arrowright"",""arrowright"",""arrowright""]","[1410,550,492,501,1867,594,505,353,180,159]","[51,63,47,59,53,53,65,55,43,56]","[51,63,0,59,53,53,65,55,0,56]","[[58.4461,59.333]]","[]","[]","[]","1","[]","[]","[]","[]","vertical","","","",""
"","","","","","horizons-trial","108","1205693","0.0-94.0","","","","","10","[65,52,70,57,57,60,44,57,68,61]","[27,11,27,31,31,31,11,26,41,45]","""2023-06-19T14:39:30.427Z""","[1,0,0,1]","0","0","1","60","30","60","30","30","0","0","[""arrowright"",""arrowleft"",""arrowleft"",""arrowright"",""arrowleft"",""arrowleft"",""arrowleft"",""arrowleft"",""arrowleft"",""arrowleft""]","[915,641,392,710,757,577,190,130,103,128]","[27,52,70,31,57,60,44,57,68,61]","[0,52,70,0,57,60,44,57,68,61]","[[6.79517,93.25364]]","[]","[]","[]","1","[]","[]","[]","[]","vertical","","","",""
"","","","","","horizons-trial","109","1220108","0.0-95.0","","","","","10","[24,44,36,33,51,41,25,47,30,52]","[58,67,73,54,63,57,59,57,57,45]","""2023-06-19T14:39:44.842Z""","[0,1,0,1]","0","0","1","40","60","40","60","20","0","0","[""arrowleft"",""arrowright"",""arrowleft"",""arrowright"",""arrowright"",""arrowright"",""arrowright"",""arrowright"",""arrowright"",""arrowright""]","[667,399,552,427,593,538,155,130,100,94]","[24,67,36,54,63,57,59,57,57,45]","[0,67,0,54,63,57,59,57,57,0]","[[23.6873,90.00592]]","[]","[]","[]","1","[]","[]","[]","[]","vertical","","","",""
"","","","","","horizons-trial","110","1228639","0.0-96.0","","","","","5","[48,54,39,45,33]","[64,49,61,55,57]","""2023-06-19T14:39:53.373Z""","[0,0,1,0]","1","1","0","60","48","48","60","12","0","0","[""arrowleft"",""arrowleft"",""arrowright"",""arrowleft"",""arrowright""]","[543,457,572,510,1003]","[48,54,61,45,57]","[0,54,61,0,57]","[[50,26.134]]","[]","[]","[]","1","[]","[]","[]","[]","vertical","","","",""
"","","","","","horizons-trial","111","1235664","0.0-97.0","","","","","10","[69,71,72,52,68,56,71,57,72,57]","[77,51,65,77,62,58,49,57,48,64]","""2023-06-19T14:40:00.398Z""","[1,0,0,1]","0","1","1","60","58","58","60","2","0","0","[""arrowright"",""arrowleft"",""arrowleft"",""arrowright"",""arrowright"",""arrowright"",""arrowright"",""arrowright"",""arrowright"",""arrowright""]","[422,567,406,519,474,671,160,127,112,110]","[77,71,72,77,62,58,49,57,48,64]","[77,71,72,77,0,58,0,57,0,64]","[[27.9103,17.8343]]","[]","[]","[]","1","[]","[]","[]","[]","vertical","","","",""
"","","","","","horizons-trial","112","1244021","0.0-98.0","","","","","10","[46,27,48,45,39,30,23,46,37,37]","[33,47,29,46,53,36,35,42,47,40]","""2023-06-19T14:40:08.755Z""","[0,1,1,1]","1","0","1","40","41","40","41","1","0","0","[""arrowleft"",""arrowright"",""arrowright"",""arrowright"",""arrowleft"",""arrowleft"",""arrowleft"",""arrowleft"",""arrowleft"",""arrowleft""]","[681,343,460,445,2317,625,142,134,131,123]","[46,47,29,46,39,30,23,46,37,37]","[46,47,0,46,0,0,0,46,0,0]","[[35.057,15.308300000000003]]","[]","[]","[]","1","[]","[]","[]","[]","vertical","","","",""
"","","","","","horizons-trial","113","1251482","0.0-99.0","","","","","5","[50,59,68,41,49]","[68,61,49,57,63]","""2023-06-19T14:40:16.216Z""","[0,1,1,1]","1","1","0","60","56","56","60","4","0","0","[""arrowleft"",""arrowright"",""arrowright"",""arrowright"",""arrowright""]","[1147,656,804,1419,1095]","[50,61,49,57,63]","[0,61,0,57,63]","[[50,56.807]]","[]","[]","[]","1","[]","[]","[]","[]","vertical","","","",""
"","","","","","horizons-trial","114","1257957","0.0-100.0","","","","","5","[59,60,66,58,51]","[60,61,43,56,60]","""2023-06-19T14:40:22.691Z""","[1,0,0,1]","0","0","0","60","52","60","52","8","0","0","[""arrowright"",""arrowleft"",""arrowleft"",""arrowright"",""arrowleft""]","[357,373,447,1038,1190]","[60,60,66,56,51]","[60,0,66,0,0]","[[50,29.381699999999995]]","[]","[]","[]","1","[]","[]","[]","[]","vertical","","","",""
"","","","","","horizons-trial","115","1266413","0.0-101.0","","","","","10","[60,57,52,62,58,62,48,57,66,42]","[63,55,56,57,61,64,67,74,60,69]","""2023-06-19T14:40:31.147Z""","[1,1,0,0]","0","1","1","60","56","56","60","4","0","0","[""arrowright"",""arrowright"",""arrowleft"",""arrowleft"",""arrowright"",""arrowleft"",""arrowleft"",""arrowright"",""arrowright"",""arrowright""]","[385,576,480,431,1228,631,832,874,514,264]","[63,55,52,62,61,62,48,74,60,69]","[63,0,0,62,61,0,0,74,0,69]","[[43.503,32.62949999999999]]","[]","[]","[]","1","[]","[]","[]","[]","vertical","","","",""
"","","","","","horizons-trial","116","1275298","0.0-102.0","","","","","5","[43,57,51,54,66]","[55,60,40,62,48]","""2023-06-19T14:40:40.032Z""","[0,0,1,1]","0","1","0","60","59","59","60","1","0","0","[""arrowleft"",""arrowleft"",""arrowright"",""arrowright"",""arrowright""]","[520,482,614,1345,2736]","[43,57,40,62,48]","[0,0,0,62,0]","[[50,14.586600000000004]]","[]","[]","[]","1","[]","[]","[]","[]","vertical","","","",""
"","","","","","horizons-trial","117","1284042","0.0-103.0","","","","","10","[64,50,50,61,50,55,55,66,57,52]","[56,60,49,66,63,57,63,59,58,52]","""2023-06-19T14:40:48.776Z""","[1,0,0,0]","1","1","1","60","56","56","60","4","0","0","[""arrowright"",""arrowleft"",""arrowleft"",""arrowleft"",""arrowleft"",""arrowleft"",""arrowleft"",""arrowleft"",""arrowleft"",""arrowleft""]","[394,502,465,518,1918,636,173,133,123,109]","[56,50,50,61,50,55,55,66,57,52]","[0,0,50,0,0,0,0,66,0,52]","[[71.44,9.534499999999994]]","[]","[]","[]","1","[]","[]","[]","[]","vertical","","","",""
"","","","","","horizons-trial","118","1291211","0.0-104.0","","","","","10","[31,50,35,49,32,25,30,37,42,27]","[58,38,56,63,69,56,62,54,74,64]","""2023-06-19T14:40:55.945Z""","[1,1,0,0]","0","1","1","60","40","40","60","20","0","0","[""arrowright"",""arrowright"",""arrowleft"",""arrowleft"",""arrowright"",""arrowright"",""arrowright"",""arrowright"",""arrowright"",""arrowright""]","[1106,312,401,433,811,470,151,147,205,123]","[58,38,35,49,69,56,62,54,74,64]","[58,0,0,0,69,56,62,54,74,64]","[[22.3879,86.3973]]","[]","[]","[]","1","[]","[]","[]","[]","vertical","","","",""
"","","","","","horizons-trial","119","1307190","0.0-105.0","","","","","10","[39,34,41,37,41,53,39,32,27,42]","[49,46,66,55,57,32,51,66,57,43]","""2023-06-19T14:41:11.924Z""","[1,1,0,0]","0","0","1","40","52","40","52","12","0","0","[""arrowright"",""arrowright"",""arrowleft"",""arrowleft"",""arrowright"",""arrowright"",""arrowright"",""arrowright"",""arrowright"",""arrowright""]","[648,906,413,1187,1473,667,353,173,195,208]","[49,46,41,37,57,32,51,66,57,43]","[49,46,0,0,57,0,51,66,57,43]","[[89.3067,45.9812]]","[]","[]","[]","1","[]","[]","[]","[]","vertical","","","",""
"","","","","","horizons-trial","120","1316077","0.0-106.0","","","","","10","[40,52,69,57,43,63,45,39,49,49]","[45,44,27,37,53,33,42,30,47,40]","""2023-06-19T14:41:20.811Z""","[1,0,0,1]","0","1","1","40","48","48","40","8","0","0","[""arrowright"",""arrowleft"",""arrowleft"",""arrowright"",""arrowleft"",""arrowleft"",""arrowleft"",""arrowleft"",""arrowleft"",""arrowleft""]","[329,384,375,521,798,533,173,147,130,136]","[45,52,69,37,43,63,45,39,49,49]","[45,52,69,0,0,63,45,39,49,49]","[[21.4133,72.68469999999999]]","[]","[]","[]","1","[]","[]","[]","[]","vertical","","","",""
"","","","","","horizons-trial","121","1325824","0.0-107.0","","","","","10","[44,70,57,47,55,40,49,54,60,60]","[63,67,51,67,65,43,53,67,37,62]","""2023-06-19T14:41:30.558Z""","[0,1,1,0]","0","1","1","60","52","52","60","8","0","0","[""arrowleft"",""arrowright"",""arrowright"",""arrowleft"",""arrowright"",""arrowright"",""arrowright"",""arrowright"",""arrowright"",""arrowright""]","[511,494,432,1733,708,996,153,165,171,333]","[44,67,51,47,65,43,53,67,37,62]","[0,0,0,0,65,43,53,67,0,62]","[[73.0642,55.0027]]","[]","[]","[]","1","[]","[]","[]","[]","vertical","","","",""
"","","","","","horizons-trial","122","1338151","0.0-108.0","","","","","10","[70,54,56,63,64,53,66,68,60,54]","[50,43,37,45,34,38,39,49,37,43]","""2023-06-19T14:41:42.885Z""","[1,0,1,0]","0","1","1","40","60","60","40","20","0","0","[""arrowright"",""arrowleft"",""arrowright"",""arrowleft"",""arrowleft"",""arrowleft"",""arrowleft"",""arrowleft"",""arrowleft"",""arrowright""]","[718,599,1581,2274,1032,554,239,229,230,817]","[50,54,37,63,64,53,66,68,60,43]","[0,54,0,63,64,53,66,68,60,0]","[[25.6364,76.6542]]","[]","[]","[]","1","[]","[]","[]","[]","vertical","","","",""
"","","","","","horizons-trial","123","1353562","0.0-109.0","","","","","10","[53,66,45,67,68,70,57,68,65,51]","[50,53,62,51,62,43,58,69,47,47]","""2023-06-19T14:41:58.296Z""","[1,0,1,0]","0","0","1","60","59","60","59","1","0","0","[""arrowright"",""arrowleft"",""arrowright"",""arrowleft"",""arrowleft"",""arrowleft"",""arrowleft"",""arrowleft"",""arrowleft"",""arrowleft""]","[588,492,805,2115,3617,624,228,208,219,220]","[50,66,62,67,68,70,57,68,65,51]","[0,66,62,67,68,70,0,0,65,51]","[[70.4654,74.8499]]","[]","[]","[]","1","[]","[]","[]","[]","vertical","","","",""
"","","","","","horizons-trial","124","1363945","0.0-110.0","","","","","5","[39,33,40,48,40]","[56,58,63,83,66]","""2023-06-19T14:42:08.679Z""","[0,1,1,1]","1","0","0","40","70","40","70","30","0","0","[""arrowleft"",""arrowright"",""arrowright"",""arrowright"",""arrowright""]","[747,609,480,574,632]","[39,58,63,83,66]","[0,58,63,83,66]","[[50,91.44935]]","[]","[]","[]","1","[]","[]","[]","[]","vertical","","","",""
"","","","","","horizons-trial","125","1373878","0.0-111.0","","","","","10","[39,34,27,23,44,46,22,39,57,46]","[44,29,51,42,45,51,50,33,40,30]","""2023-06-19T14:42:18.612Z""","[0,1,1,0]","0","0","1","40","42","40","42","2","0","0","[""arrowleft"",""arrowright"",""arrowright"",""arrowleft"",""arrowright"",""arrowright"",""arrowright"",""arrowright"",""arrowright"",""arrowright""]","[783,609,450,787,997,863,511,355,252,181]","[39,29,51,23,45,51,50,33,40,30]","[0,0,51,0,45,51,50,0,0,0]","[[88.657,15.6691]]","[]","[]","[]","1","[]","[]","[]","[]","vertical","","","",""
"","","","","","horizons-trial","126","1390397","0.0-112.0","","","","","10","[47,31,38,30,43,40,46,40,28,46]","[34,54,38,53,42,37,27,43,51,44]","""2023-06-19T14:42:35.131Z""","[1,0,0,0]","1","1","1","40","42","42","40","2","0","0","[""arrowright"",""arrowleft"",""arrowleft"",""arrowleft"",""arrowright"",""arrowright"",""arrowright"",""arrowright"",""arrowright"",""arrowright""]","[1431,442,352,460,2165,539,178,170,182,237]","[34,31,38,30,42,37,27,43,51,44]","[0,0,38,0,0,0,0,43,51,0]","[[90.606,8.812799999999996]]","[]","[]","[]","1","[]","[]","[]","[]","vertical","","","",""
"","","","","","horizons-trial","127","1397641","0.0-113.0","","","","","10","[49,46,43,50,44,44,34,32,37,36]","[69,78,68,85,72,71,66,64,62,71]","""2023-06-19T14:42:42.375Z""","[0,0,1,0]","1","0","1","40","70","40","70","30","0","0","[""arrowleft"",""arrowleft"",""arrowright"",""arrowleft"",""arrowright"",""arrowright"",""arrowright"",""arrowright"",""arrowright"",""arrowright""]","[402,333,459,654,479,443,187,162,169,158]","[49,46,68,50,72,71,66,64,62,71]","[0,0,68,0,72,71,66,64,62,71]","[[72.7394,43.8161]]","[]","[]","[]","1","[]","[]","[]","[]","vertical","","","",""
"","","","","","horizons-trial","128","1404933","0.0-114.0","","","","","10","[44,47,52,47,47,46,55,48,58,37]","[69,61,57,66,64,49,56,56,66,62]","""2023-06-19T14:42:49.667Z""","[1,1,1,0]","1","1","1","60","48","48","60","12","0","0","[""arrowright"",""arrowright"",""arrowright"",""arrowleft"",""arrowright"",""arrowright"",""arrowright"",""arrowright"",""arrowright"",""arrowright""]","[830,441,370,445,677,416,142,120,132,84]","[69,61,57,47,64,49,56,56,66,62]","[69,61,57,0,64,49,56,56,66,62]","[[16.5406,91.81021]]","[]","[]","[]","1","[]","[]","[]","[]","vertical","","","",""
"","","","","","horizons-trial","129","1412568","0.0-115.0","","","","","10","[61,58,62,71,64,58,67,53,53,44]","[58,50,63,57,50,57,56,43,58,45]","""2023-06-19T14:42:57.302Z""","[1,1,1,0]","1","0","1","60","56","60","56","4","0","0","[""arrowright"",""arrowright"",""arrowright"",""arrowleft"",""arrowleft"",""arrowleft"",""arrowleft"",""arrowleft"",""arrowleft"",""arrowleft""]","[678,411,497,383,768,887,285,197,184,186]","[58,50,63,71,64,58,67,53,53,44]","[0,0,63,71,64,58,67,53,0,0]","[[61.6945,29.381699999999995]]","[]","[]","[]","1","[]","[]","[]","[]","vertical","","","",""
"","","","","","horizons-trial","130","1421933","0.0-116.0","","","","","10","[71,64,47,66,53,64,50,59,69,65]","[60,51,57,54,54,50,51,56,48,55]","""2023-06-19T14:43:06.667Z""","[0,1,0,1]","0","0","1","60","58","60","58","2","0","0","[""arrowleft"",""arrowright"",""arrowleft"",""arrowright"",""arrowleft"",""arrowleft"",""arrowleft"",""arrowleft"",""arrowleft"",""arrowleft""]","[770,491,507,583,1460,520,210,188,197,190]","[71,51,47,54,53,64,50,59,69,65]","[71,0,0,0,0,64,0,59,69,65]","[[82.8097,34.7946]]","[]","[]","[]","1","[]","[]","[]","[]","vertical","","","",""
"","","","","","horizons-trial","131","1429192","0.0-117.0","","","","","5","[43,45,56,23,38]","[35,41,39,63,25]","""2023-06-19T14:43:13.926Z""","[1,0,0,0]","1","0","0","40","41","40","41","1","0","0","[""arrowright"",""arrowleft"",""arrowleft"",""arrowleft"",""arrowleft""]","[656,357,377,659,3305]","[35,45,56,23,38]","[0,45,56,0,38]","[[50,16.03]]","[]","[]","[]","1","[]","[]","[]","[]","vertical","","","",""
"","","","","","horizons-trial","132","1436581","0.0-118.0","","","","","5","[75,68,73,70,70]","[42,38,47,32,38]","""2023-06-19T14:43:21.315Z""","[1,1,1,0]","1","1","0","40","70","70","40","30","0","0","[""arrowright"",""arrowright"",""arrowright"",""arrowleft"",""arrowleft""]","[397,336,373,672,1561]","[42,38,47,70,70]","[0,0,0,70,70]","[[50,30.464299999999994]]","[]","[]","[]","1","[]","[]","[]","[]","vertical","","","",""
"","","","","","survey-html-form","133","1502674","0.0-119.0","66093","{""comments"":"" I tried to add up the previously drawn numbers to figure out some sort of mean figure and I'd base my decision on the highest.""}","","","","","","","","","","","","","","","","","","","","","","","","","","","","","","","","","","",""
"","","","","","survey-html-form","134","1550456","0.0-120.0","47783","{""comments"":"" Again, trying to figure out an average and basing my decisions off that. Also trying out both sides to see if any higher numbers appeared. ""}","","","","","","","","","","","","","","","","","","","","","","","","","","","","","","","","","","",""
"","","","","","survey-html-form","135","1575791","0.0-121.0","25333","{""comments"":"" Experiment ran smoothly but some of the text was overlapping a few of the diagrams etc. You can still read the text nonetheless. ""}","","","","","","","","","","","","","","","","","","","","","","","","","","","","","","","","","","","[{""event"":""blur"",""trial"":1,""time"":1645},{""event"":""focus"",""trial"":1,""time"":3145},{""event"":""blur"",""trial"":1,""time"":6576},{""event"":""focus"",""trial"":1,""time"":7759},{""event"":""fullscreenenter"",""trial"":2,""time"":9721},{""event"":""blur"",""trial"":10,""time"":222735},{""event"":""fullscreenexit"",""trial"":10,""time"":222737},{""event"":""focus"",""trial"":10,""time"":222900},{""event"":""blur"",""trial"":15,""time"":343715},{""event"":""focus"",""trial"":15,""time"":343881},{""event"":""blur"",""trial"":50,""time"":704806},{""event"":""focus"",""trial"":50,""time"":711904},{""event"":""blur"",""trial"":74,""time"":909368},{""event"":""focus"",""trial"":74,""time"":913349},{""event"":""blur"",""trial"":81,""time"":995563},{""event"":""focus"",""trial"":81,""time"":996796},{""event"":""blur"",""trial"":124,""time"":1360670},{""event"":""focus"",""trial"":124,""time"":1362492},{""event"":""blur"",""trial"":126,""time"":1384962},{""event"":""focus"",""trial"":126,""time"":1388491},{""event"":""blur"",""trial"":126,""time"":1388492},{""event"":""focus"",""trial"":126,""time"":1389578}]"
