"success","timeout","failed_images","failed_audio","failed_video","trial_type","trial_index","time_elapsed","internal_node_id","rt","response","stimulus","view_history","horizon","rewards_L","rewards_R","date","forced_choices","r_info","r_side","r_h","r_mean","r_otherMean","r_mean_L","r_mean_R","r_difference","confidence_immediate_overall","confidence_question_order","key_presses","response_times","outcomes","outcomes_counted_points","confidence","confidence_rt","confidence_2","confidence_2_rt","screen_resolution","belief_confidence_1","belief_confidence_2","belief_confidence_3","belief_confidence_4","immediate_judgement_orientation","phase","responses","num_errors","interactions"
"true","false","[]","[]","[]","preload","0","266","0.0-0.0","","","","","","","","","","","","","","","","","","","","","","","","","","","","","","","","","","","","",""
"","","","","","survey-html-form","1","3036","0.0-1.0","2770","{""comments"":"" 63d7cc044d54f16580fa7005""}","","","","","","","","","","","","","","","","","","","","","","","","","","","","","","","","","","",""
"true","","","","","fullscreen","2","6629","0.0-2.0","","","","","","","","","","","","","","","","","","","","","","","","","","","","","","","","","","","","",""
"","","","","","html-button-response","3","16782","0.0-3.0","10150","0","
      <h1>Consent to Participate in the Learning and Cognitive Control Study</h1>

      <p>This is a psychology experiment being conducted by Dr. Peter Dayan, 
      director of the Max Planck Institute for Biological Cybernetics, and the 
      members of his lab. In order to consent to participate, you MUST meet the 
      following criteria:</p>

      <p>
      - 18 years of age or older<br>
      - Fluent speaker of English<br>
      - Have not previously participated in this experiment<br></p>

      <p>This study is designed to look at how people learn how to make decisions 
      to accomplish their goals. In this task, you will be asked to make choices, 
      play games, and answer questions related to those games. The study will take 
      about 45 minutes. </p> 

      <p>Your participation in this research is voluntary. You may refrain from 
      answering any questions that make you uncomfortable and may withdraw your 
      participation at any time without penalty by exiting this task and alerting 
      the experimenter. You may choose not to complete certain parts of the task 
      or answer certain questions. You may contact us at the address provided 
      below if you have additional questions or concerns.</p> 

      <p>Other than monetary compensation, participating in this study will 
      provide no direct benefits to you. But we hope that this research will 
      benefit society at large by contributing towards establishing a scientific 
      foundation for improving people's learning and cognitive control abilities.</p>

      <p>Your online username may be connected to your individual responses, but 
      we will not be asking for any additional personally identifying information, 
      and we will handle responses as confidentially as possible. We cannot however 
      guarantee the confidentiality of information transmitted over the Internet. 
      We will be keeping de-identified data collected as part of this experiment 
      indefinitely. Data used in scientific publications will remain completely 
      anonymous.</p>

      <p>If you have any questions about the study, feel free to contact our lab. 
      Dr. Dayan and his lab members can be reached at <a href='mailto:kyblab.tuebingen@gmail.com'>kyblab.tuebingen@gmail.com</a></p>
      
      <p>By selecting the â€œconsentâ€ option below, I acknowledge that I am 18 or older, that I am a fluent speaker of
            English, that I have read this consent form, and that I agree to take part in the research.</p>","","","","","","","","","","","","","","","","","","","","","","","","","","","","","","","","","",""
"","","","","","html-button-response","4","20643","0.0-4.0","3859","0","<h1>Legal Declaration of Consent under Data Protection Law</h1>
    <p><a target=""_blank"" rel=""noopener noreferrer"" href=""https://kyblab.tuebingen.mpg.de/fma/dataprotection.pdf"">Please click here to view our Data Protection Information Sheet, yours to keep.</a></p>
    <p>I have received and took note of the written Data Protection Information Sheet for this study. In doing so, I had sufficient time and opportunity to ask questions about data protection and reconsider my participation in the study. </p>
    <p>I am aware that:</p>
    <ul>
        <li>the processing and use of the collected data occur in a pseudonymized form within the scope of the legally prescribed provisions.
            As a general rule, the storage occurs in the form of questionnaires, as well as on electronic data media, for 10 years
            or longer, if this is required by the purpose of the study.</li>
        <li>by providing further personal data in pseudonymized form, collected personal data may be used for the preparation of anonymized
            scientific research work and may also be published and used in an anonymized form in medical journals, scientific publications
            and publicly accessible scientific databases, so that a direct assignment to my person cannot be established.</li>
        <li>the information obtained during this study may also be sent in an anonymized form to cooperation partners within the
            scope of the European General Data Protection Regulation for scientific purposes and to cooperation partners outside of the
            European Union, i.e. to countries with a lower data protection level (this also applies to the USA).</li>
        <li>the data collected within the scope of the study can also be used and processed in the future inside of the Institute.</li>
    </ul>
    <p>I was informed about my rights, that at any time:</p>
    <ul>
          <li>I can withdraw this declaration of consent.</li>
          <li>I can request information about my stored data and request the correction or blocking of data.</li>
          <li>by cancellation of my participation in the study, I can request that my personal data collected until that time are immediately deleted or anonymized.</li>
          <li>I can request that my data are handed out to me or to third parties (if technically feasible).</li>
    </ul>

    <p>I herewith declare that:</p>
    <ul>
          <li>I have been adequately informed about the collection and processing of my data and rights.</li>
          <li>I consent to the collection and processing of personal data within the scope of the study and its pseudonymized disclosure so that
            only the persons conducting the study can establish a link between the data and my person.</li>
    </ul>
    <p>By selecting the consent option below, I agree to participate in online studies or experiments using learning, and I consent to the use of my data described in the Data Protection Information Sheet and confirm having received a copy of the Data Protection Sheet.</p>
    <p>Note: If you do not consent to participate in this study or have your data used as outlined in the Data Protection Information Sheet, then this experiment will now close and you will not proceed any further. No information about you will be retained. </p>
    <br><br>","","","","","","","","","","","","","","","","","","","","","","","","","","","","","","","","","",""
"","","","","","instructions","5","145162","0.0-5.0-0.0","124512","","","[{""page_index"":0,""viewing_time"":4318},{""page_index"":1,""viewing_time"":8219},{""page_index"":2,""viewing_time"":7878},{""page_index"":3,""viewing_time"":22706},{""page_index"":4,""viewing_time"":14920},{""page_index"":5,""viewing_time"":3391},{""page_index"":6,""viewing_time"":5417},{""page_index"":7,""viewing_time"":11361},{""page_index"":8,""viewing_time"":3494},{""page_index"":9,""viewing_time"":5344},{""page_index"":10,""viewing_time"":31960},{""page_index"":11,""viewing_time"":5504}]","","","","","","","","","","","","","","","","","","","","","","","","","","","","","","","","",""
"","","","","","horizons-trial","6","178491","0.0-5.0-1.0","","","","","5","[44,57,74,72,62]","[31,33,24,39,29]","""2023-07-16T20:50:44.450Z""","[1,0,1,1]","","","","","","","","","0","","[""arrowright"",""arrowleft"",""arrowright"",""arrowright"",""arrowleft""]","[4509,1853,3047,960,5089]","[31,57,24,39,62]","[0,57,0,0,62]","[[50,93.72005]]","[]","[]","[]","1","[]","[]","[]","[]","vertical","practice","","",""
"","","","","","horizons-trial","7","213620","0.0-5.0-2.0","","","","","10","[64,50,57,35,52,38,44,61,39,38]","[70,69,76,71,75,58,81,84,57,61]","""2023-07-16T20:51:19.581Z""","[0,0,1,1]","","","","","","","","","1","","[""arrowleft"",""arrowleft"",""arrowright"",""arrowright"",""arrowright"",""arrowright"",""arrowright"",""arrowright"",""arrowright"",""arrowright""]","[1272,544,639,488,2270,1119,1697,898,606,734]","[64,50,76,71,75,58,81,84,57,61]","[0,0,76,71,75,58,81,84,57,61]","[[22.0189,97.69871]]","[]","[]","[]","1","[]","[]","[]","[]","vertical","practice","","",""
"","","","","","instructions","8","240292","0.0-5.0-3.0","26668","","","[{""page_index"":0,""viewing_time"":1788},{""page_index"":1,""viewing_time"":19658},{""page_index"":2,""viewing_time"":3199},{""page_index"":3,""viewing_time"":2024}]","","","","","","","","","","","","","","","","","","","","","","","","","","","","","","","","",""
"","","","","","horizons-comprehension","9","271703","0.0-5.0-4.0","31406","","","","","","","","","","","","","","","","","","","","","","","","","","","","","","","","","","[""true"",""false"",""true"",""true""]","1",""
"","","","","","instructions","10","366075","0.0-5.1-0.1","91637","","","[{""page_index"":0,""viewing_time"":2004},{""page_index"":1,""viewing_time"":768},{""page_index"":2,""viewing_time"":416},{""page_index"":3,""viewing_time"":13515},{""page_index"":4,""viewing_time"":5671},{""page_index"":5,""viewing_time"":4960},{""page_index"":6,""viewing_time"":10921},{""page_index"":7,""viewing_time"":606},{""page_index"":8,""viewing_time"":702},{""page_index"":9,""viewing_time"":24795},{""page_index"":10,""viewing_time"":25936},{""page_index"":11,""viewing_time"":1342}]","","","","","","","","","","","","","","","","","","","","","","","","","","","","","","","","",""
"","","","","","horizons-trial","11","378498","0.0-5.1-1.1","","","","","5","[44,57,74,72,62]","[31,33,24,39,29]","""2023-07-16T20:54:04.459Z""","[1,0,1,1]","","","","","","","","","0","","[""arrowright"",""arrowleft"",""arrowright"",""arrowright"",""arrowleft""]","[734,319,287,350,448]","[31,57,24,39,62]","[0,57,0,0,62]","[[50,100]]","[]","[]","[]","1","[]","[]","[]","[]","vertical","practice","","",""
"","","","","","horizons-trial","12","393813","0.0-5.1-2.1","","","","","10","[64,50,57,35,52,38,44,61,39,38]","[70,69,76,71,75,58,81,84,57,61]","""2023-07-16T20:54:19.774Z""","[0,0,1,1]","","","","","","","","","1","","[""arrowleft"",""arrowleft"",""arrowright"",""arrowright"",""arrowright"",""arrowright"",""arrowright"",""arrowright"",""arrowright"",""arrowright""]","[829,351,382,360,639,994,285,256,254,256]","[64,50,76,71,75,58,81,84,57,61]","[0,0,76,71,75,58,81,84,57,61]","[[73.017,100]]","[]","[]","[]","1","[]","[]","[]","[]","vertical","practice","","",""
"","","","","","instructions","13","420806","0.0-5.1-3.1","26985","","","[{""page_index"":0,""viewing_time"":1081},{""page_index"":1,""viewing_time"":22633},{""page_index"":2,""viewing_time"":2310},{""page_index"":3,""viewing_time"":960}]","","","","","","","","","","","","","","","","","","","","","","","","","","","","","","","","",""
"","","","","","horizons-comprehension","14","437677","0.0-5.1-4.1","16868","","","","","","","","","","","","","","","","","","","","","","","","","","","","","","","","","","[""true"",""true"",""false"",""true""]","1",""
"","","","","","instructions","15","445462","0.0-5.2-0.2","4615","","","[{""page_index"":0,""viewing_time"":1343},{""page_index"":1,""viewing_time"":160},{""page_index"":2,""viewing_time"":161},{""page_index"":3,""viewing_time"":160},{""page_index"":4,""viewing_time"":126},{""page_index"":5,""viewing_time"":163},{""page_index"":6,""viewing_time"":127},{""page_index"":7,""viewing_time"":167},{""page_index"":8,""viewing_time"":161},{""page_index"":9,""viewing_time"":1090},{""page_index"":10,""viewing_time"":605},{""page_index"":11,""viewing_time"":352}]","","","","","","","","","","","","","","","","","","","","","","","","","","","","","","","","",""
"","","","","","horizons-trial","16","454717","0.0-5.2-1.2","","","","","5","[44,57,74,72,62]","[31,33,24,39,29]","""2023-07-16T20:55:20.678Z""","[1,0,1,1]","","","","","","","","","0","","[""arrowright"",""arrowleft"",""arrowright"",""arrowright"",""arrowleft""]","[638,350,384,511,1116]","[31,57,24,39,62]","[0,57,0,0,62]","[[50,100]]","[]","[]","[]","1","[]","[]","[]","[]","vertical","practice","","",""
"","","","","","horizons-trial","17","462749","0.0-5.2-2.2","","","","","10","[64,50,57,35,52,38,44,61,39,38]","[70,69,76,71,75,58,81,84,57,61]","""2023-07-16T20:55:28.710Z""","[0,0,1,1]","","","","","","","","","1","","[""arrowleft"",""arrowleft"",""arrowright"",""arrowright"",""arrowright"",""arrowright"",""arrowright"",""arrowright"",""arrowright"",""arrowright""]","[798,383,322,251,545,607,256,191,191,159]","[64,50,76,71,75,58,81,84,57,61]","[0,0,76,71,75,58,81,84,57,61]","[[76.9122,100]]","[]","[]","[]","1","[]","[]","[]","[]","vertical","practice","","",""
"","","","","","instructions","18","464198","0.0-5.2-3.2","1446","","","[{""page_index"":0,""viewing_time"":926},{""page_index"":1,""viewing_time"":225},{""page_index"":2,""viewing_time"":136},{""page_index"":3,""viewing_time"":160}]","","","","","","","","","","","","","","","","","","","","","","","","","","","","","","","","",""
"","","","","","horizons-comprehension","19","475385","0.0-5.2-4.2","11182.29999999702","","","","","","","","","","","","","","","","","","","","","","","","","","","","","","","","","","[""true"",""false"",""false"",""true""]","0",""
"","","","","","instructions","20","477160","0.0-6.0","1771","","","[{""page_index"":0,""viewing_time"":1771}]","","","","","","","","","","","","","","","","","","","","","","","","","","","","","","","","",""
"","","","","","horizons-trial","21","488632","0.0-7.0","","","","","5","[63,60,62,76,73]","[48,51,50,40,48]","""2023-07-16T20:55:54.593Z""","[0,1,0,1]","0","1","0","40","70","70","40","30","0","0","[""arrowleft"",""arrowright"",""arrowleft"",""arrowright"",""arrowleft""]","[1542,798,736,606,1630]","[63,51,62,40,73]","[63,0,62,0,73]","[[50,100]]","[]","[]","[]","1","[]","[]","[]","[]","vertical","","","",""
"","","","","","horizons-trial","22","509920","0.0-8.0","","","","","10","[67,41,54,68,57,48,56,68,50,59]","[53,60,60,59,58,69,65,72,61,73]","""2023-07-16T20:56:15.881Z""","[0,1,0,1]","0","1","1","60","56","56","60","4","0","0","[""arrowleft"",""arrowright"",""arrowleft"",""arrowright"",""arrowleft"",""arrowleft"",""arrowleft"",""arrowleft"",""arrowleft"",""arrowleft""]","[796,352,383,512,5537,2113,1345,1982,543,414]","[67,60,54,59,57,48,56,68,50,59]","[67,60,0,0,0,0,0,0,0,0]","[[50.3541,100]]","[]","[]","[]","1","[]","[]","[]","[]","vertical","","","",""
"","","","","","horizons-trial","23","520808","0.0-9.0","","","","","5","[42,41,49,41,37]","[28,32,43,40,46]","""2023-07-16T20:56:26.769Z""","[0,0,1,0]","1","1","0","40","41","41","40","1","0","0","[""arrowleft"",""arrowleft"",""arrowright"",""arrowleft"",""arrowleft""]","[797,766,578,702,3368]","[42,41,43,41,37]","[42,41,0,41,0]","[[50,71.6283]]","[]","[]","[]","1","[]","[]","[]","[]","vertical","","","",""
"","","","","","horizons-trial","24","529616","0.0-10.0","","","","","5","[42,54,35,34,48]","[55,61,48,62,53]","""2023-07-16T20:56:35.577Z""","[1,0,1,0]","0","1","0","60","48","48","60","12","0","0","[""arrowright"",""arrowleft"",""arrowright"",""arrowleft"",""arrowright""]","[701,382,353,672,2271]","[55,54,48,34,53]","[55,0,48,0,53]","[[50,85.1974]]","[]","[]","[]","1","[]","[]","[]","[]","vertical","","","",""
"","","","","","horizons-trial","25","538106","0.0-11.0","","","","","5","[59,48,43,46,38]","[64,61,65,53,51]","""2023-07-16T20:56:44.067Z""","[0,1,1,1]","1","1","0","60","48","48","60","12","0","0","[""arrowleft"",""arrowright"",""arrowright"",""arrowright"",""arrowright""]","[572,288,449,575,2239]","[59,61,65,53,51]","[0,61,65,53,51]","[[50,77.7961]]","[]","[]","[]","1","[]","[]","[]","[]","vertical","","","",""
"","","","","","horizons-trial","26","545638","0.0-12.0","","","","","5","[45,70,55,62,62]","[45,55,48,61,55]","""2023-07-16T20:56:51.599Z""","[0,1,1,0]","0","0","0","60","58","60","58","2","0","0","[""arrowleft"",""arrowright"",""arrowright"",""arrowleft"",""arrowleft""]","[542,288,416,478,2464]","[45,55,48,62,62]","[45,0,0,62,62]","[[50,81.4967]]","[]","[]","[]","1","[]","[]","[]","[]","vertical","","","",""
"","","","","","horizons-trial","27","553986","0.0-13.0","","","","","5","[31,38,32,45,34]","[51,50,48,47,54]","""2023-07-16T20:56:59.947Z""","[0,0,1,1]","0","0","0","40","48","40","48","8","0","0","[""arrowleft"",""arrowleft"",""arrowright"",""arrowright"",""arrowright""]","[568,608,415,351,832]","[31,38,48,47,54]","[0,0,48,47,54]","[[50,100]]","[]","[]","[]","1","[]","[]","[]","[]","vertical","","","",""
"","","","","","horizons-trial","28","565579","0.0-14.0","","","","","10","[64,64,60,71,54,64,67,67,48,60]","[37,65,43,57,41,59,61,57,56,37]","""2023-07-16T20:57:11.540Z""","[1,0,1,0]","0","0","1","60","52","60","52","8","0","0","[""arrowright"",""arrowleft"",""arrowright"",""arrowleft"",""arrowleft"",""arrowleft"",""arrowleft"",""arrowleft"",""arrowleft"",""arrowleft""]","[701,286,330,354,1628,1538,478,447,289,285]","[37,64,43,71,54,64,67,67,48,60]","[0,0,0,71,54,64,67,67,0,60]","[[89.6601,100]]","[]","[]","[]","1","[]","[]","[]","[]","vertical","","","",""
"","","","","","horizons-trial","29","578266","0.0-15.0","","","","","5","[69,69,79,60,62]","[48,50,47,36,62]","""2023-07-16T20:57:24.227Z""","[1,1,0,0]","0","0","0","60","48","60","48","12","0","0","[""arrowright"",""arrowright"",""arrowleft"",""arrowleft"",""arrowleft""]","[677,383,544,383,672]","[48,50,79,60,62]","[0,0,79,60,62]","[[50,100]]","[]","[]","[]","1","[]","[]","[]","[]","vertical","","","",""
"","","","","","horizons-trial","30","591170","0.0-16.0","","","","","10","[52,64,66,57,45,47,52,58,55,66]","[52,54,69,45,55,45,39,65,53,38]","""2023-07-16T20:57:37.131Z""","[1,1,0,1]","1","0","1","60","52","60","52","8","0","0","[""arrowright"",""arrowright"",""arrowleft"",""arrowright"",""arrowleft"",""arrowleft"",""arrowleft"",""arrowleft"",""arrowleft"",""arrowleft""]","[861,385,415,605,3713,1254,643,605,319,193]","[52,54,66,45,45,47,52,58,55,66]","[52,0,0,0,0,47,52,0,55,66]","[[42.2096,79.852]]","[]","[]","[]","1","[]","[]","[]","[]","vertical","","","",""
"","","","","","horizons-trial","31","601837","0.0-17.0","","","","","5","[21,51,36,31,29]","[43,46,36,49,49]","""2023-07-16T20:57:47.798Z""","[0,0,1,1]","0","0","0","40","42","40","42","2","0","0","[""arrowleft"",""arrowleft"",""arrowright"",""arrowright"",""arrowright""]","[572,288,480,288,5153]","[21,51,36,49,49]","[0,51,36,49,49]","[[50,75.7401]]","[]","[]","[]","1","[]","[]","[]","[]","vertical","","","",""
"","","","","","horizons-trial","32","618037","0.0-18.0","","","","","10","[43,45,57,39,63,51,40,66,60,56]","[55,64,65,70,74,72,49,72,60,68]","""2023-07-16T20:58:03.998Z""","[0,0,0,1]","1","1","1","60","48","48","60","12","0","0","[""arrowleft"",""arrowleft"",""arrowleft"",""arrowright"",""arrowright"",""arrowright"",""arrowright"",""arrowright"",""arrowright"",""arrowright""]","[733,352,351,640,1598,1919,416,160,159,161]","[43,45,57,70,74,72,49,72,60,68]","[0,0,0,70,74,72,49,72,60,68]","[[70.5382,70.3947]]","[]","[]","[]","1","[]","[]","[]","[]","vertical","","","",""
"","","","","","horizons-trial","33","631837","0.0-19.0","","","","","10","[32,35,44,47,35,43,50,39,39,44]","[38,39,43,45,38,38,57,36,42,36]","""2023-07-16T20:58:17.798Z""","[0,1,0,1]","0","0","1","40","44","40","44","4","0","0","[""arrowleft"",""arrowright"",""arrowleft"",""arrowright"",""arrowright"",""arrowright"",""arrowright"",""arrowright"",""arrowright"",""arrowright""]","[574,351,350,416,4969,1058,769,573,320,190]","[32,39,44,45,38,38,57,36,42,36]","[0,39,44,0,38,0,57,0,42,0]","[[58.4986,83.96379999999999]]","[]","[]","[]","1","[]","[]","[]","[]","vertical","","","",""
"","","","","","horizons-trial","34","640901","0.0-20.0","","","","","10","[41,45,54,54,51,51,50,57,45,51]","[64,57,60,65,72,36,46,55,60,64]","""2023-07-16T20:58:26.862Z""","[1,0,0,0]","1","1","1","60","52","52","60","8","0","0","[""arrowright"",""arrowleft"",""arrowleft"",""arrowleft"",""arrowleft"",""arrowleft"",""arrowleft"",""arrowleft"",""arrowleft"",""arrowleft""]","[543,285,615,576,2399,607,482,384,190,159]","[64,45,54,54,51,51,50,57,45,51]","[64,0,0,0,0,51,50,57,0,0]","[[58.4986,83.96379999999999]]","[]","[]","[]","1","[]","[]","[]","[]","vertical","","","",""
"","","","","","horizons-trial","35","649582","0.0-21.0","","","","","10","[66,53,68,64,69,71,57,63,52,57]","[35,39,40,30,41,52,40,34,35,39]","""2023-07-16T20:58:35.543Z""","[0,1,1,0]","0","0","1","60","40","60","40","20","0","0","[""arrowleft"",""arrowright"",""arrowright"",""arrowleft"",""arrowleft"",""arrowleft"",""arrowleft"",""arrowleft"",""arrowleft"",""arrowleft""]","[542,382,544,511,768,640,287,192,193,126]","[66,39,40,64,69,71,57,63,52,57]","[66,0,0,64,69,71,57,63,52,57]","[[85.4108,100]]","[]","[]","[]","1","[]","[]","[]","[]","vertical","","","",""
"","","","","","horizons-trial","36","657909","0.0-22.0","","","","","5","[55,67,71,57,54]","[44,48,51,48,42]","""2023-07-16T20:58:43.870Z""","[1,1,0,1]","1","0","0","60","56","60","56","4","0","0","[""arrowright"",""arrowright"",""arrowleft"",""arrowright"",""arrowleft""]","[701,541,479,319,1929]","[44,48,71,48,54]","[0,0,71,0,54]","[[50,86.8421]]","[]","[]","[]","1","[]","[]","[]","[]","vertical","","","",""
"","","","","","horizons-trial","37","669950","0.0-23.0","","","","","10","[55,65,62,66,60,57,81,61,56,54]","[66,63,59,52,44,71,66,59,55,50]","""2023-07-16T20:58:55.910Z""","[1,0,1,1]","1","0","1","60","59","60","59","1","0","0","[""arrowright"",""arrowleft"",""arrowright"",""arrowright"",""arrowright"",""arrowright"",""arrowright"",""arrowright"",""arrowright"",""arrowright""]","[669,480,350,483,3397,609,479,223,160,158]","[66,65,59,52,44,71,66,59,55,50]","[66,65,0,0,0,71,0,0,0,0]","[[59.5609,86.4309]]","[]","[]","[]","1","[]","[]","[]","[]","vertical","","","",""
"","","","","","horizons-trial","38","681518","0.0-24.0","","","","","5","[45,46,26,31,42]","[40,45,49,54,40]","""2023-07-16T20:59:07.478Z""","[0,0,1,0]","1","0","0","40","42","40","42","2","0","0","[""arrowleft"",""arrowleft"",""arrowright"",""arrowleft"",""arrowright""]","[606,352,510,421,3008]","[45,46,49,31,40]","[45,46,49,0,0]","[[50,88.4868]]","[]","[]","[]","1","[]","[]","[]","[]","vertical","","","",""
"","","","","","horizons-trial","39","689389","0.0-25.0","","","","","5","[51,56,38,52,40]","[45,52,47,46,48]","""2023-07-16T20:59:15.350Z""","[1,1,0,0]","0","0","0","40","52","40","52","12","0","0","[""arrowright"",""arrowright"",""arrowleft"",""arrowleft"",""arrowright""]","[572,418,415,319,2592]","[45,52,38,52,48]","[0,0,0,52,48]","[[50,85.1974]]","[]","[]","[]","1","[]","[]","[]","[]","vertical","","","",""
"","","","","","horizons-trial","40","700694","0.0-26.0","","","","","10","[32,35,47,43,40,51,43,33,35,30]","[42,42,61,56,40,49,40,61,49,51]","""2023-07-16T20:59:26.654Z""","[1,1,0,1]","1","0","1","40","52","40","52","12","0","0","[""arrowright"",""arrowright"",""arrowleft"",""arrowright"",""arrowleft"",""arrowleft"",""arrowright"",""arrowright"",""arrowright"",""arrowright""]","[509,352,351,352,551,1025,352,2527,414,160]","[42,42,47,56,40,51,40,61,49,51]","[42,42,0,56,40,51,0,61,49,51]","[[62.0397,83.5526]]","[]","[]","[]","1","[]","[]","[]","[]","vertical","","","",""
"","","","","","horizons-trial","41","713637","0.0-27.0","","","","","10","[53,46,29,41,26,42,33,34,40,49]","[26,40,48,56,29,27,39,41,51,30]","""2023-07-16T20:59:39.598Z""","[0,0,1,0]","1","0","1","40","42","40","42","2","0","0","[""arrowleft"",""arrowleft"",""arrowright"",""arrowleft"",""arrowright"",""arrowright"",""arrowleft"",""arrowleft"",""arrowright"",""arrowright""]","[773,447,415,543,4417,768,801,424,734,385]","[53,46,48,41,29,27,33,34,51,30]","[53,46,48,0,29,0,0,0,51,0]","[[62.0397,83.5526]]","[]","[]","[]","1","[]","[]","[]","[]","vertical","","","",""
"","","","","","horizons-trial","42","728273","0.0-28.0","","","","","10","[63,68,53,62,55,60,81,37,53,51]","[46,69,47,52,54,54,69,49,41,53]","""2023-07-16T20:59:54.234Z""","[1,0,1,1]","1","0","1","60","58","60","58","2","0","0","[""arrowright"",""arrowleft"",""arrowright"",""arrowright"",""arrowleft"",""arrowleft"",""arrowleft"",""arrowleft"",""arrowleft"",""arrowleft""]","[541,608,511,1280,1758,1121,511,415,191,159]","[46,68,47,52,55,60,81,37,53,51]","[0,0,0,0,55,60,81,0,53,0]","[[58.4986,95.06578999999999]]","[]","[]","[]","1","[]","[]","[]","[]","vertical","","","",""
"","","","","","horizons-trial","43","736027","0.0-29.0","","","","","5","[49,57,44,55,51]","[26,40,37,32,38]","""2023-07-16T21:00:01.987Z""","[0,0,1,1]","0","1","0","40","52","52","40","12","0","0","[""arrowleft"",""arrowleft"",""arrowright"",""arrowright"",""arrowleft""]","[478,415,416,542,1000]","[49,57,37,32,51]","[49,57,0,0,51]","[[50,92.1875]]","[]","[]","[]","1","[]","[]","[]","[]","vertical","","","",""
"","","","","","horizons-trial","44","745282","0.0-30.0","","","","","5","[66,61,54,52,77]","[59,51,59,65,66]","""2023-07-16T21:00:11.243Z""","[0,1,0,1]","0","0","0","60","59","60","59","1","0","0","[""arrowleft"",""arrowright"",""arrowleft"",""arrowright"",""arrowleft""]","[476,351,319,383,3015]","[66,51,54,65,77]","[66,0,0,65,77]","[[50,93.42105]]","[]","[]","[]","1","[]","[]","[]","[]","vertical","","","",""
"","","","","","horizons-trial","45","755562","0.0-31.0","","","","","10","[41,44,44,48,41,37,31,43,35,33]","[58,71,57,53,57,57,62,73,65,55]","""2023-07-16T21:00:21.523Z""","[0,0,1,1]","0","1","1","60","40","40","60","20","0","0","[""arrowleft"",""arrowleft"",""arrowright"",""arrowright"",""arrowleft"",""arrowright"",""arrowright"",""arrowright"",""arrowright"",""arrowright""]","[604,352,385,286,1374,1218,414,192,158,160]","[41,44,57,53,41,57,62,73,65,55]","[0,0,57,53,0,57,62,73,65,55]","[[55.6657,81.9079]]","[]","[]","[]","1","[]","[]","[]","[]","vertical","","","",""
"","","","","","horizons-trial","46","778586","0.0-32.0","","","","","5","[47,28,27,46,45]","[50,35,47,42,45]","""2023-07-16T21:00:44.547Z""","[0,1,0,0]","1","0","0","40","44","40","44","4","0","0","[""arrowleft"",""arrowright"",""arrowleft"",""arrowleft"",""arrowleft""]","[13605,510,511,576,3528]","[47,35,27,46,45]","[0,35,0,46,45]","[[50,68.75]]","[]","[]","[]","1","[]","[]","[]","[]","vertical","","","",""
"","","","","","horizons-trial","47","789634","0.0-33.0","","","","","5","[26,28,44,33,23]","[66,61,59,62,44]","""2023-07-16T21:00:55.595Z""","[0,0,0,1]","1","1","0","60","30","30","60","30","0","0","[""arrowleft"",""arrowleft"",""arrowleft"",""arrowright"",""arrowright""]","[669,352,573,576,937]","[26,28,44,62,44]","[0,0,0,62,44]","[[50,88.0757]]","[]","[]","[]","1","[]","[]","[]","[]","vertical","","","",""
"","","","","","horizons-trial","48","804786","0.0-34.0","","","","","10","[59,55,46,60,69,64,52,51,53,78]","[35,29,41,30,44,42,32,32,40,32]","""2023-07-16T21:01:10.747Z""","[0,1,0,1]","0","1","1","40","60","60","40","20","0","0","[""arrowleft"",""arrowright"",""arrowleft"",""arrowright"",""arrowleft"",""arrowleft"",""arrowleft"",""arrowleft"",""arrowleft"",""arrowleft""]","[702,319,447,456,5089,682,446,1570,1149,160]","[59,29,46,30,69,64,52,51,53,78]","[59,0,46,0,69,64,52,51,53,78]","[[84.3484,93.42105]]","[]","[]","[]","1","[]","[]","[]","[]","vertical","","","",""
"","","","","","horizons-trial","49","815610","0.0-35.0","","","","","10","[57,57,70,65,55,60,66,52,54,70]","[36,43,56,51,38,42,39,51,54,63]","""2023-07-16T21:01:21.571Z""","[0,0,0,1]","1","0","1","60","48","60","48","12","0","0","[""arrowleft"",""arrowleft"",""arrowleft"",""arrowright"",""arrowleft"",""arrowleft"",""arrowleft"",""arrowleft"",""arrowleft"",""arrowleft""]","[1180,385,990,449,1599,608,512,446,320,161]","[57,57,70,51,55,60,66,52,54,70]","[57,57,70,0,55,60,66,52,54,70]","[[88.2436,90.13158]]","[]","[]","[]","1","[]","[]","[]","[]","vertical","","","",""
"","","","","","horizons-trial","50","825699","0.0-36.0","","","","","5","[61,40,67,59,65]","[55,51,57,65,62]","""2023-07-16T21:01:31.660Z""","[1,0,0,1]","0","1","0","60","56","56","60","4","0","0","[""arrowright"",""arrowleft"",""arrowleft"",""arrowright"",""arrowright""]","[669,320,607,447,2750]","[55,40,67,65,62]","[0,0,67,65,0]","[[50,86.0197]]","[]","[]","[]","1","[]","[]","[]","[]","vertical","","","",""
"","","","","","horizons-trial","51","835403","0.0-37.0","","","","","5","[55,48,57,55,46]","[59,56,47,64,80]","""2023-07-16T21:01:41.364Z""","[1,0,1,1]","1","1","0","60","52","52","60","8","0","0","[""arrowright"",""arrowleft"",""arrowright"",""arrowright"",""arrowright""]","[726,480,255,352,1183]","[59,48,47,64,80]","[59,0,0,64,80]","[[50,83.5526]]","[]","[]","[]","1","[]","[]","[]","[]","vertical","","","",""
"","","","","","horizons-trial","52","848051","0.0-38.0","","","","","10","[67,56,65,53,63,62,52,54,53,59]","[76,62,66,67,71,50,57,63,60,51]","""2023-07-16T21:01:54.012Z""","[0,0,1,0]","1","1","1","60","58","58","60","2","0","0","[""arrowleft"",""arrowleft"",""arrowright"",""arrowleft"",""arrowleft"",""arrowleft"",""arrowleft"",""arrowleft"",""arrowleft"",""arrowleft""]","[601,352,384,510,4448,705,414,736,510,296]","[67,56,66,53,63,62,52,54,53,59]","[0,0,66,0,0,62,0,0,0,59]","[[54.2493,85.1974]]","[]","[]","[]","1","[]","[]","[]","[]","vertical","","","",""
"","","","","","horizons-trial","53","861723","0.0-39.0","","","","","10","[31,59,51,39,38,46,45,45,47,42]","[36,49,30,44,35,43,32,36,47,43]","""2023-07-16T21:02:07.684Z""","[1,1,1,0]","1","1","1","40","44","44","40","4","0","0","[""arrowright"",""arrowright"",""arrowright"",""arrowleft"",""arrowright"",""arrowright"",""arrowright"",""arrowleft"",""arrowleft"",""arrowright""]","[733,447,449,479,2432,2464,806,608,991,416]","[36,49,30,39,35,43,32,45,47,43]","[36,0,0,0,0,0,0,45,47,43]","[[47.1671,58.4704]]","[]","[]","[]","1","[]","[]","[]","[]","vertical","","","",""
"","","","","","horizons-trial","54","870915","0.0-40.0","","","","","5","[39,37,36,46,42]","[39,47,57,36,53]","""2023-07-16T21:02:16.875Z""","[1,0,1,1]","1","0","0","40","48","40","48","8","0","0","[""arrowright"",""arrowleft"",""arrowright"",""arrowright"",""arrowleft""]","[732,353,446,1378,2526]","[39,37,57,36,42]","[39,0,57,0,0]","[[50,57.2368]]","[]","[]","[]","1","[]","[]","[]","[]","vertical","","","",""
"","","","","","horizons-trial","55","882443","0.0-41.0","","","","","10","[69,68,60,54,52,59,45,39,68,50]","[48,46,59,68,52,48,33,28,56,39]","""2023-07-16T21:02:28.404Z""","[0,1,0,1]","0","0","1","60","48","60","48","12","0","0","[""arrowleft"",""arrowright"",""arrowleft"",""arrowright"",""arrowleft"",""arrowleft"",""arrowleft"",""arrowright"",""arrowleft"",""arrowleft""]","[766,288,284,256,2145,576,672,775,351,446]","[69,46,60,68,52,59,45,28,68,50]","[69,0,60,68,52,59,45,0,68,50]","[[65.5807,85.1974]]","[]","[]","[]","1","[]","[]","[]","[]","vertical","","","",""
"","","","","","horizons-trial","56","896596","0.0-42.0","","","","","10","[13,48,26,45,43,47,35,51,55,47]","[40,41,31,41,47,54,58,53,49,43]","""2023-07-16T21:02:42.557Z""","[1,1,1,0]","1","0","1","40","48","40","48","8","0","0","[""arrowright"",""arrowright"",""arrowright"",""arrowleft"",""arrowleft"",""arrowleft"",""arrowleft"",""arrowleft"",""arrowleft"",""arrowleft""]","[3998,415,512,608,1537,608,574,1057,383,159]","[40,41,31,45,43,47,35,51,55,47]","[40,0,31,45,0,0,0,0,55,47]","[[60.9773,73.273]]","[]","[]","[]","1","[]","[]","[]","[]","vertical","","","",""
"","","","","","horizons-trial","57","906174","0.0-43.0","","","","","5","[44,43,31,32,49]","[44,33,50,39,34]","""2023-07-16T21:02:52.135Z""","[0,1,1,0]","0","1","0","40","42","42","40","2","0","0","[""arrowleft"",""arrowright"",""arrowright"",""arrowleft"",""arrowright""]","[1020,322,671,445,2727]","[44,33,50,32,34]","[44,0,50,0,0]","[[50,72.4507]]","[]","[]","[]","1","[]","[]","[]","[]","vertical","","","",""
"","","","","","horizons-trial","58","915270","0.0-44.0","","","","","10","[65,73,45,75,59,61,67,62,59,62]","[62,60,58,72,64,50,58,56,62,57]","""2023-07-16T21:03:01.231Z""","[0,1,1,0]","0","1","1","60","58","58","60","2","0","0","[""arrowleft"",""arrowright"",""arrowright"",""arrowleft"",""arrowright"",""arrowleft"",""arrowleft"",""arrowleft"",""arrowleft"",""arrowleft""]","[480,383,412,384,415,1151,641,415,255,190]","[65,60,58,75,64,61,67,62,59,62]","[65,0,58,75,64,61,67,62,0,62]","[[57.0822,66.2829]]","[]","[]","[]","1","[]","[]","[]","[]","vertical","","","",""
"","","","","","horizons-trial","59","923022","0.0-45.0","","","","","5","[58,63,50,69,64]","[41,33,36,61,46]","""2023-07-16T21:03:08.983Z""","[1,0,0,0]","1","1","0","40","60","60","40","20","0","0","[""arrowright"",""arrowleft"",""arrowleft"",""arrowleft"",""arrowleft""]","[511,317,577,670,1184]","[41,63,50,69,64]","[0,63,50,69,64]","[[50,100]]","[]","[]","[]","1","[]","[]","[]","[]","vertical","","","",""
"","","","","","horizons-trial","60","933846","0.0-46.0","","","","","10","[46,44,47,39,53,33,45,26,40,31]","[56,47,33,49,38,44,43,37,52,63]","""2023-07-16T21:03:19.807Z""","[1,0,1,0]","0","0","1","40","42","40","42","2","0","0","[""arrowright"",""arrowleft"",""arrowright"",""arrowleft"",""arrowright"",""arrowright"",""arrowright"",""arrowright"",""arrowright"",""arrowright""]","[541,352,383,416,2624,1545,448,415,158,159]","[56,44,33,39,38,44,43,37,52,63]","[56,0,0,0,0,44,0,37,52,63]","[[73.7252,85.6086]]","[]","[]","[]","1","[]","[]","[]","[]","vertical","","","",""
"","","","","","horizons-trial","61","943232","0.0-47.0","","","","","10","[52,42,40,43,25,34,42,28,35,48]","[44,46,55,58,51,59,65,51,54,42]","""2023-07-16T21:03:29.192Z""","[0,1,0,1]","0","0","1","40","52","40","52","12","0","0","[""arrowleft"",""arrowright"",""arrowleft"",""arrowright"",""arrowright"",""arrowright"",""arrowright"",""arrowright"",""arrowright"",""arrowright""]","[637,320,287,256,2399,514,447,318,160,158]","[52,46,40,58,51,59,65,51,54,42]","[52,46,0,58,51,59,65,51,54,0]","[[81.1615,89.7204]]","[]","[]","[]","1","[]","[]","[]","[]","vertical","","","",""
"","","","","","horizons-trial","62","950440","0.0-48.0","","","","","5","[43,36,33,47,39]","[63,63,71,59,62]","""2023-07-16T21:03:36.401Z""","[0,1,1,1]","1","0","0","40","60","40","60","20","0","0","[""arrowleft"",""arrowright"",""arrowright"",""arrowright"",""arrowright""]","[955,287,607,609,799]","[43,63,71,59,62]","[0,63,71,59,62]","[[50,100]]","[]","[]","[]","1","[]","[]","[]","[]","vertical","","","",""
"","","","","","horizons-trial","63","958097","0.0-49.0","","","","","5","[58,36,41,26,42]","[67,47,50,54,48]","""2023-07-16T21:03:44.057Z""","[1,1,1,0]","1","0","0","40","52","40","52","12","0","0","[""arrowright"",""arrowright"",""arrowright"",""arrowleft"",""arrowright""]","[537,383,320,1632,670]","[67,47,50,26,48]","[67,47,50,0,48]","[[50,100]]","[]","[]","[]","1","[]","[]","[]","[]","vertical","","","",""
"","","","","","horizons-trial","64","968440","0.0-50.0","","","","","10","[36,32,40,50,39,43,32,49,26,42]","[41,26,43,49,47,59,46,52,58,45]","""2023-07-16T21:03:54.400Z""","[0,0,1,0]","1","0","1","40","44","40","44","4","0","0","[""arrowleft"",""arrowleft"",""arrowright"",""arrowleft"",""arrowright"",""arrowright"",""arrowright"",""arrowright"",""arrowright"",""arrowright""]","[630,319,512,544,3042,776,448,192,160,159]","[36,32,43,50,47,59,46,52,58,45]","[0,32,43,50,47,59,46,52,58,45]","[[56.0198,65.4605]]","[]","[]","[]","1","[]","[]","[]","[]","vertical","","","",""
"","","","","","horizons-trial","65","975543","0.0-51.0","","","","","10","[28,33,33,32,45,37,48,31,32,40]","[42,43,45,37,58,45,47,46,44,48]","""2023-07-16T21:04:01.504Z""","[1,0,0,1]","0","0","1","40","48","40","48","8","0","0","[""arrowright"",""arrowleft"",""arrowleft"",""arrowright"",""arrowright"",""arrowright"",""arrowright"",""arrowright"",""arrowright"",""arrowright""]","[637,282,545,320,416,673,352,160,158,159]","[42,33,33,37,58,45,47,46,44,48]","[42,0,0,37,58,45,0,46,44,48]","[[74.0793,69.9836]]","[]","[]","[]","1","[]","[]","[]","[]","vertical","","","",""
"","","","","","horizons-trial","66","982560","0.0-52.0","","","","","5","[54,42,64,63,59]","[39,35,56,50,54]","""2023-07-16T21:04:08.521Z""","[1,0,1,1]","1","0","0","60","48","60","48","12","0","0","[""arrowright"",""arrowleft"",""arrowright"",""arrowright"",""arrowright""]","[573,255,258,613,1760]","[39,42,56,50,54]","[0,42,0,0,0]","[[50,96.29934]]","[]","[]","[]","1","[]","[]","[]","[]","vertical","","","",""
"","","","","","horizons-trial","67","990567","0.0-53.0","","","","","10","[39,37,34,43,34,39,35,47,45,35]","[31,37,42,34,43,57,37,56,30,54]","""2023-07-16T21:04:16.528Z""","[0,0,0,1]","1","0","1","40","41","40","41","1","0","0","[""arrowleft"",""arrowleft"",""arrowleft"",""arrowright"",""arrowleft"",""arrowleft"",""arrowleft"",""arrowleft"",""arrowleft"",""arrowleft""]","[761,543,384,479,1120,769,575,159,193,158]","[39,37,34,34,34,39,35,47,45,35]","[39,37,0,0,0,0,0,0,45,0]","[[52.8329,49.4243]]","[]","[]","[]","1","[]","[]","[]","[]","vertical","","","",""
"","","","","","horizons-trial","68","1001072","0.0-54.0","","","","","10","[72,79,78,82,65,74,82,73,57,72]","[32,52,30,41,35,45,29,39,30,48]","""2023-07-16T21:04:27.033Z""","[0,1,0,1]","0","1","1","40","70","70","40","30","0","0","[""arrowleft"",""arrowright"",""arrowleft"",""arrowright"",""arrowleft"",""arrowleft"",""arrowleft"",""arrowleft"",""arrowleft"",""arrowleft""]","[541,319,287,288,1215,704,574,481,191,191]","[72,52,78,41,65,74,82,73,57,72]","[72,0,78,0,65,74,82,73,57,72]","[[100,100]]","[]","[]","[]","1","[]","[]","[]","[]","vertical","","","",""
"","","","","","horizons-trial","69","1009143","0.0-55.0","","","","","5","[67,71,73,61,66]","[46,47,34,41,36]","""2023-07-16T21:04:35.104Z""","[0,0,1,0]","1","1","0","40","70","70","40","30","0","0","[""arrowleft"",""arrowleft"",""arrowright"",""arrowleft"",""arrowleft""]","[1341,512,383,446,448]","[67,71,34,61,66]","[67,71,0,61,66]","[[50,100]]","[]","[]","[]","1","[]","[]","[]","[]","vertical","","","",""
"","","","","","horizons-trial","70","1016575","0.0-56.0","","","","","5","[36,37,45,39,41]","[62,68,67,68,86]","""2023-07-16T21:04:42.536Z""","[1,1,0,0]","0","0","0","40","70","40","70","30","0","0","[""arrowright"",""arrowright"",""arrowleft"",""arrowleft"",""arrowright""]","[509,352,703,382,1344]","[62,68,45,39,86]","[62,68,0,0,86]","[[50,100]]","[]","[]","[]","1","[]","[]","[]","[]","vertical","","","",""
"","","","","","horizons-trial","71","1033768","0.0-57.0","","","","","10","[34,39,41,45,48,39,50,50,25,20]","[45,38,24,40,23,37,41,32,45,42]","""2023-07-16T21:04:59.728Z""","[0,0,1,1]","0","1","1","40","41","41","40","1","0","0","[""arrowleft"",""arrowleft"",""arrowright"",""arrowright"",""arrowleft"",""arrowleft"",""arrowleft"",""arrowleft"",""arrowleft"",""arrowleft""]","[7965,320,448,351,352,608,479,448,191,159]","[34,39,24,40,48,39,50,50,25,20]","[0,39,0,0,48,39,50,50,0,0]","[[81.1615,86.8421]]","[]","[]","[]","1","[]","[]","[]","[]","vertical","","","",""
"","","","","","horizons-trial","72","1040647","0.0-58.0","","","","","5","[47,41,38,38,25]","[60,74,59,71,74]","""2023-07-16T21:05:06.608Z""","[0,1,1,1]","1","0","0","40","70","40","70","30","0","0","[""arrowleft"",""arrowright"",""arrowright"",""arrowright"",""arrowright""]","[541,414,445,482,478]","[47,74,59,71,74]","[0,74,59,71,74]","[[50,100]]","[]","[]","[]","1","[]","[]","[]","[]","vertical","","","",""
"","","","","","horizons-trial","73","1048272","0.0-59.0","","","","","10","[35,33,17,27,25,36,29,20,42,27]","[70,67,65,60,35,62,49,37,64,51]","""2023-07-16T21:05:14.232Z""","[1,1,1,0]","1","1","1","60","30","30","60","30","0","0","[""arrowright"",""arrowright"",""arrowright"",""arrowleft"",""arrowright"",""arrowright"",""arrowright"",""arrowright"",""arrowright"",""arrowright""]","[965,607,448,735,416,353,319,191,161,125]","[70,67,65,27,35,62,49,37,64,51]","[70,67,65,0,35,62,49,37,64,51]","[[82.2238,83.5526]]","[]","[]","[]","1","[]","[]","[]","[]","vertical","","","",""
"","","","","","horizons-trial","74","1057464","0.0-60.0","","","","","5","[66,47,52,55,65]","[34,42,28,24,50]","""2023-07-16T21:05:23.424Z""","[1,1,1,0]","1","0","0","60","30","60","30","30","0","0","[""arrowright"",""arrowright"",""arrowright"",""arrowleft"",""arrowleft""]","[603,385,382,575,1257]","[34,42,28,55,65]","[0,0,0,55,65]","[[50,100]]","[]","[]","[]","1","[]","[]","[]","[]","vertical","","","",""
"","","","","","horizons-trial","75","1063652","0.0-61.0","","","","","5","[35,33,37,43,57]","[37,41,40,23,31]","""2023-07-16T21:05:29.612Z""","[1,1,0,1]","1","1","0","40","42","42","40","2","0","0","[""arrowright"",""arrowright"",""arrowleft"",""arrowright"",""arrowright""]","[829,351,382,451,1382]","[37,41,37,23,31]","[37,41,0,0,0]","[[50,74.50659999999999]]","[]","[]","[]","1","[]","[]","[]","[]","vertical","","","",""
"","","","","","horizons-trial","76","1070376","0.0-62.0","","","","","10","[57,69,63,69,69,57,66,65,40,61]","[39,37,37,30,41,52,42,28,45,36]","""2023-07-16T21:05:36.336Z""","[0,1,1,1]","1","1","1","40","60","60","40","20","0","0","[""arrowleft"",""arrowright"",""arrowright"",""arrowright"",""arrowleft"",""arrowleft"",""arrowleft"",""arrowleft"",""arrowleft"",""arrowleft""]","[854,351,351,448,992,544,222,226,193,158]","[57,37,37,30,69,57,66,65,40,61]","[57,0,0,0,69,57,66,65,0,61]","[[55.6657,79.0296]]","[]","[]","[]","1","[]","[]","[]","[]","vertical","","","",""
"","","","","","horizons-trial","77","1077223","0.0-63.0","","","","","5","[41,59,51,43,39]","[43,45,35,40,40]","""2023-07-16T21:05:43.184Z""","[1,0,0,1]","0","1","0","40","44","44","40","4","0","0","[""arrowright"",""arrowleft"",""arrowleft"",""arrowright"",""arrowleft""]","[668,350,351,414,1217]","[43,59,51,40,39]","[43,59,51,0,0]","[[50,89.3092]]","[]","[]","[]","1","[]","[]","[]","[]","vertical","","","",""
"","","","","","horizons-trial","78","1085301","0.0-64.0","","","","","10","[62,63,48,62,60,74,56,65,72,58]","[61,59,67,51,63,47,63,53,64,57]","""2023-07-16T21:05:51.261Z""","[0,1,0,1]","0","0","1","60","58","60","58","2","0","0","[""arrowleft"",""arrowright"",""arrowleft"",""arrowright"",""arrowright"",""arrowright"",""arrowright"",""arrowright"",""arrowright"",""arrowright""]","[669,318,321,351,2280,675,317,192,159,160]","[62,59,48,51,63,47,63,53,64,57]","[62,0,0,0,63,0,63,0,0,0]","[[62.3938,82.7303]]","[]","[]","[]","1","[]","[]","[]","[]","vertical","","","",""
"","","","","","horizons-trial","79","1093789","0.0-65.0","","","","","5","[64,64,62,48,50]","[42,65,46,59,41]","""2023-07-16T21:05:59.750Z""","[0,1,1,0]","0","0","0","60","52","60","52","8","0","0","[""arrowleft"",""arrowright"",""arrowright"",""arrowleft"",""arrowright""]","[669,352,511,575,1187]","[64,65,46,48,41]","[64,65,0,0,0]","[[50,79.0296]]","[]","[]","[]","1","[]","[]","[]","[]","vertical","","","",""
"","","","","","horizons-trial","80","1101862","0.0-66.0","","","","","5","[48,61,52,64,57]","[50,41,43,28,43]","""2023-07-16T21:06:07.823Z""","[0,1,1,1]","1","0","0","60","40","60","40","20","0","0","[""arrowleft"",""arrowright"",""arrowright"",""arrowright"",""arrowleft""]","[700,386,445,704,2751]","[48,41,43,28,57]","[0,0,0,0,57]","[[50,92.1875]]","[]","[]","[]","1","[]","[]","[]","[]","vertical","","","",""
"","","","","","horizons-trial","81","1113255","0.0-67.0","","","","","10","[63,56,85,51,66,68,50,55,47,74]","[64,49,65,67,50,56,52,63,64,53]","""2023-07-16T21:06:19.215Z""","[1,0,0,1]","0","0","1","60","59","60","59","1","0","0","[""arrowright"",""arrowleft"",""arrowleft"",""arrowright"",""arrowleft"",""arrowleft"",""arrowleft"",""arrowleft"",""arrowleft"",""arrowleft""]","[3067,316,449,350,480,1259,440,286,191,161]","[64,56,85,67,66,68,50,55,47,74]","[64,56,85,67,66,68,0,0,0,74]","[[68.4136,82.31909999999999]]","[]","[]","[]","1","[]","[]","[]","[]","vertical","","","",""
"","","","","","horizons-trial","82","1121229","0.0-68.0","","","","","10","[57,48,48,61,47,67,68,63,79,64]","[54,53,61,71,67,64,49,69,67,62]","""2023-07-16T21:06:27.190Z""","[1,0,1,0]","0","1","1","60","59","59","60","1","0","0","[""arrowright"",""arrowleft"",""arrowright"",""arrowleft"",""arrowright"",""arrowright"",""arrowright"",""arrowright"",""arrowright"",""arrowright""]","[609,286,289,29,2784,641,255,190,160,159]","[54,48,61,61,67,64,49,69,67,62]","[0,0,61,0,67,0,0,69,0,0]","[[69.1218,79.4408]]","[]","[]","[]","1","[]","[]","[]","[]","vertical","","","",""
"","","","","","horizons-trial","83","1127991","0.0-69.0","","","","","5","[50,29,50,41,44]","[26,36,47,43,40]","""2023-07-16T21:06:33.952Z""","[0,0,0,1]","1","1","0","40","44","44","40","4","0","0","[""arrowleft"",""arrowleft"",""arrowleft"",""arrowright"",""arrowleft""]","[765,447,416,864,511]","[50,29,50,43,44]","[50,0,50,43,44]","[[50,91.77632]]","[]","[]","[]","1","[]","[]","[]","[]","vertical","","","",""
"","","","","","horizons-trial","84","1138079","0.0-70.0","","","","","10","[38,54,38,42,31,40,56,44,44,51]","[45,32,40,51,33,61,36,42,21,42]","""2023-07-16T21:06:44.039Z""","[1,0,0,1]","0","1","1","40","48","48","40","8","0","0","[""arrowright"",""arrowleft"",""arrowleft"",""arrowright"",""arrowleft"",""arrowleft"",""arrowright"",""arrowright"",""arrowright"",""arrowright""]","[1369,254,545,351,320,1857,640,382,607,202]","[45,54,38,51,31,40,36,42,21,42]","[45,54,0,51,0,0,0,0,0,0]","[[50,75.7401]]","[]","[]","[]","1","[]","[]","[]","[]","vertical","","","",""
"","","","","","horizons-trial","85","1147069","0.0-71.0","","","","","10","[45,44,14,27,35,47,26,53,44,45]","[33,44,43,35,41,46,45,32,38,35]","""2023-07-16T21:06:53.030Z""","[1,0,1,0]","0","0","1","40","41","40","41","1","0","0","[""arrowright"",""arrowleft"",""arrowright"",""arrowleft"",""arrowright"",""arrowright"",""arrowright"",""arrowright"",""arrowright"",""arrowright""]","[474,290,348,320,2976,833,382,191,159,127]","[33,44,43,27,41,46,45,32,38,35]","[0,44,43,0,41,0,45,0,0,0]","[[74.7875,81.0855]]","[]","[]","[]","1","[]","[]","[]","[]","vertical","","","",""
"","","","","","horizons-trial","86","1155461","0.0-72.0","","","","","5","[39,43,47,41,40]","[37,30,47,38,29]","""2023-07-16T21:07:01.422Z""","[1,0,0,0]","1","1","0","40","48","48","40","8","0","0","[""arrowright"",""arrowleft"",""arrowleft"",""arrowleft"",""arrowleft""]","[477,287,649,637,1313]","[37,43,47,41,40]","[0,43,47,41,40]","[[50,91.36513]]","[]","[]","[]","1","[]","[]","[]","[]","vertical","","","",""
"","","","","","horizons-trial","87","1160462","0.0-73.0","","","","","5","[40,36,29,38,30]","[65,56,55,59,80]","""2023-07-16T21:07:06.422Z""","[1,1,1,0]","1","1","0","60","40","40","60","20","0","0","[""arrowright"",""arrowright"",""arrowright"",""arrowleft"",""arrowright""]","[572,321,318,544,542]","[65,56,55,38,80]","[65,56,55,0,80]","[[50,91.77632]]","[]","[]","[]","1","[]","[]","[]","[]","vertical","","","",""
"","","","","","horizons-trial","88","1168976","0.0-74.0","","","","","10","[50,58,54,64,65,74,53,51,61,48]","[65,54,73,51,49,63,60,67,55,55]","""2023-07-16T21:07:14.936Z""","[0,0,0,1]","1","1","1","60","56","56","60","4","0","0","[""arrowleft"",""arrowleft"",""arrowleft"",""arrowright"",""arrowleft"",""arrowleft"",""arrowleft"",""arrowleft"",""arrowleft"",""arrowleft""]","[856,416,351,414,1534,672,287,191,160,160]","[50,58,54,51,65,74,53,51,61,48]","[0,58,0,0,65,74,0,0,61,0]","[[76.204,96.71053]]","[]","[]","[]","1","[]","[]","[]","[]","vertical","","","",""
"","","","","","horizons-trial","89","1174900","0.0-75.0","","","","","10","[32,40,50,35,41,17,49,44,39,42]","[46,43,56,38,42,35,48,30,48,33]","""2023-07-16T21:07:20.861Z""","[1,0,0,1]","0","1","1","40","42","42","40","2","0","0","[""arrowright"",""arrowleft"",""arrowleft"",""arrowright"",""arrowleft"",""arrowleft"",""arrowleft"",""arrowleft"",""arrowleft"",""arrowleft""]","[512,222,479,416,383,705,192,190,161,159]","[46,40,50,38,41,17,49,44,39,42]","[46,0,0,38,0,0,49,44,0,42]","[[67.7054,81.0855]]","[]","[]","[]","1","[]","[]","[]","[]","vertical","","","",""
"","","","","","horizons-trial","90","1181726","0.0-76.0","","","","","10","[68,74,62,70,67,73,77,76,70,74]","[26,27,37,44,38,24,35,38,40,40]","""2023-07-16T21:07:27.686Z""","[1,0,1,1]","1","1","1","40","70","70","40","30","0","0","[""arrowright"",""arrowleft"",""arrowright"",""arrowright"",""arrowleft"",""arrowleft"",""arrowleft"",""arrowleft"",""arrowleft"",""arrowleft""]","[509,544,382,639,865,583,257,190,160,160]","[26,74,37,44,67,73,77,76,70,74]","[0,74,0,0,67,73,77,76,70,74]","[[74.0793,100]]","[]","[]","[]","1","[]","[]","[]","[]","vertical","","","",""
"","","","","","horizons-trial","91","1188572","0.0-77.0","","","","","10","[49,58,56,39,42,71,39,60,50,42]","[41,38,57,26,43,40,33,42,36,34]","""2023-07-16T21:07:34.533Z""","[0,1,0,0]","1","1","1","40","52","52","40","12","0","0","[""arrowleft"",""arrowright"",""arrowleft"",""arrowleft"",""arrowleft"",""arrowleft"",""arrowright"",""arrowleft"",""arrowleft"",""arrowleft""]","[510,288,287,479,1536,513,222,383,449,189]","[49,38,56,39,42,71,33,60,50,42]","[49,0,0,39,0,71,0,60,50,42]","[[64.8725,83.1414]]","[]","[]","[]","1","[]","[]","[]","[]","vertical","","","",""
"","","","","","horizons-trial","92","1197482","0.0-78.0","","","","","5","[38,43,48,52,45]","[63,59,52,32,71]","""2023-07-16T21:07:43.442Z""","[1,1,0,0]","0","1","0","60","40","40","60","20","0","0","[""arrowright"",""arrowright"",""arrowleft"",""arrowleft"",""arrowright""]","[574,351,385,1574,1729]","[63,59,48,52,71]","[63,59,0,52,71]","[[50,88.4868]]","[]","[]","[]","1","[]","[]","[]","[]","vertical","","","",""
"","","","","","horizons-trial","93","1205614","0.0-79.0","","","","","5","[61,48,60,55,62]","[47,51,56,56,34]","""2023-07-16T21:07:51.574Z""","[1,1,1,0]","1","0","0","60","52","60","52","8","0","0","[""arrowright"",""arrowright"",""arrowright"",""arrowleft"",""arrowright""]","[791,1119,480,831,2118]","[47,51,56,55,34]","[0,51,0,0,0]","[[50,79.852]]","[]","[]","[]","1","[]","[]","[]","[]","vertical","","","",""
"","","","","","horizons-trial","94","1213361","0.0-80.0","","","","","5","[66,56,58,59,61]","[57,57,52,62,67]","""2023-07-16T21:07:59.322Z""","[1,1,1,0]","1","1","0","60","59","59","60","1","0","0","[""arrowright"",""arrowright"",""arrowright"",""arrowleft"",""arrowright""]","[602,575,418,766,1601]","[57,57,52,59,67]","[0,57,0,0,67]","[[50,86.8421]]","[]","[]","[]","1","[]","[]","[]","[]","vertical","","","",""
"","","","","","horizons-trial","95","1220281","0.0-81.0","","","","","10","[51,26,34,62,48,49,42,48,51,46]","[80,73,57,85,57,77,59,60,73,73]","""2023-07-16T21:08:06.242Z""","[1,0,1,0]","0","0","1","40","70","40","70","30","0","0","[""arrowright"",""arrowleft"",""arrowright"",""arrowleft"",""arrowright"",""arrowright"",""arrowright"",""arrowright"",""arrowright"",""arrowright""]","[538,295,385,351,1825,419,350,224,159,128]","[80,26,57,62,57,77,59,60,73,73]","[80,0,57,0,57,77,59,60,73,73]","[[79.745,80.2632]]","[]","[]","[]","1","[]","[]","[]","[]","vertical","","","",""
"","","","","","horizons-trial","96","1226498","0.0-82.0","","","","","5","[51,59,63,59,69]","[67,65,53,49,56]","""2023-07-16T21:08:12.459Z""","[0,0,0,1]","1","0","0","60","59","60","59","1","0","0","[""arrowleft"",""arrowleft"",""arrowleft"",""arrowright"",""arrowleft""]","[576,410,386,511,575]","[51,59,63,49,69]","[0,0,63,0,69]","[[50,88.4868]]","[]","[]","[]","1","[]","[]","[]","[]","vertical","","","",""
"","","","","","horizons-trial","97","1232258","0.0-83.0","","","","","5","[51,58,60,51,54]","[59,65,57,57,63]","""2023-07-16T21:08:18.219Z""","[1,0,1,1]","1","1","0","60","56","56","60","4","0","0","[""arrowright"",""arrowleft"",""arrowright"",""arrowright"",""arrowright""]","[569,319,383,931,1214]","[59,58,57,57,63]","[59,0,0,57,63]","[[50,85.1974]]","[]","[]","[]","1","[]","[]","[]","[]","vertical","","","",""
"","","","","","horizons-trial","98","1238922","0.0-84.0","","","","","10","[45,35,38,35,37,49,52,40,32,33]","[64,47,60,38,54,47,56,54,59,50]","""2023-07-16T21:08:24.882Z""","[0,0,0,1]","1","0","1","40","60","40","60","20","0","0","[""arrowleft"",""arrowleft"",""arrowleft"",""arrowright"",""arrowleft"",""arrowleft"",""arrowleft"",""arrowleft"",""arrowleft"",""arrowleft""]","[538,288,288,480,1087,513,479,456,224,191]","[45,35,38,38,37,49,52,40,32,33]","[0,0,0,38,0,49,0,0,0,0]","[[55.6657,82.31909999999999]]","[]","[]","[]","1","[]","[]","[]","[]","vertical","","","",""
"","","","","","horizons-trial","99","1246154","0.0-85.0","","","","","10","[45,50,57,62,54,41,50,56,53,65]","[64,63,58,57,69,63,50,66,51,50]","""2023-07-16T21:08:32.114Z""","[1,0,1,0]","0","1","1","60","52","52","60","8","0","0","[""arrowright"",""arrowleft"",""arrowright"",""arrowleft"",""arrowright"",""arrowright"",""arrowright"",""arrowright"",""arrowright"",""arrowright""]","[570,255,319,350,1538,481,415,350,161,158]","[64,50,58,62,69,63,50,66,51,50]","[64,0,58,62,69,63,50,66,0,0]","[[70.8924,85.6086]]","[]","[]","[]","1","[]","[]","[]","[]","vertical","","","",""
"","","","","","horizons-trial","100","1254481","0.0-86.0","","","","","5","[57,38,23,39,42]","[37,41,45,33,50]","""2023-07-16T21:08:40.442Z""","[0,0,1,1]","0","0","0","40","44","40","44","4","0","0","[""arrowleft"",""arrowleft"",""arrowright"",""arrowright"",""arrowleft""]","[1625,1150,513,447,904]","[57,38,45,33,42]","[57,0,45,0,0]","[[50,85.6086]]","[]","[]","[]","1","[]","[]","[]","[]","vertical","","","",""
"","","","","","horizons-trial","101","1262289","0.0-87.0","","","","","10","[37,35,46,56,47,43,50,61,52,62]","[45,36,31,34,34,33,37,46,41,42]","""2023-07-16T21:08:48.250Z""","[1,1,0,0]","0","1","1","40","52","52","40","12","0","0","[""arrowright"",""arrowright"",""arrowleft"",""arrowleft"",""arrowleft"",""arrowleft"",""arrowleft"",""arrowleft"",""arrowleft"",""arrowleft""]","[540,256,542,320,1730,449,543,383,194,159]","[45,36,46,56,47,43,50,61,52,62]","[45,36,46,56,47,43,50,61,52,62]","[[57.4363,75.3289]]","[]","[]","[]","1","[]","[]","[]","[]","vertical","","","",""
"","","","","","horizons-trial","102","1267452","0.0-88.0","","","","","5","[50,49,39,47,44]","[31,35,44,29,29]","""2023-07-16T21:08:53.412Z""","[1,0,1,0]","0","1","0","40","48","48","40","8","0","0","[""arrowright"",""arrowleft"",""arrowright"",""arrowleft"",""arrowleft""]","[585,316,352,702,1056]","[31,49,44,47,44]","[0,49,44,47,44]","[[50,81.9079]]","[]","[]","[]","1","[]","[]","[]","[]","vertical","","","",""
"","","","","","horizons-trial","103","1274075","0.0-89.0","","","","","10","[46,43,48,48,63,53,61,50,56,61]","[71,56,63,48,52,73,55,60,53,60]","""2023-07-16T21:09:00.035Z""","[1,1,0,0]","0","0","1","60","56","60","56","4","0","0","[""arrowright"",""arrowright"",""arrowleft"",""arrowleft"",""arrowright"",""arrowright"",""arrowright"",""arrowright"",""arrowright"",""arrowright""]","[504,320,351,256,1278,575,352,256,192,158]","[71,56,48,48,52,73,55,60,53,60]","[71,56,0,48,0,73,0,60,0,0]","[[59.2068,77.3849]]","[]","[]","[]","1","[]","[]","[]","[]","vertical","","","",""
"","","","","","horizons-trial","104","1280388","0.0-90.0","","","","","5","[57,32,42,43,36]","[45,45,38,38,48]","""2023-07-16T21:09:06.348Z""","[0,1,0,0]","1","0","0","40","41","40","41","1","0","0","[""arrowleft"",""arrowright"",""arrowleft"",""arrowleft"",""arrowleft""]","[677,384,353,669,1665]","[57,45,42,43,36]","[57,45,42,43,0]","[[50,86.4309]]","[]","[]","[]","1","[]","[]","[]","[]","vertical","","","",""
"","","","","","horizons-trial","105","1291691","0.0-91.0","","","","","5","[30,53,55,56,36]","[57,74,62,51,69]","""2023-07-16T21:09:17.652Z""","[1,1,0,0]","0","0","0","40","60","40","60","20","0","0","[""arrowright"",""arrowright"",""arrowleft"",""arrowleft"",""arrowright""]","[4058,383,383,320,1183]","[57,74,55,56,69]","[57,74,0,56,69]","[[50,90.13158]]","[]","[]","[]","1","[]","[]","[]","[]","vertical","","","",""
"","","","","","horizons-trial","106","1299054","0.0-92.0","","","","","10","[55,42,46,51,35,49,53,27,58,48]","[52,64,58,49,51,73,62,58,55,70]","""2023-07-16T21:09:25.014Z""","[1,0,1,0]","0","1","1","60","48","48","60","12","0","0","[""arrowright"",""arrowleft"",""arrowright"",""arrowleft"",""arrowright"",""arrowright"",""arrowright"",""arrowright"",""arrowright"",""arrowright""]","[508,221,289,289,1664,545,575,223,256,159]","[52,42,58,51,51,73,62,58,55,70]","[0,0,58,51,51,73,62,58,0,70]","[[58.4986,79.0296]]","[]","[]","[]","1","[]","[]","[]","[]","vertical","","","",""
"","","","","","horizons-trial","107","1305746","0.0-93.0","","","","","10","[59,52,68,56,59,54,70,72,67,50]","[20,28,40,28,30,30,26,37,36,41]","""2023-07-16T21:09:31.707Z""","[1,0,1,0]","0","0","1","60","30","60","30","30","0","0","[""arrowright"",""arrowleft"",""arrowright"",""arrowleft"",""arrowleft"",""arrowleft"",""arrowleft"",""arrowleft"",""arrowleft"",""arrowleft""]","[507,232,287,255,1727,416,320,192,190,161]","[20,52,40,56,59,54,70,72,67,50]","[0,52,0,56,59,54,70,72,67,50]","[[57.0822,84.7862]]","[]","[]","[]","1","[]","[]","[]","[]","vertical","","","",""
"","","","","","horizons-trial","108","1313693","0.0-94.0","","","","","10","[38,37,34,43,34,44,32,48,47,44]","[47,31,46,33,26,31,30,45,39,50]","""2023-07-16T21:09:39.654Z""","[1,0,1,1]","1","1","1","40","42","42","40","2","0","0","[""arrowright"",""arrowleft"",""arrowright"",""arrowright"",""arrowright"",""arrowright"",""arrowleft"",""arrowleft"",""arrowright"",""arrowleft""]","[542,223,256,575,1471,482,574,480,391,575]","[47,37,46,33,26,31,32,48,39,44]","[47,37,46,0,0,0,32,48,0,0]","[[58.4986,70.80590000000001]]","[]","[]","[]","1","[]","[]","[]","[]","vertical","","","",""
"","","","","","horizons-trial","109","1322077","0.0-95.0","","","","","10","[47,42,31,37,44,43,31,39,40,32]","[71,67,63,67,73,59,80,80,69,69]","""2023-07-16T21:09:48.036Z""","[1,1,1,0]","1","0","1","40","70","40","70","30","0","0","[""arrowright"",""arrowright"",""arrowright"",""arrowleft"",""arrowright"",""arrowright"",""arrowright"",""arrowright"",""arrowright"",""arrowright""]","[536,417,447,574,512,447,289,159,160,159]","[71,67,63,37,73,59,80,80,69,69]","[71,67,63,0,73,59,80,80,69,69]","[[79.745,98.35526]]","[]","[]","[]","1","[]","[]","[]","[]","vertical","","","",""
"","","","","","horizons-trial","110","1337734","0.0-96.0","","","","","5","[45,40,52,40,36]","[31,38,43,46,45]","""2023-07-16T21:10:03.695Z""","[1,0,0,1]","0","1","0","40","41","41","40","1","0","0","[""arrowright"",""arrowleft"",""arrowleft"",""arrowright"",""arrowleft""]","[8290,379,640,450,1342]","[31,40,52,46,36]","[0,40,52,46,0]","[[50,94.65461]]","[]","[]","[]","1","[]","[]","[]","[]","vertical","","","",""
"","","","","","horizons-trial","111","1348014","0.0-97.0","","","","","5","[56,65,58,79,62]","[34,40,32,43,43]","""2023-07-16T21:10:13.974Z""","[0,1,0,1]","0","1","0","40","60","60","40","20","0","0","[""arrowleft"",""arrowright"",""arrowleft"",""arrowright"",""arrowleft""]","[441,327,256,415,800]","[56,40,58,43,62]","[56,0,58,0,62]","[[50,96.29934]]","[]","[]","[]","1","[]","[]","[]","[]","vertical","","","",""
"","","","","","horizons-trial","112","1356501","0.0-98.0","","","","","10","[51,44,48,61,49,59,53,56,44,48]","[35,39,32,26,28,31,27,45,21,41]","""2023-07-16T21:10:22.462Z""","[1,0,1,1]","1","0","1","60","30","60","30","30","0","0","[""arrowright"",""arrowleft"",""arrowright"",""arrowright"",""arrowleft"",""arrowleft"",""arrowleft"",""arrowleft"",""arrowleft"",""arrowleft""]","[730,319,258,446,1032,801,381,255,161,192]","[35,44,32,26,49,59,53,56,44,48]","[0,44,0,0,49,59,53,56,44,48]","[[57.0822,85.1974]]","[]","[]","[]","1","[]","[]","[]","[]","vertical","","","",""
"","","","","","horizons-trial","113","1364701","0.0-99.0","","","","","10","[51,55,39,39,49,40,32,38,39,56]","[43,50,31,35,37,43,46,45,18,46]","""2023-07-16T21:10:30.662Z""","[1,1,0,0]","0","1","1","40","44","44","40","4","0","0","[""arrowright"",""arrowright"",""arrowleft"",""arrowleft"",""arrowright"",""arrowright"",""arrowright"",""arrowright"",""arrowright"",""arrowright""]","[477,319,352,290,1501,673,512,382,159,160]","[43,50,39,39,37,43,46,45,18,46]","[0,0,39,39,0,43,46,45,0,0]","[[70.8924,85.1974]]","[]","[]","[]","1","[]","[]","[]","[]","vertical","","","",""
"","","","","","horizons-trial","114","1372070","0.0-100.0","","","","","10","[26,33,21,35,35,31,41,30,40,21]","[57,58,50,61,55,63,47,62,56,52]","""2023-07-16T21:10:38.031Z""","[1,0,0,1]","0","1","1","60","30","30","60","30","0","0","[""arrowright"",""arrowleft"",""arrowleft"",""arrowright"",""arrowright"",""arrowright"",""arrowright"",""arrowright"",""arrowright"",""arrowright""]","[509,353,542,351,736,615,385,288,159,191]","[57,33,21,61,55,63,47,62,56,52]","[57,0,0,61,55,63,47,62,56,52]","[[75.4958,94.24342]]","[]","[]","[]","1","[]","[]","[]","[]","vertical","","","",""
"","","","","","horizons-trial","115","1379268","0.0-101.0","","","","","5","[44,58,46,46,39]","[56,72,61,63,53]","""2023-07-16T21:10:45.229Z""","[0,1,1,0]","0","1","0","60","52","52","60","8","0","0","[""arrowleft"",""arrowright"",""arrowright"",""arrowleft"",""arrowright""]","[476,320,511,607,383]","[44,72,61,46,53]","[0,72,61,0,53]","[[50,93.00987]]","[]","[]","[]","1","[]","[]","[]","[]","vertical","","","",""
"","","","","","horizons-trial","116","1388622","0.0-102.0","","","","","5","[67,54,56,69,42]","[54,42,60,52,62]","""2023-07-16T21:10:54.583Z""","[1,1,0,0]","0","1","0","60","58","58","60","2","0","0","[""arrowright"",""arrowright"",""arrowleft"",""arrowleft"",""arrowleft""]","[512,382,351,383,927]","[54,42,56,69,42]","[0,0,0,69,0]","[[50,90.13158]]","[]","[]","[]","1","[]","[]","[]","[]","vertical","","","",""
"","","","","","horizons-trial","117","1395383","0.0-103.0","","","","","5","[57,70,67,39,52]","[68,57,50,46,48]","""2023-07-16T21:11:01.343Z""","[0,1,0,1]","0","0","0","60","56","60","56","4","0","0","[""arrowleft"",""arrowright"",""arrowleft"",""arrowright"",""arrowleft""]","[542,287,350,447,1153]","[57,57,67,46,52]","[0,0,67,46,52]","[[50,88.4868]]","[]","[]","[]","1","[]","[]","[]","[]","vertical","","","",""
"","","","","","horizons-trial","118","1404406","0.0-104.0","","","","","10","[53,39,38,60,50,40,39,52,41,34]","[67,52,56,74,56,61,64,57,77,47]","""2023-07-16T21:11:10.367Z""","[1,0,0,1]","0","0","1","40","60","40","60","20","0","0","[""arrowright"",""arrowleft"",""arrowleft"",""arrowright"",""arrowright"",""arrowright"",""arrowright"",""arrowright"",""arrowright"",""arrowright""]","[637,256,541,352,2207,576,257,158,191,127]","[67,39,38,74,56,61,64,57,77,47]","[67,0,0,74,56,61,64,57,77,47]","[[84.7026,91.77632]]","[]","[]","[]","1","[]","[]","[]","[]","vertical","","","",""
"","","","","","horizons-trial","119","1411902","0.0-105.0","","","","","5","[54,64,49,51,68]","[56,70,56,56,43]","""2023-07-16T21:11:17.863Z""","[1,1,1,0]","1","0","0","60","58","60","58","2","0","0","[""arrowright"",""arrowright"",""arrowright"",""arrowleft"",""arrowright""]","[517,319,382,418,1279]","[56,70,56,51,43]","[56,70,56,0,0]","[[50,92.1875]]","[]","[]","[]","1","[]","[]","[]","[]","vertical","","","",""
"","","","","","horizons-trial","120","1417798","0.0-106.0","","","","","5","[33,35,18,24,44]","[64,46,58,59,61]","""2023-07-16T21:11:23.759Z""","[1,1,0,0]","0","1","0","60","30","30","60","30","0","0","[""arrowright"",""arrowright"",""arrowleft"",""arrowleft"",""arrowright""]","[540,287,416,256,641]","[64,46,18,24,61]","[64,46,0,0,61]","[[50,92.59868]]","[]","[]","[]","1","[]","[]","[]","[]","vertical","","","",""
"","","","","","horizons-trial","121","1426374","0.0-107.0","","","","","10","[41,47,54,33,40,42,39,48,42,41]","[43,57,45,47,42,49,45,36,35,39]","""2023-07-16T21:11:32.334Z""","[1,1,1,0]","1","1","1","40","41","41","40","1","0","0","[""arrowright"",""arrowright"",""arrowright"",""arrowleft"",""arrowleft"",""arrowright"",""arrowright"",""arrowright"",""arrowright"",""arrowright""]","[766,319,318,416,319,1216,705,382,160,189]","[43,57,45,33,40,49,45,36,35,39]","[43,57,0,0,0,49,45,0,0,0]","[[46.4589,69.16120000000001]]","[]","[]","[]","1","[]","[]","[]","[]","vertical","","","",""
"","","","","","horizons-trial","122","1432974","0.0-108.0","","","","","5","[58,61,59,59,67]","[31,31,23,22,36]","""2023-07-16T21:11:38.935Z""","[1,1,0,0]","0","0","0","60","30","60","30","30","0","0","[""arrowright"",""arrowright"",""arrowleft"",""arrowleft"",""arrowleft""]","[477,287,351,487,769]","[31,31,59,59,67]","[0,0,59,59,67]","[[50,100]]","[]","[]","[]","1","[]","[]","[]","[]","vertical","","","",""
"","","","","","horizons-trial","123","1445495","0.0-109.0","","","","","5","[60,58,58,56,52]","[55,47,57,76,67]","""2023-07-16T21:11:51.456Z""","[1,0,0,1]","0","1","0","60","59","59","60","1","0","0","[""arrowright"",""arrowleft"",""arrowleft"",""arrowright"",""arrowright""]","[541,575,609,1247,3686]","[55,58,58,76,67]","[0,58,58,76,67]","[[50,81.4967]]","[]","[]","[]","1","[]","[]","[]","[]","vertical","","","",""
"","","","","","horizons-trial","124","1452926","0.0-110.0","","","","","5","[43,43,48,57,42]","[42,47,45,47,46]","""2023-07-16T21:11:58.887Z""","[1,0,0,0]","1","1","0","40","52","52","40","12","0","0","[""arrowright"",""arrowleft"",""arrowleft"",""arrowleft"",""arrowleft""]","[635,319,382,1217,1511]","[42,43,48,57,42]","[0,0,48,57,0]","[[50,97.94408]]","[]","[]","[]","1","[]","[]","[]","[]","vertical","","","",""
"","","","","","horizons-trial","125","1461096","0.0-111.0","","","","","10","[41,56,45,34,51,39,57,57,50,20]","[35,30,54,37,38,41,26,50,35,32]","""2023-07-16T21:12:07.056Z""","[0,1,1,1]","1","1","1","40","48","48","40","8","0","0","[""arrowleft"",""arrowright"",""arrowright"",""arrowright"",""arrowleft"",""arrowleft"",""arrowleft"",""arrowleft"",""arrowleft"",""arrowleft""]","[606,320,352,415,447,864,415,480,192,158]","[41,30,54,37,51,39,57,57,50,20]","[41,0,54,37,51,0,57,57,50,0]","[[57.4363,76.97370000000001]]","[]","[]","[]","1","[]","[]","[]","[]","vertical","","","",""
"","","","","","horizons-trial","126","1467464","0.0-112.0","","","","","5","[51,67,80,71,64]","[43,32,42,50,42]","""2023-07-16T21:12:13.424Z""","[1,1,0,0]","0","0","0","60","40","60","40","20","0","0","[""arrowright"",""arrowright"",""arrowleft"",""arrowleft"",""arrowleft""]","[605,351,385,287,576]","[43,32,80,71,64]","[0,0,80,71,64]","[[50,95.06578999999999]]","[]","[]","[]","1","[]","[]","[]","[]","vertical","","","",""
"","","","","","horizons-trial","127","1474063","0.0-113.0","","","","","5","[60,47,65,47,64]","[63,62,74,60,70]","""2023-07-16T21:12:20.024Z""","[0,1,1,1]","1","1","0","60","58","58","60","2","0","0","[""arrowleft"",""arrowright"",""arrowright"",""arrowright"",""arrowright""]","[541,351,543,736,511]","[60,62,74,60,70]","[0,62,74,60,70]","[[50,95.06578999999999]]","[]","[]","[]","1","[]","[]","[]","[]","vertical","","","",""
"","","","","","horizons-trial","128","1481847","0.0-114.0","","","","","10","[65,68,56,51,53,58,54,78,70,62]","[72,56,58,45,47,55,40,55,49,64]","""2023-07-16T21:12:27.808Z""","[0,0,0,1]","1","0","1","60","56","60","56","4","0","0","[""arrowleft"",""arrowleft"",""arrowleft"",""arrowright"",""arrowleft"",""arrowleft"",""arrowleft"",""arrowleft"",""arrowleft"",""arrowleft""]","[509,321,384,543,863,610,415,191,200,160]","[65,68,56,45,53,58,54,78,70,62]","[0,68,0,0,53,58,54,78,70,0]","[[93.9094,97.94408]]","[]","[]","[]","1","[]","[]","[]","[]","vertical","","","",""
"","","","","","horizons-trial","129","1493793","0.0-115.0","","","","","10","[64,63,57,43,62,57,70,58,69,67]","[46,57,48,43,33,50,35,35,51,35]","""2023-07-16T21:12:39.753Z""","[1,1,1,0]","1","0","1","60","40","60","40","20","0","0","[""arrowright"",""arrowright"",""arrowright"",""arrowleft"",""arrowright"",""arrowright"",""arrowright"",""arrowright"",""arrowleft"",""arrowleft""]","[511,350,384,416,1857,1120,479,352,576,678]","[46,57,48,43,33,50,35,35,69,67]","[0,0,0,43,0,0,0,0,69,67]","[[45.3966,90.13158]]","[]","[]","[]","1","[]","[]","[]","[]","vertical","","","",""
"","","","","","horizons-trial","130","1502759","0.0-116.0","","","","","10","[58,79,56,59,56,72,55,72,60,59]","[69,61,46,62,61,57,52,63,65,66]","""2023-07-16T21:12:48.720Z""","[1,1,0,1]","1","1","1","60","59","59","60","1","0","0","[""arrowright"",""arrowright"",""arrowleft"",""arrowright"",""arrowright"",""arrowright"",""arrowright"",""arrowright"",""arrowright"",""arrowright""]","[633,511,1023,351,1441,577,416,294,159,160]","[69,61,56,62,61,57,52,63,65,66]","[69,0,56,62,61,0,0,0,65,66]","[[82.5779,93.00987]]","[]","[]","[]","1","[]","[]","[]","[]","vertical","","","",""
"","","","","","horizons-trial","131","1516402","0.0-117.0","","","","","5","[42,44,37,34,38]","[34,28,45,39,31]","""2023-07-16T21:13:02.363Z""","[0,1,1,0]","0","0","0","40","41","40","41","1","0","0","[""arrowleft"",""arrowright"",""arrowright"",""arrowleft"",""arrowleft""]","[509,321,862,480,2398]","[42,28,45,34,38]","[42,0,45,0,38]","[[50,92.59868]]","[]","[]","[]","1","[]","[]","[]","[]","vertical","","","",""
"","","","","","horizons-trial","132","1529433","0.0-118.0","","","","","10","[48,40,36,37,44,39,39,37,42,35]","[63,49,55,56,54,63,66,56,65,55]","""2023-07-16T21:13:15.394Z""","[0,0,1,0]","1","1","1","60","40","40","60","20","0","0","[""arrowleft"",""arrowleft"",""arrowright"",""arrowleft"",""arrowright"",""arrowright"",""arrowright"",""arrowright"",""arrowright"",""arrowright""]","[541,320,414,704,609,4200,479,382,225,160]","[48,40,55,37,54,63,66,56,65,55]","[0,0,55,0,54,63,66,56,65,55]","[[51.7705,95.47697]]","[]","[]","[]","1","[]","[]","[]","[]","vertical","","","",""
"","","","","","survey-html-form","133","1557122","0.0-119.0","27685","{""comments"":"" The average high score from the preceding rounds""}","","","","","","","","","","","","","","","","","","","","","","","","","","","","","","","","","","",""
"","","","","","survey-html-form","134","1576218","0.0-120.0","19093","{""comments"":"" Best guess from the preceding turns""}","","","","","","","","","","","","","","","","","","","","","","","","","","","","","","","","","","",""
"","","","","","survey-html-form","135","1579159","0.0-121.0","2940","{""comments"":"" ""}","","","","","","","","","","","","","","","","","","","","","","","","","","","","","","","","","","","[{""event"":""fullscreenenter"",""trial"":2,""time"":5640},{""event"":""blur"",""trial"":10,""time"":274436},{""event"":""focus"",""trial"":10,""time"":274436},{""event"":""fullscreenexit"",""trial"":10,""time"":274437},{""event"":""blur"",""trial"":15,""time"":440850},{""event"":""focus"",""trial"":15,""time"":440850},{""event"":""blur"",""trial"":71,""time"":1018128},{""event"":""focus"",""trial"":71,""time"":1021686}]"
