"success","timeout","failed_images","failed_audio","failed_video","trial_type","trial_index","time_elapsed","internal_node_id","rt","response","view_history","task","stimulus","question_order","horizon","rewards_L","rewards_R","date","forced_choices","r_info","r_side","r_h","r_mean","r_otherMean","r_mean_L","r_mean_R","r_difference","confidence_immediate_overall","confidence_question_order","key_presses","response_times","outcomes","outcomes_counted_points","confidence","confidence_rt","confidence_2","confidence_2_rt","screen_resolution","belief_confidence_1","belief_confidence_2","belief_confidence_3","belief_confidence_4","immediate_judgement_orientation","phase","responses","num_errors","interactions"
"true","false","[]","[]","[]","preload","0","384","0.0-0.0","","","","","","","","","","","","","","","","","","","","","","","","","","","","","","","","","","","","","","",""
"","","","","","survey-html-form","1","4887","0.0-1.0","4502","{""comments"":""59ccd702faf42e00012b68f5 ""}","","","","","","","","","","","","","","","","","","","","","","","","","","","","","","","","","","","","",""
"true","","","","","fullscreen","2","11312","0.0-2.0","","","","","","","","","","","","","","","","","","","","","","","","","","","","","","","","","","","","","","",""
"","","","","","instructions","3","71297","0.0-3.0","59985","","[{""page_index"":0,""viewing_time"":14744},{""page_index"":1,""viewing_time"":35518},{""page_index"":2,""viewing_time"":2870},{""page_index"":3,""viewing_time"":2396},{""page_index"":4,""viewing_time"":2114},{""page_index"":5,""viewing_time"":2342}]","Consent","","","","","","","","","","","","","","","","","","","","","","","","","","","","","","","","","","",""
"","","","","","html-button-response","4","74601","0.0-4.0","3301","0","","","<p>Declaration of consent for study participation:</p>
            <ul>
                <li> I was informed about the study 'Metacognition in a bandit task', its course, meaning, scope and risks, and I have read and understood the study information.</li>
                <li> I had the opportunity to clarify all open questions. </li>
                <li> I have the right to request further information about the study at any time.</li>
                <li> I voluntarily agree to participate in the study described in the study information provided.</li>
                <li> I have been informed that I may withdraw from this study at any time without incurring any disadvantage.</li>
            </ul>","","","","","","","","","","","","","","","","","","","","","","","","","","","","","","","","","",""
"","","","","","survey-multi-choice","5","91867","0.0-5.0","17264","{""firstDataProtectionQ"":""yes"",""secondDataProtectionQ"":""yes"",""thirdDataProtectionQ"":""yes"",""fourthDataProtectionQ"":""yes""}","","","","[0,1,2,3]","","","","","","","","","","","","","","","","","","","","","","","","","","","","","","","","",""
"","","","","","instructions","6","269110","0.0-6.0-0.0","177242","","[{""page_index"":0,""viewing_time"":2032},{""page_index"":1,""viewing_time"":3084},{""page_index"":2,""viewing_time"":10595},{""page_index"":3,""viewing_time"":14143},{""page_index"":4,""viewing_time"":20020},{""page_index"":5,""viewing_time"":2645},{""page_index"":6,""viewing_time"":5210},{""page_index"":7,""viewing_time"":5760},{""page_index"":8,""viewing_time"":9170},{""page_index"":9,""viewing_time"":14577},{""page_index"":10,""viewing_time"":22100},{""page_index"":11,""viewing_time"":67906}]","","","","","","","","","","","","","","","","","","","","","","","","","","","","","","","","","","","",""
"","","","","","horizons-trial","7","307651","0.0-6.0-1.0","","","","","","","5","[44,57,74,72,62]","[31,33,24,39,29]","""2023-09-15T14:44:07.266Z""","[1,0,1,1]","","","","","","","","","0","","[""arrowright"",""arrowleft"",""arrowright"",""arrowright"",""arrowright""]","[4807,2698,1266,1320,5624]","[31,57,24,39,29]","[0,57,0,0,0]","[[50,5.034700000000001]]","[]","[]","[]","1","[]","[]","[]","[]","vertical","practice","","",""
"","","","","","horizons-trial","8","348971","0.0-6.0-2.0","","","","","","","10","[64,50,57,35,52,38,44,61,39,38]","[70,69,76,71,75,58,81,84,57,61]","""2023-09-15T14:44:48.587Z""","[0,0,1,1]","","","","","","","","","1","","[""arrowleft"",""arrowleft"",""arrowright"",""arrowright"",""arrowleft"",""arrowright"",""arrowright"",""arrowright"",""arrowright"",""arrowright""]","[2262,1123,2282,1652,7962,6935,1489,1168,499,659]","[64,50,76,71,52,58,81,84,57,61]","[0,0,76,71,0,58,81,84,57,61]","[[19.9332,32.8125]]","[]","[]","[]","1","[]","[]","[]","[]","vertical","practice","","",""
"","","","","","instructions","9","368591","0.0-6.0-3.0","19619","","[{""page_index"":0,""viewing_time"":1817},{""page_index"":1,""viewing_time"":14202},{""page_index"":2,""viewing_time"":2222},{""page_index"":3,""viewing_time"":1378}]","","","","","","","","","","","","","","","","","","","","","","","","","","","","","","","","","","","",""
"","","","","","horizons-comprehension","10","393114","0.0-6.0-4.0","24522","","","","","","","","","","","","","","","","","","","","","","","","","","","","","","","","","","","","[""true"",""true"",""true"",""true""]","1",""
"","","","","","instructions","11","478017","0.0-6.1-0.1","83440","","[{""page_index"":0,""viewing_time"":3181},{""page_index"":1,""viewing_time"":3856},{""page_index"":2,""viewing_time"":3960},{""page_index"":3,""viewing_time"":11034},{""page_index"":4,""viewing_time"":7644},{""page_index"":5,""viewing_time"":2117},{""page_index"":6,""viewing_time"":2715},{""page_index"":7,""viewing_time"":8093},{""page_index"":8,""viewing_time"":4193},{""page_index"":9,""viewing_time"":20352},{""page_index"":10,""viewing_time"":13323},{""page_index"":11,""viewing_time"":2972}]","","","","","","","","","","","","","","","","","","","","","","","","","","","","","","","","","","","",""
"","","","","","horizons-trial","12","490476","0.0-6.1-1.1","","","","","","","5","[44,57,74,72,62]","[31,33,24,39,29]","""2023-09-15T14:47:10.091Z""","[1,0,1,1]","","","","","","","","","0","","[""arrowright"",""arrowleft"",""arrowright"",""arrowright"",""arrowleft""]","[2456,1053,513,1069,2152]","[31,57,24,39,62]","[0,57,0,0,62]","[[50,78.5301]]","[]","[]","[]","1","[]","[]","[]","[]","vertical","practice","","",""
"","","","","","horizons-trial","13","511955","0.0-6.1-2.1","","","","","","","10","[64,50,57,35,52,38,44,61,39,38]","[70,69,76,71,75,58,81,84,57,61]","""2023-09-15T14:47:31.571Z""","[0,0,1,1]","","","","","","","","","1","","[""arrowleft"",""arrowleft"",""arrowright"",""arrowright"",""arrowright"",""arrowright"",""arrowright"",""arrowright"",""arrowright"",""arrowright""]","[1213,589,460,453,1863,2283,1050,919,451,399]","[64,50,76,71,75,58,81,84,57,61]","[0,0,76,71,75,58,81,84,57,61]","[[90.9243,99.9421261]]","[]","[]","[]","1","[]","[]","[]","[]","vertical","practice","","",""
"","","","","","instructions","14","521109","0.0-6.1-3.1","9154","","[{""page_index"":0,""viewing_time"":1853},{""page_index"":1,""viewing_time"":3481},{""page_index"":2,""viewing_time"":2860},{""page_index"":3,""viewing_time"":960}]","","","","","","","","","","","","","","","","","","","","","","","","","","","","","","","","","","","",""
"","","","","","horizons-comprehension","15","565197","0.0-6.1-4.1","44086","","","","","","","","","","","","","","","","","","","","","","","","","","","","","","","","","","","","[""true"",""true"",""true"",""true""]","1",""
"","","","","","instructions","16","573835","0.0-6.2-0.2","4315","","[{""page_index"":0,""viewing_time"":1194},{""page_index"":1,""viewing_time"":400},{""page_index"":2,""viewing_time"":338},{""page_index"":3,""viewing_time"":184},{""page_index"":4,""viewing_time"":226},{""page_index"":5,""viewing_time"":306},{""page_index"":6,""viewing_time"":210},{""page_index"":7,""viewing_time"":197},{""page_index"":8,""viewing_time"":360},{""page_index"":9,""viewing_time"":344},{""page_index"":10,""viewing_time"":374},{""page_index"":11,""viewing_time"":182}]","","","","","","","","","","","","","","","","","","","","","","","","","","","","","","","","","","","",""
"","","","","","horizons-trial","17","578876","0.0-6.2-1.2","","","","","","","5","[44,57,74,72,62]","[31,33,24,39,29]","""2023-09-15T14:48:38.492Z""","[1,0,1,1]","","","","","","","","","0","","[""arrowright"",""arrowleft"",""arrowright"",""arrowright"",""arrowright""]","[1069,267,220,288,547]","[31,57,24,39,29]","[0,57,0,0,0]","[[50,4.166700000000006]]","[]","[]","[]","1","[]","[]","[]","[]","vertical","practice","","",""
"","","","","","horizons-trial","18","586262","0.0-6.2-2.2","","","","","","","10","[64,50,57,35,52,38,44,61,39,38]","[70,69,76,71,75,58,81,84,57,61]","""2023-09-15T14:48:45.878Z""","[0,0,1,1]","","","","","","","","","1","","[""arrowleft"",""arrowleft"",""arrowright"",""arrowright"",""arrowleft"",""arrowright"",""arrowright"",""arrowright"",""arrowright"",""arrowright""]","[1004,268,217,228,346,502,203,142,152,145]","[64,50,76,71,52,58,81,84,57,61]","[0,0,76,71,0,58,81,84,57,61]","[[8.79732,10.532399999999996]]","[]","[]","[]","1","[]","[]","[]","[]","vertical","practice","","",""
"","","","","","instructions","19","588729","0.0-6.2-3.2","2468","","[{""page_index"":0,""viewing_time"":800},{""page_index"":1,""viewing_time"":1036},{""page_index"":2,""viewing_time"":344},{""page_index"":3,""viewing_time"":288}]","","","","","","","","","","","","","","","","","","","","","","","","","","","","","","","","","","","",""
"","","","","","horizons-comprehension","20","592570","0.0-6.2-4.2","3839","","","","","","","","","","","","","","","","","","","","","","","","","","","","","","","","","","","","[""true"",""true"",""true"",""false""]","2",""
"","","","","","instructions","21","593296","0.0-7.0","724","","[{""page_index"":0,""viewing_time"":724}]","","","","","","","","","","","","","","","","","","","","","","","","","","","","","","","","","","","",""
"","","","","","horizons-trial","22","608085","0.0-8.0","","","","","","","5","[50,61,55,56,63]","[42,36,40,53,43]","""2023-09-15T14:49:07.701Z""","[0,1,0,1]","0","1","0","40","52","52","40","12","0","0","[""arrowleft"",""arrowright"",""arrowleft"",""arrowright"",""arrowleft""]","[2930,1696,1016,615,4630]","[50,36,55,53,63]","[50,0,55,0,63]","[[50,29.629599999999996]]","[]","[]","[]","1","[]","[]","[]","[]","vertical","","","",""
"","","","","","horizons-trial","23","615847","0.0-9.0","","","","","","","5","[70,62,59,59,47]","[19,28,33,35,28]","""2023-09-15T14:49:15.463Z""","[1,0,1,1]","1","0","0","60","30","60","30","30","0","0","[""arrowright"",""arrowleft"",""arrowright"",""arrowright"",""arrowleft""]","[1996,288,268,472,976]","[19,62,33,35,47]","[0,62,0,0,47]","[[50,80.8449]]","[]","[]","[]","1","[]","[]","[]","[]","vertical","","","",""
"","","","","","horizons-trial","24","623186","0.0-10.0","","","","","","","5","[62,56,58,55,49]","[50,36,44,28,38]","""2023-09-15T14:49:22.802Z""","[0,0,0,1]","1","1","0","40","60","60","40","20","0","0","[""arrowleft"",""arrowleft"",""arrowleft"",""arrowright"",""arrowleft""]","[780,334,836,439,2031]","[62,56,58,28,49]","[62,56,58,0,49]","[[50,100]]","[]","[]","[]","1","[]","[]","[]","[]","vertical","","","",""
"","","","","","horizons-trial","25","638018","0.0-11.0","","","","","","","10","[57,61,75,62,77,66,69,68,59,64]","[47,63,51,57,53,46,40,47,55,51]","""2023-09-15T14:49:37.633Z""","[0,0,0,1]","1","0","1","60","56","60","56","4","0","0","[""arrowleft"",""arrowleft"",""arrowleft"",""arrowright"",""arrowleft"",""arrowleft"",""arrowleft"",""arrowleft"",""arrowleft"",""arrowleft""]","[935,361,360,398,3976,1438,694,382,382,769]","[57,61,75,57,77,66,69,68,59,64]","[57,0,75,0,77,66,69,68,59,64]","[[11.8597,42.3611]]","[]","[]","[]","1","[]","[]","[]","[]","vertical","","","",""
"","","","","","horizons-trial","26","645554","0.0-12.0","","","","","","","5","[25,31,42,37,42]","[47,35,30,40,51]","""2023-09-15T14:49:45.170Z""","[1,0,0,0]","1","1","0","40","41","41","40","1","0","0","[""arrowright"",""arrowleft"",""arrowleft"",""arrowleft"",""arrowright""]","[948,491,514,515,1978]","[47,31,42,37,51]","[47,0,42,0,51]","[[50,50.463]]","[]","[]","[]","1","[]","[]","[]","[]","vertical","","","",""
"","","","","","horizons-trial","27","664320","0.0-13.0","","","","","","","10","[49,63,39,46,38,44,45,23,40,34]","[44,43,34,51,41,43,50,42,65,43]","""2023-09-15T14:50:03.936Z""","[1,0,1,0]","0","0","1","40","48","40","48","8","0","0","[""arrowright"",""arrowleft"",""arrowright"",""arrowleft"",""arrowleft"",""arrowleft"",""arrowleft"",""arrowleft"",""arrowleft"",""arrowleft""]","[715,285,364,356,1386,4347,446,362,354,341]","[44,63,34,46,38,44,45,23,40,34]","[0,63,0,0,0,44,0,0,0,0]","[[85.9131,95.3125]]","[]","[]","[]","1","[]","[]","[]","[]","vertical","","","",""
"","","","","","horizons-trial","28","674885","0.0-14.0","","","","","","","5","[36,37,25,45,45]","[37,44,32,43,37]","""2023-09-15T14:50:14.500Z""","[1,1,0,0]","0","0","0","40","44","40","44","4","0","0","[""arrowright"",""arrowright"",""arrowleft"",""arrowleft"",""arrowright""]","[701,346,551,1167,3783]","[37,44,25,45,37]","[37,44,0,45,0]","[[50,52.7778]]","[]","[]","[]","1","[]","[]","[]","[]","vertical","","","",""
"","","","","","horizons-trial","29","680970","0.0-15.0","","","","","","","5","[42,53,42,50,50]","[43,42,53,42,31]","""2023-09-15T14:50:20.585Z""","[1,1,0,0]","0","1","0","40","44","44","40","4","0","0","[""arrowright"",""arrowright"",""arrowleft"",""arrowleft"",""arrowleft""]","[775,364,340,518,1099]","[43,42,42,50,50]","[43,0,0,50,50]","[[50,29.629599999999996]]","[]","[]","[]","1","[]","[]","[]","[]","vertical","","","",""
"","","","","","horizons-trial","30","700960","0.0-16.0","","","","","","","10","[33,30,35,46,28,38,33,35,39,31]","[47,40,44,38,23,45,51,33,37,33]","""2023-09-15T14:50:40.575Z""","[0,1,1,0]","0","0","1","40","41","40","41","1","0","0","[""arrowleft"",""arrowright"",""arrowright"",""arrowleft"",""arrowright"",""arrowleft"",""arrowleft"",""arrowleft"",""arrowleft"",""arrowleft""]","[530,310,314,277,2311,1550,2404,476,365,318]","[33,40,44,46,23,38,33,35,39,31]","[0,40,44,46,0,0,0,35,39,0]","[[17.1492,42.3611]]","[]","[]","[]","1","[]","[]","[]","[]","vertical","","","",""
"","","","","","horizons-trial","31","710323","0.0-17.0","","","","","","","10","[44,47,41,38,43,43,45,30,38,45]","[43,42,56,59,57,40,44,50,49,57]","""2023-09-15T14:50:49.938Z""","[0,1,0,1]","0","0","1","40","52","40","52","12","0","0","[""arrowleft"",""arrowright"",""arrowleft"",""arrowright"",""arrowright"",""arrowright"",""arrowright"",""arrowright"",""arrowright"",""arrowright""]","[518,345,401,335,1471,985,343,436,271,265]","[44,42,41,59,57,40,44,50,49,57]","[44,0,0,59,57,0,0,50,49,57]","[[45.824,78.8194]]","[]","[]","[]","1","[]","[]","[]","[]","vertical","","","",""
"","","","","","horizons-trial","32","721881","0.0-18.0","","","","","","","5","[63,54,49,50,58]","[71,57,46,57,57]","""2023-09-15T14:51:01.496Z""","[0,1,0,0]","1","1","0","60","56","56","60","4","0","0","[""arrowleft"",""arrowright"",""arrowleft"",""arrowleft"",""arrowleft""]","[631,318,316,676,6538]","[63,57,49,50,58]","[0,57,49,0,58]","[[50,16.3194]]","[]","[]","[]","1","[]","[]","[]","[]","vertical","","","",""
"","","","","","horizons-trial","33","729396","0.0-19.0","","","","","","","5","[39,59,44,46,47]","[47,52,17,57,49]","""2023-09-15T14:51:09.012Z""","[1,1,0,0]","0","1","0","40","48","48","40","8","0","0","[""arrowright"",""arrowright"",""arrowleft"",""arrowleft"",""arrowright""]","[653,313,323,737,2881]","[47,52,44,46,49]","[47,0,44,0,49]","[[50,68.1134]]","[]","[]","[]","1","[]","[]","[]","[]","vertical","","","",""
"","","","","","horizons-trial","34","749525","0.0-20.0","","","","","","","10","[54,57,61,42,61,65,64,61,52,48]","[69,54,57,52,56,56,72,67,58,63]","""2023-09-15T14:51:29.141Z""","[0,1,0,1]","0","1","1","60","56","56","60","4","0","0","[""arrowleft"",""arrowright"",""arrowleft"",""arrowright"",""arrowleft"",""arrowleft"",""arrowleft"",""arrowleft"",""arrowleft"",""arrowleft""]","[689,287,230,269,3223,2375,650,231,207,342]","[54,54,61,52,61,65,64,61,52,48]","[0,0,61,52,61,65,0,0,0,0]","[[57.5167,97.33796]]","[]","[]","[]","1","[]","[]","[]","[]","vertical","","","",""
"","","","","","horizons-trial","35","758716","0.0-21.0","","","","","","","10","[49,47,41,33,43,44,37,38,27,41]","[30,44,35,39,47,35,48,58,27,28]","""2023-09-15T14:51:38.332Z""","[1,0,1,1]","1","0","1","40","42","40","42","2","0","0","[""arrowright"",""arrowleft"",""arrowright"",""arrowright"",""arrowleft"",""arrowleft"",""arrowleft"",""arrowleft"",""arrowleft"",""arrowleft""]","[813,220,236,380,1424,1177,301,234,279,280]","[30,47,35,39,43,44,37,38,27,41]","[0,47,0,39,0,44,0,0,27,41]","[[95.657,98.78472]]","[]","[]","[]","1","[]","[]","[]","[]","vertical","","","",""
"","","","","","horizons-trial","36","768918","0.0-22.0","","","","","","","5","[42,38,49,34,32]","[30,38,49,31,42]","""2023-09-15T14:51:48.534Z""","[1,1,1,0]","1","0","0","40","42","40","42","2","0","0","[""arrowright"",""arrowright"",""arrowright"",""arrowleft"",""arrowleft""]","[1063,326,321,369,5360]","[30,38,49,34,32]","[0,38,49,34,0]","[[50,10.242999999999995]]","[]","[]","[]","1","[]","[]","[]","[]","vertical","","","",""
"","","","","","horizons-trial","37","777050","0.0-23.0","","","","","","","10","[56,50,41,53,45,43,52,45,45,52]","[50,64,72,65,52,40,57,71,52,59]","""2023-09-15T14:51:56.666Z""","[0,0,1,1]","0","1","1","60","48","48","60","12","0","0","[""arrowleft"",""arrowleft"",""arrowright"",""arrowright"",""arrowright"",""arrowright"",""arrowright"",""arrowright"",""arrowright"",""arrowright""]","[503,284,387,656,973,707,444,332,202,267]","[56,50,72,65,52,40,57,71,52,59]","[56,0,72,65,52,0,57,71,52,59]","[[100,99.9421261]]","[]","[]","[]","1","[]","[]","[]","[]","vertical","","","",""
"","","","","","horizons-trial","38","783572","0.0-24.0","","","","","","","5","[43,40,49,47,35]","[64,73,70,66,67]","""2023-09-15T14:52:03.188Z""","[1,0,0,1]","0","0","0","40","70","40","70","30","0","0","[""arrowright"",""arrowleft"",""arrowleft"",""arrowright"",""arrowright""]","[1231,445,406,371,1332]","[64,40,49,66,67]","[64,0,0,66,67]","[[50,87.2106]]","[]","[]","[]","1","[]","[]","[]","[]","vertical","","","",""
"","","","","","horizons-trial","39","804656","0.0-25.0","","","","","","","10","[55,42,41,34,38,25,35,42,44,42]","[55,56,51,57,48,39,46,46,50,50]","""2023-09-15T14:52:24.272Z""","[0,0,1,0]","1","0","1","40","48","40","48","8","0","0","[""arrowleft"",""arrowleft"",""arrowright"",""arrowleft"",""arrowright"",""arrowright"",""arrowright"",""arrowright"",""arrowright"",""arrowright""]","[653,364,338,373,8444,2318,621,293,224,242]","[55,42,51,34,48,39,46,46,50,50]","[55,0,51,0,48,39,46,46,50,50]","[[9.91091,18.344899999999996]]","[]","[]","[]","1","[]","[]","[]","[]","vertical","","","",""
"","","","","","horizons-trial","40","810429","0.0-26.0","","","","","","","5","[63,63,62,74,53]","[46,35,42,38,36]","""2023-09-15T14:52:30.045Z""","[0,1,0,0]","1","1","0","40","70","70","40","30","0","0","[""arrowleft"",""arrowright"",""arrowleft"",""arrowleft"",""arrowleft""]","[579,251,259,541,691]","[63,35,62,74,53]","[63,0,62,74,53]","[[50,100]]","[]","[]","[]","1","[]","[]","[]","[]","vertical","","","",""
"","","","","","horizons-trial","41","828323","0.0-27.0","","","","","","","10","[56,47,35,36,35,31,53,43,42,35]","[39,51,43,33,33,41,44,31,46,48]","""2023-09-15T14:52:47.938Z""","[0,0,0,1]","1","1","1","40","42","42","40","2","0","0","[""arrowleft"",""arrowleft"",""arrowleft"",""arrowright"",""arrowright"",""arrowleft"",""arrowleft"",""arrowleft"",""arrowleft"",""arrowleft""]","[480,318,306,328,7150,1035,572,391,339,335]","[56,47,35,33,33,31,53,43,42,35]","[56,0,0,0,0,0,53,43,0,0]","[[0.723824,11.979200000000006]]","[]","[]","[]","1","[]","[]","[]","[]","vertical","","","",""
"","","","","","horizons-trial","42","839999","0.0-28.0","","","","","","","10","[35,32,30,36,42,43,41,43,45,40]","[63,73,57,67,53,55,55,60,56,59]","""2023-09-15T14:52:59.615Z""","[1,1,1,0]","1","0","1","40","60","40","60","20","0","0","[""arrowright"",""arrowright"",""arrowright"",""arrowleft"",""arrowright"",""arrowright"",""arrowright"",""arrowright"",""arrowright"",""arrowright""]","[791,590,1197,373,1776,1025,258,144,248,275]","[63,73,57,36,53,55,55,60,56,59]","[63,73,57,0,53,55,55,60,56,59]","[[93.4298,97.33796]]","[]","[]","[]","1","[]","[]","[]","[]","vertical","","","",""
"","","","","","horizons-trial","43","851623","0.0-29.0","","","","","","","10","[54,49,61,54,64,50,61,66,66,69]","[43,23,39,21,39,44,34,34,39,44]","""2023-09-15T14:53:11.239Z""","[1,0,0,1]","0","1","1","40","60","60","40","20","0","0","[""arrowright"",""arrowleft"",""arrowleft"",""arrowright"",""arrowleft"",""arrowleft"",""arrowleft"",""arrowleft"",""arrowleft"",""arrowleft""]","[741,231,321,304,3761,798,242,183,164,185]","[43,49,61,21,64,50,61,66,66,69]","[0,49,61,0,64,50,61,66,66,69]","[[92.3162,97.33796]]","[]","[]","[]","1","[]","[]","[]","[]","vertical","","","",""
"","","","","","horizons-trial","44","867311","0.0-30.0","","","","","","","10","[47,38,58,49,47,35,46,43,36,48]","[52,67,68,54,55,67,58,67,48,59]","""2023-09-15T14:53:26.927Z""","[0,0,1,1]","0","1","1","60","40","40","60","20","0","0","[""arrowleft"",""arrowleft"",""arrowright"",""arrowright"",""arrowright"",""arrowright"",""arrowright"",""arrowright"",""arrowright"",""arrowright""]","[698,2428,3294,1248,1221,1337,378,282,191,191]","[47,38,68,54,55,67,58,67,48,59]","[0,0,68,54,55,67,58,67,48,59]","[[100,100]]","[]","[]","[]","1","[]","[]","[]","[]","vertical","","","",""
"","","","","","horizons-trial","45","873376","0.0-31.0","","","","","","","5","[33,42,41,29,57]","[43,36,49,38,46]","""2023-09-15T14:53:32.992Z""","[0,1,0,1]","0","1","0","40","41","41","40","1","0","0","[""arrowleft"",""arrowright"",""arrowleft"",""arrowright"",""arrowright""]","[359,295,339,467,2044]","[33,36,41,38,46]","[0,0,0,38,0]","[[50,75.6366]]","[]","[]","[]","1","[]","[]","[]","[]","vertical","","","",""
"","","","","","horizons-trial","46","885475","0.0-32.0","","","","","","","10","[46,35,52,47,60,42,62,37,52,60]","[49,61,63,52,68,67,55,55,66,67]","""2023-09-15T14:53:45.091Z""","[1,1,1,0]","1","1","1","60","52","52","60","8","0","0","[""arrowright"",""arrowright"",""arrowright"",""arrowleft"",""arrowright"",""arrowright"",""arrowright"",""arrowright"",""arrowright"",""arrowright""]","[582,298,293,309,1574,1391,211,167,166,309]","[49,61,63,47,68,67,55,55,66,67]","[49,61,63,0,68,67,0,55,66,67]","[[83.9644,92.12963]]","[]","[]","[]","1","[]","[]","[]","[]","vertical","","","",""
"","","","","","horizons-trial","47","906360","0.0-33.0","","","","","","","10","[50,64,64,65,47,59,60,64,60,44]","[55,68,56,60,65,41,37,47,47,46]","""2023-09-15T14:54:05.976Z""","[0,0,1,1]","0","0","1","60","52","60","52","8","0","0","[""arrowleft"",""arrowleft"",""arrowright"",""arrowright"",""arrowleft"",""arrowleft"",""arrowleft"",""arrowleft"",""arrowleft"",""arrowleft""]","[394,344,316,320,5822,4582,538,246,188,214]","[50,64,56,60,47,59,60,64,60,44]","[0,0,0,0,0,59,60,64,60,0]","[[28.5635,30.208299999999994]]","[]","[]","[]","1","[]","[]","[]","[]","vertical","","","",""
"","","","","","horizons-trial","48","917148","0.0-34.0","","","","","","","10","[42,47,51,41,36,38,40,51,34,39]","[76,64,82,72,70,52,68,75,65,61]","""2023-09-15T14:54:16.764Z""","[1,1,0,0]","0","0","1","40","70","40","70","30","0","0","[""arrowright"",""arrowright"",""arrowleft"",""arrowleft"",""arrowright"",""arrowright"",""arrowright"",""arrowright"",""arrowright"",""arrowright""]","[588,400,395,536,2270,715,182,139,170,182]","[76,64,51,41,70,52,68,75,65,61]","[76,64,0,0,70,52,68,75,65,61]","[[100,100]]","[]","[]","[]","1","[]","[]","[]","[]","vertical","","","",""
"","","","","","horizons-trial","49","925519","0.0-35.0","","","","","","","5","[38,28,31,50,40]","[31,48,37,46,46]","""2023-09-15T14:54:25.135Z""","[0,0,1,0]","1","0","0","40","44","40","44","4","0","0","[""arrowleft"",""arrowleft"",""arrowright"",""arrowleft"",""arrowright""]","[682,334,308,483,3661]","[38,28,37,50,46]","[38,0,37,50,46]","[[50,90.68287]]","[]","[]","[]","1","[]","[]","[]","[]","vertical","","","",""
"","","","","","horizons-trial","50","932976","0.0-36.0","","","","","","","10","[73,64,65,60,78,73,64,76,65,69]","[53,34,53,35,29,40,37,41,42,29]","""2023-09-15T14:54:32.592Z""","[1,0,1,0]","0","1","1","40","70","70","40","30","0","0","[""arrowright"",""arrowleft"",""arrowright"",""arrowleft"",""arrowleft"",""arrowleft"",""arrowleft"",""arrowleft"",""arrowleft"",""arrowleft""]","[525,295,314,306,1286,900,184,140,160,173]","[53,64,53,60,78,73,64,76,65,69]","[0,64,0,60,78,73,64,76,65,69]","[[33.5746,42.0718]]","[]","[]","[]","1","[]","[]","[]","[]","vertical","","","",""
"","","","","","horizons-trial","51","942614","0.0-37.0","","","","","","","10","[62,41,48,62,48,33,50,48,40,50]","[55,67,64,55,41,63,57,65,55,58]","""2023-09-15T14:54:42.230Z""","[0,1,1,1]","1","1","1","60","48","48","60","12","0","0","[""arrowleft"",""arrowright"",""arrowright"",""arrowright"",""arrowright"",""arrowright"",""arrowright"",""arrowright"",""arrowright"",""arrowright""]","[478,275,369,360,1656,751,299,232,235,304]","[62,67,64,55,41,63,57,65,55,58]","[62,67,64,0,0,63,57,65,55,58]","[[100,100]]","[]","[]","[]","1","[]","[]","[]","[]","vertical","","","",""
"","","","","","horizons-trial","52","951856","0.0-38.0","","","","","","","10","[57,58,76,54,74,60,65,74,61,64]","[62,56,53,69,48,73,72,52,50,70]","""2023-09-15T14:54:51.472Z""","[1,1,0,0]","0","0","1","60","59","60","59","1","0","0","[""arrowright"",""arrowright"",""arrowleft"",""arrowleft"",""arrowleft"",""arrowleft"",""arrowleft"",""arrowleft"",""arrowleft"",""arrowleft""]","[536,290,359,430,1974,890,188,200,161,180]","[62,56,76,54,74,60,65,74,61,64]","[62,0,76,0,74,0,0,74,61,0]","[[99.2762,99.07407]]","[]","[]","[]","1","[]","[]","[]","[]","vertical","","","",""
"","","","","","horizons-trial","53","963423","0.0-39.0","","","","","","","5","[42,63,63,54,68]","[65,44,51,49,53]","""2023-09-15T14:55:03.038Z""","[1,0,1,0]","0","1","0","60","59","59","60","1","0","0","[""arrowright"",""arrowleft"",""arrowright"",""arrowleft"",""arrowright""]","[550,253,304,3502,4015]","[65,63,51,54,53]","[65,63,0,54,0]","[[50,29.918999999999997]]","[]","[]","[]","1","[]","[]","[]","[]","vertical","","","",""
"","","","","","horizons-trial","54","975012","0.0-40.0","","","","","","","10","[45,34,45,34,52,29,43,57,25,39]","[44,43,37,32,48,45,33,28,35,38]","""2023-09-15T14:55:14.628Z""","[1,1,1,0]","1","0","1","40","41","40","41","1","0","0","[""arrowright"",""arrowright"",""arrowright"",""arrowleft"",""arrowleft"",""arrowleft"",""arrowright"",""arrowright"",""arrowright"",""arrowright""]","[563,294,329,332,4913,730,687,225,194,334]","[44,43,37,34,52,29,33,28,35,38]","[0,43,0,34,52,0,0,0,35,0]","[[3.78618,5.902799999999999]]","[]","[]","[]","1","[]","[]","[]","[]","vertical","","","",""
"","","","","","horizons-trial","55","981932","0.0-41.0","","","","","","","5","[33,49,43,44,36]","[39,46,43,43,42]","""2023-09-15T14:55:21.547Z""","[1,0,0,1]","0","1","0","40","42","42","40","2","0","0","[""arrowright"",""arrowleft"",""arrowleft"",""arrowright"",""arrowleft""]","[789,271,335,585,2754]","[39,49,43,43,36]","[39,49,43,0,0]","[[50,44.6759]]","[]","[]","[]","1","[]","[]","[]","[]","vertical","","","",""
"","","","","","horizons-trial","56","992393","0.0-42.0","","","","","","","10","[47,37,37,33,40,44,50,49,27,37]","[44,44,42,31,47,41,31,48,37,43]","""2023-09-15T14:55:32.009Z""","[1,0,1,0]","0","1","1","40","42","42","40","2","0","0","[""arrowright"",""arrowleft"",""arrowright"",""arrowleft"",""arrowright"",""arrowright"",""arrowright"",""arrowright"",""arrowright"",""arrowright""]","[433,291,282,561,1482,1058,401,172,247,169]","[44,37,42,33,47,41,31,48,37,43]","[0,0,42,33,47,0,0,0,37,43]","[[32.7394,90.10416000000001]]","[]","[]","[]","1","[]","[]","[]","[]","vertical","","","",""
"","","","","","horizons-trial","57","997746","0.0-43.0","","","","","","","5","[47,40,37,36,46]","[51,61,60,61,57]","""2023-09-15T14:55:37.362Z""","[1,0,1,1]","1","0","0","40","60","40","60","20","0","0","[""arrowright"",""arrowleft"",""arrowright"",""arrowright"",""arrowright""]","[544,307,285,1133,743]","[51,40,60,61,57]","[51,0,60,61,57]","[[50,81.4236]]","[]","[]","[]","1","[]","[]","[]","[]","vertical","","","",""
"","","","","","horizons-trial","58","1015194","0.0-44.0","","","","","","","10","[27,48,49,41,40,42,32,39,34,52]","[34,38,35,42,42,28,43,35,37,46]","""2023-09-15T14:55:54.810Z""","[1,1,0,0]","0","0","1","40","42","40","42","2","0","0","[""arrowright"",""arrowright"",""arrowleft"",""arrowleft"",""arrowleft"",""arrowleft"",""arrowleft"",""arrowleft"",""arrowleft"",""arrowleft""]","[400,399,318,303,1805,3371,508,521,370,226]","[34,38,49,41,40,42,32,39,34,52]","[34,0,49,0,0,42,0,39,0,52]","[[42.7617,98.20601]]","[]","[]","[]","1","[]","[]","[]","[]","vertical","","","",""
"","","","","","horizons-trial","59","1020306","0.0-45.0","","","","","","","5","[30,47,38,44,45]","[68,68,59,72,74]","""2023-09-15T14:55:59.922Z""","[0,1,1,1]","1","0","0","40","70","40","70","30","0","0","[""arrowleft"",""arrowright"",""arrowright"",""arrowright"",""arrowright""]","[791,297,322,405,945]","[30,68,59,72,74]","[0,68,59,72,74]","[[50,100]]","[]","[]","[]","1","[]","[]","[]","[]","vertical","","","",""
"","","","","","horizons-trial","60","1032097","0.0-46.0","","","","","","","10","[53,65,69,61,58,67,51,56,71,43]","[64,78,70,57,61,61,53,72,57,62]","""2023-09-15T14:56:11.712Z""","[0,1,0,0]","1","0","1","60","59","60","59","1","0","0","[""arrowleft"",""arrowright"",""arrowleft"",""arrowleft"",""arrowright"",""arrowright"",""arrowright"",""arrowright"",""arrowright"",""arrowright""]","[498,480,314,422,2435,964,215,173,142,155]","[53,78,69,61,61,61,53,72,57,62]","[0,78,0,61,61,0,53,72,0,62]","[[81.1804,97.91666]]","[]","[]","[]","1","[]","[]","[]","[]","vertical","","","",""
"","","","","","horizons-trial","61","1041500","0.0-47.0","","","","","","","10","[33,17,27,34,19,46,31,27,26,32]","[65,59,56,59,62,54,70,60,64,64]","""2023-09-15T14:56:21.116Z""","[1,0,0,1]","0","1","1","60","30","30","60","30","0","0","[""arrowright"",""arrowleft"",""arrowleft"",""arrowright"",""arrowright"",""arrowright"",""arrowright"",""arrowright"",""arrowright"",""arrowright""]","[638,268,277,427,2887,671,201,303,138,134]","[65,17,27,59,62,54,70,60,64,64]","[65,0,0,59,62,54,70,60,64,64]","[[98.441,99.07407]]","[]","[]","[]","1","[]","[]","[]","[]","vertical","","","",""
"","","","","","horizons-trial","62","1050443","0.0-48.0","","","","","","","10","[38,34,53,42,39,45,34,47,34,39]","[43,36,43,40,36,31,35,28,46,49]","""2023-09-15T14:56:30.058Z""","[0,0,1,1]","0","1","1","40","41","41","40","1","0","0","[""arrowleft"",""arrowleft"",""arrowright"",""arrowright"",""arrowright"",""arrowright"",""arrowleft"",""arrowleft"",""arrowright"",""arrowright""]","[464,278,296,275,1716,582,705,292,664,403]","[38,34,43,40,36,31,34,47,46,49]","[0,0,0,0,0,0,0,47,46,49]","[[80.3452,89.8148]]","[]","[]","[]","1","[]","[]","[]","[]","vertical","","","",""
"","","","","","horizons-trial","63","1058695","0.0-49.0","","","","","","","10","[51,43,55,42,45,50,58,57,61,44]","[45,35,25,28,31,48,34,28,47,51]","""2023-09-15T14:56:38.311Z""","[0,1,0,0]","1","1","1","40","52","52","40","12","0","0","[""arrowleft"",""arrowright"",""arrowleft"",""arrowleft"",""arrowleft"",""arrowleft"",""arrowleft"",""arrowleft"",""arrowleft"",""arrowleft""]","[703,304,342,539,1761,764,316,148,141,229]","[51,35,55,42,45,50,58,57,61,44]","[51,0,55,42,45,50,58,57,61,0]","[[60.0223,99.07407]]","[]","[]","[]","1","[]","[]","[]","[]","vertical","","","",""
"","","","","","horizons-trial","64","1064174","0.0-50.0","","","","","","","5","[68,61,60,70,61]","[34,58,50,54,60]","""2023-09-15T14:56:43.790Z""","[0,0,1,0]","1","0","0","60","52","60","52","8","0","0","[""arrowleft"",""arrowleft"",""arrowright"",""arrowleft"",""arrowleft""]","[529,333,330,460,1139]","[68,61,50,70,61]","[68,61,0,70,61]","[[50,100]]","[]","[]","[]","1","[]","[]","[]","[]","vertical","","","",""
"","","","","","horizons-trial","65","1071411","0.0-51.0","","","","","","","5","[57,64,56,53,45]","[45,56,49,62,57]","""2023-09-15T14:56:51.027Z""","[1,1,1,0]","1","1","0","60","59","59","60","1","0","0","[""arrowright"",""arrowright"",""arrowright"",""arrowleft"",""arrowright""]","[471,363,347,1971,1740]","[45,56,49,53,57]","[0,0,0,0,57]","[[50,63.1944]]","[]","[]","[]","1","[]","[]","[]","[]","vertical","","","",""
"","","","","","horizons-trial","66","1079519","0.0-52.0","","","","","","","5","[31,33,47,51,45]","[60,40,48,45,34]","""2023-09-15T14:56:59.134Z""","[0,1,0,0]","1","1","0","40","44","44","40","4","0","0","[""arrowleft"",""arrowright"",""arrowleft"",""arrowleft"",""arrowright""]","[649,282,336,656,4038]","[31,40,47,51,34]","[0,40,0,51,0]","[[50,10.532399999999996]]","[]","[]","[]","1","[]","[]","[]","[]","vertical","","","",""
"","","","","","horizons-trial","67","1084042","0.0-53.0","","","","","","","5","[52,35,51,54,43]","[37,44,50,34,46]","""2023-09-15T14:57:03.658Z""","[1,0,0,1]","0","0","0","40","42","40","42","2","0","0","[""arrowright"",""arrowleft"",""arrowleft"",""arrowright"",""arrowleft""]","[275,357,370,308,1482]","[37,35,51,34,43]","[0,0,51,0,0]","[[50,49.0162]]","[]","[]","[]","1","[]","[]","[]","[]","vertical","","","",""
"","","","","","horizons-trial","68","1095323","0.0-54.0","","","","","","","10","[51,45,53,44,51,47,48,41,50,45]","[50,43,38,52,31,25,42,54,34,39]","""2023-09-15T14:57:14.938Z""","[1,0,0,0]","1","1","1","40","48","48","40","8","0","0","[""arrowright"",""arrowleft"",""arrowleft"",""arrowleft"",""arrowleft"",""arrowleft"",""arrowleft"",""arrowleft"",""arrowleft"",""arrowleft""]","[426,267,314,331,3927,565,286,319,162,220]","[50,45,53,44,51,47,48,41,50,45]","[0,45,53,0,51,47,48,0,50,45]","[[50.5568,55.9606]]","[]","[]","[]","1","[]","[]","[]","[]","vertical","","","",""
"","","","","","horizons-trial","69","1101279","0.0-55.0","","","","","","","5","[37,36,52,44,52]","[56,70,60,58,67]","""2023-09-15T14:57:20.895Z""","[0,1,1,1]","1","1","0","60","40","40","60","20","0","0","[""arrowleft"",""arrowright"",""arrowright"",""arrowright"",""arrowright""]","[456,299,337,796,1086]","[37,70,60,58,67]","[0,70,60,58,67]","[[50,100]]","[]","[]","[]","1","[]","[]","[]","[]","vertical","","","",""
"","","","","","horizons-trial","70","1109433","0.0-56.0","","","","","","","10","[35,49,33,28,38,35,44,56,27,29]","[50,34,48,58,28,33,43,46,40,29]","""2023-09-15T14:57:29.048Z""","[0,1,0,0]","1","1","1","40","41","41","40","1","0","0","[""arrowleft"",""arrowright"",""arrowleft"",""arrowleft"",""arrowright"",""arrowright"",""arrowright"",""arrowright"",""arrowright"",""arrowright""]","[430,257,220,392,2153,457,335,280,193,156]","[35,34,33,28,28,33,43,46,40,29]","[0,0,0,0,0,0,0,0,40,29]","[[100,100]]","[]","[]","[]","1","[]","[]","[]","[]","vertical","","","",""
"","","","","","horizons-trial","71","1114672","0.0-57.0","","","","","","","5","[62,72,57,66,73]","[29,36,44,36,44]","""2023-09-15T14:57:34.288Z""","[0,1,1,0]","0","1","0","40","70","70","40","30","0","0","[""arrowleft"",""arrowright"",""arrowright"",""arrowleft"",""arrowleft""]","[669,268,310,302,988]","[62,36,44,66,73]","[62,0,0,66,73]","[[50,89.5255]]","[]","[]","[]","1","[]","[]","[]","[]","vertical","","","",""
"","","","","","horizons-trial","72","1121901","0.0-58.0","","","","","","","10","[56,85,52,54,66,42,75,62,64,65]","[17,35,45,31,28,19,10,23,24,23]","""2023-09-15T14:57:41.517Z""","[0,0,1,0]","1","0","1","60","30","60","30","30","0","0","[""arrowleft"",""arrowleft"",""arrowright"",""arrowleft"",""arrowleft"",""arrowleft"",""arrowleft"",""arrowleft"",""arrowleft"",""arrowleft""]","[486,311,318,345,1646,771,200,154,201,246]","[56,85,45,54,66,42,75,62,64,65]","[56,85,0,54,66,42,75,62,64,65]","[[100,100]]","[]","[]","[]","1","[]","[]","[]","[]","vertical","","","",""
"","","","","","horizons-trial","73","1129022","0.0-59.0","","","","","","","10","[63,75,58,52,64,57,52,60,55,61]","[30,29,31,36,37,36,45,28,36,31]","""2023-09-15T14:57:48.637Z""","[1,1,1,0]","1","1","1","40","60","60","40","20","0","0","[""arrowright"",""arrowright"",""arrowright"",""arrowleft"",""arrowleft"",""arrowleft"",""arrowleft"",""arrowleft"",""arrowleft"",""arrowleft""]","[546,290,318,374,1812,588,186,150,166,186]","[30,29,31,52,64,57,52,60,55,61]","[0,0,0,52,64,57,52,60,55,61]","[[100,100]]","[]","[]","[]","1","[]","[]","[]","[]","vertical","","","",""
"","","","","","horizons-trial","74","1135519","0.0-60.0","","","","","","","5","[41,52,45,51,36]","[63,57,46,56,56]","""2023-09-15T14:57:55.135Z""","[0,1,1,0]","0","0","0","40","60","40","60","20","0","0","[""arrowleft"",""arrowright"",""arrowright"",""arrowleft"",""arrowright""]","[506,261,282,313,1784]","[41,57,46,51,56]","[0,57,46,0,56]","[[50,88.6574]]","[]","[]","[]","1","[]","[]","[]","[]","vertical","","","",""
"","","","","","horizons-trial","75","1140682","0.0-61.0","","","","","","","5","[58,55,53,48,58]","[76,55,66,67,77]","""2023-09-15T14:58:00.297Z""","[0,1,1,1]","1","1","0","60","52","52","60","8","0","0","[""arrowleft"",""arrowright"",""arrowright"",""arrowright"",""arrowright""]","[454,263,282,565,513]","[58,55,66,67,77]","[0,55,66,67,77]","[[50,100]]","[]","[]","[]","1","[]","[]","[]","[]","vertical","","","",""
"","","","","","horizons-trial","76","1145206","0.0-62.0","","","","","","","5","[24,27,35,39,31]","[63,55,49,62,55]","""2023-09-15T14:58:04.822Z""","[1,0,1,0]","0","1","0","60","40","40","60","20","0","0","[""arrowright"",""arrowleft"",""arrowright"",""arrowleft"",""arrowright""]","[458,311,369,641,809]","[63,27,49,39,55]","[63,0,49,0,55]","[[50,92.41898]]","[]","[]","[]","1","[]","[]","[]","[]","vertical","","","",""
"","","","","","horizons-trial","77","1151587","0.0-63.0","","","","","","","5","[44,40,46,44,32]","[59,61,38,64,34]","""2023-09-15T14:58:11.202Z""","[1,0,1,0]","0","0","0","40","52","40","52","12","0","0","[""arrowright"",""arrowleft"",""arrowright"",""arrowleft"",""arrowright""]","[525,235,229,351,2871]","[59,40,38,44,34]","[59,0,0,0,34]","[[50,55.9606]]","[]","[]","[]","1","[]","[]","[]","[]","vertical","","","",""
"","","","","","horizons-trial","78","1158479","0.0-64.0","","","","","","","10","[62,64,41,60,48,51,60,62,54,62]","[69,63,52,56,50,65,72,69,40,56]","""2023-09-15T14:58:18.095Z""","[1,1,0,0]","0","1","1","60","59","59","60","1","0","0","[""arrowright"",""arrowright"",""arrowleft"",""arrowleft"",""arrowright"",""arrowright"",""arrowright"",""arrowright"",""arrowright"",""arrowright""]","[461,271,341,378,1366,725,239,197,180,192]","[69,63,41,60,50,65,72,69,40,56]","[69,0,0,60,50,65,72,69,0,0]","[[100,100]]","[]","[]","[]","1","[]","[]","[]","[]","vertical","","","",""
"","","","","","horizons-trial","79","1167191","0.0-65.0","","","","","","","10","[48,47,63,61,55,58,68,60,37,61]","[62,42,42,42,63,59,60,49,51,70]","""2023-09-15T14:58:26.807Z""","[0,1,1,0]","0","0","1","60","56","60","56","4","0","0","[""arrowleft"",""arrowright"",""arrowright"",""arrowleft"",""arrowleft"",""arrowleft"",""arrowleft"",""arrowleft"",""arrowleft"",""arrowleft""]","[480,297,345,364,2186,663,162,146,161,180]","[48,42,42,61,55,58,68,60,37,61]","[0,0,0,61,0,0,68,60,0,0]","[[67.8174,100]]","[]","[]","[]","1","[]","[]","[]","[]","vertical","","","",""
"","","","","","horizons-trial","80","1187170","0.0-66.0","","","","","","","10","[37,35,43,53,55,48,64,39,49,54]","[50,42,46,47,40,42,43,41,39,51]","""2023-09-15T14:58:46.786Z""","[0,1,0,1]","0","1","1","40","48","48","40","8","0","0","[""arrowleft"",""arrowright"",""arrowleft"",""arrowright"",""arrowright"",""arrowright"",""arrowright"",""arrowright"",""arrowright"",""arrowright""]","[525,286,290,304,2289,2353,588,335,260,235]","[37,42,43,47,40,42,43,41,39,51]","[0,42,0,0,0,0,0,41,0,0]","[[48.0512,51.9097]]","[]","[]","[]","1","[]","[]","[]","[]","vertical","","","",""
"","","","","","horizons-trial","81","1192206","0.0-67.0","","","","","","","5","[60,66,64,68,61]","[59,52,55,65,65]","""2023-09-15T14:58:51.822Z""","[1,0,0,0]","1","0","0","60","59","60","59","1","0","0","[""arrowright"",""arrowleft"",""arrowleft"",""arrowleft"",""arrowleft""]","[491,226,257,536,1045]","[59,66,64,68,61]","[0,66,64,68,0]","[[50,100]]","[]","[]","[]","1","[]","[]","[]","[]","vertical","","","",""
"","","","","","horizons-trial","82","1197045","0.0-68.0","","","","","","","5","[48,57,63,61,66]","[57,27,45,33,41]","""2023-09-15T14:58:56.661Z""","[1,0,0,0]","1","0","0","60","40","60","40","20","0","0","[""arrowright"",""arrowleft"",""arrowleft"",""arrowleft"",""arrowleft""]","[410,281,489,527,570]","[57,57,63,61,66]","[57,57,63,61,66]","[[50,100]]","[]","[]","[]","1","[]","[]","[]","[]","vertical","","","",""
"","","","","","horizons-trial","83","1204569","0.0-69.0","","","","","","","10","[52,50,51,57,60,51,52,49,41,46]","[60,47,47,73,51,57,69,53,80,75]","""2023-09-15T14:59:04.184Z""","[0,0,1,1]","0","1","1","60","52","52","60","8","0","0","[""arrowleft"",""arrowleft"",""arrowright"",""arrowright"",""arrowright"",""arrowright"",""arrowright"",""arrowright"",""arrowright"",""arrowright""]","[456,268,319,761,2188,525,208,154,152,162]","[52,50,47,73,51,57,69,53,80,75]","[0,50,0,73,0,57,69,53,80,75]","[[100,100]]","[]","[]","[]","1","[]","[]","[]","[]","vertical","","","",""
"","","","","","horizons-trial","84","1212486","0.0-70.0","","","","","","","5","[50,53,53,67,67]","[67,61,64,67,69]","""2023-09-15T14:59:12.102Z""","[1,0,1,0]","0","1","0","60","58","58","60","2","0","0","[""arrowright"",""arrowleft"",""arrowright"",""arrowleft"",""arrowright""]","[536,262,348,612,3461]","[67,53,64,67,69]","[67,0,64,67,69]","[[50,66.956]]","[]","[]","[]","1","[]","[]","[]","[]","vertical","","","",""
"","","","","","horizons-trial","85","1217881","0.0-71.0","","","","","","","10","[44,51,43,50,39,39,47,49,43,51]","[62,79,63,79,77,69,70,72,80,82]","""2023-09-15T14:59:17.497Z""","[0,0,0,1]","1","0","1","40","70","40","70","30","0","0","[""arrowleft"",""arrowleft"",""arrowleft"",""arrowright"",""arrowright"",""arrowright"",""arrowright"",""arrowright"",""arrowright"",""arrowright""]","[492,263,269,312,723,407,203,217,175,166]","[44,51,43,79,77,69,70,72,80,82]","[0,0,0,79,77,69,70,72,80,82]","[[100,100]]","[]","[]","[]","1","[]","[]","[]","[]","vertical","","","",""
"","","","","","horizons-trial","86","1228606","0.0-72.0","","","","","","","5","[57,50,48,65,56]","[52,55,61,57,65]","""2023-09-15T14:59:28.222Z""","[1,1,0,0]","0","0","0","60","56","60","56","4","0","0","[""arrowright"",""arrowright"",""arrowleft"",""arrowleft"",""arrowleft""]","[446,290,340,619,6543]","[52,55,48,65,56]","[0,55,0,65,0]","[[50,32.8125]]","[]","[]","[]","1","[]","[]","[]","[]","vertical","","","",""
"","","","","","horizons-trial","87","1235586","0.0-73.0","","","","","","","10","[72,75,66,82,57,70,68,65,67,71]","[29,28,40,55,29,37,31,52,35,44]","""2023-09-15T14:59:35.202Z""","[0,1,1,1]","1","1","1","40","70","70","40","30","0","0","[""arrowleft"",""arrowright"",""arrowright"",""arrowright"",""arrowleft"",""arrowleft"",""arrowleft"",""arrowleft"",""arrowleft"",""arrowleft""]","[443,314,293,668,1224,941,159,151,155,185]","[72,28,40,55,57,70,68,65,67,71]","[72,0,0,0,57,70,68,65,67,71]","[[100,100]]","[]","[]","[]","1","[]","[]","[]","[]","vertical","","","",""
"","","","","","horizons-trial","88","1250162","0.0-74.0","","","","","","","10","[33,39,41,35,54,48,30,41,58,41]","[44,54,54,58,52,50,56,56,55,57]","""2023-09-15T14:59:49.778Z""","[0,0,0,1]","1","0","1","40","52","40","52","12","0","0","[""arrowleft"",""arrowleft"",""arrowleft"",""arrowright"",""arrowright"",""arrowright"",""arrowright"",""arrowright"",""arrowright"",""arrowright""]","[407,303,252,370,1268,731,295,148,262,140]","[33,39,41,58,52,50,56,56,55,57]","[0,0,0,58,0,50,56,56,0,57]","[[99.2762,90.97222]]","[]","[]","[]","1","[]","[]","[]","[]","vertical","","","",""
"","","","","","horizons-trial","89","1257539","0.0-75.0","","","","","","","10","[40,46,37,35,48,42,36,43,33,23]","[53,74,62,67,48,59,63,44,59,61]","""2023-09-15T14:59:57.154Z""","[1,0,0,0]","1","1","1","60","40","40","60","20","0","0","[""arrowright"",""arrowleft"",""arrowleft"",""arrowleft"",""arrowright"",""arrowright"",""arrowright"",""arrowright"",""arrowright"",""arrowright""]","[431,307,278,463,1292,349,242,185,278,162]","[53,46,37,35,48,59,63,44,59,61]","[53,0,0,0,48,59,63,44,59,61]","[[100,100]]","[]","[]","[]","1","[]","[]","[]","[]","vertical","","","",""
"","","","","","horizons-trial","90","1264479","0.0-76.0","","","","","","","10","[59,58,61,53,70,44,55,65,53,67]","[34,19,19,34,33,39,24,16,26,34]","""2023-09-15T15:00:04.095Z""","[1,0,0,1]","0","0","1","60","30","60","30","30","0","0","[""arrowright"",""arrowleft"",""arrowleft"",""arrowright"",""arrowleft"",""arrowleft"",""arrowleft"",""arrowleft"",""arrowleft"",""arrowleft""]","[592,250,267,549,1294,781,173,158,147,162]","[34,58,61,34,70,44,55,65,53,67]","[0,58,61,0,70,44,55,65,53,67]","[[100,100]]","[]","[]","[]","1","[]","[]","[]","[]","vertical","","","",""
"","","","","","horizons-trial","91","1273260","0.0-77.0","","","","","","","10","[61,70,53,63,62,64,47,48,68,57]","[53,58,49,41,41,67,32,57,50,35]","""2023-09-15T15:00:12.875Z""","[1,0,1,1]","1","0","1","60","52","60","52","8","0","0","[""arrowright"",""arrowleft"",""arrowright"",""arrowright"",""arrowleft"",""arrowleft"",""arrowleft"",""arrowleft"",""arrowleft"",""arrowleft""]","[461,326,299,314,1678,566,157,151,145,162]","[53,70,49,41,62,64,47,48,68,57]","[0,70,0,0,62,0,47,0,68,57]","[[100,100]]","[]","[]","[]","1","[]","[]","[]","[]","vertical","","","",""
"","","","","","horizons-trial","92","1289946","0.0-78.0","","","","","","","10","[67,58,58,38,56,82,70,54,66,64]","[51,52,42,52,44,42,52,58,47,49]","""2023-09-15T15:00:29.561Z""","[0,0,1,1]","0","0","1","60","48","60","48","12","0","0","[""arrowleft"",""arrowleft"",""arrowright"",""arrowright"",""arrowleft"",""arrowleft"",""arrowleft"",""arrowleft"",""arrowleft"",""arrowleft""]","[708,305,366,825,5774,447,190,145,152,159]","[67,58,42,52,56,82,70,54,66,64]","[67,58,0,52,56,82,70,0,66,64]","[[100,100]]","[]","[]","[]","1","[]","[]","[]","[]","vertical","","","",""
"","","","","","horizons-trial","93","1294875","0.0-79.0","","","","","","","5","[35,19,33,31,30]","[66,59,57,69,54]","""2023-09-15T15:00:34.491Z""","[1,1,1,0]","1","1","0","60","30","30","60","30","0","0","[""arrowright"",""arrowright"",""arrowright"",""arrowleft"",""arrowright""]","[532,306,450,625,563]","[66,59,57,31,54]","[66,59,57,0,54]","[[50,100]]","[]","[]","[]","1","[]","[]","[]","[]","vertical","","","",""
"","","","","","horizons-trial","94","1312161","0.0-80.0","","","","","","","10","[66,46,47,56,55,60,39,48,49,53]","[50,42,37,35,30,32,56,29,32,40]","""2023-09-15T15:00:51.776Z""","[1,1,0,0]","0","1","1","40","52","52","40","12","0","0","[""arrowright"",""arrowright"",""arrowleft"",""arrowleft"",""arrowleft"",""arrowleft"",""arrowleft"",""arrowleft"",""arrowleft"",""arrowleft""]","[476,391,472,487,2799,1211,466,290,565,201]","[50,42,47,56,55,60,39,48,49,53]","[0,0,47,56,55,60,0,48,49,53]","[[16.314,34.54859999999999]]","[]","[]","[]","1","[]","[]","[]","[]","vertical","","","",""
"","","","","","horizons-trial","95","1339481","0.0-81.0","","","","","","","10","[60,67,56,56,64,54,52,60,61,53]","[49,43,37,33,41,40,45,32,47,28]","""2023-09-15T15:01:19.097Z""","[0,1,1,0]","0","0","1","60","40","60","40","20","0","0","[""arrowleft"",""arrowright"",""arrowright"",""arrowleft"",""arrowleft"",""arrowleft"",""arrowleft"",""arrowleft"",""arrowleft"",""arrowleft""]","[570,309,406,503,1306,1011,469,306,319,269]","[60,43,37,56,64,54,52,60,61,53]","[60,0,0,56,64,54,52,60,61,53]","[[63.9198,62.3264]]","[]","[]","[]","1","[]","[]","[]","[]","vertical","","","",""
"","","","","","horizons-trial","96","1349762","0.0-82.0","","","","","","","5","[34,52,40,36,31]","[33,46,33,45,36]","""2023-09-15T15:01:29.378Z""","[0,0,0,1]","1","1","0","40","42","42","40","2","0","0","[""arrowleft"",""arrowleft"",""arrowleft"",""arrowright"",""arrowright""]","[434,282,192,311,4222]","[34,52,40,45,36]","[34,52,40,45,36]","[[50,38.5995]]","[]","[]","[]","1","[]","[]","[]","[]","vertical","","","",""
"","","","","","horizons-trial","97","1363955","0.0-83.0","","","","","","","10","[65,57,56,64,66,52,55,53,55,73]","[50,55,67,75,46,58,56,46,54,58]","""2023-09-15T15:01:43.570Z""","[0,1,1,0]","0","1","1","60","58","58","60","2","0","0","[""arrowleft"",""arrowright"",""arrowright"",""arrowleft"",""arrowright"",""arrowright"",""arrowright"",""arrowright"",""arrowright"",""arrowright""]","[1132,279,225,319,2864,1226,439,179,164,226]","[65,55,67,64,46,58,56,46,54,58]","[65,0,67,0,0,58,56,0,0,0]","[[43.0401,34.259299999999996]]","[]","[]","[]","1","[]","[]","[]","[]","vertical","","","",""
"","","","","","horizons-trial","98","1370105","0.0-84.0","","","","","","","5","[37,48,41,46,44]","[43,50,35,34,40]","""2023-09-15T15:01:49.721Z""","[0,1,0,1]","0","0","0","40","41","40","41","1","0","0","[""arrowleft"",""arrowright"",""arrowleft"",""arrowright"",""arrowright""]","[436,279,311,975,1748]","[37,50,41,34,40]","[0,50,41,0,0]","[[50,32.8125]]","[]","[]","[]","1","[]","[]","[]","[]","vertical","","","",""
"","","","","","horizons-trial","99","1376985","0.0-85.0","","","","","","","5","[71,57,49,58,65]","[63,52,36,51,63]","""2023-09-15T15:01:56.600Z""","[0,0,0,1]","1","0","0","60","48","60","48","12","0","0","[""arrowleft"",""arrowleft"",""arrowleft"",""arrowright"",""arrowleft""]","[534,291,259,409,1734]","[71,57,49,51,65]","[71,57,49,0,65]","[[50,87.2106]]","[]","[]","[]","1","[]","[]","[]","[]","vertical","","","",""
"","","","","","horizons-trial","100","1381422","0.0-86.0","","","","","","","5","[66,58,65,52,50]","[67,54,65,50,52]","""2023-09-15T15:02:01.038Z""","[0,1,0,1]","0","0","0","60","58","60","58","2","0","0","[""arrowleft"",""arrowright"",""arrowleft"",""arrowright"",""arrowleft""]","[391,284,616,650,560]","[66,54,65,50,50]","[0,0,65,0,0]","[[50,91.84027]]","[]","[]","[]","1","[]","[]","[]","[]","vertical","","","",""
"","","","","","horizons-trial","101","1387043","0.0-87.0","","","","","","","5","[44,50,40,54,57]","[37,43,38,33,36]","""2023-09-15T15:02:06.658Z""","[0,1,1,1]","1","1","0","40","52","52","40","12","0","0","[""arrowleft"",""arrowright"",""arrowright"",""arrowright"",""arrowleft""]","[411,247,368,948,1273]","[44,43,38,33,57]","[44,0,0,0,57]","[[50,100]]","[]","[]","[]","1","[]","[]","[]","[]","vertical","","","",""
"","","","","","horizons-trial","102","1393261","0.0-88.0","","","","","","","5","[45,47,54,46,50]","[53,58,50,74,68]","""2023-09-15T15:02:12.877Z""","[1,1,0,0]","0","1","0","60","48","48","60","12","0","0","[""arrowright"",""arrowright"",""arrowleft"",""arrowleft"",""arrowright""]","[426,278,268,310,2120]","[53,58,54,46,68]","[53,58,54,0,68]","[[50,86.0532]]","[]","[]","[]","1","[]","[]","[]","[]","vertical","","","",""
"","","","","","horizons-trial","103","1399649","0.0-89.0","","","","","","","5","[62,70,61,59,61]","[61,62,66,51,57]","""2023-09-15T15:02:19.265Z""","[0,0,1,1]","0","0","0","60","59","60","59","1","0","0","[""arrowleft"",""arrowleft"",""arrowright"",""arrowright"",""arrowleft""]","[566,268,307,624,2458]","[62,70,66,51,61]","[62,70,66,0,61]","[[50,100]]","[]","[]","[]","1","[]","[]","[]","[]","vertical","","","",""
"","","","","","horizons-trial","104","1409457","0.0-90.0","","","","","","","10","[62,56,54,65,68,30,58,59,59,54]","[41,36,37,36,31,52,39,35,25,47]","""2023-09-15T15:02:29.073Z""","[0,1,1,1]","1","0","1","60","40","60","40","20","0","0","[""arrowleft"",""arrowright"",""arrowright"",""arrowright"",""arrowleft"",""arrowright"",""arrowleft"",""arrowleft"",""arrowleft"",""arrowleft""]","[401,277,261,493,535,373,565,152,128,131]","[62,36,37,36,68,52,58,59,59,54]","[62,0,0,0,68,52,58,59,59,54]","[[100,100]]","[]","[]","[]","1","[]","[]","[]","[]","vertical","","","",""
"","","","","","horizons-trial","105","1416756","0.0-91.0","","","","","","","5","[55,56,77,59,48]","[37,53,42,49,49]","""2023-09-15T15:02:36.372Z""","[1,1,0,0]","0","0","0","60","52","60","52","8","0","0","[""arrowright"",""arrowright"",""arrowleft"",""arrowleft"",""arrowleft""]","[519,248,325,601,3704]","[37,53,77,59,48]","[0,0,77,59,0]","[[50,100]]","[]","[]","[]","1","[]","[]","[]","[]","vertical","","","",""
"","","","","","horizons-trial","106","1434361","0.0-92.0","","","","","","","5","[55,67,44,56,45]","[51,49,73,53,51]","""2023-09-15T15:02:53.976Z""","[0,1,0,1]","0","1","0","60","56","56","60","4","0","0","[""arrowleft"",""arrowright"",""arrowleft"",""arrowright"",""arrowright""]","[413,385,489,815,12269]","[55,49,44,53,51]","[55,0,0,0,51]","[[50,5.324100000000001]]","[]","[]","[]","1","[]","[]","[]","[]","vertical","","","",""
"","","","","","horizons-trial","107","1438864","0.0-93.0","","","","","","","5","[56,48,56,62,55]","[29,37,37,40,53]","""2023-09-15T15:02:58.479Z""","[1,0,1,0]","0","0","0","60","40","60","40","20","0","0","[""arrowright"",""arrowleft"",""arrowright"",""arrowleft"",""arrowleft""]","[358,274,325,619,633]","[29,48,37,62,55]","[0,48,0,62,55]","[[50,100]]","[]","[]","[]","1","[]","[]","[]","[]","vertical","","","",""
"","","","","","horizons-trial","108","1443487","0.0-94.0","","","","","","","5","[46,38,32,43,53]","[37,29,38,43,28]","""2023-09-15T15:03:03.103Z""","[1,1,1,0]","1","1","0","40","48","48","40","8","0","0","[""arrowright"",""arrowright"",""arrowright"",""arrowleft"",""arrowleft""]","[434,317,280,289,1281]","[37,29,38,43,53]","[0,0,38,43,53]","[[50,100]]","[]","[]","[]","1","[]","[]","[]","[]","vertical","","","",""
"","","","","","horizons-trial","109","1454108","0.0-95.0","","","","","","","10","[48,47,60,45,68,59,55,62,62,54]","[54,60,62,53,40,51,56,56,60,39]","""2023-09-15T15:03:13.724Z""","[0,0,1,0]","1","1","1","60","58","58","60","2","0","0","[""arrowleft"",""arrowleft"",""arrowright"",""arrowleft"",""arrowright"",""arrowright"",""arrowright"",""arrowright"",""arrowright"",""arrowright""]","[1732,367,616,351,1344,1175,236,171,177,143]","[48,47,62,45,40,51,56,56,60,39]","[0,0,62,0,0,0,56,0,0,0]","[[100,100]]","[]","[]","[]","1","[]","[]","[]","[]","vertical","","","",""
"","","","","","horizons-trial","110","1465499","0.0-96.0","","","","","","","5","[61,63,54,73,63]","[67,64,59,61,43]","""2023-09-15T15:03:25.115Z""","[0,0,0,1]","1","0","0","60","58","60","58","2","0","0","[""arrowleft"",""arrowleft"",""arrowleft"",""arrowright"",""arrowleft""]","[729,393,547,1628,5223]","[61,63,54,61,63]","[0,0,0,0,63]","[[50,61.7477]]","[]","[]","[]","1","[]","[]","[]","[]","vertical","","","",""
"","","","","","horizons-trial","111","1485455","0.0-97.0","","","","","","","10","[49,54,49,46,37,55,32,42,39,41]","[29,41,33,50,35,40,32,35,41,49]","""2023-09-15T15:03:45.071Z""","[0,1,0,0]","1","1","1","40","44","44","40","4","0","0","[""arrowleft"",""arrowright"",""arrowleft"",""arrowleft"",""arrowleft"",""arrowright"",""arrowright"",""arrowright"",""arrowleft"",""arrowleft""]","[445,332,362,530,5305,931,233,188,585,909]","[49,41,49,46,37,40,32,35,39,41]","[49,0,49,0,37,0,32,0,0,0]","[[21.882,16.608800000000002]]","[]","[]","[]","1","[]","[]","[]","[]","vertical","","","",""
"","","","","","horizons-trial","112","1495718","0.0-98.0","","","","","","","5","[55,59,70,63,71]","[52,71,67,55,69]","""2023-09-15T15:03:55.334Z""","[0,1,0,0]","1","1","0","60","58","58","60","2","0","0","[""arrowleft"",""arrowright"",""arrowleft"",""arrowleft"",""arrowleft""]","[520,296,314,605,6248]","[55,71,70,63,71]","[55,71,70,63,71]","[[50,12.8472]]","[]","[]","[]","1","[]","[]","[]","[]","vertical","","","",""
"","","","","","horizons-trial","113","1502339","0.0-99.0","","","","","","","5","[23,38,20,19,37]","[72,66,68,63,62]","""2023-09-15T15:04:01.955Z""","[0,1,0,1]","0","1","0","60","30","30","60","30","0","0","[""arrowleft"",""arrowright"",""arrowleft"",""arrowright"",""arrowright""]","[661,291,341,1049,720]","[23,66,20,63,62]","[0,66,0,63,62]","[[50,100]]","[]","[]","[]","1","[]","[]","[]","[]","vertical","","","",""
"","","","","","horizons-trial","114","1521909","0.0-100.0","","","","","","","10","[74,50,58,59,50,67,39,61,52,65]","[62,45,68,57,54,56,54,58,49,62]","""2023-09-15T15:04:21.524Z""","[1,0,0,0]","1","0","1","60","58","60","58","2","0","0","[""arrowright"",""arrowleft"",""arrowleft"",""arrowleft"",""arrowleft"",""arrowleft"",""arrowleft"",""arrowleft"",""arrowleft"",""arrowleft""]","[477,309,321,546,7016,931,377,265,207,405]","[62,50,58,59,50,67,39,61,52,65]","[0,50,0,59,0,67,0,61,52,65]","[[67.539,80.5556]]","[]","[]","[]","1","[]","[]","[]","[]","vertical","","","",""
"","","","","","horizons-trial","115","1538527","0.0-101.0","","","","","","","5","[48,40,49,43,58]","[61,72,58,49,71]","""2023-09-15T15:04:38.143Z""","[0,0,0,1]","1","1","0","60","48","48","60","12","0","0","[""arrowleft"",""arrowleft"",""arrowleft"",""arrowright"",""arrowright""]","[680,420,339,369,3234]","[48,40,49,49,71]","[0,0,0,49,71]","[[50,100]]","[]","[]","[]","1","[]","[]","[]","[]","vertical","","","",""
"","","","","","horizons-trial","116","1545801","0.0-102.0","","","","","","","5","[23,24,52,38,38]","[40,43,31,33,32]","""2023-09-15T15:04:45.417Z""","[0,1,0,0]","1","0","0","40","41","40","41","1","0","0","[""arrowleft"",""arrowright"",""arrowleft"",""arrowleft"",""arrowright""]","[676,772,387,1198,1648]","[23,43,52,38,32]","[0,43,52,38,0]","[[50,100]]","[]","[]","[]","1","[]","[]","[]","[]","vertical","","","",""
"","","","","","horizons-trial","117","1558406","0.0-103.0","","","","","","","10","[38,30,31,21,40,28,17,24,32,36]","[83,67,57,56,69,55,61,52,60,60]","""2023-09-15T15:04:58.022Z""","[1,1,1,0]","1","1","1","60","30","30","60","30","0","0","[""arrowright"",""arrowright"",""arrowright"",""arrowleft"",""arrowright"",""arrowright"",""arrowright"",""arrowright"",""arrowright"",""arrowright""]","[581,296,322,972,1978,514,269,177,189,238]","[83,67,57,21,69,55,61,52,60,60]","[83,67,57,0,69,55,61,52,60,60]","[[100,100]]","[]","[]","[]","1","[]","[]","[]","[]","vertical","","","",""
"","","","","","horizons-trial","118","1576626","0.0-104.0","","","","","","","5","[56,61,49,51,44]","[71,50,57,59,56]","""2023-09-15T15:05:16.242Z""","[0,1,1,0]","0","1","0","60","52","52","60","8","0","0","[""arrowleft"",""arrowright"",""arrowright"",""arrowleft"",""arrowleft""]","[647,746,807,4006,5067]","[56,50,57,51,44]","[0,0,57,0,0]","[[50,24.1319]]","[]","[]","[]","1","[]","[]","[]","[]","vertical","","","",""
"","","","","","horizons-trial","119","1590752","0.0-105.0","","","","","","","10","[37,48,46,37,38,43,36,41,37,52]","[46,32,55,39,40,50,51,22,57,38]","""2023-09-15T15:05:30.367Z""","[0,1,1,0]","0","0","1","40","44","40","44","4","0","0","[""arrowleft"",""arrowright"",""arrowright"",""arrowleft"",""arrowright"",""arrowright"",""arrowright"",""arrowright"",""arrowright"",""arrowright""]","[718,310,295,466,2364,502,218,186,168,164]","[37,32,55,37,40,50,51,22,57,38]","[0,0,55,0,40,50,51,0,57,0]","[[64.4766,100]]","[]","[]","[]","1","[]","[]","[]","[]","vertical","","","",""
"","","","","","horizons-trial","120","1600018","0.0-106.0","","","","","","","5","[60,64,55,69,52]","[62,62,53,60,61]","""2023-09-15T15:05:39.634Z""","[0,1,1,1]","1","0","0","60","56","60","56","4","0","0","[""arrowleft"",""arrowright"",""arrowright"",""arrowright"",""arrowright""]","[522,290,309,761,1718]","[60,62,53,60,61]","[0,0,0,0,61]","[[50,56.8287]]","[]","[]","[]","1","[]","[]","[]","[]","vertical","","","",""
"","","","","","horizons-trial","121","1606859","0.0-107.0","","","","","","","5","[68,59,60,58,62]","[34,38,20,21,11]","""2023-09-15T15:05:46.474Z""","[0,1,1,0]","0","0","0","60","30","60","30","30","0","0","[""arrowleft"",""arrowright"",""arrowright"",""arrowleft"",""arrowleft""]","[596,280,354,561,1393]","[68,38,20,58,62]","[68,0,0,58,62]","[[50,92.99768]]","[]","[]","[]","1","[]","[]","[]","[]","vertical","","","",""
"","","","","","horizons-trial","122","1616123","0.0-108.0","","","","","","","5","[41,37,50,41,38]","[39,44,49,39,54]","""2023-09-15T15:05:55.739Z""","[0,1,0,0]","1","0","0","40","48","40","48","8","0","0","[""arrowleft"",""arrowright"",""arrowleft"",""arrowleft"",""arrowright""]","[584,307,438,637,5043]","[41,44,50,41,54]","[41,44,50,41,54]","[[50,100]]","[]","[]","[]","1","[]","[]","[]","[]","vertical","","","",""
"","","","","","horizons-trial","123","1623806","0.0-109.0","","","","","","","10","[30,35,50,22,34,37,43,40,40,45]","[59,72,53,57,57,54,60,51,61,55]","""2023-09-15T15:06:03.421Z""","[1,1,0,0]","0","0","1","40","60","40","60","20","0","0","[""arrowright"",""arrowright"",""arrowleft"",""arrowleft"",""arrowright"",""arrowright"",""arrowright"",""arrowright"",""arrowright"",""arrowright""]","[458,272,328,476,2438,579,189,148,159,152]","[59,72,50,22,57,54,60,51,61,55]","[59,72,0,0,57,54,60,51,61,55]","[[100,100]]","[]","[]","[]","1","[]","[]","[]","[]","vertical","","","",""
"","","","","","horizons-trial","124","1639623","0.0-110.0","","","","","","","10","[53,65,60,62,67,73,60,61,61,56]","[45,56,44,60,60,45,40,59,62,49]","""2023-09-15T15:06:19.239Z""","[1,1,0,0]","0","0","1","60","58","60","58","2","0","0","[""arrowright"",""arrowright"",""arrowleft"",""arrowleft"",""arrowleft"",""arrowleft"",""arrowleft"",""arrowleft"",""arrowleft"",""arrowleft""]","[495,249,324,338,1056,869,175,152,195,203]","[45,56,60,62,67,73,60,61,61,56]","[0,0,60,62,67,73,60,61,0,56]","[[65.0334,81.1343]]","[]","[]","[]","1","[]","[]","[]","[]","vertical","","","",""
"","","","","","horizons-trial","125","1648885","0.0-111.0","","","","","","","10","[33,43,44,33,32,33,30,39,35,37]","[35,42,42,43,32,43,39,38,41,44]","""2023-09-15T15:06:28.501Z""","[1,0,0,0]","1","0","1","40","44","40","44","4","0","0","[""arrowright"",""arrowleft"",""arrowleft"",""arrowleft"",""arrowright"",""arrowright"",""arrowright"",""arrowright"",""arrowright"",""arrowright""]","[570,310,297,305,414,495,400,217,187,424]","[35,43,44,33,32,43,39,38,41,44]","[35,43,44,0,32,43,39,0,41,44]","[[100,100]]","[]","[]","[]","1","[]","[]","[]","[]","vertical","","","",""
"","","","","","horizons-trial","126","1658592","0.0-112.0","","","","","","","5","[40,26,52,43,50]","[40,49,45,38,50]","""2023-09-15T15:06:38.208Z""","[1,0,0,1]","0","0","0","40","48","40","48","8","0","0","[""arrowright"",""arrowleft"",""arrowleft"",""arrowright"",""arrowright""]","[511,314,351,564,5235]","[40,26,52,38,50]","[40,0,52,0,50]","[[50,38.8889]]","[]","[]","[]","1","[]","[]","[]","[]","vertical","","","",""
"","","","","","horizons-trial","127","1666697","0.0-113.0","","","","","","","10","[69,75,48,55,52,53,68,53,66,62]","[36,49,37,48,49,41,42,42,60,60]","""2023-09-15T15:06:46.313Z""","[1,0,1,1]","1","0","1","60","48","60","48","12","0","0","[""arrowright"",""arrowleft"",""arrowright"",""arrowright"",""arrowleft"",""arrowleft"",""arrowleft"",""arrowleft"",""arrowleft"",""arrowleft""]","[480,294,309,396,2933,552,156,138,147,148]","[36,75,37,48,52,53,68,53,66,62]","[0,75,0,0,52,53,68,53,66,62]","[[100,100]]","[]","[]","[]","1","[]","[]","[]","[]","vertical","","","",""
"","","","","","horizons-trial","128","1673767","0.0-114.0","","","","","","","10","[40,46,44,30,44,44,62,41,41,35]","[41,46,39,31,31,46,45,45,44,50]","""2023-09-15T15:06:53.383Z""","[0,0,1,1]","0","1","1","40","44","44","40","4","0","0","[""arrowleft"",""arrowleft"",""arrowright"",""arrowright"",""arrowleft"",""arrowleft"",""arrowleft"",""arrowleft"",""arrowleft"",""arrowleft""]","[461,291,344,288,1218,698,156,136,144,177]","[40,46,39,31,44,44,62,41,41,35]","[0,46,0,31,44,0,62,0,0,0]","[[100,100]]","[]","[]","[]","1","[]","[]","[]","[]","vertical","","","",""
"","","","","","horizons-trial","129","1679972","0.0-115.0","","","","","","","10","[57,64,52,51,62,61,47,57,60,47]","[55,59,54,59,63,40,68,67,55,70]","""2023-09-15T15:06:59.588Z""","[0,0,1,0]","1","1","1","60","56","56","60","4","0","0","[""arrowleft"",""arrowleft"",""arrowright"",""arrowleft"",""arrowleft"",""arrowleft"",""arrowleft"",""arrowleft"",""arrowleft"",""arrowleft""]","[522,279,380,416,1628,468,153,139,141,134]","[57,64,54,51,62,61,47,57,60,47]","[57,64,54,0,0,61,0,0,60,0]","[[100,100]]","[]","[]","[]","1","[]","[]","[]","[]","vertical","","","",""
"","","","","","horizons-trial","130","1685155","0.0-116.0","","","","","","","5","[65,70,47,46,55]","[49,53,44,26,41]","""2023-09-15T15:07:04.771Z""","[1,0,0,1]","0","0","0","60","48","60","48","12","0","0","[""arrowright"",""arrowleft"",""arrowleft"",""arrowright"",""arrowleft""]","[468,279,269,300,863]","[49,70,47,26,55]","[0,70,47,0,55]","[[50,100]]","[]","[]","[]","1","[]","[]","[]","[]","vertical","","","",""
"","","","","","horizons-trial","131","1691775","0.0-117.0","","","","","","","10","[44,69,65,57,60,63,52,50,62,63]","[61,65,44,55,69,62,64,81,50,71]","""2023-09-15T15:07:11.391Z""","[1,1,0,1]","1","1","1","60","59","59","60","1","0","0","[""arrowright"",""arrowright"",""arrowleft"",""arrowright"",""arrowright"",""arrowright"",""arrowright"",""arrowright"",""arrowright"",""arrowright""]","[445,260,335,308,2199,375,203,138,134,134]","[61,65,65,55,69,62,64,81,50,71]","[61,0,65,0,69,0,64,81,0,71]","[[100,100]]","[]","[]","[]","1","[]","[]","[]","[]","vertical","","","",""
"","","","","","horizons-trial","132","1696312","0.0-118.0","","","","","","","5","[51,70,52,68,67]","[44,47,46,54,49]","""2023-09-15T15:07:15.927Z""","[1,0,1,0]","0","1","0","40","60","60","40","20","0","0","[""arrowright"",""arrowleft"",""arrowright"",""arrowleft"",""arrowleft""]","[482,282,276,378,686]","[44,70,46,68,67]","[0,70,0,68,67]","[[50,75.6366]]","[]","[]","[]","1","[]","[]","[]","[]","vertical","","","",""
"","","","","","horizons-trial","133","1705337","0.0-119.0","","","","","","","5","[38,34,29,29,49]","[53,62,55,74,55]","""2023-09-15T15:07:24.953Z""","[1,0,1,1]","1","0","0","40","52","40","52","12","0","0","[""arrowright"",""arrowleft"",""arrowright"",""arrowright"",""arrowright""]","[561,278,269,318,2137]","[53,34,55,74,55]","[53,0,55,74,55]","[[50,56.25]]","[]","[]","[]","1","[]","[]","[]","[]","vertical","","","",""
"","","","","","survey-html-form","134","1825462","0.0-120.0","120123","{""comments"":"" I very roughly calculated the average in my head from the turns i was forced to make, for 5 turn games it was simple but for 10 turn games if my choice turned out wrong i would sometimes reconsider""}","","","","","","","","","","","","","","","","","","","","","","","","","","","","","","","","","","","","",""
"","","","","","survey-html-form","135","1906612","0.0-121.0","81149","{""comments"":""the strategy i primarily used was to consider the probability of the machine, if i was sure it was the higher paying machine, then I could expect it to put out a high number on average""}","","","","","","","","","","","","","","","","","","","","","","","","","","","","","","","","","","","","",""
"","","","","","survey-html-form","136","1977927","0.0-122.0","71315","{""comments"":"" If it was shown to have a high payout from the first 4 turns then I accepted it was the higher paying machine and I put my confidence in the probability of it putting out a high number""}","","","","","","","","","","","","","","","","","","","","","","","","","","","","","","","","","","","","",""
"","","","","","survey-html-form","137","2761344","0.0-123.0","783416","{""comments"":"" A button to click on instead of pressing enter when rating confidence, users are already using the mouse at that point in time, so going from mouse to keyboard is cumbersome""}","","","","","","","","","","","","","","","","","","","","","","","","","","","","","","","","","","","","","[{""event"":""fullscreenenter"",""trial"":2,""time"":10432},{""event"":""fullscreenexit"",""trial"":5,""time"":81135},{""event"":""blur"",""trial"":6,""time"":210441},{""event"":""focus"",""trial"":6,""time"":258568},{""event"":""blur"",""trial"":11,""time"":394575},{""event"":""focus"",""trial"":11,""time"":394575},{""event"":""blur"",""trial"":16,""time"":569519},{""event"":""focus"",""trial"":16,""time"":569519},{""event"":""blur"",""trial"":137,""time"":1981872},{""event"":""focus"",""trial"":137,""time"":2045107},{""event"":""blur"",""trial"":137,""time"":2046350},{""event"":""focus"",""trial"":137,""time"":2082963},{""event"":""blur"",""trial"":137,""time"":2188142},{""event"":""focus"",""trial"":137,""time"":2286344},{""event"":""blur"",""trial"":137,""time"":2295818},{""event"":""focus"",""trial"":137,""time"":2760264}]"
