"success","timeout","failed_images","failed_audio","failed_video","trial_type","trial_index","time_elapsed","internal_node_id","rt","response","stimulus","view_history","horizon","rewards_L","rewards_R","date","forced_choices","r_info","r_side","r_h","r_mean","r_otherMean","r_mean_L","r_mean_R","r_difference","confidence_immediate_overall","confidence_question_order","key_presses","response_times","outcomes","outcomes_counted_points","confidence","confidence_rt","confidence_2","confidence_2_rt","screen_resolution","belief_confidence_1","belief_confidence_2","belief_confidence_3","belief_confidence_4","immediate_judgement_orientation","phase","responses","num_errors","interactions"
"true","false","[]","[]","[]","preload","0","678","0.0-0.0","","","","","","","","","","","","","","","","","","","","","","","","","","","","","","","","","","","","",""
"","","","","","survey-html-form","1","11441","0.0-1.0","10761","{""comments"":"" 63174af7d57182f9bf90c094""}","","","","","","","","","","","","","","","","","","","","","","","","","","","","","","","","","","",""
"true","","","","","fullscreen","2","13632","0.0-2.0","","","","","","","","","","","","","","","","","","","","","","","","","","","","","","","","","","","","",""
"","","","","","html-button-response","3","17780","0.0-3.0","4146","0","
      <h1>Consent to Participate in the Learning and Cognitive Control Study</h1>

      <p>This is a psychology experiment being conducted by Dr. Peter Dayan, 
      director of the Max Planck Institute for Biological Cybernetics, and the 
      members of his lab. In order to consent to participate, you MUST meet the 
      following criteria:</p>

      <p>
      - 18 years of age or older<br>
      - Fluent speaker of English<br>
      - Have not previously participated in this experiment<br></p>

      <p>This study is designed to look at how people learn how to make decisions 
      to accomplish their goals. In this task, you will be asked to make choices, 
      play games, and answer questions related to those games. The study will take 
      about 45 minutes. </p> 

      <p>Your participation in this research is voluntary. You may refrain from 
      answering any questions that make you uncomfortable and may withdraw your 
      participation at any time without penalty by exiting this task and alerting 
      the experimenter. You may choose not to complete certain parts of the task 
      or answer certain questions. You may contact us at the address provided 
      below if you have additional questions or concerns.</p> 

      <p>Other than monetary compensation, participating in this study will 
      provide no direct benefits to you. But we hope that this research will 
      benefit society at large by contributing towards establishing a scientific 
      foundation for improving people's learning and cognitive control abilities.</p>

      <p>Your online username may be connected to your individual responses, but 
      we will not be asking for any additional personally identifying information, 
      and we will handle responses as confidentially as possible. We cannot however 
      guarantee the confidentiality of information transmitted over the Internet. 
      We will be keeping de-identified data collected as part of this experiment 
      indefinitely. Data used in scientific publications will remain completely 
      anonymous.</p>

      <p>If you have any questions about the study, feel free to contact our lab. 
      Dr. Dayan and his lab members can be reached at <a href='mailto:kyblab.tuebingen@gmail.com'>kyblab.tuebingen@gmail.com</a></p>
      
      <p>By selecting the â€œconsentâ€ option below, I acknowledge that I am 18 or older, that I am a fluent speaker of
            English, that I have read this consent form, and that I agree to take part in the research.</p>","","","","","","","","","","","","","","","","","","","","","","","","","","","","","","","","","",""
"","","","","","html-button-response","4","24180","0.0-4.0","6398","0","<h1>Legal Declaration of Consent under Data Protection Law</h1>
    <p><a target=""_blank"" rel=""noopener noreferrer"" href=""https://kyblab.tuebingen.mpg.de/fma/dataprotection.pdf"">Please click here to view our Data Protection Information Sheet, yours to keep.</a></p>
    <p>I have received and took note of the written Data Protection Information Sheet for this study. In doing so, I had sufficient time and opportunity to ask questions about data protection and reconsider my participation in the study. </p>
    <p>I am aware that:</p>
    <ul>
        <li>the processing and use of the collected data occur in a pseudonymized form within the scope of the legally prescribed provisions.
            As a general rule, the storage occurs in the form of questionnaires, as well as on electronic data media, for 10 years
            or longer, if this is required by the purpose of the study.</li>
        <li>by providing further personal data in pseudonymized form, collected personal data may be used for the preparation of anonymized
            scientific research work and may also be published and used in an anonymized form in medical journals, scientific publications
            and publicly accessible scientific databases, so that a direct assignment to my person cannot be established.</li>
        <li>the information obtained during this study may also be sent in an anonymized form to cooperation partners within the
            scope of the European General Data Protection Regulation for scientific purposes and to cooperation partners outside of the
            European Union, i.e. to countries with a lower data protection level (this also applies to the USA).</li>
        <li>the data collected within the scope of the study can also be used and processed in the future inside of the Institute.</li>
    </ul>
    <p>I was informed about my rights, that at any time:</p>
    <ul>
          <li>I can withdraw this declaration of consent.</li>
          <li>I can request information about my stored data and request the correction or blocking of data.</li>
          <li>by cancellation of my participation in the study, I can request that my personal data collected until that time are immediately deleted or anonymized.</li>
          <li>I can request that my data are handed out to me or to third parties (if technically feasible).</li>
    </ul>

    <p>I herewith declare that:</p>
    <ul>
          <li>I have been adequately informed about the collection and processing of my data and rights.</li>
          <li>I consent to the collection and processing of personal data within the scope of the study and its pseudonymized disclosure so that
            only the persons conducting the study can establish a link between the data and my person.</li>
    </ul>
    <p>By selecting the consent option below, I agree to participate in online studies or experiments using learning, and I consent to the use of my data described in the Data Protection Information Sheet and confirm having received a copy of the Data Protection Sheet.</p>
    <p>Note: If you do not consent to participate in this study or have your data used as outlined in the Data Protection Information Sheet, then this experiment will now close and you will not proceed any further. No information about you will be retained. </p>
    <br><br>","","","","","","","","","","","","","","","","","","","","","","","","","","","","","","","","","",""
"","","","","","instructions","5","237441","0.0-5.0-0.0","213261","","","[{""page_index"":0,""viewing_time"":3674},{""page_index"":1,""viewing_time"":18090},{""page_index"":2,""viewing_time"":10035},{""page_index"":3,""viewing_time"":25314},{""page_index"":4,""viewing_time"":21091},{""page_index"":5,""viewing_time"":7048},{""page_index"":6,""viewing_time"":11961},{""page_index"":7,""viewing_time"":16115},{""page_index"":8,""viewing_time"":13025},{""page_index"":9,""viewing_time"":26246},{""page_index"":10,""viewing_time"":49229},{""page_index"":11,""viewing_time"":11432}]","","","","","","","","","","","","","","","","","","","","","","","","","","","","","","","","",""
"","","","","","horizons-trial","6","271545","0.0-5.0-1.0","","","","","5","[44,57,74,72,62]","[31,33,24,39,29]","""2023-07-06T13:59:32.596Z""","[1,0,1,1]","","","","","","","","","0","","[""arrowright"",""arrowleft"",""arrowright"",""arrowright"",""arrowleft""]","[3072,1032,928,896,4500]","[31,57,24,39,62]","[0,57,0,0,62]","[[28.5447,50]]","[]","[]","[]","1","[]","[]","[]","[]","horizontal","practice","","",""
"","","","","","horizons-trial","7","307414","0.0-5.0-2.0","","","","","10","[64,50,57,35,52,38,44,61,39,38]","[70,69,76,71,75,58,81,84,57,61]","""2023-07-06T14:00:08.466Z""","[0,0,1,1]","","","","","","","","","1","","[""arrowleft"",""arrowleft"",""arrowright"",""arrowright"",""arrowright"",""arrowleft"",""arrowright"",""arrowright"",""arrowright"",""arrowright""]","[1836,881,831,504,3288,4220,1131,886,780,896]","[64,50,76,71,75,38,81,84,57,61]","[0,0,76,71,75,0,81,84,57,61]","[[61.9587,86.1139]]","[]","[]","[]","1","[]","[]","[]","[]","horizontal","practice","","",""
"","","","","","instructions","8","345079","0.0-5.0-3.0","37658","","","[{""page_index"":0,""viewing_time"":2743},{""page_index"":1,""viewing_time"":22648},{""page_index"":2,""viewing_time"":9075},{""page_index"":3,""viewing_time"":3193}]","","","","","","","","","","","","","","","","","","","","","","","","","","","","","","","","",""
"","","","","","horizons-comprehension","9","381511","0.0-5.0-4.0","36429.40000009537","","","","","","","","","","","","","","","","","","","","","","","","","","","","","","","","","","[""true"",""false"",""false"",""true""]","0",""
"","","","","","instructions","10","383466","0.0-6.0","1951","","","[{""page_index"":0,""viewing_time"":1951}]","","","","","","","","","","","","","","","","","","","","","","","","","","","","","","","","",""
"","","","","","horizons-trial","11","406051","0.0-7.0","","","","","5","[37,36,27,41,49]","[49,55,56,56,37]","""2023-07-06T14:01:47.103Z""","[0,1,0,0]","1","0","0","40","52","40","52","12","0","0","[""arrowleft"",""arrowright"",""arrowleft"",""arrowleft"",""arrowright""]","[2116,948,1175,1056,3255]","[37,55,27,41,37]","[0,55,0,0,0]","[[73.5656,50]]","[]","[]","[]","1","[]","[]","[]","[]","horizontal","","","",""
"","","","","","horizons-trial","12","423883","0.0-8.0","","","","","10","[52,60,65,46,49,71,54,56,58,54]","[53,54,60,51,50,55,66,59,66,55]","""2023-07-06T14:02:04.934Z""","[0,1,1,0]","0","1","1","60","56","56","60","4","0","0","[""arrowleft"",""arrowright"",""arrowright"",""arrowleft"",""arrowright"",""arrowright"",""arrowright"",""arrowleft"",""arrowright"",""arrowright""]","[805,616,504,695,1696,1359,664,849,642,837]","[52,54,60,46,50,55,66,56,66,55]","[0,0,0,0,50,0,66,0,66,55]","[[57.0345,73.9064]]","[]","[]","[]","1","[]","[]","[]","[]","horizontal","","","",""
"","","","","","horizons-trial","13","448141","0.0-9.0","","","","","10","[61,58,51,56,53,66,59,59,51,43]","[60,60,60,63,63,61,66,57,58,58]","""2023-07-06T14:02:29.193Z""","[1,1,1,0]","1","1","1","60","56","56","60","4","0","0","[""arrowright"",""arrowright"",""arrowright"",""arrowleft"",""arrowleft"",""arrowleft"",""arrowright"",""arrowright"",""arrowleft"",""arrowright""]","[1318,678,789,719,1754,2517,736,824,712,983]","[60,60,60,56,53,66,66,57,51,58]","[0,60,60,0,0,66,66,0,0,58]","[[35.931,38.0977]]","[]","[]","[]","1","[]","[]","[]","[]","horizontal","","","",""
"","","","","","horizons-trial","14","459611","0.0-10.0","","","","","5","[45,62,56,37,44]","[40,30,35,26,35]","""2023-07-06T14:02:40.663Z""","[1,0,0,1]","0","1","0","40","52","52","40","12","0","0","[""arrowright"",""arrowleft"",""arrowleft"",""arrowright"",""arrowleft""]","[767,582,810,640,1175]","[40,62,56,26,44]","[0,62,56,0,44]","[[85.1726,50]]","[]","[]","[]","1","[]","[]","[]","[]","horizontal","","","",""
"","","","","","horizons-trial","15","468830","0.0-11.0","","","","","5","[62,58,57,64,53]","[62,69,60,66,52]","""2023-07-06T14:02:49.881Z""","[0,1,1,1]","1","0","0","60","58","60","58","2","0","0","[""arrowleft"",""arrowright"",""arrowright"",""arrowright"",""arrowright""]","[1127,613,512,647,1060]","[62,69,60,66,52]","[62,69,60,66,0]","[[87.6346,50]]","[]","[]","[]","1","[]","[]","[]","[]","horizontal","","","",""
"","","","","","horizons-trial","16","487315","0.0-12.0","","","","","10","[44,44,52,60,53,40,49,26,57,38]","[50,39,40,40,45,32,62,37,47,42]","""2023-07-06T14:03:08.367Z""","[0,1,1,0]","0","1","1","40","48","48","40","8","0","0","[""arrowleft"",""arrowright"",""arrowright"",""arrowleft"",""arrowleft"",""arrowleft"",""arrowright"",""arrowright"",""arrowleft"",""arrowleft""]","[1373,690,771,601,3107,1763,988,880,792,727]","[44,39,40,60,53,40,62,37,57,38]","[0,0,0,60,53,40,62,37,57,0]","[[40.8551,62.5127]]","[]","[]","[]","1","[]","[]","[]","[]","horizontal","","","",""
"","","","","","horizons-trial","17","503587","0.0-13.0","","","","","5","[50,47,36,42,40]","[48,48,26,49,39]","""2023-07-06T14:03:24.639Z""","[1,0,1,1]","1","1","0","40","42","42","40","2","0","0","[""arrowright"",""arrowleft"",""arrowright"",""arrowright"",""arrowright""]","[1053,583,631,782,4417]","[48,47,26,49,39]","[0,0,0,49,0]","[[67.938,50]]","[]","[]","[]","1","[]","[]","[]","[]","horizontal","","","",""
"","","","","","horizons-trial","18","524342","0.0-14.0","","","","","5","[57,48,43,57,42]","[51,36,40,43,37]","""2023-07-06T14:03:45.394Z""","[1,1,0,1]","1","1","0","40","52","52","40","12","0","0","[""arrowright"",""arrowright"",""arrowleft"",""arrowright"",""arrowleft""]","[1024,1000,744,800,1481]","[51,36,43,43,42]","[0,0,43,0,42]","[[48.9448,50]]","[]","[]","[]","1","[]","[]","[]","[]","horizontal","","","",""
"","","","","","horizons-trial","19","543263","0.0-15.0","","","","","10","[38,31,44,37,43,38,28,38,34,48]","[38,41,40,39,41,32,46,37,47,54]","""2023-07-06T14:04:04.315Z""","[1,0,0,0]","1","0","1","40","44","40","44","4","0","0","[""arrowright"",""arrowleft"",""arrowleft"",""arrowleft"",""arrowright"",""arrowright"",""arrowleft"",""arrowright"",""arrowright"",""arrowright""]","[900,952,943,952,1255,2201,830,844,675,664]","[38,31,44,37,41,32,28,37,47,54]","[38,0,44,0,0,0,0,0,47,54]","[[41.5586,58.0366]]","[]","[]","[]","1","[]","[]","[]","[]","horizontal","","","",""
"","","","","","horizons-trial","20","557850","0.0-16.0","","","","","10","[24,31,32,36,20,22,42,19,20,17]","[64,61,57,59,69,55,52,70,56,51]","""2023-07-06T14:04:18.901Z""","[0,1,0,1]","0","1","1","60","30","30","60","30","0","0","[""arrowleft"",""arrowright"",""arrowleft"",""arrowright"",""arrowright"",""arrowright"",""arrowright"",""arrowright"",""arrowright"",""arrowright""]","[1035,625,1079,615,705,1040,630,520,526,476]","[24,61,32,59,69,55,52,70,56,51]","[0,61,0,59,69,55,52,70,56,51]","[[76.7311,97.10071]]","[]","[]","[]","1","[]","[]","[]","[]","horizontal","","","",""
"","","","","","horizons-trial","21","580770","0.0-17.0","","","","","5","[41,42,44,42,36]","[28,46,42,39,33]","""2023-07-06T14:04:41.822Z""","[1,0,0,1]","0","1","0","40","44","44","40","4","0","0","[""arrowright"",""arrowleft"",""arrowleft"",""arrowright"",""arrowleft""]","[877,585,688,871,1548]","[28,42,44,39,36]","[0,0,44,0,36]","[[80.9519,50]]","[]","[]","[]","1","[]","[]","[]","[]","horizontal","","","",""
"","","","","","horizons-trial","22","593931","0.0-18.0","","","","","5","[27,46,33,44,39]","[39,39,48,46,45]","""2023-07-06T14:04:54.982Z""","[0,1,0,0]","1","0","0","40","44","40","44","4","0","0","[""arrowleft"",""arrowright"",""arrowleft"",""arrowleft"",""arrowright""]","[949,551,667,633,2128]","[27,39,33,44,45]","[0,0,0,0,45]","[[54.9242,50]]","[]","[]","[]","1","[]","[]","[]","[]","horizontal","","","",""
"","","","","","horizons-trial","23","609280","0.0-19.0","","","","","10","[30,39,51,43,34,27,48,52,34,50]","[51,45,45,51,35,45,45,34,60,28]","""2023-07-06T14:05:10.332Z""","[1,0,1,0]","0","1","1","40","44","44","40","4","0","0","[""arrowright"",""arrowleft"",""arrowright"",""arrowleft"",""arrowright"",""arrowright"",""arrowright"",""arrowright"",""arrowright"",""arrowright""]","[651,647,592,617,799,687,617,935,528,491]","[51,39,45,43,35,45,45,34,60,28]","[51,0,0,0,35,45,0,0,60,0]","[[70.4001,69.0234]]","[]","[]","[]","1","[]","[]","[]","[]","horizontal","","","",""
"","","","","","horizons-trial","24","621467","0.0-20.0","","","","","10","[65,66,60,68,66,62,59,62,71,64]","[46,50,50,48,57,73,50,50,48,63]","""2023-07-06T14:05:22.519Z""","[0,0,0,1]","1","0","1","60","52","60","52","8","0","0","[""arrowleft"",""arrowleft"",""arrowleft"",""arrowright"",""arrowleft"",""arrowleft"",""arrowleft"",""arrowleft"",""arrowleft"",""arrowleft""]","[672,827,928,727,633,1720,575,386,551,566]","[65,66,60,48,66,62,59,62,71,64]","[65,66,60,0,66,0,59,62,71,64]","[[79.8967,95.47304]]","[]","[]","[]","1","[]","[]","[]","[]","horizontal","","","",""
"","","","","","horizons-trial","25","631834","0.0-21.0","","","","","5","[30,57,33,48,45]","[40,40,41,31,44]","""2023-07-06T14:05:32.886Z""","[1,0,1,0]","0","1","0","40","42","42","40","2","0","0","[""arrowright"",""arrowleft"",""arrowright"",""arrowleft"",""arrowleft""]","[1085,695,737,699,837]","[40,57,41,48,45]","[40,57,41,48,45]","[[90.0967,50]]","[]","[]","[]","1","[]","[]","[]","[]","horizontal","","","",""
"","","","","","horizons-trial","26","640981","0.0-22.0","","","","","5","[57,56,45,65,59]","[64,59,62,48,67]","""2023-07-06T14:05:42.032Z""","[1,0,1,0]","0","0","0","60","52","60","52","8","0","0","[""arrowright"",""arrowleft"",""arrowright"",""arrowleft"",""arrowright""]","[1461,545,544,639,559]","[64,56,62,65,67]","[64,0,62,65,67]","[[65.8277,50]]","[]","[]","[]","1","[]","[]","[]","[]","horizontal","","","",""
"","","","","","horizons-trial","27","649188","0.0-23.0","","","","","5","[45,63,47,61,51]","[44,59,57,74,65]","""2023-07-06T14:05:50.240Z""","[0,1,0,1]","0","1","0","60","58","58","60","2","0","0","[""arrowleft"",""arrowright"",""arrowleft"",""arrowright"",""arrowright""]","[737,534,501,587,1217]","[45,59,47,74,65]","[45,0,0,74,65]","[[90.4485,50]]","[]","[]","[]","1","[]","[]","[]","[]","horizontal","","","",""
"","","","","","horizons-trial","28","658801","0.0-24.0","","","","","10","[42,42,28,45,33,37,30,50,42,57]","[59,63,62,72,49,60,72,66,56,80]","""2023-07-06T14:05:59.853Z""","[0,0,1,1]","0","1","1","60","40","40","60","20","0","0","[""arrowleft"",""arrowleft"",""arrowright"",""arrowright"",""arrowright"",""arrowright"",""arrowright"",""arrowright"",""arrowright"",""arrowright""]","[611,568,535,529,664,416,448,397,406,468]","[42,42,62,72,49,60,72,66,56,80]","[0,0,62,72,49,60,72,66,56,80]","[[90.4485,97.50763]]","[]","[]","[]","1","[]","[]","[]","[]","horizontal","","","",""
"","","","","","horizons-trial","29","674434","0.0-25.0","","","","","10","[51,55,49,51,60,52,70,50,73,52]","[53,45,45,40,40,36,43,27,42,45]","""2023-07-06T14:06:15.485Z""","[0,1,1,1]","1","1","1","40","60","60","40","20","0","0","[""arrowleft"",""arrowright"",""arrowright"",""arrowright"",""arrowleft"",""arrowleft"",""arrowleft"",""arrowleft"",""arrowleft"",""arrowleft""]","[719,608,759,672,2223,780,2628,508,416,560]","[51,45,45,40,60,52,70,50,73,52]","[0,0,0,0,60,52,70,50,73,52]","[[53.5173,73.0926]]","[]","[]","[]","1","[]","[]","[]","[]","horizontal","","","",""
"","","","","","horizons-trial","30","697214","0.0-26.0","","","","","5","[70,63,55,60,61]","[52,47,56,59,57]","""2023-07-06T14:06:38.265Z""","[1,0,0,1]","0","0","0","60","56","60","56","4","0","0","[""arrowright"",""arrowleft"",""arrowleft"",""arrowright"",""arrowleft""]","[850,588,619,785,3191]","[52,63,55,59,61]","[0,63,0,0,61]","[[61.2552,50]]","[]","[]","[]","1","[]","[]","[]","[]","horizontal","","","",""
"","","","","","horizons-trial","31","710747","0.0-27.0","","","","","5","[63,68,54,38,52]","[26,31,44,58,46]","""2023-07-06T14:06:51.799Z""","[1,1,1,0]","1","0","0","60","40","60","40","20","0","0","[""arrowright"",""arrowright"",""arrowright"",""arrowleft"",""arrowright""]","[574,607,521,992,1407]","[26,31,44,38,46]","[0,0,0,0,0]","[[42.9655,50]]","[]","[]","[]","1","[]","[]","[]","[]","horizontal","","","",""
"","","","","","horizons-trial","32","723611","0.0-28.0","","","","","10","[57,66,62,56,58,63,51,55,63,55]","[47,43,41,35,48,54,50,38,38,43]","""2023-07-06T14:07:04.663Z""","[1,0,0,0]","1","0","1","60","40","60","40","20","0","0","[""arrowright"",""arrowleft"",""arrowleft"",""arrowleft"",""arrowleft"",""arrowright"",""arrowleft"",""arrowleft"",""arrowleft"",""arrowleft""]","[669,583,559,641,818,1086,718,539,439,411]","[47,66,62,56,58,54,51,55,63,55]","[0,66,62,56,58,0,51,55,63,55]","[[82.3588,94.65921]]","[]","[]","[]","1","[]","[]","[]","[]","horizontal","","","",""
"","","","","","horizons-trial","33","735096","0.0-29.0","","","","","10","[50,63,59,63,84,55,77,55,48,58]","[70,63,62,32,57,60,57,63,68,72]","""2023-07-06T14:07:16.148Z""","[0,0,0,1]","1","0","1","60","59","60","59","1","0","0","[""arrowleft"",""arrowleft"",""arrowleft"",""arrowright"",""arrowleft"",""arrowleft"",""arrowleft"",""arrowleft"",""arrowleft"",""arrowleft""]","[1789,616,703,880,761,720,356,324,230,223]","[50,63,59,32,84,55,77,55,48,58]","[0,63,0,0,84,0,77,0,0,0]","[[82.3588,94.65921]]","[]","[]","[]","1","[]","[]","[]","[]","horizontal","","","",""
"","","","","","horizons-trial","34","749943","0.0-30.0","","","","","10","[35,53,61,44,55,53,62,69,63,59]","[49,53,62,67,53,55,56,50,68,64]","""2023-07-06T14:07:30.994Z""","[0,1,0,1]","0","0","1","60","58","60","58","2","0","0","[""arrowleft"",""arrowright"",""arrowleft"",""arrowright"",""arrowright"",""arrowright"",""arrowright"",""arrowright"",""arrowright"",""arrowright""]","[1113,623,760,1113,1435,870,543,472,368,408]","[35,53,61,67,53,55,56,50,68,64]","[0,53,0,67,0,55,0,0,68,64]","[[57.0345,71.05799999999999]]","[]","[]","[]","1","[]","[]","[]","[]","horizontal","","","",""
"","","","","","horizons-trial","35","758527","0.0-31.0","","","","","5","[27,42,35,50,29]","[76,59,63,58,56]","""2023-07-06T14:07:39.579Z""","[0,1,0,1]","0","0","0","40","60","40","60","20","0","0","[""arrowleft"",""arrowright"",""arrowleft"",""arrowright"",""arrowright""]","[837,616,727,872,704]","[27,59,35,58,56]","[0,59,0,58,56]","[[89.3933,50]]","[]","[]","[]","1","[]","[]","[]","[]","horizontal","","","",""
"","","","","","horizons-trial","36","766336","0.0-32.0","","","","","5","[35,32,22,37,45]","[47,52,29,42,44]","""2023-07-06T14:07:47.388Z""","[1,0,0,0]","1","0","0","40","41","40","41","1","0","0","[""arrowright"",""arrowleft"",""arrowleft"",""arrowleft"",""arrowright""]","[1301,552,648,687,553]","[47,32,22,37,44]","[47,0,0,0,0]","[[72.1587,50]]","[]","[]","[]","1","[]","[]","[]","[]","horizontal","","","",""
"","","","","","horizons-trial","37","780269","0.0-33.0","","","","","10","[57,37,41,43,31,42,41,40,30,39]","[45,52,31,50,54,36,42,57,49,38]","""2023-07-06T14:08:01.320Z""","[1,1,0,0]","0","0","1","40","44","40","44","4","0","0","[""arrowright"",""arrowright"",""arrowleft"",""arrowleft"",""arrowright"",""arrowright"",""arrowleft"",""arrowright"",""arrowright"",""arrowright""]","[1270,639,640,492,608,712,779,860,1343,0]","[45,52,41,43,54,36,41,57,49,38]","[0,52,41,0,54,0,0,57,49,0]","[[49.6483,66.58189999999999]]","[]","[]","[]","1","[]","[]","[]","[]","horizontal","","","",""
"","","","","","horizons-trial","38","790133","0.0-34.0","","","","","10","[47,29,33,29,41,40,45,54,40,41]","[51,56,65,69,57,56,65,54,56,73]","""2023-07-06T14:08:11.184Z""","[0,1,0,1]","0","0","1","40","60","40","60","20","0","0","[""arrowleft"",""arrowright"",""arrowleft"",""arrowright"",""arrowright"",""arrowright"",""arrowright"",""arrowright"",""arrowright"",""arrowright""]","[838,944,703,632,638,976,528,423,376,391]","[47,56,33,69,57,56,65,54,56,73]","[0,56,0,69,57,56,65,54,56,73]","[[75.3242,84.4863]]","[]","[]","[]","1","[]","[]","[]","[]","horizontal","","","",""
"","","","","","horizons-trial","39","797764","0.0-35.0","","","","","5","[43,43,43,50,35]","[40,40,47,54,31]","""2023-07-06T14:08:18.816Z""","[1,0,1,1]","1","1","0","40","41","41","40","1","0","0","[""arrowright"",""arrowleft"",""arrowright"",""arrowright"",""arrowright""]","[638,495,616,674,906]","[40,43,47,54,31]","[0,43,47,54,0]","[[81.3036,50]]","[]","[]","[]","1","[]","[]","[]","[]","horizontal","","","",""
"","","","","","horizons-trial","40","805440","0.0-36.0","","","","","10","[55,70,67,64,68,68,60,52,60,47]","[51,49,44,44,49,42,47,47,33,53]","""2023-07-06T14:08:26.492Z""","[1,0,1,0]","0","0","1","60","48","60","48","12","0","0","[""arrowright"",""arrowleft"",""arrowright"",""arrowleft"",""arrowleft"",""arrowleft"",""arrowleft"",""arrowleft"",""arrowleft"",""arrowleft""]","[550,524,539,424,472,496,448,290,258,258]","[51,70,44,64,68,68,60,52,60,47]","[0,70,0,64,68,68,60,52,60,0]","[[85.1726,90.18311]]","[]","[]","[]","1","[]","[]","[]","[]","horizontal","","","",""
"","","","","","horizons-trial","41","813841","0.0-37.0","","","","","10","[41,49,41,39,63,54,47,38,39,56]","[67,65,68,47,55,56,67,62,65,49]","""2023-07-06T14:08:34.892Z""","[0,1,1,1]","1","1","1","60","48","48","60","12","0","0","[""arrowleft"",""arrowright"",""arrowright"",""arrowright"",""arrowright"",""arrowright"",""arrowright"",""arrowright"",""arrowright"",""arrowright""]","[645,545,606,528,784,540,335,247,248,281]","[41,65,68,47,55,56,67,62,65,49]","[0,65,68,47,0,56,67,62,65,0]","[[85.1726,90.18311]]","[]","[]","[]","1","[]","[]","[]","[]","horizontal","","","",""
"","","","","","horizons-trial","42","824725","0.0-38.0","","","","","10","[34,36,43,33,47,38,56,44,43,47]","[44,44,36,37,24,31,46,41,52,42]","""2023-07-06T14:08:45.776Z""","[1,0,0,0]","1","1","1","40","41","41","40","1","0","0","[""arrowright"",""arrowleft"",""arrowleft"",""arrowleft"",""arrowright"",""arrowleft"",""arrowleft"",""arrowright"",""arrowleft"",""arrowleft""]","[765,472,644,652,1352,1343,522,485,729,528]","[44,36,43,33,24,38,56,41,43,47]","[44,0,43,0,0,38,56,0,0,47]","[[46.131,63.7335]]","[]","[]","[]","1","[]","[]","[]","[]","horizontal","","","",""
"","","","","","horizons-trial","43","833436","0.0-39.0","","","","","5","[36,46,49,45,26]","[64,65,65,58,77]","""2023-07-06T14:08:54.488Z""","[1,0,0,1]","0","0","0","40","70","40","70","30","0","0","[""arrowright"",""arrowleft"",""arrowleft"",""arrowright"",""arrowright""]","[513,495,475,578,2458]","[64,46,49,58,77]","[64,0,0,58,77]","[[86.2277,50]]","[]","[]","[]","1","[]","[]","[]","[]","horizontal","","","",""
"","","","","","horizons-trial","44","842368","0.0-40.0","","","","","10","[30,48,46,38,54,38,47,41,37,30]","[67,84,69,90,80,73,72,70,61,67]","""2023-07-06T14:09:03.420Z""","[1,0,0,1]","0","0","1","40","70","40","70","30","0","0","[""arrowright"",""arrowleft"",""arrowleft"",""arrowright"",""arrowright"",""arrowright"",""arrowright"",""arrowright"",""arrowright"",""arrowright""]","[1147,581,420,500,736,567,352,232,351,632]","[67,48,46,90,80,73,72,70,61,67]","[67,0,0,90,80,73,72,70,61,67]","[[87.6346,93.43845]]","[]","[]","[]","1","[]","[]","[]","[]","horizontal","","","",""
"","","","","","horizons-trial","45","853465","0.0-41.0","","","","","10","[62,53,65,55,51,65,56,64,62,53]","[70,58,62,50,43,48,50,67,52,52]","""2023-07-06T14:09:14.516Z""","[0,0,1,0]","1","0","1","60","58","60","58","2","0","0","[""arrowleft"",""arrowleft"",""arrowright"",""arrowleft"",""arrowright"",""arrowright"",""arrowleft"",""arrowleft"",""arrowleft"",""arrowleft""]","[749,424,584,919,1784,600,751,641,662,322]","[62,53,62,55,43,48,56,64,62,53]","[0,0,0,55,0,0,56,0,62,53]","[[44.0207,69.8372]]","[]","[]","[]","1","[]","[]","[]","[]","horizontal","","","",""
"","","","","","horizons-trial","46","860807","0.0-42.0","","","","","5","[49,66,54,56,49]","[51,71,49,59,67]","""2023-07-06T14:09:21.858Z""","[0,1,1,1]","1","1","0","60","58","58","60","2","0","0","[""arrowleft"",""arrowright"",""arrowright"",""arrowright"",""arrowright""]","[666,619,664,592,705]","[49,71,49,59,67]","[0,71,0,59,67]","[[85.876,50]]","[]","[]","[]","1","[]","[]","[]","[]","horizontal","","","",""
"","","","","","horizons-trial","47","870318","0.0-43.0","","","","","10","[61,71,73,68,49,63,69,56,69,57]","[70,65,78,65,58,52,56,52,65,56]","""2023-07-06T14:09:31.369Z""","[1,1,1,0]","1","1","1","60","59","59","60","1","0","0","[""arrowright"",""arrowright"",""arrowright"",""arrowleft"",""arrowright"",""arrowright"",""arrowright"",""arrowright"",""arrowleft"",""arrowleft""]","[653,432,388,763,544,463,310,215,1351,654]","[70,65,78,68,58,52,56,52,69,57]","[70,0,78,68,58,0,0,0,69,57]","[[92.2071,96.28688]]","[]","[]","[]","1","[]","[]","[]","[]","horizontal","","","",""
"","","","","","horizons-trial","48","879244","0.0-44.0","","","","","10","[33,34,29,24,15,36,19,24,30,39]","[63,69,52,60,52,72,48,81,62,63]","""2023-07-06T14:09:40.295Z""","[0,0,1,0]","1","1","1","60","30","30","60","30","0","0","[""arrowleft"",""arrowleft"",""arrowright"",""arrowleft"",""arrowright"",""arrowright"",""arrowright"",""arrowright"",""arrowright"",""arrowright""]","[611,495,604,875,1178,625,326,233,207,144]","[33,34,52,24,52,72,48,81,62,63]","[0,0,52,0,52,72,48,81,62,63]","[[75.3242,82.8586]]","[]","[]","[]","1","[]","[]","[]","[]","horizontal","","","",""
"","","","","","horizons-trial","49","890179","0.0-45.0","","","","","10","[60,68,66,78,71,66,60,66,69,50]","[25,55,47,35,45,43,46,46,38,44]","""2023-07-06T14:09:51.231Z""","[1,0,0,1]","0","1","1","40","70","70","40","30","0","0","[""arrowright"",""arrowleft"",""arrowleft"",""arrowright"",""arrowleft"",""arrowleft"",""arrowleft"",""arrowleft"",""arrowleft"",""arrowleft""]","[768,484,432,448,664,751,355,253,248,255]","[25,68,66,35,71,66,60,66,69,50]","[0,68,66,0,71,66,60,66,69,50]","[[90.8002,92.62462]]","[]","[]","[]","1","[]","[]","[]","[]","horizontal","","","",""
"","","","","","horizons-trial","50","903286","0.0-46.0","","","","","10","[38,44,44,39,54,46,56,38,48,50]","[61,57,63,52,51,56,61,70,74,64]","""2023-07-06T14:10:04.337Z""","[1,0,1,1]","1","0","1","40","60","40","60","20","0","0","[""arrowright"",""arrowleft"",""arrowright"",""arrowright"",""arrowright"",""arrowright"",""arrowright"",""arrowleft"",""arrowright"",""arrowright""]","[701,483,547,749,1313,520,545,453,528,326]","[61,44,63,52,51,56,61,38,74,64]","[61,0,63,52,0,56,61,0,74,64]","[[51.7586,85.707]]","[]","[]","[]","1","[]","[]","[]","[]","horizontal","","","",""
"","","","","","horizons-trial","51","912895","0.0-47.0","","","","","5","[54,54,50,40,48]","[48,44,38,51,47]","""2023-07-06T14:10:13.947Z""","[1,0,0,1]","0","1","0","40","48","48","40","8","0","0","[""arrowright"",""arrowleft"",""arrowleft"",""arrowright"",""arrowright""]","[668,557,630,670,1826]","[48,54,50,51,47]","[0,54,50,51,0]","[[50.7035,50]]","[]","[]","[]","1","[]","[]","[]","[]","horizontal","","","",""
"","","","","","horizons-trial","52","923462","0.0-48.0","","","","","5","[67,53,53,63,52]","[60,72,60,57,55]","""2023-07-06T14:10:24.514Z""","[0,1,0,1]","0","1","0","60","56","56","60","4","0","0","[""arrowleft"",""arrowright"",""arrowleft"",""arrowright"",""arrowright""]","[644,531,493,610,3830]","[67,72,53,57,55]","[67,72,0,0,55]","[[68.9932,50]]","[]","[]","[]","1","[]","[]","[]","[]","horizontal","","","",""
"","","","","","horizons-trial","53","935458","0.0-49.0","","","","","10","[53,54,62,57,49,43,62,43,56,44]","[53,63,52,55,58,63,63,56,54,74]","""2023-07-06T14:10:36.510Z""","[0,0,1,0]","1","1","1","60","52","52","60","8","0","0","[""arrowleft"",""arrowleft"",""arrowright"",""arrowleft"",""arrowright"",""arrowright"",""arrowright"",""arrowright"",""arrowright"",""arrowright""]","[717,607,496,591,536,880,767,454,347,327]","[53,54,52,57,58,63,63,56,54,74]","[53,0,0,57,58,63,63,56,0,74]","[[46.4827,56.409]]","[]","[]","[]","1","[]","[]","[]","[]","horizontal","","","",""
"","","","","","horizons-trial","54","947454","0.0-50.0","","","","","10","[55,61,47,52,74,62,65,73,52,66]","[26,42,23,30,31,28,32,26,44,21]","""2023-07-06T14:10:48.506Z""","[0,0,1,1]","0","0","1","60","30","60","30","30","0","0","[""arrowleft"",""arrowleft"",""arrowright"",""arrowright"",""arrowleft"",""arrowleft"",""arrowleft"",""arrowleft"",""arrowleft"",""arrowleft""]","[600,582,847,568,663,592,435,328,229,454]","[55,61,23,30,74,62,65,73,52,66]","[55,61,0,0,74,62,65,73,52,66]","[[93.2623,96.28688]]","[]","[]","[]","1","[]","[]","[]","[]","horizontal","","","",""
"","","","","","horizons-trial","55","958419","0.0-51.0","","","","","5","[38,57,59,67,63]","[62,45,60,60,71]","""2023-07-06T14:10:59.471Z""","[0,0,0,1]","1","1","0","60","59","59","60","1","0","0","[""arrowleft"",""arrowleft"",""arrowleft"",""arrowright"",""arrowright""]","[518,526,569,631,2888]","[38,57,59,60,71]","[0,57,0,0,71]","[[49.2965,50]]","[]","[]","[]","1","[]","[]","[]","[]","horizontal","","","",""
"","","","","","horizons-trial","56","968122","0.0-52.0","","","","","5","[45,47,44,47,50]","[68,74,65,69,69]","""2023-07-06T14:11:09.174Z""","[1,1,0,1]","1","1","0","60","40","40","60","20","0","0","[""arrowright"",""arrowright"",""arrowleft"",""arrowright"",""arrowright""]","[1297,636,473,647,600]","[68,74,44,69,69]","[68,74,0,69,69]","[[91.5036,50]]","[]","[]","[]","1","[]","[]","[]","[]","horizontal","","","",""
"","","","","","horizons-trial","57","981660","0.0-53.0","","","","","10","[65,49,59,59,53,65,54,71,60,64]","[55,56,53,49,52,57,58,50,47,62]","""2023-07-06T14:11:22.712Z""","[1,1,0,0]","0","0","1","60","52","60","52","8","0","0","[""arrowright"",""arrowright"",""arrowleft"",""arrowleft"",""arrowright"",""arrowleft"",""arrowleft"",""arrowleft"",""arrowleft"",""arrowleft""]","[1358,617,550,423,680,1072,799,720,456,464]","[55,56,59,59,52,65,54,71,60,64]","[0,56,59,59,0,65,0,71,60,64]","[[45.7793,51.5259]]","[]","[]","[]","1","[]","[]","[]","[]","horizontal","","","",""
"","","","","","horizons-trial","58","995478","0.0-54.0","","","","","5","[43,40,43,39,45]","[47,48,57,45,51]","""2023-07-06T14:11:36.529Z""","[0,1,0,0]","1","0","0","40","48","40","48","8","0","0","[""arrowleft"",""arrowright"",""arrowleft"",""arrowleft"",""arrowright""]","[595,688,503,576,3159]","[43,48,43,39,51]","[0,48,0,0,51]","[[51.7586,50]]","[]","[]","[]","1","[]","[]","[]","[]","horizontal","","","",""
"","","","","","horizons-trial","59","1006278","0.0-55.0","","","","","10","[54,53,61,45,55,60,65,53,68,55]","[35,44,34,39,30,28,23,41,34,27]","""2023-07-06T14:11:47.330Z""","[0,1,1,1]","1","0","1","60","30","60","30","30","0","0","[""arrowleft"",""arrowright"",""arrowright"",""arrowright"",""arrowleft"",""arrowleft"",""arrowleft"",""arrowleft"",""arrowleft"",""arrowleft""]","[698,494,541,653,493,552,477,267,248,240]","[54,44,34,39,55,60,65,53,68,55]","[54,0,0,0,55,60,65,53,68,55]","[[70.7518,82.8586]]","[]","[]","[]","1","[]","[]","[]","[]","horizontal","","","",""
"","","","","","horizons-trial","60","1014275","0.0-56.0","","","","","5","[53,55,75,54,85]","[37,47,37,27,40]","""2023-07-06T14:11:55.327Z""","[1,1,0,1]","1","1","0","40","60","60","40","20","0","0","[""arrowright"",""arrowright"",""arrowleft"",""arrowright"",""arrowleft""]","[613,649,543,640,496]","[37,47,75,27,85]","[0,0,75,0,85]","[[95.3726,50]]","[]","[]","[]","1","[]","[]","[]","[]","horizontal","","","",""
"","","","","","horizons-trial","61","1022755","0.0-57.0","","","","","5","[41,31,58,56,43]","[25,50,33,30,42]","""2023-07-06T14:12:03.807Z""","[1,0,0,0]","1","1","0","40","48","48","40","8","0","0","[""arrowright"",""arrowleft"",""arrowleft"",""arrowleft"",""arrowleft""]","[1205,528,348,374,1868]","[25,31,58,56,43]","[0,0,58,56,43]","[[73.2139,50]]","[]","[]","[]","1","[]","[]","[]","[]","horizontal","","","",""
"","","","","","horizons-trial","62","1035526","0.0-58.0","","","","","5","[56,50,54,53,58]","[55,49,36,43,52]","""2023-07-06T14:12:16.578Z""","[1,0,1,0]","0","0","0","60","48","60","48","12","0","0","[""arrowright"",""arrowleft"",""arrowright"",""arrowleft"",""arrowleft""]","[825,527,584,1799,2032]","[55,50,36,53,58]","[0,50,0,53,58]","[[63.7173,50]]","[]","[]","[]","1","[]","[]","[]","[]","horizontal","","","",""
"","","","","","horizons-trial","63","1043230","0.0-59.0","","","","","5","[60,35,24,36,46]","[51,41,39,31,33]","""2023-07-06T14:12:24.282Z""","[1,0,0,1]","0","0","0","40","44","40","44","4","0","0","[""arrowright"",""arrowleft"",""arrowleft"",""arrowright"",""arrowright""]","[1222,528,455,536,520]","[51,35,24,31,33]","[0,0,0,0,0]","[[47.5379,50]]","[]","[]","[]","1","[]","[]","[]","[]","horizontal","","","",""
"","","","","","horizons-trial","64","1055938","0.0-60.0","","","","","10","[68,55,55,58,58,49,67,59,66,74]","[51,63,65,54,70,55,50,62,45,62]","""2023-07-06T14:12:36.990Z""","[0,1,0,1]","0","0","1","60","59","60","59","1","0","0","[""arrowleft"",""arrowright"",""arrowleft"",""arrowright"",""arrowleft"",""arrowleft"",""arrowright"",""arrowright"",""arrowleft"",""arrowleft""]","[598,535,516,540,2248,663,708,641,408,797]","[68,63,55,54,58,49,50,62,66,74]","[68,63,0,0,0,0,0,62,66,74]","[[46.4827,58.0366]]","[]","[]","[]","1","[]","[]","[]","[]","horizontal","","","",""
"","","","","","horizons-trial","65","1066971","0.0-61.0","","","","","10","[47,71,71,57,63,61,67,49,51,51]","[53,62,77,53,62,85,58,74,53,58]","""2023-07-06T14:12:48.022Z""","[0,1,1,1]","1","0","1","60","56","60","56","4","0","0","[""arrowleft"",""arrowright"",""arrowright"",""arrowright"",""arrowright"",""arrowleft"",""arrowright"",""arrowright"",""arrowleft"",""arrowright""]","[558,536,527,672,511,1136,712,439,593,575]","[47,62,77,53,62,61,58,74,51,58]","[0,0,77,0,0,0,0,74,0,58]","[[78.4898,88.1485]]","[]","[]","[]","1","[]","[]","[]","[]","horizontal","","","",""
"","","","","","horizons-trial","66","1079474","0.0-62.0","","","","","10","[64,62,55,57,66,69,65,56,45,52]","[31,48,24,41,34,35,38,54,34,38]","""2023-07-06T14:13:00.525Z""","[0,1,0,1]","0","0","1","60","40","60","40","20","0","0","[""arrowleft"",""arrowright"",""arrowleft"",""arrowright"",""arrowleft"",""arrowleft"",""arrowleft"",""arrowleft"",""arrowleft"",""arrowleft""]","[580,464,952,576,2670,1030,334,248,237,282]","[64,48,55,41,66,69,65,56,45,52]","[64,0,55,0,66,69,65,56,45,52]","[[80.9519,85.707]]","[]","[]","[]","1","[]","[]","[]","[]","horizontal","","","",""
"","","","","","horizons-trial","67","1092271","0.0-63.0","","","","","10","[34,44,37,43,48,34,44,29,39,43]","[46,54,42,29,39,46,41,43,37,44]","""2023-07-06T14:13:13.322Z""","[1,0,0,0]","1","0","1","40","41","40","41","1","0","0","[""arrowright"",""arrowleft"",""arrowleft"",""arrowleft"",""arrowright"",""arrowright"",""arrowright"",""arrowleft"",""arrowright"",""arrowright""]","[1606,612,860,775,1700,810,614,421,865,361]","[46,44,37,43,39,46,41,29,37,44]","[46,0,0,43,0,46,0,0,0,44]","[[45.4276,59.2574]]","[]","[]","[]","1","[]","[]","[]","[]","horizontal","","","",""
"","","","","","horizons-trial","68","1099789","0.0-64.0","","","","","5","[78,58,72,67,54]","[36,42,26,26,30]","""2023-07-06T14:13:20.841Z""","[1,0,1,0]","0","0","0","60","30","60","30","30","0","0","[""arrowright"",""arrowleft"",""arrowright"",""arrowleft"",""arrowleft""]","[669,549,549,768,637]","[36,58,26,67,54]","[0,58,0,67,54]","[[91.8554,50]]","[]","[]","[]","1","[]","[]","[]","[]","horizontal","","","",""
"","","","","","horizons-trial","69","1107367","0.0-65.0","","","","","5","[57,56,32,44,51]","[40,51,36,72,38]","""2023-07-06T14:13:28.419Z""","[0,0,1,1]","0","0","0","40","41","40","41","1","0","0","[""arrowleft"",""arrowleft"",""arrowright"",""arrowright"",""arrowleft""]","[606,383,584,976,511]","[57,56,36,72,51]","[57,56,36,72,51]","[[50,50]]","[]","[]","[]","1","[]","[]","[]","[]","horizontal","","","",""
"","","","","","horizons-trial","70","1115635","0.0-66.0","","","","","5","[52,49,41,33,40]","[59,52,53,47,57]","""2023-07-06T14:13:36.686Z""","[1,0,1,1]","1","1","0","60","48","48","60","12","0","0","[""arrowright"",""arrowleft"",""arrowright"",""arrowright"",""arrowright""]","[743,569,724,784,1363]","[59,49,53,47,57]","[59,0,53,47,57]","[[74.6208,50]]","[]","[]","[]","1","[]","[]","[]","[]","horizontal","","","",""
"","","","","","horizons-trial","71","1123891","0.0-67.0","","","","","5","[31,30,22,35,44]","[66,55,68,40,62]","""2023-07-06T14:13:44.943Z""","[0,1,0,0]","1","1","0","60","30","30","60","30","0","0","[""arrowleft"",""arrowright"",""arrowleft"",""arrowleft"",""arrowright""]","[541,1041,588,978,425]","[31,55,22,35,62]","[0,55,0,0,62]","[[91.5036,50]]","[]","[]","[]","1","[]","[]","[]","[]","horizontal","","","",""
"","","","","","horizons-trial","72","1134165","0.0-68.0","","","","","5","[49,49,63,47,53]","[62,51,63,46,58]","""2023-07-06T14:13:55.216Z""","[1,0,0,0]","1","1","0","60","52","52","60","8","0","0","[""arrowright"",""arrowleft"",""arrowleft"",""arrowleft"",""arrowright""]","[1236,470,490,639,709]","[62,49,63,47,58]","[62,0,63,47,58]","[[57.0345,50]]","[]","[]","[]","1","[]","[]","[]","[]","horizontal","","","",""
"","","","","","horizons-trial","73","1146675","0.0-69.0","","","","","10","[49,38,41,31,37,31,49,33,38,34]","[38,55,32,32,46,34,49,42,55,33]","""2023-07-06T14:14:07.727Z""","[0,0,1,1]","0","0","1","40","41","40","41","1","0","0","[""arrowleft"",""arrowleft"",""arrowright"",""arrowright"",""arrowleft"",""arrowleft"",""arrowleft"",""arrowleft"",""arrowright"",""arrowright""]","[565,585,833,550,1400,794,429,281,783,650]","[49,38,32,32,37,31,49,33,55,33]","[49,0,0,32,0,0,49,0,55,0]","[[78.8415,87.7416]]","[]","[]","[]","1","[]","[]","[]","[]","horizontal","","","",""
"","","","","","horizons-trial","74","1157705","0.0-70.0","","","","","5","[42,44,37,29,52]","[24,48,43,40,38]","""2023-07-06T14:14:18.757Z""","[0,1,1,0]","0","0","0","40","42","40","42","2","0","0","[""arrowleft"",""arrowright"",""arrowright"",""arrowleft"",""arrowright""]","[838,569,651,912,1719]","[42,48,43,29,38]","[42,48,43,0,0]","[[68.6415,50]]","[]","[]","[]","1","[]","[]","[]","[]","horizontal","","","",""
"","","","","","horizons-trial","75","1166456","0.0-71.0","","","","","5","[59,42,37,42,43]","[68,55,74,60,77]","""2023-07-06T14:14:27.508Z""","[0,0,0,1]","1","0","0","40","70","40","70","30","0","0","[""arrowleft"",""arrowleft"",""arrowleft"",""arrowright"",""arrowright""]","[1117,496,552,572,1251]","[59,42,37,60,77]","[0,0,0,60,77]","[[51.4069,50]]","[]","[]","[]","1","[]","[]","[]","[]","horizontal","","","",""
"","","","","","horizons-trial","76","1181325","0.0-72.0","","","","","10","[38,32,38,47,30,40,58,35,35,46]","[35,38,49,43,42,56,47,30,39,39]","""2023-07-06T14:14:42.377Z""","[1,1,0,1]","1","0","1","40","42","40","42","2","0","0","[""arrowright"",""arrowright"",""arrowleft"",""arrowright"",""arrowleft"",""arrowleft"",""arrowright"",""arrowleft"",""arrowright"",""arrowright""]","[965,616,472,775,1936,770,954,504,919,540]","[35,38,38,43,30,40,47,35,39,39]","[0,38,0,0,0,0,0,35,39,0]","[[45.7793,51.5259]]","[]","[]","[]","1","[]","[]","[]","[]","horizontal","","","",""
"","","","","","horizons-trial","77","1189461","0.0-73.0","","","","","5","[64,61,58,57,65]","[52,53,63,39,49]","""2023-07-06T14:14:50.513Z""","[0,0,0,1]","1","0","0","60","48","60","48","12","0","0","[""arrowleft"",""arrowleft"",""arrowleft"",""arrowright"",""arrowleft""]","[612,601,590,659,549]","[64,61,58,39,65]","[64,61,0,0,65]","[[95.3726,50]]","[]","[]","[]","1","[]","[]","[]","[]","horizontal","","","",""
"","","","","","horizons-trial","78","1197654","0.0-74.0","","","","","5","[66,67,63,57,51]","[73,53,46,58,48]","""2023-07-06T14:14:58.705Z""","[0,1,1,0]","0","0","0","60","58","60","58","2","0","0","[""arrowleft"",""arrowright"",""arrowright"",""arrowleft"",""arrowleft""]","[622,568,735,535,1240]","[66,53,46,57,51]","[0,0,0,0,51]","[[90.0967,50]]","[]","[]","[]","1","[]","[]","[]","[]","horizontal","","","",""
"","","","","","horizons-trial","79","1204870","0.0-75.0","","","","","5","[33,37,56,12,40]","[47,43,33,48,43]","""2023-07-06T14:15:05.922Z""","[1,1,1,0]","1","0","0","40","42","40","42","2","0","0","[""arrowright"",""arrowright"",""arrowright"",""arrowleft"",""arrowright""]","[789,559,481,495,751]","[47,43,33,12,43]","[47,43,0,0,43]","[[87.2829,50]]","[]","[]","[]","1","[]","[]","[]","[]","horizontal","","","",""
"","","","","","horizons-trial","80","1216178","0.0-76.0","","","","","10","[47,49,66,37,48,51,48,49,56,39]","[34,31,43,24,34,41,39,34,32,49]","""2023-07-06T14:15:17.229Z""","[1,1,0,0]","0","1","1","40","52","52","40","12","0","0","[""arrowright"",""arrowright"",""arrowleft"",""arrowleft"",""arrowleft"",""arrowleft"",""arrowleft"",""arrowleft"",""arrowleft"",""arrowleft""]","[925,496,574,481,1504,556,543,288,239,224]","[34,31,66,37,48,51,48,49,56,39]","[0,0,66,37,48,51,48,49,56,0]","[[75.3242,82.4517]]","[]","[]","[]","1","[]","[]","[]","[]","horizontal","","","",""
"","","","","","horizons-trial","81","1225380","0.0-77.0","","","","","5","[46,61,71,64,46]","[60,57,50,67,74]","""2023-07-06T14:15:26.432Z""","[0,1,0,1]","0","1","0","60","52","52","60","8","0","0","[""arrowleft"",""arrowright"",""arrowleft"",""arrowright"",""arrowright""]","[710,576,559,617,1679]","[46,57,71,67,74]","[0,0,71,67,74]","[[64.069,50]]","[]","[]","[]","1","[]","[]","[]","[]","horizontal","","","",""
"","","","","","horizons-trial","82","1232098","0.0-78.0","","","","","5","[54,57,45,55,62]","[48,69,63,67,44]","""2023-07-06T14:15:33.150Z""","[0,1,1,0]","0","1","0","60","48","48","60","12","0","0","[""arrowleft"",""arrowright"",""arrowright"",""arrowleft"",""arrowright""]","[610,544,433,543,616]","[54,69,63,55,44]","[54,69,63,0,0]","[[91.8554,50]]","[]","[]","[]","1","[]","[]","[]","[]","horizontal","","","",""
"","","","","","horizons-trial","83","1240949","0.0-79.0","","","","","10","[44,43,42,50,48,40,42,51,33,36]","[81,71,72,71,63,66,62,62,80,70]","""2023-07-06T14:15:42.001Z""","[1,0,1,1]","1","0","1","40","70","40","70","30","0","0","[""arrowright"",""arrowleft"",""arrowright"",""arrowright"",""arrowright"",""arrowright"",""arrowright"",""arrowright"",""arrowright"",""arrowright""]","[845,464,553,519,393,1224,335,244,228,196]","[81,43,72,71,63,66,62,62,80,70]","[81,0,72,71,63,66,62,62,80,70]","[[95.3726,95.47304]]","[]","[]","[]","1","[]","[]","[]","[]","horizontal","","","",""
"","","","","","horizons-trial","84","1249688","0.0-80.0","","","","","5","[54,62,68,55,53]","[35,34,36,44,30]","""2023-07-06T14:15:50.739Z""","[1,0,1,1]","1","0","0","60","30","60","30","30","0","0","[""arrowright"",""arrowleft"",""arrowright"",""arrowright"",""arrowleft""]","[1018,622,510,552,1081]","[35,62,36,44,53]","[0,62,0,0,53]","[[84.1174,50]]","[]","[]","[]","1","[]","[]","[]","[]","horizontal","","","",""
"","","","","","horizons-trial","85","1262178","0.0-81.0","","","","","5","[63,56,55,55,64]","[61,76,58,60,49]","""2023-07-06T14:16:03.229Z""","[1,1,1,0]","1","0","0","60","59","60","59","1","0","0","[""arrowright"",""arrowright"",""arrowright"",""arrowleft"",""arrowright""]","[1272,679,600,568,503]","[61,76,58,55,49]","[0,76,58,0,0]","[[87.9864,50]]","[]","[]","[]","1","[]","[]","[]","[]","horizontal","","","",""
"","","","","","horizons-trial","86","1279055","0.0-82.0","","","","","10","[37,34,30,45,45,33,41,36,27,41]","[46,53,40,27,60,28,56,51,44,48]","""2023-07-06T14:16:20.106Z""","[1,0,0,1]","0","0","1","40","42","40","42","2","0","0","[""arrowright"",""arrowleft"",""arrowleft"",""arrowright"",""arrowright"",""arrowright"",""arrowleft"",""arrowleft"",""arrowright"",""arrowright""]","[618,458,552,616,2101,1457,777,813,757,775]","[46,34,30,27,60,28,41,36,44,48]","[46,0,0,0,60,0,0,0,44,48]","[[45.4276,60.885]]","[]","[]","[]","1","[]","[]","[]","[]","horizontal","","","",""
"","","","","","horizons-trial","87","1299254","0.0-83.0","","","","","10","[36,37,45,40,41,41,45,38,35,31]","[53,48,23,47,51,51,62,60,57,51]","""2023-07-06T14:16:40.305Z""","[1,0,1,0]","0","0","1","40","52","40","52","12","0","0","[""arrowright"",""arrowleft"",""arrowright"",""arrowleft"",""arrowleft"",""arrowright"",""arrowright"",""arrowright"",""arrowright"",""arrowright""]","[821,632,599,584,1488,661,698,725,475,424]","[53,37,23,40,41,51,62,60,57,51]","[53,0,0,0,0,51,62,60,57,51]","[[51.4069,56.409]]","[]","[]","[]","1","[]","[]","[]","[]","horizontal","","","",""
"","","","","","horizons-trial","88","1310471","0.0-84.0","","","","","10","[43,51,30,45,39,48,45,44,47,45]","[43,40,32,37,26,39,44,46,53,60]","""2023-07-06T14:16:51.522Z""","[1,1,0,1]","1","1","1","40","44","44","40","4","0","0","[""arrowright"",""arrowright"",""arrowleft"",""arrowright"",""arrowright"",""arrowright"",""arrowleft"",""arrowleft"",""arrowleft"",""arrowleft""]","[762,892,615,640,1273,401,544,702,535,281]","[43,40,30,37,26,39,45,44,47,45]","[43,0,0,0,0,0,45,0,0,0]","[[45.4276,57.2228]]","[]","[]","[]","1","[]","[]","[]","[]","horizontal","","","",""
"","","","","","horizons-trial","89","1319774","0.0-85.0","","","","","10","[30,35,47,34,35,59,38,50,45,39]","[55,46,53,38,48,54,60,28,50,47]","""2023-07-06T14:17:00.826Z""","[0,0,1,0]","1","0","1","40","48","40","48","8","0","0","[""arrowleft"",""arrowleft"",""arrowright"",""arrowleft"",""arrowright"",""arrowright"",""arrowright"",""arrowright"",""arrowright"",""arrowright""]","[589,489,488,743,591,591,382,209,144,183]","[30,35,53,34,48,54,60,28,50,47]","[0,0,53,0,48,0,60,0,50,47]","[[85.1726,67.8026]]","[]","[]","[]","1","[]","[]","[]","[]","horizontal","","","",""
"","","","","","horizons-trial","90","1332070","0.0-86.0","","","","","10","[46,62,61,70,59,54,63,47,53,73]","[68,59,62,48,75,61,67,42,62,55]","""2023-07-06T14:17:13.121Z""","[0,1,0,1]","0","1","1","60","59","59","60","1","0","0","[""arrowleft"",""arrowright"",""arrowleft"",""arrowright"",""arrowleft"",""arrowleft"",""arrowleft"",""arrowright"",""arrowleft"",""arrowleft""]","[541,583,545,575,2473,876,473,1158,593,367]","[46,59,61,48,59,54,63,42,53,73]","[0,0,0,0,0,0,0,0,0,73]","[[69.6966,75.5341]]","[]","[]","[]","1","[]","[]","[]","[]","horizontal","","","",""
"","","","","","horizons-trial","91","1340355","0.0-87.0","","","","","5","[26,31,36,15,35]","[63,58,53,66,54]","""2023-07-06T14:17:21.407Z""","[1,0,0,1]","0","1","0","60","30","30","60","30","0","0","[""arrowright"",""arrowleft"",""arrowleft"",""arrowright"",""arrowright""]","[792,589,615,652,1192]","[63,31,36,66,54]","[63,0,0,66,54]","[[96.4278,50]]","[]","[]","[]","1","[]","[]","[]","[]","horizontal","","","",""
"","","","","","horizons-trial","92","1347820","0.0-88.0","","","","","10","[64,64,49,54,52,39,51,39,50,40]","[49,43,51,42,46,30,40,37,34,37]","""2023-07-06T14:17:28.871Z""","[0,1,1,1]","1","1","1","40","48","48","40","8","0","0","[""arrowleft"",""arrowright"",""arrowright"",""arrowright"",""arrowleft"",""arrowleft"",""arrowleft"",""arrowleft"",""arrowleft"",""arrowleft""]","[597,584,544,628,408,432,336,246,225,240]","[64,43,51,42,52,39,51,39,50,40]","[64,0,51,0,52,39,51,39,50,40]","[[86.9312,88.5554]]","[]","[]","[]","1","[]","[]","[]","[]","horizontal","","","",""
"","","","","","horizons-trial","93","1355143","0.0-89.0","","","","","5","[65,52,66,83,42]","[49,48,57,52,67]","""2023-07-06T14:17:36.195Z""","[1,0,1,0]","0","0","0","60","59","60","59","1","0","0","[""arrowright"",""arrowleft"",""arrowright"",""arrowleft"",""arrowleft""]","[573,447,510,571,1055]","[49,52,57,83,42]","[0,52,0,83,0]","[[91.5036,50]]","[]","[]","[]","1","[]","[]","[]","[]","horizontal","","","",""
"","","","","","horizons-trial","94","1363666","0.0-90.0","","","","","5","[36,39,42,41,36]","[45,37,42,47,42]","""2023-07-06T14:17:44.718Z""","[1,0,0,1]","0","1","0","40","41","41","40","1","0","0","[""arrowright"",""arrowleft"",""arrowleft"",""arrowright"",""arrowright""]","[1000,496,503,440,753]","[45,39,42,47,42]","[45,39,42,47,42]","[[58.4414,50]]","[]","[]","[]","1","[]","[]","[]","[]","horizontal","","","",""
"","","","","","horizons-trial","95","1375398","0.0-91.0","","","","","10","[51,55,67,56,51,52,56,64,50,47]","[72,66,47,67,50,62,52,65,65,60]","""2023-07-06T14:17:56.449Z""","[0,1,1,1]","1","1","1","60","58","58","60","2","0","0","[""arrowleft"",""arrowright"",""arrowright"",""arrowright"",""arrowleft"",""arrowright"",""arrowright"",""arrowright"",""arrowright"",""arrowright""]","[585,668,480,434,485,1543,431,288,241,167]","[51,66,47,67,51,62,52,65,65,60]","[0,66,0,67,51,62,0,65,65,60]","[[30.6551,47.0498]]","[]","[]","[]","1","[]","[]","[]","[]","horizontal","","","",""
"","","","","","horizons-trial","96","1387094","0.0-92.0","","","","","10","[28,36,36,39,30,36,35,35,48,39]","[42,46,54,46,45,50,43,44,64,40]","""2023-07-06T14:18:08.146Z""","[0,0,1,1]","0","0","1","40","48","40","48","8","0","0","[""arrowleft"",""arrowleft"",""arrowright"",""arrowright"",""arrowright"",""arrowright"",""arrowright"",""arrowright"",""arrowright"",""arrowright""]","[756,2209,550,505,479,543,360,216,136,167]","[28,36,54,46,45,50,43,44,64,40]","[0,0,54,46,45,50,43,44,64,40]","[[87.9864,92.2177]]","[]","[]","[]","1","[]","[]","[]","[]","horizontal","","","",""
"","","","","","horizons-trial","97","1410201","0.0-93.0","","","","","10","[71,60,57,67,69,77,62,81,72,66]","[50,37,30,47,37,30,36,27,41,51]","""2023-07-06T14:18:31.253Z""","[0,0,1,0]","1","1","1","40","70","70","40","30","0","0","[""arrowleft"",""arrowleft"",""arrowright"",""arrowleft"",""arrowleft"",""arrowleft"",""arrowleft"",""arrowleft"",""arrowleft"",""arrowleft""]","[1013,759,1259,980,799,1734,545,279,216,184]","[71,60,30,67,69,77,62,81,72,66]","[71,60,0,67,69,77,62,81,72,66]","[[86.2277,94.65921]]","[]","[]","[]","1","[]","[]","[]","[]","horizontal","","","",""
"","","","","","horizons-trial","98","1418553","0.0-94.0","","","","","10","[54,50,67,53,47,47,60,68,69,56]","[76,75,62,72,61,59,62,52,53,71]","""2023-07-06T14:18:39.604Z""","[1,0,0,1]","0","1","1","60","58","58","60","2","0","0","[""arrowright"",""arrowleft"",""arrowleft"",""arrowright"",""arrowright"",""arrowright"",""arrowright"",""arrowright"",""arrowright"",""arrowright""]","[701,632,759,481,671,597,167,168,184,143]","[76,50,67,72,61,59,62,52,53,71]","[76,0,67,72,61,59,62,0,0,71]","[[93.2623,95.47304]]","[]","[]","[]","1","[]","[]","[]","[]","horizontal","","","",""
"","","","","","horizons-trial","99","1506598","0.0-95.0","","","","","5","[72,76,65,52,70]","[39,22,51,45,51]","""2023-07-06T14:20:07.650Z""","[0,0,1,1]","0","1","0","40","70","70","40","30","0","0","[""arrowleft"",""arrowleft"",""arrowright"",""arrowright"",""arrowleft""]","[70669,594,916,697,703]","[72,76,51,45,70]","[72,76,0,0,70]","[[94.6692,50]]","[]","[]","[]","1","[]","[]","[]","[]","horizontal","","","",""
"","","","","","horizons-trial","100","1515157","0.0-96.0","","","","","5","[59,65,65,56,61]","[70,70,69,69,77]","""2023-07-06T14:20:16.209Z""","[0,1,0,1]","0","1","0","60","59","59","60","1","0","0","[""arrowleft"",""arrowright"",""arrowleft"",""arrowright"",""arrowright""]","[692,1319,756,445,439]","[59,70,65,69,77]","[0,70,0,69,77]","[[93.9657,50]]","[]","[]","[]","1","[]","[]","[]","[]","horizontal","","","",""
"","","","","","horizons-trial","101","1527745","0.0-97.0","","","","","10","[40,50,49,52,57,47,45,43,43,47]","[66,64,47,59,38,63,67,52,72,69]","""2023-07-06T14:20:28.797Z""","[1,1,0,0]","0","1","1","60","48","48","60","12","0","0","[""arrowright"",""arrowright"",""arrowleft"",""arrowleft"",""arrowright"",""arrowright"",""arrowright"",""arrowright"",""arrowright"",""arrowright""]","[669,1008,431,939,421,824,2915,458,470,376]","[66,64,49,52,38,63,67,52,72,69]","[66,64,49,0,0,63,67,52,72,69]","[[89.3933,95.06612]]","[]","[]","[]","1","[]","[]","[]","[]","horizontal","","","",""
"","","","","","horizons-trial","102","1535577","0.0-98.0","","","","","5","[64,58,64,61,50]","[38,46,44,30,30]","""2023-07-06T14:20:36.629Z""","[0,0,1,1]","0","1","0","40","60","60","40","20","0","0","[""arrowleft"",""arrowleft"",""arrowright"",""arrowright"",""arrowleft""]","[725,612,556,807,586]","[64,58,44,30,50]","[64,58,0,0,50]","[[90.0967,50]]","[]","[]","[]","1","[]","[]","[]","[]","horizontal","","","",""
"","","","","","horizons-trial","103","1544682","0.0-99.0","","","","","5","[44,43,33,42,44]","[45,51,49,33,49]","""2023-07-06T14:20:45.734Z""","[0,0,1,1]","0","0","0","40","48","40","48","8","0","0","[""arrowleft"",""arrowleft"",""arrowright"",""arrowright"",""arrowleft""]","[757,648,535,681,1879]","[44,43,49,33,44]","[0,0,49,0,0]","[[50.3517,50]]","[]","[]","[]","1","[]","[]","[]","[]","horizontal","","","",""
"","","","","","horizons-trial","104","1559114","0.0-100.0","","","","","10","[42,28,31,37,27,52,37,44,33,42]","[45,46,41,59,36,35,41,46,37,19]","""2023-07-06T14:21:00.165Z""","[1,0,1,0]","0","1","1","40","41","41","40","1","0","0","[""arrowright"",""arrowleft"",""arrowright"",""arrowleft"",""arrowright"",""arrowright"",""arrowright"",""arrowright"",""arrowright"",""arrowright""]","[1512,628,524,747,529,921,505,332,328,489]","[45,28,41,37,36,35,41,46,37,19]","[45,0,41,0,36,0,41,46,37,0]","[[64.4208,86.1139]]","[]","[]","[]","1","[]","[]","[]","[]","horizontal","","","",""
"","","","","","horizons-trial","105","1569232","0.0-101.0","","","","","5","[27,52,42,44,24]","[44,57,67,64,70]","""2023-07-06T14:21:10.284Z""","[1,1,1,0]","1","0","0","40","60","40","60","20","0","0","[""arrowright"",""arrowright"",""arrowright"",""arrowleft"",""arrowright""]","[1203,666,932,699,1170]","[44,57,67,44,70]","[44,57,67,0,70]","[[89.0415,50]]","[]","[]","[]","1","[]","[]","[]","[]","horizontal","","","",""
"","","","","","horizons-trial","106","1580065","0.0-102.0","","","","","10","[61,61,50,54,46,43,44,60,56,67]","[33,32,39,46,49,38,21,36,22,47]","""2023-07-06T14:21:21.117Z""","[1,0,1,1]","1","1","1","40","52","52","40","12","0","0","[""arrowright"",""arrowleft"",""arrowright"",""arrowright"",""arrowleft"",""arrowleft"",""arrowleft"",""arrowleft"",""arrowleft"",""arrowleft""]","[1272,471,865,827,1030,704,225,238,230,196]","[33,61,39,46,46,43,44,60,56,67]","[0,61,0,0,0,43,44,60,56,67]","[[87.9864,95.87996]]","[]","[]","[]","1","[]","[]","[]","[]","horizontal","","","",""
"","","","","","horizons-trial","107","1592702","0.0-103.0","","","","","10","[38,48,35,39,29,43,34,34,23,44]","[33,34,35,36,37,44,50,58,31,44]","""2023-07-06T14:21:33.754Z""","[1,0,1,0]","0","1","1","40","42","42","40","2","0","0","[""arrowright"",""arrowleft"",""arrowright"",""arrowleft"",""arrowright"",""arrowright"",""arrowright"",""arrowright"",""arrowright"",""arrowright""]","[606,530,602,464,572,1801,81,832,789,223]","[33,48,35,39,37,44,50,58,31,44]","[0,48,35,39,37,44,50,58,31,44]","[[45.4276,53.5605]]","[]","[]","[]","1","[]","[]","[]","[]","horizontal","","","",""
"","","","","","horizons-trial","108","1601662","0.0-104.0","","","","","10","[76,64,54,59,43,60,49,68,78,55]","[48,43,45,57,41,29,49,42,40,40]","""2023-07-06T14:21:42.714Z""","[1,0,1,0]","0","1","1","40","60","60","40","20","0","0","[""arrowright"",""arrowleft"",""arrowright"",""arrowleft"",""arrowleft"",""arrowleft"",""arrowleft"",""arrowleft"",""arrowleft"",""arrowleft""]","[629,592,568,754,755,704,261,242,201,191]","[48,64,45,59,43,60,49,68,78,55]","[0,64,0,59,43,60,49,68,78,55]","[[83.4139,90.99695]]","[]","[]","[]","1","[]","[]","[]","[]","horizontal","","","",""
"","","","","","horizons-trial","109","1612017","0.0-105.0","","","","","10","[39,51,44,47,48,28,45,36,32,33]","[32,38,50,42,35,32,39,64,43,39]","""2023-07-06T14:21:53.068Z""","[1,1,1,0]","1","1","1","40","42","42","40","2","0","0","[""arrowright"",""arrowright"",""arrowright"",""arrowleft"",""arrowleft"",""arrowright"",""arrowleft"",""arrowleft"",""arrowleft"",""arrowleft""]","[773,624,713,699,845,979,851,588,284,162]","[32,38,50,47,48,32,45,36,32,33]","[0,0,50,47,48,32,45,0,0,0]","[[49.2965,58.0366]]","[]","[]","[]","1","[]","[]","[]","[]","horizontal","","","",""
"","","","","","horizons-trial","110","1620677","0.0-106.0","","","","","10","[52,49,49,72,57,72,62,68,59,65]","[54,67,59,44,48,46,58,47,60,38]","""2023-07-06T14:22:01.728Z""","[1,0,0,1]","0","0","1","60","56","60","56","4","0","0","[""arrowright"",""arrowleft"",""arrowleft"",""arrowright"",""arrowright"",""arrowright"",""arrowright"",""arrowright"",""arrowright"",""arrowright""]","[581,624,646,558,1707,580,222,200,143,136]","[54,49,49,44,48,46,58,47,60,38]","[54,0,0,0,0,0,0,0,60,0]","[[49.2965,58.0366]]","[]","[]","[]","1","[]","[]","[]","[]","horizontal","","","",""
"","","","","","horizons-trial","111","1631772","0.0-107.0","","","","","10","[42,33,44,39,30,26,34,47,43,39]","[55,54,42,49,47,44,44,35,41,48]","""2023-07-06T14:22:12.824Z""","[1,0,0,0]","1","0","1","40","52","40","52","12","0","0","[""arrowright"",""arrowleft"",""arrowleft"",""arrowleft"",""arrowright"",""arrowright"",""arrowright"",""arrowright"",""arrowright"",""arrowright""]","[1645,888,575,679,816,758,233,200,142,136]","[55,33,44,39,47,44,44,35,41,48]","[55,0,44,0,47,44,44,0,0,48]","[[57.738,78.3825]]","[]","[]","[]","1","[]","[]","[]","[]","horizontal","","","",""
"","","","","","horizons-trial","112","1640020","0.0-108.0","","","","","5","[60,59,58,60,58]","[55,63,63,64,56]","""2023-07-06T14:22:21.071Z""","[0,1,0,0]","1","1","0","60","56","56","60","4","0","0","[""arrowleft"",""arrowright"",""arrowleft"",""arrowleft"",""arrowleft""]","[629,552,520,1295,1281]","[60,63,58,60,58]","[60,63,0,0,58]","[[53.869,50]]","[]","[]","[]","1","[]","[]","[]","[]","horizontal","","","",""
"","","","","","horizons-trial","113","1647776","0.0-109.0","","","","","5","[55,60,56,67,51]","[58,52,55,50,65]","""2023-07-06T14:22:28.827Z""","[1,1,0,1]","1","0","0","60","56","60","56","4","0","0","[""arrowright"",""arrowright"",""arrowleft"",""arrowright"",""arrowright""]","[701,576,543,800,1672]","[58,52,56,50,65]","[58,0,56,0,65]","[[53.1655,50]]","[]","[]","[]","1","[]","[]","[]","[]","horizontal","","","",""
"","","","","","horizons-trial","114","1654943","0.0-110.0","","","","","5","[37,54,41,38,34]","[49,44,41,41,54]","""2023-07-06T14:22:35.995Z""","[0,1,0,0]","1","1","0","40","44","44","40","4","0","0","[""arrowleft"",""arrowright"",""arrowleft"",""arrowleft"",""arrowright""]","[631,488,611,631,1844]","[37,44,41,38,54]","[0,0,41,0,54]","[[59.8483,50]]","[]","[]","[]","1","[]","[]","[]","[]","horizontal","","","",""
"","","","","","horizons-trial","115","1664019","0.0-111.0","","","","","10","[36,29,46,35,41,34,49,29,28,35]","[58,54,54,66,78,59,39,46,77,65]","""2023-07-06T14:22:45.071Z""","[0,0,0,1]","1","1","1","60","40","40","60","20","0","0","[""arrowleft"",""arrowleft"",""arrowleft"",""arrowright"",""arrowright"",""arrowright"",""arrowright"",""arrowright"",""arrowright"",""arrowright""]","[614,459,673,506,1164,638,209,160,152,136]","[36,29,46,66,78,59,39,46,77,65]","[0,0,0,66,78,59,0,46,77,65]","[[68.6415,85.3001]]","[]","[]","[]","1","[]","[]","[]","[]","horizontal","","","",""
"","","","","","horizons-trial","116","1674324","0.0-112.0","","","","","5","[46,53,67,69,44]","[49,56,48,75,50]","""2023-07-06T14:22:55.375Z""","[1,1,1,0]","1","0","0","60","52","60","52","8","0","0","[""arrowright"",""arrowright"",""arrowright"",""arrowleft"",""arrowleft""]","[618,568,619,620,1648]","[49,56,48,69,44]","[49,56,0,0,0]","[[81.6553,50]]","[]","[]","[]","1","[]","[]","[]","[]","horizontal","","","",""
"","","","","","horizons-trial","117","1681008","0.0-113.0","","","","","5","[47,58,45,37,45]","[68,58,56,58,61]","""2023-07-06T14:23:02.060Z""","[0,1,1,0]","0","1","0","60","40","40","60","20","0","0","[""arrowleft"",""arrowright"",""arrowright"",""arrowleft"",""arrowright""]","[637,552,480,548,516]","[47,58,56,37,61]","[0,58,56,0,61]","[[82.7105,50]]","[]","[]","[]","1","[]","[]","[]","[]","horizontal","","","",""
"","","","","","horizons-trial","118","1688703","0.0-114.0","","","","","10","[65,47,60,65,49,55,57,65,63,57]","[46,59,39,35,53,48,39,43,59,59]","""2023-07-06T14:23:09.755Z""","[0,1,1,1]","1","0","1","60","48","60","48","12","0","0","[""arrowleft"",""arrowright"",""arrowright"",""arrowright"",""arrowleft"",""arrowleft"",""arrowleft"",""arrowleft"",""arrowleft"",""arrowleft""]","[579,521,404,1067,627,619,208,184,184,197]","[65,59,39,35,49,55,57,65,63,57]","[65,59,0,0,0,55,57,65,63,0]","[[81.6553,95.06612]]","[]","[]","[]","1","[]","[]","[]","[]","horizontal","","","",""
"","","","","","horizons-trial","119","1696751","0.0-115.0","","","","","5","[74,71,65,72,73]","[52,41,39,25,55]","""2023-07-06T14:23:17.803Z""","[0,0,1,0]","1","1","0","40","70","70","40","30","0","0","[""arrowleft"",""arrowleft"",""arrowright"",""arrowleft"",""arrowleft""]","[1165,569,477,586,415]","[74,71,39,72,73]","[74,71,0,72,73]","[[100,50]]","[]","[]","[]","1","[]","[]","[]","[]","horizontal","","","",""
"","","","","","horizons-trial","120","1704370","0.0-116.0","","","","","5","[40,37,40,36,29]","[51,49,53,40,42]","""2023-07-06T14:23:25.421Z""","[1,0,1,0]","0","0","0","40","52","40","52","12","0","0","[""arrowright"",""arrowleft"",""arrowright"",""arrowleft"",""arrowright""]","[914,499,560,992,567]","[51,37,53,36,42]","[51,0,53,0,42]","[[100,50]]","[]","[]","[]","1","[]","[]","[]","[]","horizontal","","","",""
"","","","","","horizons-trial","121","1711995","0.0-117.0","","","","","5","[59,57,55,64,61]","[30,26,36,28,22]","""2023-07-06T14:23:33.047Z""","[1,1,0,0]","0","0","0","60","40","60","40","20","0","0","[""arrowright"",""arrowright"",""arrowleft"",""arrowleft"",""arrowleft""]","[715,646,497,448,409]","[30,26,55,64,61]","[0,0,55,64,61]","[[97.483,50]]","[]","[]","[]","1","[]","[]","[]","[]","horizontal","","","",""
"","","","","","horizons-trial","122","1721179","0.0-118.0","","","","","10","[46,50,44,62,69,43,51,48,52,62]","[57,58,55,67,51,57,52,56,65,76]","""2023-07-06T14:23:42.231Z""","[1,0,0,1]","0","1","1","60","52","52","60","8","0","0","[""arrowright"",""arrowleft"",""arrowleft"",""arrowright"",""arrowright"",""arrowright"",""arrowright"",""arrowright"",""arrowright"",""arrowright""]","[806,507,544,467,706,647,144,137,143,136]","[57,50,44,67,51,57,52,56,65,76]","[57,0,0,67,0,57,52,56,65,76]","[[77.4346,93.03154]]","[]","[]","[]","1","[]","[]","[]","[]","horizontal","","","",""
"","","","","","survey-html-form","123","1758980","0.0-119.0","37790","{""comments"":"" wherever the average of points showed is higher or lower""}","","","","","","","","","","","","","","","","","","","","","","","","","","","","","","","","","","",""
"","","","","","survey-html-form","124","1813060","0.0-120.0","54071","{""comments"":""I've made the average of the points shown on screen by that point and choose to go for the machine with higher value""}","","","","","","","","","","","","","","","","","","","","","","","","","","","","","","","","","","",""
"","","","","","survey-html-form","125","1875107","0.0-121.0","62039","{""comments"":"" the slide bar for the 5 box was somehow overlapping the text but still usable""}","","","","","","","","","","","","","","","","","","","","","","","","","","","","","","","","","","","[{""event"":""blur"",""trial"":1,""time"":2397},{""event"":""focus"",""trial"":1,""time"":7374},{""event"":""fullscreenenter"",""trial"":2,""time"":12684}]"
