"success","timeout","failed_images","failed_audio","failed_video","trial_type","trial_index","time_elapsed","internal_node_id","rt","response","view_history","task","stimulus","question_order","horizon","rewards_L","rewards_R","date","forced_choices","r_info","r_side","r_h","r_mean","r_otherMean","r_mean_L","r_mean_R","r_difference","confidence_immediate_overall","confidence_question_order","key_presses","response_times","outcomes","outcomes_counted_points","confidence","confidence_rt","confidence_2","confidence_2_rt","screen_resolution","belief_confidence_1","belief_confidence_2","belief_confidence_3","belief_confidence_4","immediate_judgement_orientation","phase","responses","num_errors","interactions"
"true","false","[]","[]","[]","preload","0","790","0.0-0.0","","","","","","","","","","","","","","","","","","","","","","","","","","","","","","","","","","","","","","",""
"","","","","","survey-html-form","1","6161","0.0-1.0","5367","{""comments"":"" 637545d6428d85daeedc3df5""}","","","","","","","","","","","","","","","","","","","","","","","","","","","","","","","","","","","","",""
"true","","","","","fullscreen","2","9447","0.0-2.0","","","","","","","","","","","","","","","","","","","","","","","","","","","","","","","","","","","","","","",""
"","","","","","instructions","3","91744","0.0-3.0","82294","","[{""page_index"":0,""viewing_time"":10849},{""page_index"":1,""viewing_time"":41516},{""page_index"":2,""viewing_time"":11645},{""page_index"":3,""viewing_time"":10254},{""page_index"":4,""viewing_time"":3181},{""page_index"":5,""viewing_time"":4848}]","Consent","","","","","","","","","","","","","","","","","","","","","","","","","","","","","","","","","","",""
"","","","","","html-button-response","4","100942","0.0-4.0","9197","0","","","<p>Declaration of consent for study participation:</p>
            <ul>
                <li> I was informed about the study 'Metacognition in a bandit task', its course, meaning, scope and risks, and I have read and understood the study information.</li>
                <li> I had the opportunity to clarify all open questions. </li>
                <li> I have the right to request further information about the study at any time.</li>
                <li> I voluntarily agree to participate in the study described in the study information provided.</li>
                <li> I have been informed that I may withdraw from this study at any time without incurring any disadvantage.</li>
            </ul>","","","","","","","","","","","","","","","","","","","","","","","","","","","","","","","","","",""
"","","","","","survey-multi-choice","5","134439","0.0-5.0","33494","{""firstDataProtectionQ"":""yes"",""secondDataProtectionQ"":""yes"",""thirdDataProtectionQ"":""yes"",""fourthDataProtectionQ"":""yes""}","","","","[0,1,2,3]","","","","","","","","","","","","","","","","","","","","","","","","","","","","","","","","",""
"","","","","","instructions","6","303803","0.0-6.0-0.0","169360","","[{""page_index"":0,""viewing_time"":8367},{""page_index"":1,""viewing_time"":10852},{""page_index"":2,""viewing_time"":10330},{""page_index"":3,""viewing_time"":19999},{""page_index"":4,""viewing_time"":16041},{""page_index"":5,""viewing_time"":5979},{""page_index"":6,""viewing_time"":8460},{""page_index"":7,""viewing_time"":15495},{""page_index"":8,""viewing_time"":6156},{""page_index"":9,""viewing_time"":9986},{""page_index"":10,""viewing_time"":48624},{""page_index"":11,""viewing_time"":9070}]","","","","","","","","","","","","","","","","","","","","","","","","","","","","","","","","","","","",""
"","","","","","horizons-trial","7","380675","0.0-6.0-1.0","","","","","","","5","[44,57,74,72,62]","[31,33,24,39,29]","""2023-09-15T16:35:19.828Z""","[1,0,1,1]","","","","","","","","","0","","[""arrowright"",""arrowleft"",""arrowright"",""arrowright"",""arrowleft""]","[2077,1199,936,1065,4805]","[31,57,24,39,62]","[0,57,0,0,62]","[[50,73.3218]]","[]","[]","[]","1","[]","[]","[]","[]","vertical","practice","","",""
"","","","","","horizons-trial","8","421723","0.0-6.0-2.0","","","","","","","10","[64,50,57,35,52,38,44,61,39,38]","[70,69,76,71,75,58,81,84,57,61]","""2023-09-15T16:36:00.876Z""","[0,0,1,1]","","","","","","","","","1","","[""arrowleft"",""arrowleft"",""arrowright"",""arrowright"",""arrowleft"",""arrowright"",""arrowright"",""arrowright"",""arrowright"",""arrowright""]","[1654,758,650,847,4871,3683,1869,918,1232,1674]","[64,50,76,71,52,58,81,84,57,61]","[0,0,76,71,0,58,81,84,57,61]","[[50.4646,50.7717]]","[]","[]","[]","1","[]","[]","[]","[]","vertical","practice","","",""
"","","","","","instructions","9","459404","0.0-6.0-3.0","37674","","[{""page_index"":0,""viewing_time"":2578},{""page_index"":1,""viewing_time"":25069},{""page_index"":2,""viewing_time"":6591},{""page_index"":3,""viewing_time"":3436}]","","","","","","","","","","","","","","","","","","","","","","","","","","","","","","","","","","","",""
"","","","","","horizons-comprehension","10","489914","0.0-6.0-4.0","30508.09999999404","","","","","","","","","","","","","","","","","","","","","","","","","","","","","","","","","","","","[""true"",""false"",""true"",""true""]","2",""
"","","","","","instructions","11","608680","0.0-6.1-0.1","101094","","[{""page_index"":0,""viewing_time"":10649},{""page_index"":1,""viewing_time"":3270},{""page_index"":2,""viewing_time"":8116},{""page_index"":3,""viewing_time"":11029},{""page_index"":4,""viewing_time"":4543},{""page_index"":5,""viewing_time"":5776},{""page_index"":6,""viewing_time"":2899},{""page_index"":7,""viewing_time"":4032},{""page_index"":8,""viewing_time"":1832},{""page_index"":9,""viewing_time"":21155},{""page_index"":10,""viewing_time"":24319},{""page_index"":11,""viewing_time"":3475}]","","","","","","","","","","","","","","","","","","","","","","","","","","","","","","","","","","","",""
"","","","","","horizons-trial","12","619830","0.0-6.1-1.1","","","","","","","5","[44,57,74,72,62]","[31,33,24,39,29]","""2023-09-15T16:39:18.983Z""","[1,0,1,1]","","","","","","","","","0","","[""arrowright"",""arrowleft"",""arrowright"",""arrowright"",""arrowleft""]","[1503,460,369,759,1547]","[31,57,24,39,62]","[0,57,0,0,62]","[[50,79.38]]","[]","[]","[]","1","[]","[]","[]","[]","vertical","practice","","",""
"","","","","","horizons-trial","13","644765","0.0-6.1-2.1","","","","","","","10","[64,50,57,35,52,38,44,61,39,38]","[70,69,76,71,75,58,81,84,57,61]","""2023-09-15T16:39:43.918Z""","[0,0,1,1]","","","","","","","","","1","","[""arrowleft"",""arrowleft"",""arrowright"",""arrowright"",""arrowright"",""arrowright"",""arrowright"",""arrowright"",""arrowright"",""arrowright""]","[1533,614,729,662,955,1321,705,562,518,585]","[64,50,76,71,75,58,81,84,57,61]","[0,0,76,71,75,58,81,84,57,61]","[[72.7675,100]]","[]","[]","[]","1","[]","[]","[]","[]","vertical","practice","","",""
"","","","","","instructions","14","675070","0.0-6.1-3.1","30287","","[{""page_index"":0,""viewing_time"":2923},{""page_index"":1,""viewing_time"":23788},{""page_index"":2,""viewing_time"":2455},{""page_index"":3,""viewing_time"":1120}]","","","","","","","","","","","","","","","","","","","","","","","","","","","","","","","","","","","",""
"","","","","","horizons-comprehension","15","694304","0.0-6.1-4.1","19232.40000000596","","","","","","","","","","","","","","","","","","","","","","","","","","","","","","","","","","","","[""true"",""true"",""false"",""true""]","0",""
"","","","","","instructions","16","696886","0.0-7.0","2578","","[{""page_index"":0,""viewing_time"":2578}]","","","","","","","","","","","","","","","","","","","","","","","","","","","","","","","","","","","",""
"","","","","","horizons-trial","17","715463","0.0-8.0","","","","","","","5","[67,48,79,59,72]","[24,25,30,33,38]","""2023-09-15T16:40:54.616Z""","[0,0,0,1]","1","0","0","60","30","60","30","30","0","0","[""arrowleft"",""arrowleft"",""arrowleft"",""arrowright"",""arrowleft""]","[3218,1025,856,794,1024]","[67,48,79,33,72]","[67,48,79,0,72]","[[100,50]]","[]","[]","[]","1","[]","[]","[]","[]","horizontal","","","",""
"","","","","","horizons-trial","18","725329","0.0-9.0","","","","","","","5","[37,24,38,15,24]","[61,63,71,62,50]","""2023-09-15T16:41:04.482Z""","[0,1,0,1]","0","1","0","60","30","30","60","30","0","0","[""arrowleft"",""arrowright"",""arrowleft"",""arrowright"",""arrowright""]","[1447,586,724,578,885]","[37,63,38,62,50]","[0,63,0,62,50]","[[99.7169,50]]","[]","[]","[]","1","[]","[]","[]","[]","horizontal","","","",""
"","","","","","horizons-trial","19","758779","0.0-10.0","","","","","","","10","[59,48,62,55,53,58,59,69,67,47]","[60,48,46,51,59,46,44,42,47,43]","""2023-09-15T16:41:37.932Z""","[0,1,0,1]","0","0","1","60","48","60","48","12","0","0","[""arrowleft"",""arrowright"",""arrowleft"",""arrowright"",""arrowleft"",""arrowleft"",""arrowleft"",""arrowleft"",""arrowleft"",""arrowleft""]","[1493,434,736,654,2550,4585,1391,747,822,1240]","[59,48,62,51,53,58,59,69,67,47]","[0,48,62,0,0,58,59,69,67,47]","[[86.0873,77.024]]","[]","[]","[]","1","[]","[]","[]","[]","horizontal","","","",""
"","","","","","horizons-trial","20","769628","0.0-11.0","","","","","","","5","[46,38,47,54,50]","[26,40,36,42,35]","""2023-09-15T16:41:48.781Z""","[1,1,0,0]","0","1","0","40","52","52","40","12","0","0","[""arrowright"",""arrowright"",""arrowleft"",""arrowleft"",""arrowleft""]","[1346,613,625,671,2064]","[26,40,47,54,50]","[0,40,47,54,50]","[[92.2826,50]]","[]","[]","[]","1","[]","[]","[]","[]","horizontal","","","",""
"","","","","","horizons-trial","21","791957","0.0-12.0","","","","","","","10","[50,54,58,61,45,49,59,51,48,53]","[66,49,55,65,59,53,58,54,43,69]","""2023-09-15T16:42:11.110Z""","[0,0,1,0]","1","1","1","60","56","56","60","4","0","0","[""arrowleft"",""arrowleft"",""arrowright"",""arrowleft"",""arrowleft"",""arrowleft"",""arrowleft"",""arrowleft"",""arrowleft"",""arrowleft""]","[1509,410,483,555,3206,3361,548,464,501,499]","[50,54,55,61,45,49,59,51,48,53]","[0,54,0,0,0,0,59,0,48,0]","[[51.3939,52.118]]","[]","[]","[]","1","[]","[]","[]","[]","horizontal","","","",""
"","","","","","horizons-trial","22","813619","0.0-13.0","","","","","","","10","[35,45,42,37,46,45,32,42,33,38]","[49,44,65,62,54,57,55,47,59,54]","""2023-09-15T16:42:32.772Z""","[1,1,0,0]","0","0","1","40","52","40","52","12","0","0","[""arrowright"",""arrowright"",""arrowleft"",""arrowleft"",""arrowright"",""arrowright"",""arrowright"",""arrowright"",""arrowright"",""arrowright""]","[1305,562,538,487,1430,2150,1187,568,491,459]","[49,44,42,37,54,57,55,47,59,54]","[49,0,0,0,54,57,55,47,59,54]","[[85.158,56.83]]","[]","[]","[]","1","[]","[]","[]","[]","horizontal","","","",""
"","","","","","horizons-trial","23","822817","0.0-14.0","","","","","","","5","[31,42,42,20,59]","[88,75,68,67,60]","""2023-09-15T16:42:41.970Z""","[1,1,0,0]","0","0","0","40","70","40","70","30","0","0","[""arrowright"",""arrowright"",""arrowleft"",""arrowleft"",""arrowright""]","[1269,419,586,586,748]","[88,75,42,20,60]","[88,75,0,0,60]","[[99.0973,50]]","[]","[]","[]","1","[]","[]","[]","[]","horizontal","","","",""
"","","","","","horizons-trial","24","840520","0.0-15.0","","","","","","","10","[74,61,59,61,61,42,56,55,62,60]","[43,31,39,31,28,15,31,41,24,33]","""2023-09-15T16:42:59.673Z""","[1,0,1,1]","1","0","1","60","30","60","30","30","0","0","[""arrowright"",""arrowleft"",""arrowright"",""arrowright"",""arrowleft"",""arrowleft"",""arrowleft"",""arrowleft"",""arrowleft"",""arrowleft""]","[1949,398,397,521,1560,1387,1389,618,552,505]","[43,61,39,31,61,42,56,55,62,60]","[0,61,0,0,61,42,56,55,62,60]","[[90.7337,62.8882]]","[]","[]","[]","1","[]","[]","[]","[]","horizontal","","","",""
"","","","","","horizons-trial","25","859291","0.0-16.0","","","","","","","10","[62,56,45,53,51,54,49,30,38,50]","[59,64,54,60,57,61,60,52,73,53]","""2023-09-15T16:43:18.444Z""","[0,0,1,1]","0","1","1","60","48","48","60","12","0","0","[""arrowleft"",""arrowleft"",""arrowright"",""arrowright"",""arrowleft"",""arrowright"",""arrowleft"",""arrowright"",""arrowright"",""arrowright""]","[1218,692,895,445,3443,1433,2480,791,562,550]","[62,56,54,60,51,61,49,52,73,53]","[62,0,54,60,0,61,0,52,73,53]","[[50.4646,50.7717]]","[]","[]","[]","1","[]","[]","[]","[]","horizontal","","","",""
"","","","","","horizons-trial","26","877640","0.0-17.0","","","","","","","10","[53,55,58,52,76,68,66,51,58,60]","[54,58,58,60,48,44,54,39,57,54]","""2023-09-15T16:43:36.794Z""","[0,1,1,0]","0","0","1","60","52","60","52","8","0","0","[""arrowleft"",""arrowright"",""arrowright"",""arrowleft"",""arrowright"",""arrowleft"",""arrowleft"",""arrowleft"",""arrowright"",""arrowleft""]","[1203,427,405,551,2250,2091,1596,575,2588,1015]","[53,58,58,52,48,68,66,51,57,60]","[0,58,58,0,0,68,66,51,0,60]","[[85.7776,59.1859]]","[]","[]","[]","1","[]","[]","[]","[]","horizontal","","","",""
"","","","","","horizons-trial","27","892794","0.0-18.0","","","","","","","10","[58,41,57,48,44,64,38,49,62,54]","[40,42,45,52,29,29,35,31,37,39]","""2023-09-15T16:43:51.947Z""","[1,1,0,1]","1","1","1","40","48","48","40","8","0","0","[""arrowright"",""arrowright"",""arrowleft"",""arrowright"",""arrowleft"",""arrowleft"",""arrowleft"",""arrowright"",""arrowleft"",""arrowleft""]","[1455,360,525,439,1524,1679,1628,726,436,472]","[40,42,57,52,44,64,38,31,62,54]","[0,42,57,52,44,64,38,0,62,54]","[[75.8652,60.1956]]","[]","[]","[]","1","[]","[]","[]","[]","horizontal","","","",""
"","","","","","horizons-trial","28","910528","0.0-19.0","","","","","","","10","[41,57,62,53,54,62,48,65,62,57]","[62,49,59,68,52,62,70,61,51,56]","""2023-09-15T16:44:09.682Z""","[1,1,0,0]","0","1","1","60","58","58","60","2","0","0","[""arrowright"",""arrowright"",""arrowleft"",""arrowleft"",""arrowleft"",""arrowright"",""arrowleft"",""arrowright"",""arrowright"",""arrowright""]","[1465,373,451,654,2676,1827,1090,519,519,427]","[62,49,62,53,54,62,48,61,51,56]","[62,0,62,0,54,62,0,0,0,0]","[[62.8551,56.1568]]","[]","[]","[]","1","[]","[]","[]","[]","horizontal","","","",""
"","","","","","horizons-trial","29","919174","0.0-20.0","","","","","","","5","[58,58,60,46,34]","[54,40,41,27,36]","""2023-09-15T16:44:18.327Z""","[0,0,1,1]","0","1","0","40","44","44","40","4","0","0","[""arrowleft"",""arrowleft"",""arrowright"",""arrowright"",""arrowleft""]","[1278,439,399,412,1450]","[58,58,41,27,34]","[58,58,0,0,0]","[[96.929,50]]","[]","[]","[]","1","[]","[]","[]","[]","horizontal","","","",""
"","","","","","horizons-trial","30","934154","0.0-21.0","","","","","","","10","[43,28,33,52,37,48,39,42,49,34]","[45,54,38,61,51,32,55,39,35,42]","""2023-09-15T16:44:33.307Z""","[0,1,1,0]","0","0","1","40","48","40","48","8","0","0","[""arrowleft"",""arrowright"",""arrowright"",""arrowleft"",""arrowright"",""arrowleft"",""arrowright"",""arrowleft"",""arrowright"",""arrowright""]","[1058,375,493,444,3087,1518,556,1093,607,393]","[43,54,38,52,51,48,55,42,35,42]","[0,54,38,0,51,48,55,42,0,42]","[[55.4208,53.1277]]","[]","[]","[]","1","[]","[]","[]","[]","horizontal","","","",""
"","","","","","horizons-trial","31","949236","0.0-22.0","","","","","","","10","[34,42,51,41,56,42,36,32,66,34]","[80,68,60,76,73,84,71,82,63,69]","""2023-09-15T16:44:48.390Z""","[1,1,1,0]","1","0","1","40","70","40","70","30","0","0","[""arrowright"",""arrowright"",""arrowright"",""arrowleft"",""arrowright"",""arrowright"",""arrowright"",""arrowright"",""arrowright"",""arrowright""]","[1337,371,408,561,1391,1494,543,358,314,508]","[80,68,60,41,73,84,71,82,63,69]","[80,68,60,0,73,84,71,82,0,69]","[[86.7068,77.024]]","[]","[]","[]","1","[]","[]","[]","[]","horizontal","","","",""
"","","","","","horizons-trial","32","1117124","0.0-23.0","","","","","","","10","[32,35,36,46,33,34,34,35,38,36]","[44,38,52,33,39,33,40,47,44,40]","""2023-09-15T16:47:36.277Z""","[1,1,0,0]","0","0","1","40","44","40","44","4","0","0","[""arrowright"",""arrowright"",""arrowleft"",""arrowleft"",""arrowright"",""arrowleft"",""arrowright"",""arrowright"",""arrowright"",""arrowright""]","[155732,423,443,391,2366,1527,706,498,404,284]","[44,38,36,46,39,34,40,47,44,40]","[44,38,0,46,39,34,40,47,44,40]","[[53.2525,55.1471]]","[]","[]","[]","1","[]","[]","[]","[]","horizontal","","","",""
"","","","","","horizons-trial","33","1128076","0.0-24.0","","","","","","","5","[70,65,60,58,69]","[40,41,41,52,14]","""2023-09-15T16:47:47.230Z""","[1,1,0,0]","0","1","0","40","70","70","40","30","0","0","[""arrowright"",""arrowright"",""arrowleft"",""arrowleft"",""arrowleft""]","[1233,482,374,402,921]","[40,41,60,58,69]","[0,0,60,58,69]","[[93.5216,50]]","[]","[]","[]","1","[]","[]","[]","[]","horizontal","","","",""
"","","","","","horizons-trial","34","1142925","0.0-25.0","","","","","","","10","[43,38,33,38,26,48,32,31,31,26]","[48,52,58,71,62,60,54,52,69,70]","""2023-09-15T16:48:02.078Z""","[0,1,0,1]","0","0","1","40","60","40","60","20","0","0","[""arrowleft"",""arrowright"",""arrowleft"",""arrowright"",""arrowright"",""arrowright"",""arrowright"",""arrowright"",""arrowright"",""arrowright""]","[717,402,357,492,1453,1596,785,415,219,259]","[43,52,33,71,62,60,54,52,69,70]","[0,52,0,71,62,60,54,52,69,70]","[[96.3095,81.3994]]","[]","[]","[]","1","[]","[]","[]","[]","horizontal","","","",""
"","","","","","horizons-trial","35","1156227","0.0-26.0","","","","","","","10","[46,57,63,58,66,51,46,50,46,64]","[49,62,65,66,64,69,39,64,61,51]","""2023-09-15T16:48:15.380Z""","[1,0,0,1]","0","1","1","60","59","59","60","1","0","0","[""arrowright"",""arrowleft"",""arrowleft"",""arrowright"",""arrowleft"",""arrowleft"",""arrowright"",""arrowleft"",""arrowleft"",""arrowleft""]","[1556,395,432,547,1691,1663,448,427,333,296]","[49,57,63,66,66,51,39,50,46,64]","[49,0,0,66,66,0,0,0,0,64]","[[95.9997,73.9949]]","[]","[]","[]","1","[]","[]","[]","[]","horizontal","","","",""
"","","","","","horizons-trial","36","1166279","0.0-27.0","","","","","","","5","[61,73,61,56,67]","[56,60,66,62,57]","""2023-09-15T16:48:25.433Z""","[1,1,0,1]","1","0","0","60","56","60","56","4","0","0","[""arrowright"",""arrowright"",""arrowleft"",""arrowright"",""arrowright""]","[1132,359,415,475,2559]","[56,60,61,62,57]","[0,0,0,62,0]","[[80.2018,50]]","[]","[]","[]","1","[]","[]","[]","[]","horizontal","","","",""
"","","","","","horizons-trial","37","1176455","0.0-28.0","","","","","","","5","[64,62,55,57,64]","[58,52,62,63,42]","""2023-09-15T16:48:35.608Z""","[0,0,1,1]","0","0","0","60","58","60","58","2","0","0","[""arrowleft"",""arrowleft"",""arrowright"",""arrowright"",""arrowleft""]","[1194,359,418,413,2677]","[64,62,62,63,64]","[64,62,62,63,64]","[[70.909,50]]","[]","[]","[]","1","[]","[]","[]","[]","horizontal","","","",""
"","","","","","horizons-trial","38","1185768","0.0-29.0","","","","","","","5","[57,53,53,70,79]","[39,34,43,50,47]","""2023-09-15T16:48:44.922Z""","[1,1,0,1]","1","1","0","40","70","70","40","30","0","0","[""arrowright"",""arrowright"",""arrowleft"",""arrowright"",""arrowleft""]","[1120,356,383,436,1774]","[39,34,53,50,79]","[0,0,53,0,79]","[[78.3433,50]]","[]","[]","[]","1","[]","[]","[]","[]","horizontal","","","",""
"","","","","","horizons-trial","39","1202006","0.0-30.0","","","","","","","10","[53,61,54,42,51,55,68,46,54,51]","[28,52,43,28,43,33,34,24,32,40]","""2023-09-15T16:49:01.160Z""","[1,0,1,1]","1","1","1","40","52","52","40","12","0","0","[""arrowright"",""arrowleft"",""arrowright"",""arrowright"",""arrowleft"",""arrowleft"",""arrowleft"",""arrowleft"",""arrowleft"",""arrowleft""]","[1247,363,324,399,1220,2089,442,227,223,458]","[28,61,43,28,51,55,68,46,54,51]","[0,61,0,0,51,55,68,46,54,51]","[[98.168,86.4479]]","[]","[]","[]","1","[]","[]","[]","[]","horizontal","","","",""
"","","","","","horizons-trial","40","1210376","0.0-31.0","","","","","","","5","[42,55,48,45,39]","[54,51,65,59,60]","""2023-09-15T16:49:09.530Z""","[0,0,1,1]","0","1","0","60","52","52","60","8","0","0","[""arrowleft"",""arrowleft"",""arrowright"",""arrowright"",""arrowright""]","[1522,385,417,323,1653]","[42,55,65,59,60]","[0,55,65,59,60]","[[89.4947,50]]","[]","[]","[]","1","[]","[]","[]","[]","horizontal","","","",""
"","","","","","horizons-trial","41","1219781","0.0-32.0","","","","","","","5","[69,50,54,59,54]","[44,52,53,60,42]","""2023-09-15T16:49:18.934Z""","[0,1,1,0]","0","0","0","60","48","60","48","12","0","0","[""arrowleft"",""arrowright"",""arrowright"",""arrowleft"",""arrowleft""]","[1196,407,379,716,1906]","[69,52,53,59,54]","[69,52,0,0,54]","[[93.5216,50]]","[]","[]","[]","1","[]","[]","[]","[]","horizontal","","","",""
"","","","","","horizons-trial","42","1231798","0.0-33.0","","","","","","","10","[36,35,47,36,48,42,33,53,37,46]","[58,41,45,49,60,59,45,61,44,48]","""2023-09-15T16:49:30.952Z""","[0,0,0,1]","1","0","1","40","52","40","52","12","0","0","[""arrowleft"",""arrowleft"",""arrowleft"",""arrowright"",""arrowright"",""arrowright"",""arrowright"",""arrowright"",""arrowright"",""arrowright""]","[1206,371,438,515,2370,1525,547,225,191,199]","[36,35,47,49,60,59,45,61,44,48]","[0,0,47,49,60,59,45,61,44,48]","[[77.414,70.9658]]","[]","[]","[]","1","[]","[]","[]","[]","horizontal","","","",""
"","","","","","horizons-trial","43","1241946","0.0-34.0","","","","","","","5","[53,57,51,61,53]","[59,47,45,58,44]","""2023-09-15T16:49:41.099Z""","[1,0,1,0]","0","0","0","60","52","60","52","8","0","0","[""arrowright"",""arrowleft"",""arrowright"",""arrowleft"",""arrowleft""]","[1168,480,320,475,1671]","[59,57,45,61,53]","[59,57,0,61,53]","[[88.5654,50]]","[]","[]","[]","1","[]","[]","[]","[]","horizontal","","","",""
"","","","","","horizons-trial","44","1255303","0.0-35.0","","","","","","","10","[45,26,34,35,48,24,48,27,29,42]","[40,27,31,36,37,27,56,37,27,39]","""2023-09-15T16:49:54.456Z""","[0,1,0,1]","0","1","1","40","41","41","40","1","0","0","[""arrowleft"",""arrowright"",""arrowleft"",""arrowright"",""arrowleft"",""arrowleft"",""arrowright"",""arrowright"",""arrowleft"",""arrowright""]","[1481,351,421,342,2415,1044,831,925,735,633]","[45,27,34,36,48,24,56,37,29,39]","[45,27,34,36,48,0,56,37,29,0]","[[90.424,82.4091]]","[]","[]","[]","1","[]","[]","[]","[]","horizontal","","","",""
"","","","","","horizons-trial","45","1271169","0.0-36.0","","","","","","","5","[57,61,59,53,65]","[68,57,60,49,64]","""2023-09-15T16:50:10.322Z""","[1,0,0,1]","0","0","0","60","59","60","59","1","0","0","[""arrowright"",""arrowleft"",""arrowleft"",""arrowright"",""arrowleft""]","[1345,395,401,526,7097]","[68,61,59,49,65]","[68,61,0,0,65]","[[62.5454,50]]","[]","[]","[]","1","[]","[]","[]","[]","horizontal","","","",""
"","","","","","horizons-trial","46","1279130","0.0-37.0","","","","","","","5","[37,49,50,40,46]","[28,34,51,38,37]","""2023-09-15T16:50:18.283Z""","[1,0,0,1]","0","0","0","40","41","40","41","1","0","0","[""arrowright"",""arrowleft"",""arrowleft"",""arrowright"",""arrowleft""]","[1356,398,561,689,483]","[28,49,50,38,46]","[0,49,0,0,46]","[[93.5216,50]]","[]","[]","[]","1","[]","[]","[]","[]","horizontal","","","",""
"","","","","","horizons-trial","47","1287957","0.0-38.0","","","","","","","5","[63,56,61,54,61]","[47,31,51,48,45]","""2023-09-15T16:50:27.110Z""","[0,0,1,0]","1","0","0","60","40","60","40","20","0","0","[""arrowleft"",""arrowleft"",""arrowright"",""arrowleft"",""arrowleft""]","[1032,333,387,730,1131]","[63,56,51,54,61]","[63,56,0,54,61]","[[79.5823,50]]","[]","[]","[]","1","[]","[]","[]","[]","horizontal","","","",""
"","","","","","horizons-trial","48","1294707","0.0-39.0","","","","","","","5","[46,50,62,65,57]","[75,60,79,64,69]","""2023-09-15T16:50:33.860Z""","[1,0,0,1]","0","1","0","60","56","56","60","4","0","0","[""arrowright"",""arrowleft"",""arrowleft"",""arrowright"",""arrowright""]","[1104,433,378,336,1037]","[75,50,62,64,69]","[75,0,0,0,69]","[[88.8752,50]]","[]","[]","[]","1","[]","[]","[]","[]","horizontal","","","",""
"","","","","","horizons-trial","49","1303590","0.0-40.0","","","","","","","5","[53,41,56,66,60]","[60,61,63,53,72]","""2023-09-15T16:50:42.743Z""","[0,1,1,0]","0","1","0","60","59","59","60","1","0","0","[""arrowleft"",""arrowright"",""arrowright"",""arrowleft"",""arrowright""]","[831,478,741,462,1222]","[53,61,63,66,72]","[0,61,63,66,72]","[[81.1311,50]]","[]","[]","[]","1","[]","[]","[]","[]","horizontal","","","",""
"","","","","","horizons-trial","50","1312223","0.0-41.0","","","","","","","10","[63,78,70,58,72,77,65,71,73,62]","[45,28,41,42,27,42,33,36,49,41]","""2023-09-15T16:50:51.376Z""","[0,1,1,0]","0","1","1","40","70","70","40","30","0","0","[""arrowleft"",""arrowright"",""arrowright"",""arrowleft"",""arrowleft"",""arrowleft"",""arrowleft"",""arrowleft"",""arrowleft"",""arrowleft""]","[552,321,354,355,1205,996,184,134,145,140]","[63,28,41,58,72,77,65,71,73,62]","[63,0,0,58,72,77,65,71,73,62]","[[83.2995,80.3897]]","[]","[]","[]","1","[]","[]","[]","[]","horizontal","","","",""
"","","","","","horizons-trial","51","1330084","0.0-42.0","","","","","","","10","[38,45,40,40,31,39,39,31,36,38]","[48,44,36,34,21,38,27,55,34,52]","""2023-09-15T16:51:09.237Z""","[1,0,0,0]","1","1","1","40","41","41","40","1","0","0","[""arrowright"",""arrowleft"",""arrowleft"",""arrowleft"",""arrowright"",""arrowleft"",""arrowleft"",""arrowright"",""arrowright"",""arrowright""]","[1146,392,360,438,2660,1303,670,523,632,2877]","[48,45,40,40,21,39,39,55,34,52]","[48,45,40,40,0,39,39,55,0,52]","[[54.4916,54.1374]]","[]","[]","[]","1","[]","[]","[]","[]","horizontal","","","",""
"","","","","","horizons-trial","52","1339517","0.0-43.0","","","","","","","10","[22,29,41,29,25,35,23,22,24,20]","[57,52,47,68,61,57,47,66,71,49]","""2023-09-15T16:51:18.670Z""","[0,0,1,1]","0","1","1","60","30","30","60","30","0","0","[""arrowleft"",""arrowleft"",""arrowright"",""arrowright"",""arrowright"",""arrowright"",""arrowright"",""arrowright"",""arrowright"",""arrowright""]","[1251,343,390,356,912,1209,249,170,157,144]","[22,29,47,68,61,57,47,66,71,49]","[0,0,47,68,61,57,47,66,71,49]","[[96.929,90.48671]]","[]","[]","[]","1","[]","[]","[]","[]","horizontal","","","",""
"","","","","","horizons-trial","53","1351516","0.0-44.0","","","","","","","10","[37,28,43,35,25,34,41,41,26,37]","[64,76,62,67,56,57,57,62,60,62]","""2023-09-15T16:51:30.669Z""","[1,1,0,0]","0","1","1","60","40","40","60","20","0","0","[""arrowright"",""arrowright"",""arrowleft"",""arrowleft"",""arrowright"",""arrowright"",""arrowright"",""arrowright"",""arrowright"",""arrowright""]","[1400,344,449,313,543,1320,310,162,119,154]","[64,76,43,35,56,57,57,62,60,62]","[64,76,0,0,56,57,57,62,60,62]","[[99.7169,90.15014]]","[]","[]","[]","1","[]","[]","[]","[]","horizontal","","","",""
"","","","","","horizons-trial","54","1367302","0.0-45.0","","","","","","","10","[55,34,46,46,51,43,27,46,33,66]","[40,49,32,43,46,41,31,38,26,41]","""2023-09-15T16:51:46.455Z""","[1,0,1,0]","0","1","1","40","44","44","40","4","0","0","[""arrowright"",""arrowleft"",""arrowright"",""arrowleft"",""arrowleft"",""arrowleft"",""arrowleft"",""arrowleft"",""arrowleft"",""arrowright""]","[1081,382,276,327,2993,1138,438,156,112,918]","[40,34,32,46,51,43,27,46,33,41]","[0,0,0,46,51,43,0,46,33,0]","[[69.0504,69.95609999999999]]","[]","[]","[]","1","[]","[]","[]","[]","horizontal","","","",""
"","","","","","horizons-trial","55","1376575","0.0-46.0","","","","","","","10","[46,43,53,46,39,58,51,49,58,56]","[53,46,64,66,67,55,57,71,52,69]","""2023-09-15T16:51:55.728Z""","[0,0,1,0]","1","1","1","60","48","48","60","12","0","0","[""arrowleft"",""arrowleft"",""arrowright"",""arrowleft"",""arrowright"",""arrowright"",""arrowright"",""arrowright"",""arrowright"",""arrowright""]","[1208,389,413,723,375,1148,272,185,155,203]","[46,43,64,46,67,55,57,71,52,69]","[0,0,64,0,67,0,57,71,0,69]","[[79.2725,69.283]]","[]","[]","[]","1","[]","[]","[]","[]","horizontal","","","",""
"","","","","","horizons-trial","56","1383823","0.0-47.0","","","","","","","5","[66,52,66,70,55]","[32,43,39,36,27]","""2023-09-15T16:52:02.977Z""","[0,1,0,1]","0","0","0","60","40","60","40","20","0","0","[""arrowleft"",""arrowright"",""arrowleft"",""arrowright"",""arrowleft""]","[1402,327,340,448,462]","[66,43,66,36,55]","[66,0,66,0,55]","[[94.4509,50]]","[]","[]","[]","1","[]","[]","[]","[]","horizontal","","","",""
"","","","","","horizons-trial","57","1393681","0.0-48.0","","","","","","","10","[40,61,58,56,56,50,62,54,59,64]","[25,32,24,35,29,29,26,39,35,31]","""2023-09-15T16:52:12.834Z""","[0,1,0,1]","0","0","1","60","30","60","30","30","0","0","[""arrowleft"",""arrowright"",""arrowleft"",""arrowright"",""arrowleft"",""arrowleft"",""arrowleft"",""arrowleft"",""arrowleft"",""arrowleft""]","[1173,335,333,356,1619,1056,256,217,245,448]","[40,32,58,35,56,50,62,54,59,64]","[40,0,58,0,56,50,62,54,59,64]","[[93.5216,87.121]]","[]","[]","[]","1","[]","[]","[]","[]","horizontal","","","",""
"","","","","","horizons-trial","58","1405666","0.0-49.0","","","","","","","5","[63,53,57,64,73]","[57,62,64,61,67]","""2023-09-15T16:52:24.819Z""","[0,1,1,1]","1","0","0","60","58","60","58","2","0","0","[""arrowleft"",""arrowright"",""arrowright"",""arrowright"",""arrowright""]","[553,339,377,617,4948]","[63,62,64,61,67]","[63,62,64,0,0]","[[65.643,50]]","[]","[]","[]","1","[]","[]","[]","[]","horizontal","","","",""
"","","","","","horizons-trial","59","1416436","0.0-50.0","","","","","","","10","[61,59,69,52,63,49,63,48,70,55]","[31,53,48,48,36,29,34,49,33,36]","""2023-09-15T16:52:35.590Z""","[1,0,1,0]","0","1","1","40","60","60","40","20","0","0","[""arrowright"",""arrowleft"",""arrowright"",""arrowleft"",""arrowleft"",""arrowleft"",""arrowleft"",""arrowleft"",""arrowleft"",""arrowleft""]","[1175,379,323,325,1531,938,168,143,130,919]","[31,59,48,52,63,49,63,48,70,55]","[0,59,0,52,63,49,63,0,70,55]","[[87.0166,84.4285]]","[]","[]","[]","1","[]","[]","[]","[]","horizontal","","","",""
"","","","","","horizons-trial","60","1427031","0.0-51.0","","","","","","","10","[37,43,36,39,43,34,48,48,42,29]","[72,60,68,62,47,50,52,66,51,66]","""2023-09-15T16:52:46.184Z""","[1,1,1,0]","1","1","1","60","40","40","60","20","0","0","[""arrowright"",""arrowright"",""arrowright"",""arrowleft"",""arrowright"",""arrowright"",""arrowright"",""arrowright"",""arrowright"",""arrowright""]","[1505,328,408,920,997,933,211,213,228,349]","[72,60,68,39,47,50,52,66,51,66]","[72,60,68,0,47,50,52,66,51,66]","[[97.2388,95.19865]]","[]","[]","[]","1","[]","[]","[]","[]","horizontal","","","",""
"","","","","","horizons-trial","61","1440354","0.0-52.0","","","","","","","10","[71,63,43,53,54,56,58,75,78,57]","[53,54,63,58,53,52,45,41,49,61]","""2023-09-15T16:52:59.508Z""","[1,1,1,0]","1","0","1","60","58","60","58","2","0","0","[""arrowright"",""arrowright"",""arrowright"",""arrowleft"",""arrowright"",""arrowright"",""arrowright"",""arrowright"",""arrowright"",""arrowleft""]","[1113,319,400,940,2265,1008,458,356,344,560]","[53,54,63,53,53,52,45,41,49,57]","[0,0,63,0,0,0,0,0,0,0]","[[67.5016,63.2247]]","[]","[]","[]","1","[]","[]","[]","[]","horizontal","","","",""
"","","","","","horizons-trial","62","1450353","0.0-53.0","","","","","","","5","[44,47,39,38,36]","[60,41,52,42,53]","""2023-09-15T16:53:09.506Z""","[1,1,0,1]","1","0","0","40","52","40","52","12","0","0","[""arrowright"",""arrowright"",""arrowleft"",""arrowright"",""arrowright""]","[1381,367,407,613,1114]","[60,41,39,42,53]","[60,0,0,42,53]","[[76.4847,50]]","[]","[]","[]","1","[]","[]","[]","[]","horizontal","","","",""
"","","","","","horizons-trial","63","1458237","0.0-54.0","","","","","","","5","[53,52,55,51,46]","[45,30,30,43,21]","""2023-09-15T16:53:17.390Z""","[0,1,0,0]","1","1","0","40","52","52","40","12","0","0","[""arrowleft"",""arrowright"",""arrowleft"",""arrowleft"",""arrowleft""]","[1137,343,329,426,1168]","[53,30,55,51,46]","[53,0,55,51,46]","[[97.2388,50]]","[]","[]","[]","1","[]","[]","[]","[]","horizontal","","","",""
"","","","","","horizons-trial","64","1474572","0.0-55.0","","","","","","","10","[67,57,53,56,54,52,54,58,56,63]","[30,62,70,49,59,69,48,68,57,52]","""2023-09-15T16:53:33.725Z""","[0,0,0,1]","1","0","1","60","59","60","59","1","0","0","[""arrowleft"",""arrowleft"",""arrowleft"",""arrowright"",""arrowleft"",""arrowleft"",""arrowleft"",""arrowleft"",""arrowleft"",""arrowleft""]","[503,426,415,541,1569,1155,522,328,446,482]","[67,57,53,49,54,52,54,58,56,63]","[67,0,0,0,0,0,54,0,0,63]","[[78.653,89.1404]]","[]","[]","[]","1","[]","[]","[]","[]","horizontal","","","",""
"","","","","","horizons-trial","65","1481803","0.0-56.0","","","","","","","5","[50,67,70,49,46]","[60,57,70,56,71]","""2023-09-15T16:53:40.957Z""","[0,0,0,1]","1","1","0","60","56","56","60","4","0","0","[""arrowleft"",""arrowleft"",""arrowleft"",""arrowright"",""arrowleft""]","[573,416,462,616,776]","[50,67,70,56,46]","[0,67,70,56,0]","[[82.9897,50]]","[]","[]","[]","1","[]","[]","[]","[]","horizontal","","","",""
"","","","","","horizons-trial","66","1491666","0.0-57.0","","","","","","","10","[41,23,43,27,48,29,50,39,6,35]","[67,65,57,78,66,60,64,69,75,70]","""2023-09-15T16:53:50.819Z""","[1,0,1,0]","0","0","1","40","70","40","70","30","0","0","[""arrowright"",""arrowleft"",""arrowright"",""arrowleft"",""arrowright"",""arrowright"",""arrowright"",""arrowright"",""arrowright"",""arrowright""]","[1175,394,308,447,388,969,197,226,222,424]","[67,23,57,27,66,60,64,69,75,70]","[67,0,57,0,66,60,64,69,75,70]","[[94.4509,93.51582]]","[]","[]","[]","1","[]","[]","[]","[]","horizontal","","","",""
"","","","","","horizons-trial","67","1499501","0.0-58.0","","","","","","","5","[57,55,54,55,60]","[31,35,36,36,26]","""2023-09-15T16:53:58.654Z""","[1,0,0,1]","0","0","0","60","30","60","30","30","0","0","[""arrowright"",""arrowleft"",""arrowleft"",""arrowright"",""arrowleft""]","[518,323,382,1141,465]","[31,55,54,36,60]","[0,55,54,0,60]","[[95.3802,50]]","[]","[]","[]","1","[]","[]","[]","[]","horizontal","","","",""
"","","","","","horizons-trial","68","1508040","0.0-59.0","","","","","","","10","[59,45,51,56,51,54,54,62,50,55]","[30,32,42,43,27,41,30,44,50,45]","""2023-09-15T16:54:07.193Z""","[0,1,1,0]","0","0","1","60","40","60","40","20","0","0","[""arrowleft"",""arrowright"",""arrowright"",""arrowleft"",""arrowleft"",""arrowleft"",""arrowleft"",""arrowleft"",""arrowleft"",""arrowleft""]","[500,336,354,469,1377,936,169,179,175,485]","[59,32,42,56,51,54,54,62,50,55]","[59,0,0,56,51,54,54,62,50,55]","[[92.5923,89.477]]","[]","[]","[]","1","[]","[]","[]","[]","horizontal","","","",""
"","","","","","horizons-trial","69","1536846","0.0-60.0","","","","","","","5","[26,42,45,39,33]","[38,40,35,47,37]","""2023-09-15T16:54:35.999Z""","[0,0,0,1]","1","0","0","40","44","40","44","4","0","0","[""arrowleft"",""arrowleft"",""arrowleft"",""arrowright"",""arrowright""]","[1172,380,609,478,3601]","[26,42,45,47,37]","[0,42,45,47,37]","[[62.5454,50]]","[]","[]","[]","1","[]","[]","[]","[]","horizontal","","","",""
"","","","","","horizons-trial","70","1548473","0.0-61.0","","","","","","","10","[64,73,45,46,56,58,51,56,54,52]","[67,61,77,76,64,74,52,63,51,50]","""2023-09-15T16:54:47.626Z""","[0,1,1,0]","0","1","1","60","56","56","60","4","0","0","[""arrowleft"",""arrowright"",""arrowright"",""arrowleft"",""arrowright"",""arrowright"",""arrowright"",""arrowright"",""arrowright"",""arrowright""]","[2065,401,377,540,397,787,288,255,279,395]","[64,61,77,46,64,74,52,63,51,50]","[0,0,77,0,64,74,52,63,0,0]","[[93.2118,80.3897]]","[]","[]","[]","1","[]","[]","[]","[]","horizontal","","","",""
"","","","","","horizons-trial","71","1713135","0.0-62.0","","","","","","","5","[37,34,22,37,31]","[31,38,27,33,34]","""2023-09-15T16:57:32.288Z""","[1,0,1,0]","0","1","0","40","42","42","40","2","0","0","[""arrowright"",""arrowleft"",""arrowright"",""arrowleft"",""arrowleft""]","[156151,609,442,686,948]","[31,34,27,37,31]","[0,0,27,37,0]","[[83.919,50]]","[]","[]","[]","1","[]","[]","[]","[]","horizontal","","","",""
"","","","","","horizons-trial","72","1720676","0.0-63.0","","","","","","","5","[36,33,28,29,52]","[62,74,71,51,60]","""2023-09-15T16:57:39.829Z""","[0,1,1,0]","0","1","0","60","40","40","60","20","0","0","[""arrowleft"",""arrowright"",""arrowright"",""arrowleft"",""arrowright""]","[1106,377,406,969,472]","[36,74,71,29,60]","[0,74,71,0,60]","[[98.168,50]]","[]","[]","[]","1","[]","[]","[]","[]","horizontal","","","",""
"","","","","","horizons-trial","73","1730884","0.0-64.0","","","","","","","5","[37,33,39,32,40]","[55,66,62,65,61]","""2023-09-15T16:57:50.037Z""","[0,0,1,0]","1","0","0","40","60","40","60","20","0","0","[""arrowleft"",""arrowleft"",""arrowright"",""arrowleft"",""arrowright""]","[1980,464,410,748,578]","[37,33,62,32,61]","[0,0,62,0,61]","[[85.158,50]]","[]","[]","[]","1","[]","[]","[]","[]","horizontal","","","",""
"","","","","","horizons-trial","74","1740201","0.0-65.0","","","","","","","5","[36,58,44,37,30]","[30,27,24,42,34]","""2023-09-15T16:57:59.355Z""","[1,0,1,0]","0","1","0","40","41","41","40","1","0","0","[""arrowright"",""arrowleft"",""arrowright"",""arrowleft"",""arrowleft""]","[578,338,397,410,1667]","[30,58,24,37,30]","[0,58,0,0,0]","[[85.158,50]]","[]","[]","[]","1","[]","[]","[]","[]","horizontal","","","",""
"","","","","","horizons-trial","75","1756054","0.0-66.0","","","","","","","10","[57,46,62,59,48,57,63,47,56,58]","[39,59,46,54,60,49,48,51,56,48]","""2023-09-15T16:58:15.207Z""","[1,0,1,1]","1","0","1","60","52","60","52","8","0","0","[""arrowright"",""arrowleft"",""arrowright"",""arrowright"",""arrowleft"",""arrowright"",""arrowleft"",""arrowleft"",""arrowleft"",""arrowleft""]","[1514,591,364,385,2281,1918,536,861,550,415]","[39,46,46,54,48,49,63,47,56,58]","[0,0,0,0,0,0,63,0,56,58]","[[56.9697,63.8979]]","[]","[]","[]","1","[]","[]","[]","[]","horizontal","","","",""
"","","","","","horizons-trial","76","1775183","0.0-67.0","","","","","","","10","[43,46,38,41,41,48,44,34,37,40]","[45,36,32,31,28,45,29,32,27,28]","""2023-09-15T16:58:34.337Z""","[0,0,1,0]","1","1","1","40","42","42","40","2","0","0","[""arrowleft"",""arrowleft"",""arrowright"",""arrowleft"",""arrowleft"",""arrowleft"",""arrowright"",""arrowleft"",""arrowleft"",""arrowleft""]","[1634,4104,692,683,2987,2228,468,532,274,304]","[43,46,32,41,41,48,29,34,37,40]","[0,46,0,41,41,48,0,34,37,40]","[[62.8551,58.1762]]","[]","[]","[]","1","[]","[]","[]","[]","horizontal","","","",""
"","","","","","horizons-trial","77","1785753","0.0-68.0","","","","","","","5","[67,46,39,52,43]","[55,61,41,55,59]","""2023-09-15T16:58:44.906Z""","[0,0,1,1]","0","1","0","60","48","48","60","12","0","0","[""arrowleft"",""arrowleft"",""arrowright"",""arrowright"",""arrowleft""]","[572,435,479,428,1421]","[67,46,41,55,43]","[67,0,41,55,0]","[[85.7776,50]]","[]","[]","[]","1","[]","[]","[]","[]","horizontal","","","",""
"","","","","","horizons-trial","78","1797242","0.0-69.0","","","","","","","5","[52,63,59,74,60]","[43,63,67,59,56]","""2023-09-15T16:58:56.396Z""","[1,0,0,0]","1","1","0","60","59","59","60","1","0","0","[""arrowright"",""arrowleft"",""arrowleft"",""arrowleft"",""arrowleft""]","[1166,392,1125,955,595]","[43,63,59,74,60]","[0,63,0,74,60]","[[95.0704,50]]","[]","[]","[]","1","[]","[]","[]","[]","horizontal","","","",""
"","","","","","horizons-trial","79","1832693","0.0-70.0","","","","","","","5","[19,41,32,27,38]","[78,45,73,56,67]","""2023-09-15T16:59:31.847Z""","[0,0,1,1]","0","0","0","40","60","40","60","20","0","0","[""arrowleft"",""arrowleft"",""arrowright"",""arrowright"",""arrowright""]","[454,353,521,629,527]","[19,41,73,56,67]","[0,0,73,56,67]","[[100,50]]","[]","[]","[]","1","[]","[]","[]","[]","horizontal","","","",""
"","","","","","horizons-trial","80","1843013","0.0-71.0","","","","","","","5","[57,59,60,70,61]","[70,61,48,63,55]","""2023-09-15T16:59:42.166Z""","[0,1,0,0]","1","1","0","60","52","52","60","8","0","0","[""arrowleft"",""arrowright"",""arrowleft"",""arrowleft"",""arrowleft""]","[1137,385,429,443,3022]","[57,61,60,70,61]","[0,61,60,70,61]","[[79.2725,50]]","[]","[]","[]","1","[]","[]","[]","[]","horizontal","","","",""
"","","","","","horizons-trial","81","1852864","0.0-72.0","","","","","","","5","[38,53,39,55,42]","[37,56,56,53,37]","""2023-09-15T16:59:52.017Z""","[1,0,1,0]","0","0","0","40","48","40","48","8","0","0","[""arrowright"",""arrowleft"",""arrowright"",""arrowleft"",""arrowleft""]","[3565,390,374,385,1544]","[37,53,56,55,42]","[0,0,56,55,42]","[[87.0166,50]]","[]","[]","[]","1","[]","[]","[]","[]","horizontal","","","",""
"","","","","","horizons-trial","82","1874027","0.0-73.0","","","","","","","10","[73,61,73,58,46,60,69,48,53,63]","[53,30,66,64,65,61,58,49,57,78]","""2023-09-15T17:00:13.180Z""","[1,0,0,0]","1","1","1","60","58","58","60","2","0","0","[""arrowright"",""arrowleft"",""arrowleft"",""arrowleft"",""arrowright"",""arrowright"",""arrowleft"",""arrowright"",""arrowleft"",""arrowleft""]","[1216,358,396,414,3734,1459,375,636,422,376]","[53,61,73,58,65,61,69,49,53,63]","[0,61,73,0,65,61,69,49,0,0]","[[53.5623,54.8105]]","[]","[]","[]","1","[]","[]","[]","[]","horizontal","","","",""
"","","","","","horizons-trial","83","1889679","0.0-74.0","","","","","","","5","[52,48,58,46,45]","[56,53,65,47,60]","""2023-09-15T17:00:28.832Z""","[1,0,1,1]","1","1","0","60","48","48","60","12","0","0","[""arrowright"",""arrowleft"",""arrowright"",""arrowright"",""arrowright""]","[582,487,526,703,2498]","[56,48,65,47,60]","[56,0,65,47,60]","[[78.3433,50]]","[]","[]","[]","1","[]","[]","[]","[]","horizontal","","","",""
"","","","","","horizons-trial","84","1909454","0.0-75.0","","","","","","","10","[57,56,48,48,42,51,57,53,70,55]","[51,52,62,62,52,59,66,44,64,62]","""2023-09-15T17:00:48.607Z""","[0,0,0,1]","1","1","1","60","52","52","60","8","0","0","[""arrowleft"",""arrowleft"",""arrowleft"",""arrowright"",""arrowright"",""arrowright"",""arrowright"",""arrowright"",""arrowleft"",""arrowright""]","[568,389,446,1001,2245,1142,1291,1052,402,373]","[57,56,48,62,52,59,66,44,70,62]","[57,56,0,62,52,59,66,0,70,62]","[[67.1918,66.92699999999999]]","[]","[]","[]","1","[]","[]","[]","[]","horizontal","","","",""
"","","","","","horizons-trial","85","1932612","0.0-76.0","","","","","","","10","[71,60,65,58,60,54,55,60,53,66]","[49,53,51,57,60,57,53,68,55,60]","""2023-09-15T17:01:11.765Z""","[1,1,1,0]","1","0","1","60","56","60","56","4","0","0","[""arrowright"",""arrowright"",""arrowright"",""arrowleft"",""arrowleft"",""arrowleft"",""arrowright"",""arrowleft"",""arrowleft"",""arrowleft""]","[1464,344,382,628,1320,2170,1663,954,1727,585]","[49,53,51,58,60,54,53,60,53,66]","[0,0,0,58,60,0,0,0,0,66]","[[68.1211,62.215]]","[]","[]","[]","1","[]","[]","[]","[]","horizontal","","","",""
"","","","","","horizons-trial","86","1944745","0.0-77.0","","","","","","","5","[40,37,58,37,49]","[50,66,34,49,50]","""2023-09-15T17:01:23.899Z""","[1,0,0,1]","0","0","0","40","44","40","44","4","0","0","[""arrowright"",""arrowleft"",""arrowleft"",""arrowright"",""arrowright""]","[435,363,455,1045,3416]","[50,37,58,49,50]","[50,0,58,49,50]","[[66.5723,50]]","[]","[]","[]","1","[]","[]","[]","[]","horizontal","","","",""
"","","","","","horizons-trial","87","1963538","0.0-78.0","","","","","","","10","[61,58,53,48,57,62,44,58,58,80]","[69,49,56,63,53,61,55,56,56,56]","""2023-09-15T17:01:42.691Z""","[1,1,0,1]","1","1","1","60","59","59","60","1","0","0","[""arrowright"",""arrowright"",""arrowleft"",""arrowright"",""arrowright"",""arrowright"",""arrowright"",""arrowleft"",""arrowleft"",""arrowleft""]","[1278,336,657,602,950,1291,1706,1153,1140,3054]","[69,49,53,63,53,61,55,58,58,80]","[69,0,0,63,0,0,55,58,58,80]","[[77.414,70.2927]]","[]","[]","[]","1","[]","[]","[]","[]","horizontal","","","",""
"","","","","","horizons-trial","88","1981019","0.0-79.0","","","","","","","10","[56,49,79,67,57,64,56,62,61,77]","[39,42,37,46,41,36,29,37,30,52]","""2023-09-15T17:02:00.172Z""","[0,0,1,0]","1","0","1","60","40","60","40","20","0","0","[""arrowleft"",""arrowleft"",""arrowright"",""arrowleft"",""arrowleft"",""arrowleft"",""arrowright"",""arrowleft"",""arrowleft"",""arrowleft""]","[1548,400,472,447,2189,1196,920,427,267,288]","[56,49,37,67,57,64,29,62,61,77]","[56,49,0,67,57,64,0,62,61,77]","[[85.158,76.3509]]","[]","[]","[]","1","[]","[]","[]","[]","horizontal","","","",""
"","","","","","horizons-trial","89","2004667","0.0-80.0","","","","","","","10","[45,38,40,40,47,58,38,25,43,45]","[45,46,41,51,56,48,40,34,36,53]","""2023-09-15T17:02:23.820Z""","[1,1,1,0]","1","0","1","40","44","40","44","4","0","0","[""arrowright"",""arrowright"",""arrowright"",""arrowleft"",""arrowright"",""arrowright"",""arrowleft"",""arrowright"",""arrowright"",""arrowright""]","[513,371,444,774,2431,1357,440,481,288,278]","[45,46,41,40,56,48,38,34,36,53]","[45,46,41,0,56,0,0,34,0,53]","[[58.8282,57.1665]]","[]","[]","[]","1","[]","[]","[]","[]","horizontal","","","",""
"","","","","","horizons-trial","90","2016327","0.0-81.0","","","","","","","5","[34,28,46,51,32]","[68,61,72,65,77]","""2023-09-15T17:02:35.480Z""","[1,1,0,1]","1","0","0","40","70","40","70","30","0","0","[""arrowright"",""arrowright"",""arrowleft"",""arrowright"",""arrowright""]","[1597,365,486,574,481]","[68,61,46,65,77]","[68,61,0,65,77]","[[95.9997,50]]","[]","[]","[]","1","[]","[]","[]","[]","horizontal","","","",""
"","","","","","horizons-trial","91","2032379","0.0-82.0","","","","","","","5","[37,53,43,42,48]","[39,59,26,36,41]","""2023-09-15T17:02:51.533Z""","[1,1,1,0]","1","1","0","40","42","42","40","2","0","0","[""arrowright"",""arrowright"",""arrowright"",""arrowleft"",""arrowleft""]","[391,366,434,616,7344]","[39,59,26,42,48]","[39,59,0,42,48]","[[49.8451,50]]","[]","[]","[]","1","[]","[]","[]","[]","horizontal","","","",""
"","","","","","horizons-trial","92","2040679","0.0-83.0","","","","","","","5","[46,36,35,27,47]","[51,46,25,42,26]","""2023-09-15T17:02:59.833Z""","[1,1,0,0]","0","0","0","40","42","40","42","2","0","0","[""arrowright"",""arrowright"",""arrowleft"",""arrowleft"",""arrowright""]","[1301,349,426,390,470]","[51,46,35,27,26]","[51,46,35,0,0]","[[98.7876,50]]","[]","[]","[]","1","[]","[]","[]","[]","horizontal","","","",""
"","","","","","horizons-trial","93","2064168","0.0-84.0","","","","","","","10","[62,55,57,61,49,50,49,56,64,36]","[71,60,61,57,61,64,55,70,50,50]","""2023-09-15T17:03:23.321Z""","[1,1,0,0]","0","0","1","60","59","60","59","1","0","0","[""arrowright"",""arrowright"",""arrowleft"",""arrowleft"",""arrowright"",""arrowright"",""arrowleft"",""arrowright"",""arrowright"",""arrowright""]","[1428,378,486,331,1743,1030,297,480,909,251]","[71,60,57,61,61,64,49,70,50,50]","[71,60,0,61,61,64,0,70,0,50]","[[78.653,68.9464]]","[]","[]","[]","1","[]","[]","[]","[]","horizontal","","","",""
"","","","","","horizons-trial","94","2074291","0.0-85.0","","","","","","","5","[63,73,54,68,58]","[59,57,67,52,68]","""2023-09-15T17:03:33.444Z""","[0,1,0,0]","1","0","0","60","59","60","59","1","0","0","[""arrowleft"",""arrowright"",""arrowleft"",""arrowleft"",""arrowleft""]","[1083,347,349,468,2735]","[63,57,54,68,58]","[63,0,0,68,0]","[[76.7944,50]]","[]","[]","[]","1","[]","[]","[]","[]","horizontal","","","",""
"","","","","","horizons-trial","95","2087759","0.0-86.0","","","","","","","5","[68,60,63,60,51]","[24,48,38,56,49]","""2023-09-15T17:03:46.912Z""","[0,1,1,0]","0","1","0","40","60","60","40","20","0","0","[""arrowleft"",""arrowright"",""arrowright"",""arrowleft"",""arrowleft""]","[555,311,385,487,1343]","[68,48,38,60,51]","[68,0,0,60,51]","[[85.158,50]]","[]","[]","[]","1","[]","[]","[]","[]","horizontal","","","",""
"","","","","","horizons-trial","96","2095660","0.0-87.0","","","","","","","5","[40,24,33,51,53]","[45,52,32,46,44]","""2023-09-15T17:03:54.814Z""","[1,0,1,1]","1","0","0","40","41","40","41","1","0","0","[""arrowright"",""arrowleft"",""arrowright"",""arrowright"",""arrowright""]","[1202,395,336,397,717]","[45,24,32,46,44]","[45,0,0,0,0]","[[78.653,50]]","[]","[]","[]","1","[]","[]","[]","[]","horizontal","","","",""
"","","","","","horizons-trial","97","2115073","0.0-88.0","","","","","","","10","[50,36,45,50,49,40,41,44,20,39]","[37,35,41,29,37,53,37,40,29,47]","""2023-09-15T17:04:14.226Z""","[1,0,1,1]","1","1","1","40","44","44","40","4","0","0","[""arrowright"",""arrowleft"",""arrowright"",""arrowright"",""arrowleft"",""arrowleft"",""arrowleft"",""arrowright"",""arrowleft"",""arrowright""]","[696,353,328,473,483,2162,792,440,558,2798]","[37,36,41,29,49,40,41,40,20,47]","[0,36,0,0,49,0,41,0,0,47]","[[53.5623,52.7911]]","[]","[]","[]","1","[]","[]","[]","[]","horizontal","","","",""
"","","","","","horizons-trial","98","2138134","0.0-89.0","","","","","","","10","[54,40,53,58,57,41,44,32,52,50]","[33,41,42,41,35,32,41,40,34,43]","""2023-09-15T17:04:37.287Z""","[0,1,0,1]","0","1","1","40","48","48","40","8","0","0","[""arrowleft"",""arrowright"",""arrowleft"",""arrowright"",""arrowleft"",""arrowleft"",""arrowright"",""arrowleft"",""arrowleft"",""arrowleft""]","[2237,336,383,380,1303,9887,782,619,724,1064]","[54,41,53,41,57,41,41,32,52,50]","[54,41,53,0,57,41,0,0,52,50]","[[82.9897,76.01429999999999]]","[]","[]","[]","1","[]","[]","[]","[]","horizontal","","","",""
"","","","","","horizons-trial","99","2161483","0.0-90.0","","","","","","","10","[44,28,38,31,48,41,47,35,33,47]","[35,46,40,44,25,43,46,44,30,51]","""2023-09-15T17:05:00.636Z""","[0,1,1,1]","1","0","1","40","42","40","42","2","0","0","[""arrowleft"",""arrowright"",""arrowright"",""arrowright"",""arrowleft"",""arrowleft"",""arrowright"",""arrowleft"",""arrowright"",""arrowleft""]","[11553,506,525,423,1571,1188,542,546,653,1321]","[44,46,40,44,48,41,46,35,30,47]","[44,46,40,44,48,0,0,0,0,0]","[[52.3232,52.118]]","[]","[]","[]","1","[]","[]","[]","[]","horizontal","","","",""
"","","","","","horizons-trial","100","2180474","0.0-91.0","","","","","","","5","[38,40,48,37,61]","[58,43,58,85,49]","""2023-09-15T17:05:19.627Z""","[1,1,1,0]","1","1","0","60","40","40","60","20","0","0","[""arrowright"",""arrowright"",""arrowright"",""arrowleft"",""arrowright""]","[602,375,370,545,803]","[58,43,58,37,49]","[58,43,58,0,0]","[[89.8045,50]]","[]","[]","[]","1","[]","[]","[]","[]","horizontal","","","",""
"","","","","","horizons-trial","101","2189396","0.0-92.0","","","","","","","5","[42,37,44,31,30]","[39,48,52,48,44]","""2023-09-15T17:05:28.549Z""","[0,1,0,0]","1","0","0","40","48","40","48","8","0","0","[""arrowleft"",""arrowright"",""arrowleft"",""arrowleft"",""arrowright""]","[994,447,453,489,1819]","[42,48,44,31,44]","[42,48,0,0,44]","[[75.8652,50]]","[]","[]","[]","1","[]","[]","[]","[]","horizontal","","","",""
"","","","","","horizons-trial","102","2197161","0.0-93.0","","","","","","","5","[49,71,75,70,54]","[57,49,65,45,48]","""2023-09-15T17:05:36.315Z""","[1,1,0,1]","1","0","0","60","52","60","52","8","0","0","[""arrowright"",""arrowright"",""arrowleft"",""arrowright"",""arrowleft""]","[413,362,433,843,423]","[57,49,75,45,54]","[57,0,75,0,54]","[[87.9459,50]]","[]","[]","[]","1","[]","[]","[]","[]","horizontal","","","",""
"","","","","","horizons-trial","103","2219537","0.0-94.0","","","","","","","5","[47,29,47,41,43]","[45,23,35,42,42]","""2023-09-15T17:05:58.690Z""","[1,1,0,1]","1","1","0","40","41","41","40","1","0","0","[""arrowright"",""arrowright"",""arrowleft"",""arrowright"",""arrowleft""]","[504,398,450,415,1676]","[45,23,47,42,43]","[0,0,47,42,43]","[[69.9797,50]]","[]","[]","[]","1","[]","[]","[]","[]","horizontal","","","",""
"","","","","","horizons-trial","104","2231736","0.0-95.0","","","","","","","10","[46,44,51,55,30,36,25,27,42,43]","[40,39,48,29,25,50,55,56,55,27]","""2023-09-15T17:06:10.890Z""","[0,1,0,1]","0","0","1","40","42","40","42","2","0","0","[""arrowleft"",""arrowright"",""arrowleft"",""arrowright"",""arrowleft"",""arrowleft"",""arrowright"",""arrowright"",""arrowright"",""arrowright""]","[1550,410,377,347,483,2179,397,753,468,443]","[46,39,51,29,30,36,55,56,55,27]","[46,0,51,0,30,0,55,56,55,0]","[[82.0604,81.3994]]","[]","[]","[]","1","[]","[]","[]","[]","horizontal","","","",""
"","","","","","horizons-trial","105","2244041","0.0-96.0","","","","","","","5","[47,52,43,47,64]","[41,32,40,52,46]","""2023-09-15T17:06:23.194Z""","[0,1,0,1]","0","1","0","40","48","48","40","8","0","0","[""arrowleft"",""arrowright"",""arrowleft"",""arrowright"",""arrowleft""]","[733,337,381,473,3330]","[47,32,43,52,64]","[47,0,43,52,64]","[[66.5723,50]]","[]","[]","[]","1","[]","[]","[]","[]","horizontal","","","",""
"","","","","","horizons-trial","106","2259369","0.0-97.0","","","","","","","10","[45,40,48,47,27,41,26,39,35,37]","[56,63,51,65,55,53,59,59,42,74]","""2023-09-15T17:06:38.522Z""","[1,0,1,1]","1","0","1","40","60","40","60","20","0","0","[""arrowright"",""arrowleft"",""arrowright"",""arrowright"",""arrowright"",""arrowright"",""arrowright"",""arrowleft"",""arrowright"",""arrowright""]","[2991,355,301,779,3372,1269,580,393,396,344]","[56,40,51,65,55,53,59,39,42,74]","[56,0,51,65,55,53,59,0,42,74]","[[75.8652,76.01429999999999]]","[]","[]","[]","1","[]","[]","[]","[]","horizontal","","","",""
"","","","","","horizons-trial","107","2272038","0.0-98.0","","","","","","","10","[24,37,31,41,28,40,39,48,51,40]","[52,39,55,47,49,54,54,39,47,50]","""2023-09-15T17:06:51.191Z""","[1,1,1,0]","1","0","1","40","48","40","48","8","0","0","[""arrowright"",""arrowright"",""arrowright"",""arrowleft"",""arrowright"",""arrowleft"",""arrowright"",""arrowright"",""arrowleft"",""arrowright""]","[379,432,406,477,1701,1448,346,509,644,294]","[52,39,55,41,49,40,54,39,51,50]","[52,39,55,0,49,0,54,0,51,50]","[[59.138,59.1859]]","[]","[]","[]","1","[]","[]","[]","[]","horizontal","","","",""
"","","","","","horizons-trial","108","2279857","0.0-99.0","","","","","","","5","[47,59,60,58,53]","[72,70,56,64,65]","""2023-09-15T17:06:59.010Z""","[1,1,1,0]","1","1","0","60","58","58","60","2","0","0","[""arrowright"",""arrowright"",""arrowright"",""arrowleft"",""arrowright""]","[487,404,382,696,704]","[72,70,56,58,65]","[72,70,0,0,65]","[[78.3433,50]]","[]","[]","[]","1","[]","[]","[]","[]","horizontal","","","",""
"","","","","","horizons-trial","109","2301768","0.0-100.0","","","","","","","5","[50,49,66,62,64]","[58,53,50,42,58]","""2023-09-15T17:07:20.921Z""","[0,0,1,1]","0","0","0","60","56","60","56","4","0","0","[""arrowleft"",""arrowleft"",""arrowright"",""arrowright"",""arrowleft""]","[500,338,370,386,2088]","[50,49,50,42,64]","[0,0,0,0,64]","[[78.3433,50]]","[]","[]","[]","1","[]","[]","[]","[]","horizontal","","","",""
"","","","","","horizons-trial","110","2312384","0.0-101.0","","","","","","","5","[53,53,66,61,49]","[57,55,51,62,63]","""2023-09-15T17:07:31.538Z""","[0,1,1,0]","0","1","0","60","58","58","60","2","0","0","[""arrowleft"",""arrowright"",""arrowright"",""arrowleft"",""arrowleft""]","[1337,382,389,866,2082]","[53,55,51,61,49]","[0,55,0,0,0]","[[84.8483,50]]","[]","[]","[]","1","[]","[]","[]","[]","horizontal","","","",""
"","","","","","horizons-trial","111","2320974","0.0-102.0","","","","","","","5","[56,64,47,62,55]","[28,38,46,42,47]","""2023-09-15T17:07:40.127Z""","[1,1,1,0]","1","1","0","40","60","60","40","20","0","0","[""arrowright"",""arrowright"",""arrowright"",""arrowleft"",""arrowleft""]","[498,352,508,502,702]","[28,38,46,62,55]","[0,0,0,62,55]","[[95.0704,50]]","[]","[]","[]","1","[]","[]","[]","[]","horizontal","","","",""
"","","","","","horizons-trial","112","2334576","0.0-103.0","","","","","","","5","[41,29,39,46,33]","[34,31,33,30,38]","""2023-09-15T17:07:53.730Z""","[1,1,1,0]","1","0","0","40","42","40","42","2","0","0","[""arrowright"",""arrowright"",""arrowright"",""arrowleft"",""arrowleft""]","[427,346,349,631,1182]","[34,31,33,46,33]","[0,31,0,46,0]","[[86.7068,50]]","[]","[]","[]","1","[]","[]","[]","[]","horizontal","","","",""
"","","","","","horizons-trial","113","2354662","0.0-104.0","","","","","","","10","[60,60,63,76,68,70,62,52,64,57]","[46,39,34,40,37,34,49,28,48,39]","""2023-09-15T17:08:13.816Z""","[1,1,0,1]","1","1","1","40","60","60","40","20","0","0","[""arrowright"",""arrowright"",""arrowleft"",""arrowright"",""arrowleft"",""arrowleft"",""arrowleft"",""arrowleft"",""arrowleft"",""arrowleft""]","[2094,644,643,444,1358,1055,517,346,314,396]","[46,39,63,40,68,70,62,52,64,57]","[0,0,63,0,68,70,62,52,64,57]","[[64.7137,60.1956]]","[]","[]","[]","1","[]","[]","[]","[]","horizontal","","","",""
"","","","","","horizons-trial","114","2367258","0.0-105.0","","","","","","","10","[28,39,31,28,41,17,32,26,34,31]","[53,66,67,63,76,48,59,65,53,67]","""2023-09-15T17:08:26.411Z""","[0,1,0,0]","1","1","1","60","30","30","60","30","0","0","[""arrowleft"",""arrowright"",""arrowleft"",""arrowleft"",""arrowright"",""arrowright"",""arrowright"",""arrowright"",""arrowright"",""arrowright""]","[1903,344,654,757,414,1109,342,262,271,275]","[28,66,31,28,76,48,59,65,53,67]","[0,66,0,0,76,48,59,65,53,67]","[[89.8045,67.2635]]","[]","[]","[]","1","[]","[]","[]","[]","horizontal","","","",""
"","","","","","horizons-trial","115","2378519","0.0-106.0","","","","","","","5","[39,52,29,28,41]","[38,55,60,42,52]","""2023-09-15T17:08:37.672Z""","[0,1,0,1]","0","0","0","40","52","40","52","12","0","0","[""arrowleft"",""arrowright"",""arrowleft"",""arrowright"",""arrowright""]","[636,324,383,391,503]","[39,55,29,42,52]","[39,55,0,42,52]","[[94.4509,50]]","[]","[]","[]","1","[]","[]","[]","[]","horizontal","","","",""
"","","","","","horizons-trial","116","2389284","0.0-107.0","","","","","","","5","[68,57,44,63,56]","[45,55,47,63,44]","""2023-09-15T17:08:48.437Z""","[0,0,0,1]","1","0","0","60","48","60","48","12","0","0","[""arrowleft"",""arrowleft"",""arrowleft"",""arrowright"",""arrowleft""]","[408,400,451,549,3786]","[68,57,44,63,56]","[68,57,0,63,56]","[[60.0673,50]]","[]","[]","[]","1","[]","[]","[]","[]","horizontal","","","",""
"","","","","","horizons-trial","117","2396118","0.0-108.0","","","","","","","5","[30,47,50,46,39]","[27,36,42,42,27]","""2023-09-15T17:08:55.271Z""","[1,0,0,0]","1","1","0","40","44","44","40","4","0","0","[""arrowright"",""arrowleft"",""arrowleft"",""arrowleft"",""arrowleft""]","[371,375,449,458,622]","[27,47,50,46,39]","[0,47,50,46,39]","[[87.0166,50]]","[]","[]","[]","1","[]","[]","[]","[]","horizontal","","","",""
"","","","","","horizons-trial","118","2411616","0.0-109.0","","","","","","","10","[64,54,55,54,61,60,73,63,65,56]","[53,40,42,62,48,41,40,40,49,63]","""2023-09-15T17:09:10.769Z""","[1,1,0,1]","1","0","1","60","48","60","48","12","0","0","[""arrowright"",""arrowright"",""arrowleft"",""arrowright"",""arrowleft"",""arrowleft"",""arrowleft"",""arrowleft"",""arrowleft"",""arrowleft""]","[496,479,471,377,390,1416,558,604,572,1886]","[53,40,55,62,61,60,73,63,65,56]","[0,0,55,62,61,60,73,63,65,0]","[[53.2525,51.1083]]","[]","[]","[]","1","[]","[]","[]","[]","horizontal","","","",""
"","","","","","horizons-trial","119","2426714","0.0-110.0","","","","","","","10","[58,45,41,49,52,57,47,55,50,48]","[30,38,41,45,42,44,28,38,46,37]","""2023-09-15T17:09:25.867Z""","[1,1,0,0]","0","1","1","40","52","52","40","12","0","0","[""arrowright"",""arrowright"",""arrowleft"",""arrowleft"",""arrowleft"",""arrowleft"",""arrowleft"",""arrowleft"",""arrowleft"",""arrowleft""]","[598,373,467,406,1050,1239,569,502,468,338]","[30,38,41,49,52,57,47,55,50,48]","[0,0,41,49,52,57,47,55,50,48]","[[95.0704,62.215]]","[]","[]","[]","1","[]","[]","[]","[]","horizontal","","","",""
"","","","","","horizons-trial","120","2440356","0.0-111.0","","","","","","","10","[51,55,54,49,61,46,58,46,41,67]","[55,71,52,65,65,64,54,60,56,56]","""2023-09-15T17:09:39.509Z""","[0,0,1,1]","0","1","1","60","52","52","60","8","0","0","[""arrowleft"",""arrowleft"",""arrowright"",""arrowright"",""arrowright"",""arrowright"",""arrowright"",""arrowright"",""arrowleft"",""arrowright""]","[478,353,434,326,1298,1339,419,468,561,446]","[51,55,52,65,65,64,54,60,41,56]","[0,0,0,65,65,64,0,60,0,0]","[[67.5016,58.8494]]","[]","[]","[]","1","[]","[]","[]","[]","horizontal","","","",""
"","","","","","horizons-trial","121","2453596","0.0-112.0","","","","","","","10","[61,79,74,71,60,73,52,66,63,62]","[42,45,57,43,36,46,47,45,26,35]","""2023-09-15T17:09:52.749Z""","[1,1,1,0]","1","1","1","40","70","70","40","30","0","0","[""arrowright"",""arrowright"",""arrowright"",""arrowleft"",""arrowleft"",""arrowleft"",""arrowleft"",""arrowleft"",""arrowleft"",""arrowleft""]","[649,336,375,584,1060,1299,464,339,369,409]","[42,45,57,71,60,73,52,66,63,62]","[0,0,0,71,60,73,52,66,63,62]","[[75.5554,61.2053]]","[]","[]","[]","1","[]","[]","[]","[]","horizontal","","","",""
"","","","","","horizons-trial","122","2466839","0.0-113.0","","","","","","","10","[67,56,52,68,48,71,44,63,74,53]","[68,62,56,69,59,57,61,64,38,74]","""2023-09-15T17:10:05.992Z""","[0,1,0,1]","0","0","1","60","58","60","58","2","0","0","[""arrowleft"",""arrowright"",""arrowleft"",""arrowright"",""arrowright"",""arrowright"",""arrowright"",""arrowright"",""arrowright"",""arrowright""]","[572,368,322,380,1513,1145,324,298,305,304]","[67,62,52,69,59,57,61,64,38,74]","[0,62,0,69,59,0,61,64,0,74]","[[85.158,62.8882]]","[]","[]","[]","1","[]","[]","[]","[]","horizontal","","","",""
"","","","","","horizons-trial","123","2478385","0.0-114.0","","","","","","","10","[49,23,26,28,59,30,41,31,40,42]","[47,45,62,42,47,45,49,42,34,50]","""2023-09-15T17:10:17.538Z""","[1,0,0,1]","0","0","1","40","41","40","41","1","0","0","[""arrowright"",""arrowleft"",""arrowleft"",""arrowright"",""arrowright"",""arrowright"",""arrowright"",""arrowleft"",""arrowright"",""arrowright""]","[813,367,393,502,774,1220,773,557,326,335]","[47,23,26,42,47,45,49,31,34,50]","[0,0,0,42,0,45,49,0,0,50]","[[95.0704,66.92699999999999]]","[]","[]","[]","1","[]","[]","[]","[]","horizontal","","","",""
"","","","","","horizons-trial","124","2491505","0.0-115.0","","","","","","","10","[64,62,59,58,71,50,61,59,55,58]","[72,67,40,58,52,63,68,56,56,47]","""2023-09-15T17:10:30.658Z""","[0,1,0,1]","0","0","1","60","56","60","56","4","0","0","[""arrowleft"",""arrowright"",""arrowleft"",""arrowright"",""arrowright"",""arrowright"",""arrowright"",""arrowright"",""arrowright"",""arrowright""]","[1330,349,364,355,3041,1357,470,428,247,194]","[64,67,59,58,52,63,68,56,56,47]","[0,67,59,58,0,63,68,0,56,0]","[[56.3501,52.7911]]","[]","[]","[]","1","[]","[]","[]","[]","horizontal","","","",""
"","","","","","horizons-trial","125","2502416","0.0-116.0","","","","","","","10","[54,36,53,40,24,62,49,33,39,26]","[50,44,42,32,52,45,32,44,53,30]","""2023-09-15T17:10:41.569Z""","[0,1,1,0]","0","1","1","40","42","42","40","2","0","0","[""arrowleft"",""arrowright"",""arrowright"",""arrowleft"",""arrowleft"",""arrowleft"",""arrowright"",""arrowleft"",""arrowleft"",""arrowleft""]","[576,314,349,465,1410,1209,339,455,360,266]","[54,44,42,40,24,62,32,33,39,26]","[54,44,0,40,0,62,0,0,0,0]","[[72.148,59.1859]]","[]","[]","[]","1","[]","[]","[]","[]","horizontal","","","",""
"","","","","","horizons-trial","126","2514400","0.0-117.0","","","","","","","5","[39,49,65,47,48]","[40,39,26,43,59]","""2023-09-15T17:10:53.554Z""","[0,1,0,0]","1","1","0","40","48","48","40","8","0","0","[""arrowleft"",""arrowright"",""arrowleft"",""arrowleft"",""arrowleft""]","[1676,290,306,788,2501]","[39,39,65,47,48]","[0,0,65,47,0]","[[79.5823,50]]","[]","[]","[]","1","[]","[]","[]","[]","horizontal","","","",""
"","","","","","horizons-trial","127","2539707","0.0-118.0","","","","","","","5","[34,22,25,33,26]","[58,56,41,52,40]","""2023-09-15T17:11:18.861Z""","[1,0,1,1]","1","1","0","60","30","30","60","30","0","0","[""arrowright"",""arrowleft"",""arrowright"",""arrowright"",""arrowright""]","[3329,367,306,725,11865]","[58,22,41,52,40]","[58,0,41,52,40]","[[84.2287,50]]","[]","[]","[]","1","[]","[]","[]","[]","horizontal","","","",""
"","","","","","horizons-trial","128","2553314","0.0-119.0","","","","","","","10","[32,35,33,37,39,20,25,37,36,38]","[41,40,51,30,38,40,37,36,43,51]","""2023-09-15T17:11:32.467Z""","[0,0,0,1]","1","0","1","40","41","40","41","1","0","0","[""arrowleft"",""arrowleft"",""arrowleft"",""arrowright"",""arrowleft"",""arrowleft"",""arrowright"",""arrowright"",""arrowright"",""arrowleft""]","[1336,393,595,519,1925,1946,388,466,558,393]","[32,35,33,30,39,20,37,36,43,38]","[0,0,0,0,39,0,37,0,43,0]","[[56.3501,53.8008]]","[]","[]","[]","1","[]","[]","[]","[]","horizontal","","","",""
"","","","","","survey-html-form","129","2602556","0.0-120.0","49225","{""comments"":"" I went with my gut feeling. No difference in strategy""}","","","","","","","","","","","","","","","","","","","","","","","","","","","","","","","","","","","","",""
"","","","","","survey-html-form","130","2631180","0.0-121.0","28623","{""comments"":"" My gut feeling after seeing the numbers on each side.""}","","","","","","","","","","","","","","","","","","","","","","","","","","","","","","","","","","","","",""
"","","","","","survey-html-form","131","2662538","0.0-122.0","31357","{""comments"":"" My gut feeling based on the numbers that came up.""}","","","","","","","","","","","","","","","","","","","","","","","","","","","","","","","","","","","","",""
"","","","","","survey-html-form","132","2683478","0.0-123.0","20939","{""comments"":"" Everything went well.""}","","","","","","","","","","","","","","","","","","","","","","","","","","","","","","","","","","","","","[{""event"":""fullscreenenter"",""trial"":2,""time"":8459},{""event"":""blur"",""trial"":5,""time"":108720},{""event"":""fullscreenexit"",""trial"":5,""time"":120935},{""event"":""focus"",""trial"":5,""time"":120941},{""event"":""blur"",""trial"":11,""time"":507590},{""event"":""focus"",""trial"":11,""time"":507590}]"
