"success","timeout","failed_images","failed_audio","failed_video","trial_type","trial_index","time_elapsed","internal_node_id","rt","response","view_history","task","stimulus","question_order","horizon","rewards_L","rewards_R","date","forced_choices","r_info","r_side","r_h","r_mean","r_otherMean","r_mean_L","r_mean_R","r_difference","confidence_immediate_overall","confidence_question_order","key_presses","response_times","outcomes","outcomes_counted_points","confidence","confidence_rt","confidence_2","confidence_2_rt","screen_resolution","belief_confidence_1","belief_confidence_2","belief_confidence_3","belief_confidence_4","immediate_judgement_orientation","phase","responses","num_errors","interactions"
"true","false","[]","[]","[]","preload","0","379","0.0-0.0","","","","","","","","","","","","","","","","","","","","","","","","","","","","","","","","","","","","","","",""
"","","","","","survey-html-form","1","16307","0.0-1.0","15924","{""comments"":"" 643c069c30e6ba111922f086""}","","","","","","","","","","","","","","","","","","","","","","","","","","","","","","","","","","","","",""
"true","","","","","fullscreen","2","19307","0.0-2.0","","","","","","","","","","","","","","","","","","","","","","","","","","","","","","","","","","","","","","",""
"","","","","","instructions","3","478915","0.0-3.0","459608","","[{""page_index"":0,""viewing_time"":429857},{""page_index"":1,""viewing_time"":16413},{""page_index"":2,""viewing_time"":3938},{""page_index"":3,""viewing_time"":3050},{""page_index"":4,""viewing_time"":3133},{""page_index"":5,""viewing_time"":3215}]","Consent","","","","","","","","","","","","","","","","","","","","","","","","","","","","","","","","","","",""
"","","","","","html-button-response","4","485429","0.0-4.0","6510","0","","","<p>Declaration of consent for study participation:</p>
            <ul>
                <li> I was informed about the study 'Metacognition in a bandit task', its course, meaning, scope and risks, and I have read and understood the study information.</li>
                <li> I had the opportunity to clarify all open questions. </li>
                <li> I have the right to request further information about the study at any time.</li>
                <li> I voluntarily agree to participate in the study described in the study information provided.</li>
                <li> I have been informed that I may withdraw from this study at any time without incurring any disadvantage.</li>
            </ul>","","","","","","","","","","","","","","","","","","","","","","","","","","","","","","","","","",""
"","","","","","survey-multi-choice","5","503605","0.0-5.0","18172","{""firstDataProtectionQ"":""yes"",""secondDataProtectionQ"":""yes"",""thirdDataProtectionQ"":""yes"",""fourthDataProtectionQ"":""yes""}","","","","[0,1,2,3]","","","","","","","","","","","","","","","","","","","","","","","","","","","","","","","","",""
"","","","","","instructions","6","873982","0.0-6.0-0.0","370371","","[{""page_index"":0,""viewing_time"":5261},{""page_index"":1,""viewing_time"":4784},{""page_index"":2,""viewing_time"":5809},{""page_index"":3,""viewing_time"":6911},{""page_index"":4,""viewing_time"":8797},{""page_index"":5,""viewing_time"":3497},{""page_index"":6,""viewing_time"":6554},{""page_index"":7,""viewing_time"":4901},{""page_index"":8,""viewing_time"":3461},{""page_index"":9,""viewing_time"":218494},{""page_index"":10,""viewing_time"":71659},{""page_index"":11,""viewing_time"":30244}]","","","","","","","","","","","","","","","","","","","","","","","","","","","","","","","","","","","",""
"","","","","","horizons-trial","7","976160","0.0-6.0-1.0","","","","","","","5","[44,57,74,72,62]","[31,33,24,39,29]","""2023-09-15T16:48:30.465Z""","[1,0,1,1]","","","","","","","","","0","","[""arrowright"",""arrowleft"",""arrowright"",""arrowright"",""arrowright""]","[11432,778,3070,580,620]","[31,57,24,39,29]","[0,57,0,0,0]","[[50,48.5718]]","[]","[]","[]","1","[]","[]","[]","[]","vertical","practice","","",""
"","","","","","horizons-trial","8","1015710","0.0-6.0-2.0","","","","","","","10","[64,50,57,35,52,38,44,61,39,38]","[70,69,76,71,75,58,81,84,57,61]","""2023-09-15T16:49:10.015Z""","[0,0,1,1]","","","","","","","","","1","","[""arrowleft"",""arrowleft"",""arrowright"",""arrowright"",""arrowright"",""arrowright"",""arrowright"",""arrowright"",""arrowleft"",""arrowleft""]","[6134,939,2020,669,589,4708,560,1180,839,840]","[64,50,76,71,75,58,81,84,39,38]","[0,0,76,71,75,58,81,84,0,0]","[[38.3967,0.257000000000005]]","[]","[]","[]","1","[]","[]","[]","[]","vertical","practice","","",""
"","","","","","instructions","9","1029549","0.0-6.0-3.0","13838","","[{""page_index"":0,""viewing_time"":2647},{""page_index"":1,""viewing_time"":584},{""page_index"":2,""viewing_time"":7998},{""page_index"":3,""viewing_time"":2608}]","","","","","","","","","","","","","","","","","","","","","","","","","","","","","","","","","","","",""
"","","","","","horizons-comprehension","10","1052024","0.0-6.0-4.0","22470.300000000047","","","","","","","","","","","","","","","","","","","","","","","","","","","","","","","","","","","","[""false"",""true"",""false"",""true""]","1",""
"","","","","","instructions","11","1259361","0.0-6.1-0.1","200807","","[{""page_index"":0,""viewing_time"":4809},{""page_index"":1,""viewing_time"":13074},{""page_index"":2,""viewing_time"":4378},{""page_index"":3,""viewing_time"":646},{""page_index"":4,""viewing_time"":1614},{""page_index"":3,""viewing_time"":707},{""page_index"":2,""viewing_time"":11422},{""page_index"":3,""viewing_time"":82199},{""page_index"":4,""viewing_time"":8902},{""page_index"":5,""viewing_time"":8568},{""page_index"":6,""viewing_time"":10801},{""page_index"":7,""viewing_time"":12349},{""page_index"":8,""viewing_time"":6070},{""page_index"":9,""viewing_time"":18156},{""page_index"":10,""viewing_time"":10884},{""page_index"":11,""viewing_time"":6229}]","","","","","","","","","","","","","","","","","","","","","","","","","","","","","","","","","","","",""
"","","","","","horizons-trial","12","1313435","0.0-6.1-1.1","","","","","","","5","[44,57,74,72,62]","[31,33,24,39,29]","""2023-09-15T16:54:07.741Z""","[1,0,1,1]","","","","","","","","","0","","[""arrowright"",""arrowleft"",""arrowright"",""arrowright"",""arrowright""]","[2801,4330,2128,1640,629]","[31,57,24,39,29]","[0,57,0,0,0]","[[50,46.1204]]","[]","[]","[]","1","[]","[]","[]","[]","vertical","practice","","",""
"","","","","","horizons-trial","13","1345176","0.0-6.1-2.1","","","","","","","10","[64,50,57,35,52,38,44,61,39,38]","[70,69,76,71,75,58,81,84,57,61]","""2023-09-15T16:54:39.482Z""","[0,0,1,1]","","","","","","","","","1","","[""arrowleft"",""arrowleft"",""arrowright"",""arrowright"",""arrowright"",""arrowleft"",""arrowleft"",""arrowleft"",""arrowleft"",""arrowleft""]","[8985,659,1711,529,821,1500,360,340,339,470]","[64,50,76,71,75,38,44,61,39,38]","[0,0,76,71,75,0,0,0,0,0]","[[39.2815,3.4509999999999934]]","[]","[]","[]","1","[]","[]","[]","[]","vertical","practice","","",""
"","","","","","instructions","14","1397841","0.0-6.1-3.1","52662","","[{""page_index"":0,""viewing_time"":3434},{""page_index"":1,""viewing_time"":34061},{""page_index"":2,""viewing_time"":13668},{""page_index"":3,""viewing_time"":1498}]","","","","","","","","","","","","","","","","","","","","","","","","","","","","","","","","","","","",""
"","","","","","horizons-comprehension","15","1606891","0.0-6.1-4.1","209047.69999999995","","","","","","","","","","","","","","","","","","","","","","","","","","","","","","","","","","","","[""true"",""true"",""false"",""false""]","1",""
"","","","","","instructions","16","1622556","0.0-6.2-0.2","8019","","[{""page_index"":0,""viewing_time"":2231},{""page_index"":1,""viewing_time"":488},{""page_index"":2,""viewing_time"":412},{""page_index"":3,""viewing_time"":260},{""page_index"":4,""viewing_time"":248},{""page_index"":5,""viewing_time"":268},{""page_index"":6,""viewing_time"":283},{""page_index"":7,""viewing_time"":468},{""page_index"":8,""viewing_time"":837},{""page_index"":9,""viewing_time"":792},{""page_index"":10,""viewing_time"":577},{""page_index"":11,""viewing_time"":1155}]","","","","","","","","","","","","","","","","","","","","","","","","","","","","","","","","","","","",""
"","","","","","horizons-trial","17","1637840","0.0-6.2-1.2","","","","","","","5","[44,57,74,72,62]","[31,33,24,39,29]","""2023-09-15T16:59:32.145Z""","[1,0,1,1]","","","","","","","","","0","","[""arrowright"",""arrowleft"",""arrowright"",""arrowright"",""arrowright""]","[1276,1759,2279,420,320]","[31,57,24,39,29]","[0,57,0,0,0]","[[50,41.6503]]","[]","[]","[]","1","[]","[]","[]","[]","vertical","practice","","",""
"","","","","","horizons-trial","18","1652930","0.0-6.2-2.2","","","","","","","10","[64,50,57,35,52,38,44,61,39,38]","[70,69,76,71,75,58,81,84,57,61]","""2023-09-15T16:59:47.236Z""","[0,0,1,1]","","","","","","","","","1","","[""arrowleft"",""arrowleft"",""arrowright"",""arrowright"",""arrowright"",""arrowright"",""arrowright"",""arrowright"",""arrowright"",""arrowright""]","[2396,309,1440,329,319,2039,219,310,160,169]","[64,50,76,71,75,58,81,84,57,61]","[0,0,76,71,75,58,81,84,57,61]","[[22.413,5.482900000000001]]","[]","[]","[]","1","[]","[]","[]","[]","vertical","practice","","",""
"","","","","","instructions","19","1657983","0.0-6.2-3.2","5050","","[{""page_index"":0,""viewing_time"":2444},{""page_index"":1,""viewing_time"":1183},{""page_index"":2,""viewing_time"":914},{""page_index"":3,""viewing_time"":509}]","","","","","","","","","","","","","","","","","","","","","","","","","","","","","","","","","","","",""
"","","","","","horizons-comprehension","20","1666481","0.0-6.2-4.2","8495.600000000093","","","","","","","","","","","","","","","","","","","","","","","","","","","","","","","","","","","","[""true"",""true"",""false"",""true""]","0",""
"","","","","","instructions","21","1668946","0.0-7.0","2459","","[{""page_index"":0,""viewing_time"":2459}]","","","","","","","","","","","","","","","","","","","","","","","","","","","","","","","","","","","",""
"","","","","","horizons-trial","22","1682941","0.0-8.0","","","","","","","5","[27,63,50,64,32]","[46,59,53,42,70]","""2023-09-15T17:00:17.247Z""","[1,1,0,0]","0","1","0","60","48","48","60","12","0","0","[""arrowright"",""arrowright"",""arrowleft"",""arrowleft"",""arrowleft""]","[1963,760,1130,339,650]","[46,59,50,64,32]","[46,0,0,64,0]","[[19.6016,50]]","[]","[]","[]","1","[]","[]","[]","[]","horizontal","","","",""
"","","","","","horizons-trial","23","1707326","0.0-9.0","","","","","","","10","[31,46,56,43,32,51,40,47,30,45]","[43,29,37,41,47,32,42,33,25,44]","""2023-09-15T17:00:41.631Z""","[0,0,0,1]","1","0","1","40","41","40","41","1","0","0","[""arrowleft"",""arrowleft"",""arrowleft"",""arrowright"",""arrowright"",""arrowright"",""arrowleft"",""arrowright"",""arrowleft"",""arrowleft""]","[7856,340,391,2129,380,1171,1210,679,460,739]","[31,46,56,41,47,32,40,33,30,45]","[0,46,56,0,47,0,0,0,30,45]","[[24.5216,1.4191000000000003]]","[]","[]","[]","1","[]","[]","[]","[]","horizontal","","","",""
"","","","","","horizons-trial","24","1724665","0.0-10.0","","","","","","","5","[39,35,56,40,42]","[64,48,68,61,51]","""2023-09-15T17:00:58.970Z""","[1,0,0,0]","1","1","0","60","40","40","60","20","0","0","[""arrowright"",""arrowleft"",""arrowleft"",""arrowleft"",""arrowleft""]","[2116,2079,310,460,729]","[64,35,56,40,42]","[64,0,0,0,0]","[[23.1159,50]]","[]","[]","[]","1","[]","[]","[]","[]","horizontal","","","",""
"","","","","","horizons-trial","25","1738835","0.0-11.0","","","","","","","5","[44,37,37,43,31]","[45,47,32,35,48]","""2023-09-15T17:01:13.140Z""","[0,0,1,0]","1","1","0","40","41","41","40","1","0","0","[""arrowleft"",""arrowleft"",""arrowright"",""arrowleft"",""arrowleft""]","[1966,2390,1642,1027,310]","[44,37,32,43,31]","[0,0,0,43,0]","[[21.0073,50]]","[]","[]","[]","1","[]","[]","[]","[]","horizontal","","","",""
"","","","","","horizons-trial","26","1802584","0.0-12.0","","","","","","","5","[56,68,59,56,59]","[52,57,62,63,58]","""2023-09-15T17:02:16.890Z""","[1,0,0,1]","0","1","0","60","58","58","60","2","0","0","[""arrowright"",""arrowleft"",""arrowleft"",""arrowright"",""arrowright""]","[1296,940,389,1070,451]","[52,68,59,63,58]","[0,68,0,63,0]","[[12.2217,50]]","[]","[]","[]","1","[]","[]","[]","[]","horizontal","","","",""
"","","","","","horizons-trial","27","1818815","0.0-13.0","","","","","","","10","[50,55,58,59,68,46,47,61,59,58]","[58,54,49,58,82,64,53,69,59,64]","""2023-09-15T17:02:33.120Z""","[0,1,0,1]","0","1","1","60","56","56","60","4","0","0","[""arrowleft"",""arrowright"",""arrowleft"",""arrowright"",""arrowright"",""arrowright"",""arrowright"",""arrowright"",""arrowright"",""arrowleft""]","[1387,1119,980,1070,561,1370,209,239,180,1060]","[50,54,58,58,82,64,53,69,59,58]","[0,0,58,0,82,64,53,69,59,0]","[[27.333,0.20000000000000284]]","[]","[]","[]","1","[]","[]","[]","[]","horizontal","","","",""
"","","","","","horizons-trial","28","1835025","0.0-14.0","","","","","","","10","[54,46,61,69,61,49,55,63,57,60]","[60,55,53,59,63,37,52,71,64,46]","""2023-09-15T17:02:49.331Z""","[0,1,1,1]","1","0","1","60","58","60","58","2","0","0","[""arrowleft"",""arrowright"",""arrowright"",""arrowright"",""arrowright"",""arrowleft"",""arrowleft"",""arrowright"",""arrowright"",""arrowleft""]","[1407,1159,1170,390,2210,1000,348,1011,559,540]","[54,55,53,59,63,49,55,71,64,60]","[0,55,0,0,63,49,55,71,64,60]","[[31.5501,1.4191000000000003]]","[]","[]","[]","1","[]","[]","[]","[]","horizontal","","","",""
"","","","","","horizons-trial","29","1859665","0.0-15.0","","","","","","","5","[52,59,40,51,48]","[68,66,56,52,61]","""2023-09-15T17:03:13.971Z""","[0,1,1,1]","1","1","0","60","48","48","60","12","0","0","[""arrowleft"",""arrowright"",""arrowright"",""arrowright"",""arrowleft""]","[1247,800,309,529,509]","[52,66,56,52,48]","[0,66,56,52,0]","[[28.0359,50]]","[]","[]","[]","1","[]","[]","[]","[]","horizontal","","","",""
"","","","","","horizons-trial","30","1890388","0.0-16.0","","","","","","","5","[40,41,53,39,42]","[55,48,65,44,45]","""2023-09-15T17:03:44.693Z""","[1,1,0,1]","1","0","0","40","48","40","48","8","0","0","[""arrowright"",""arrowright"",""arrowleft"",""arrowright"",""arrowleft""]","[1437,310,1009,830,440]","[55,48,53,44,42]","[55,48,0,44,0]","[[49.8243,50]]","[]","[]","[]","1","[]","[]","[]","[]","horizontal","","","",""
"","","","","","horizons-trial","31","1908168","0.0-17.0","","","","","","","10","[51,48,65,45,55,58,50,40,44,42]","[53,51,55,57,65,56,65,61,52,66]","""2023-09-15T17:04:02.473Z""","[1,0,1,0]","0","1","1","60","48","48","60","12","0","0","[""arrowright"",""arrowleft"",""arrowright"",""arrowleft"",""arrowleft"",""arrowleft"",""arrowleft"",""arrowleft"",""arrowleft"",""arrowleft""]","[1176,1260,749,1010,3589,1619,1059,1030,399,360]","[53,48,55,45,55,58,50,40,44,42]","[53,0,0,0,0,58,0,0,0,0]","[[31.5501,1.8255000000000052]]","[]","[]","[]","1","[]","[]","[]","[]","horizontal","","","",""
"","","","","","horizons-trial","32","1924009","0.0-18.0","","","","","","","10","[39,34,35,38,43,36,42,56,26,33]","[49,43,49,47,35,40,30,56,45,23]","""2023-09-15T17:04:18.314Z""","[0,0,0,1]","1","0","1","40","44","40","44","4","0","0","[""arrowleft"",""arrowleft"",""arrowleft"",""arrowright"",""arrowright"",""arrowleft"",""arrowright"",""arrowright"",""arrowright"",""arrowright""]","[2316,379,360,1090,380,779,631,219,189,480]","[39,34,35,47,35,36,30,56,45,23]","[0,0,0,47,0,0,0,56,45,0]","[[47.3643,0]]","[]","[]","[]","1","[]","[]","[]","[]","horizontal","","","",""
"","","","","","horizons-trial","33","1947489","0.0-19.0","","","","","","","5","[59,58,57,67,60]","[41,49,58,50,38]","""2023-09-15T17:04:41.794Z""","[0,0,1,1]","0","0","0","60","52","60","52","8","0","0","[""arrowleft"",""arrowleft"",""arrowright"",""arrowright"",""arrowright""]","[2756,359,930,289,530]","[59,58,58,50,38]","[59,58,58,0,0]","[[38.2272,50]]","[]","[]","[]","1","[]","[]","[]","[]","horizontal","","","",""
"","","","","","horizons-trial","34","1977539","0.0-20.0","","","","","","","10","[56,56,64,53,51,65,65,66,57,59]","[42,57,39,28,24,50,48,46,41,49]","""2023-09-15T17:05:11.844Z""","[0,0,0,1]","1","0","1","60","40","60","40","20","0","0","[""arrowleft"",""arrowleft"",""arrowleft"",""arrowright"",""arrowright"",""arrowright"",""arrowright"",""arrowleft"",""arrowleft"",""arrowleft""]","[4336,320,359,989,260,1329,540,1020,780,509]","[56,56,64,28,24,50,48,66,57,59]","[56,0,64,0,0,0,0,66,57,59]","[[30.8473,1.0127999999999986]]","[]","[]","[]","1","[]","[]","[]","[]","horizontal","","","",""
"","","","","","horizons-trial","35","1994569","0.0-21.0","","","","","","","10","[36,31,46,56,34,33,45,39,53,15]","[60,52,58,43,53,38,55,62,68,56]","""2023-09-15T17:05:28.874Z""","[0,1,0,0]","1","1","1","60","40","40","60","20","0","0","[""arrowleft"",""arrowright"",""arrowleft"",""arrowleft"",""arrowleft"",""arrowright"",""arrowleft"",""arrowright"",""arrowleft"",""arrowright""]","[1476,739,670,361,379,1560,319,630,343,476]","[36,52,46,56,34,38,45,62,53,56]","[0,52,0,56,0,38,0,62,0,56]","[[29.4416,1.8255000000000052]]","[]","[]","[]","1","[]","[]","[]","[]","horizontal","","","",""
"","","","","","horizons-trial","36","2014048","0.0-22.0","","","","","","","5","[48,72,60,54,59]","[47,41,46,30,36]","""2023-09-15T17:05:48.354Z""","[1,0,0,0]","1","1","0","40","60","60","40","20","0","0","[""arrowright"",""arrowleft"",""arrowleft"",""arrowleft"",""arrowleft""]","[7085,749,360,570,459]","[47,72,60,54,59]","[0,72,60,54,59]","[[37.1729,50]]","[]","[]","[]","1","[]","[]","[]","[]","horizontal","","","",""
"","","","","","horizons-trial","37","2034858","0.0-23.0","","","","","","","5","[46,36,28,43,35]","[68,69,75,65,70]","""2023-09-15T17:06:09.164Z""","[0,0,1,0]","1","0","0","40","70","40","70","30","0","0","[""arrowleft"",""arrowleft"",""arrowright"",""arrowleft"",""arrowleft""]","[1176,239,801,699,290]","[46,36,75,43,35]","[0,0,75,0,0]","[[29.4416,50]]","[]","[]","[]","1","[]","[]","[]","[]","horizontal","","","",""
"","","","","","horizons-trial","38","2044018","0.0-24.0","","","","","","","5","[75,57,62,59,66]","[68,52,63,51,56]","""2023-09-15T17:06:18.323Z""","[1,1,1,0]","1","1","0","60","58","58","60","2","0","0","[""arrowright"",""arrowright"",""arrowright"",""arrowleft"",""arrowleft""]","[906,440,379,930,389]","[68,52,63,59,66]","[0,0,63,59,66]","[[69.1527,50]]","[]","[]","[]","1","[]","[]","[]","[]","horizontal","","","",""
"","","","","","horizons-trial","39","2068879","0.0-25.0","","","","","","","5","[42,29,41,48,36]","[39,44,39,37,46]","""2023-09-15T17:06:43.184Z""","[1,1,0,1]","1","1","0","40","42","42","40","2","0","0","[""arrowright"",""arrowright"",""arrowleft"",""arrowright"",""arrowleft""]","[1517,399,1051,700,359]","[39,44,41,37,36]","[0,44,41,0,0]","[[24.873,50]]","[]","[]","[]","1","[]","[]","[]","[]","horizontal","","","",""
"","","","","","horizons-trial","40","2089628","0.0-26.0","","","","","","","5","[41,49,61,60,54]","[51,60,62,64,52]","""2023-09-15T17:07:03.934Z""","[1,0,1,1]","1","0","0","60","56","60","56","4","0","0","[""arrowright"",""arrowleft"",""arrowright"",""arrowright"",""arrowright""]","[1016,470,699,300,670]","[51,49,62,64,52]","[51,0,62,64,0]","[[73.0184,50]]","[]","[]","[]","1","[]","[]","[]","[]","horizontal","","","",""
"","","","","","horizons-trial","41","2103420","0.0-27.0","","","","","","","10","[56,52,64,62,54,54,53,67,55,66]","[43,45,20,34,39,42,38,32,37,44]","""2023-09-15T17:07:17.726Z""","[0,0,1,0]","1","1","1","40","60","60","40","20","0","0","[""arrowleft"",""arrowleft"",""arrowright"",""arrowleft"",""arrowleft"",""arrowright"",""arrowright"",""arrowleft"",""arrowright"",""arrowleft""]","[1576,340,1080,940,319,1020,449,749,701,409]","[56,52,20,62,54,42,38,67,37,66]","[56,52,0,62,54,0,0,67,0,66]","[[31.5501,2.231899999999996]]","[]","[]","[]","1","[]","[]","[]","[]","horizontal","","","",""
"","","","","","horizons-trial","42","2116290","0.0-28.0","","","","","","","5","[57,58,48,70,66]","[68,65,56,56,71]","""2023-09-15T17:07:30.595Z""","[1,0,0,0]","1","1","0","60","59","59","60","1","0","0","[""arrowright"",""arrowleft"",""arrowleft"",""arrowleft"",""arrowright""]","[1466,860,220,529,530]","[68,58,48,70,71]","[68,0,0,70,71]","[[56.5014,50]]","[]","[]","[]","1","[]","[]","[]","[]","horizontal","","","",""
"","","","","","horizons-trial","43","2130378","0.0-29.0","","","","","","","5","[48,39,55,44,54]","[42,35,46,48,38]","""2023-09-15T17:07:44.684Z""","[1,1,0,0]","0","1","0","40","48","48","40","8","0","0","[""arrowright"",""arrowright"",""arrowleft"",""arrowleft"",""arrowleft""]","[906,560,349,370,339]","[42,35,55,44,54]","[0,0,55,0,54]","[[54.0414,50]]","[]","[]","[]","1","[]","[]","[]","[]","horizontal","","","",""
"","","","","","horizons-trial","44","2147919","0.0-30.0","","","","","","","10","[48,62,65,63,65,55,53,60,60,54]","[59,48,68,65,62,50,57,62,55,51]","""2023-09-15T17:08:02.225Z""","[1,0,1,1]","1","0","1","60","59","60","59","1","0","0","[""arrowright"",""arrowleft"",""arrowright"",""arrowright"",""arrowright"",""arrowright"",""arrowright"",""arrowright"",""arrowleft"",""arrowleft""]","[887,930,670,439,510,1210,360,309,650,410]","[59,62,68,65,62,50,57,62,60,54]","[59,62,68,65,0,0,57,62,60,54]","[[49.4729,3.8573999999999984]]","[]","[]","[]","1","[]","[]","[]","[]","horizontal","","","",""
"","","","","","horizons-trial","45","2185501","0.0-31.0","","","","","","","5","[52,42,55,28,41]","[54,32,32,40,34]","""2023-09-15T17:08:39.807Z""","[1,0,1,0]","0","0","0","40","41","40","41","1","0","0","[""arrowright"",""arrowleft"",""arrowright"",""arrowleft"",""arrowleft""]","[1536,380,339,769,250]","[54,42,32,28,41]","[54,42,0,0,41]","[[45.2557,50]]","[]","[]","[]","1","[]","[]","[]","[]","horizontal","","","",""
"","","","","","horizons-trial","46","2209232","0.0-32.0","","","","","","","5","[28,31,18,39,36]","[72,58,69,80,62]","""2023-09-15T17:09:03.537Z""","[0,0,1,1]","0","0","0","40","70","40","70","30","0","0","[""arrowleft"",""arrowleft"",""arrowright"",""arrowright"",""arrowright""]","[1105,300,610,340,1860]","[28,31,69,80,62]","[0,0,69,80,62]","[[43.4986,50]]","[]","[]","[]","1","[]","[]","[]","[]","horizontal","","","",""
"","","","","","horizons-trial","47","2230062","0.0-33.0","","","","","","","5","[45,42,45,63,72]","[55,57,70,65,65]","""2023-09-15T17:09:24.367Z""","[0,1,1,0]","0","1","0","60","52","52","60","8","0","0","[""arrowleft"",""arrowright"",""arrowright"",""arrowleft"",""arrowleft""]","[1066,820,303,946,360]","[45,57,70,63,72]","[0,57,70,0,72]","[[50.8786,50]]","[]","[]","[]","1","[]","[]","[]","[]","horizontal","","","",""
"","","","","","horizons-trial","48","2269226","0.0-34.0","","","","","","","10","[50,51,52,54,44,45,32,49,51,43]","[44,32,32,34,38,31,48,50,35,47]","""2023-09-15T17:10:03.531Z""","[0,1,1,0]","0","1","1","40","48","48","40","8","0","0","[""arrowleft"",""arrowright"",""arrowright"",""arrowleft"",""arrowleft"",""arrowright"",""arrowleft"",""arrowright"",""arrowleft"",""arrowright""]","[16396,2179,1460,560,489,1870,760,680,450,499]","[50,32,32,54,44,31,32,50,51,47]","[50,0,0,54,44,0,0,50,51,47]","[[74.0727,1.8255000000000052]]","[]","[]","[]","1","[]","[]","[]","[]","horizontal","","","",""
"","","","","","horizons-trial","49","2296568","0.0-35.0","","","","","","","5","[53,47,69,76,60]","[53,52,58,49,28]","""2023-09-15T17:10:30.873Z""","[1,0,1,1]","1","0","0","60","52","60","52","8","0","0","[""arrowright"",""arrowleft"",""arrowright"",""arrowright"",""arrowleft""]","[1627,640,649,540,359]","[53,47,58,49,60]","[53,0,0,0,60]","[[37.1729,50]]","[]","[]","[]","1","[]","[]","[]","[]","horizontal","","","",""
"","","","","","horizons-trial","50","2323566","0.0-36.0","","","","","","","10","[30,47,34,60,63,51,48,49,47,48]","[57,73,52,52,63,82,68,65,59,53]","""2023-09-15T17:10:57.871Z""","[1,0,1,1]","1","1","1","60","48","48","60","12","0","0","[""arrowright"",""arrowleft"",""arrowright"",""arrowright"",""arrowright"",""arrowleft"",""arrowright"",""arrowleft"",""arrowright"",""arrowleft""]","[1006,1279,690,750,339,1358,680,289,250,279]","[57,47,52,52,63,51,68,49,59,48]","[57,0,52,0,63,0,68,0,59,0]","[[40.6872,1.0127999999999986]]","[]","[]","[]","1","[]","[]","[]","[]","horizontal","","","",""
"","","","","","horizons-trial","51","2334785","0.0-37.0","","","","","","","5","[48,67,72,57,64]","[31,37,30,36,27]","""2023-09-15T17:11:09.090Z""","[1,0,0,1]","0","0","0","60","30","60","30","30","0","0","[""arrowright"",""arrowleft"",""arrowleft"",""arrowright"",""arrowleft""]","[1856,770,409,320,401]","[31,67,72,36,64]","[0,67,72,0,64]","[[52.9871,50]]","[]","[]","[]","1","[]","[]","[]","[]","horizontal","","","",""
"","","","","","horizons-trial","52","2348055","0.0-38.0","","","","","","","5","[54,50,69,59,59]","[13,34,27,45,31]","""2023-09-15T17:11:22.360Z""","[0,0,0,1]","1","0","0","60","30","60","30","30","0","0","[""arrowleft"",""arrowleft"",""arrowleft"",""arrowright"",""arrowleft""]","[1125,530,530,869,430]","[54,50,69,45,59]","[54,50,69,0,59]","[[58.9614,50]]","[]","[]","[]","1","[]","[]","[]","[]","horizontal","","","",""
"","","","","","horizons-trial","53","2370007","0.0-39.0","","","","","","","5","[40,41,38,36,30]","[49,67,54,52,44]","""2023-09-15T17:11:44.312Z""","[0,1,0,1]","0","1","0","60","40","40","60","20","0","0","[""arrowleft"",""arrowright"",""arrowleft"",""arrowright"",""arrowleft""]","[1278,649,550,670,419]","[40,67,38,52,30]","[0,67,0,52,0]","[[44.2015,50]]","[]","[]","[]","1","[]","[]","[]","[]","horizontal","","","",""
"","","","","","horizons-trial","54","2384261","0.0-40.0","","","","","","","10","[36,43,57,49,51,47,42,68,49,51]","[53,47,42,30,36,46,54,41,30,41]","""2023-09-15T17:11:58.567Z""","[0,0,0,1]","1","1","1","40","52","52","40","12","0","0","[""arrowleft"",""arrowleft"",""arrowleft"",""arrowright"",""arrowleft"",""arrowleft"",""arrowleft"",""arrowleft"",""arrowleft"",""arrowleft""]","[1256,280,360,1350,349,769,689,380,230,640]","[36,43,57,30,51,47,42,68,49,51]","[0,0,57,0,51,47,0,68,49,51]","[[30.1444,0]]","[]","[]","[]","1","[]","[]","[]","[]","horizontal","","","",""
"","","","","","horizons-trial","55","2406311","0.0-41.0","","","","","","","10","[38,27,30,26,19,38,38,20,30,27]","[57,61,56,62,57,68,49,64,52,43]","""2023-09-15T17:12:20.617Z""","[1,1,0,1]","1","1","1","60","30","30","60","30","0","0","[""arrowright"",""arrowright"",""arrowleft"",""arrowright"",""arrowleft"",""arrowright"",""arrowright"",""arrowleft"",""arrowleft"",""arrowright""]","[1497,508,1060,700,300,3751,289,650,490,309]","[57,61,30,62,19,68,49,20,30,43]","[57,61,0,62,0,68,49,0,0,43]","[[30.8473,2.231899999999996]]","[]","[]","[]","1","[]","[]","[]","[]","horizontal","","","",""
"","","","","","horizons-trial","56","2434171","0.0-42.0","","","","","","","5","[31,42,37,40,45]","[67,56,67,53,61]","""2023-09-15T17:12:48.476Z""","[0,0,1,1]","0","0","0","40","60","40","60","20","0","0","[""arrowleft"",""arrowleft"",""arrowright"",""arrowright"",""arrowleft""]","[6726,1969,600,819,401]","[31,42,67,53,45]","[0,0,67,53,0]","[[42.4443,50]]","[]","[]","[]","1","[]","[]","[]","[]","horizontal","","","",""
"","","","","","horizons-trial","57","2446775","0.0-43.0","","","","","","","10","[53,63,55,55,44,56,59,51,56,60]","[65,59,51,56,58,65,65,68,67,52]","""2023-09-15T17:13:01.080Z""","[1,1,0,0]","0","1","1","60","58","58","60","2","0","0","[""arrowright"",""arrowright"",""arrowleft"",""arrowleft"",""arrowleft"",""arrowright"",""arrowleft"",""arrowleft"",""arrowright"",""arrowright""]","[1247,289,710,290,370,2990,380,840,359,411]","[65,59,55,55,44,65,59,51,67,52]","[65,0,55,0,0,65,0,0,67,0]","[[31.1987,1.0127999999999986]]","[]","[]","[]","1","[]","[]","[]","[]","horizontal","","","",""
"","","","","","horizons-trial","58","2472655","0.0-44.0","","","","","","","10","[56,39,44,38,46,48,38,29,32,40]","[40,29,39,25,48,38,37,46,48,30]","""2023-09-15T17:13:26.960Z""","[0,1,0,1]","0","1","1","40","41","41","40","1","0","0","[""arrowleft"",""arrowright"",""arrowleft"",""arrowright"",""arrowright"",""arrowleft"",""arrowleft"",""arrowright"",""arrowright"",""arrowleft""]","[915,320,460,900,410,1010,359,1030,389,440]","[56,29,44,25,48,48,38,46,48,40]","[56,0,44,0,48,48,38,46,48,40]","[[30.8473,1.0127999999999986]]","[]","[]","[]","1","[]","[]","[]","[]","horizontal","","","",""
"","","","","","horizons-trial","59","2488595","0.0-45.0","","","","","","","10","[60,50,57,56,52,64,57,56,49,64]","[55,72,43,63,60,66,66,56,57,58]","""2023-09-15T17:13:42.900Z""","[0,1,1,1]","1","1","1","60","56","56","60","4","0","0","[""arrowleft"",""arrowright"",""arrowright"",""arrowright"",""arrowright"",""arrowright"",""arrowleft"",""arrowright"",""arrowleft"",""arrowright""]","[2395,3750,899,280,370,1431,539,369,299,330]","[60,72,43,63,60,66,57,56,49,58]","[60,72,0,63,60,66,0,56,0,0]","[[31.9015,0.20000000000000284]]","[]","[]","[]","1","[]","[]","[]","[]","horizontal","","","",""
"","","","","","horizons-trial","60","2514073","0.0-46.0","","","","","","","10","[58,62,64,58,46,70,63,51,47,59]","[60,63,58,57,61,52,64,71,52,57]","""2023-09-15T17:14:08.378Z""","[0,0,1,1]","0","1","1","60","59","59","60","1","0","0","[""arrowleft"",""arrowleft"",""arrowright"",""arrowright"",""arrowleft"",""arrowright"",""arrowright"",""arrowleft"",""arrowleft"",""arrowleft""]","[1425,960,740,290,419,4469,229,581,349,290]","[58,62,58,57,46,52,64,51,47,59]","[0,0,0,0,0,0,64,0,0,59]","[[30.4958,1.8255000000000052]]","[]","[]","[]","1","[]","[]","[]","[]","horizontal","","","",""
"","","","","","horizons-trial","61","2526303","0.0-47.0","","","","","","","10","[34,45,43,39,36,70,32,27,53,36]","[62,43,41,45,46,53,42,57,54,50]","""2023-09-15T17:14:20.608Z""","[1,1,0,0]","0","0","1","40","48","40","48","8","0","0","[""arrowright"",""arrowright"",""arrowleft"",""arrowleft"",""arrowleft"",""arrowleft"",""arrowright"",""arrowright"",""arrowright"",""arrowright""]","[1546,339,470,400,1519,1079,950,200,180,509]","[62,43,43,39,36,70,42,57,54,50]","[62,0,43,0,0,70,42,57,54,50]","[[31.5501,1.0127999999999986]]","[]","[]","[]","1","[]","[]","[]","[]","horizontal","","","",""
"","","","","","horizons-trial","62","2543243","0.0-48.0","","","","","","","5","[55,58,65,66,52]","[34,41,36,35,43]","""2023-09-15T17:14:37.549Z""","[1,0,0,1]","0","1","0","40","60","60","40","20","0","0","[""arrowright"",""arrowleft"",""arrowleft"",""arrowright"",""arrowright""]","[2087,750,309,850,360]","[34,58,65,35,43]","[0,58,65,0,0]","[[89.8869,50]]","[]","[]","[]","1","[]","[]","[]","[]","horizontal","","","",""
"","","","","","horizons-trial","63","2556805","0.0-49.0","","","","","","","10","[50,37,36,42,36,45,29,33,66,47]","[65,73,64,82,66,72,59,77,76,67]","""2023-09-15T17:14:51.110Z""","[1,1,1,0]","1","0","1","40","70","40","70","30","0","0","[""arrowright"",""arrowright"",""arrowright"",""arrowleft"",""arrowleft"",""arrowleft"",""arrowleft"",""arrowleft"",""arrowright"",""arrowright""]","[1526,300,630,719,380,1369,210,159,520,190]","[65,73,64,42,36,45,29,33,76,67]","[65,73,64,0,0,0,0,0,76,67]","[[66.3413,0]]","[]","[]","[]","1","[]","[]","[]","[]","horizontal","","","",""
"","","","","","horizons-trial","64","2569824","0.0-50.0","","","","","","","5","[70,55,59,44,58]","[37,51,27,46,38]","""2023-09-15T17:15:04.129Z""","[1,1,0,0]","0","0","0","60","40","60","40","20","0","0","[""arrowright"",""arrowright"",""arrowleft"",""arrowleft"",""arrowleft""]","[1344,250,380,730,249]","[37,51,59,44,58]","[0,0,59,0,58]","[[67.0442,50]]","[]","[]","[]","1","[]","[]","[]","[]","horizontal","","","",""
"","","","","","horizons-trial","65","2586904","0.0-51.0","","","","","","","10","[40,43,30,36,39,54,42,38,35,54]","[38,35,44,55,23,60,40,41,34,29]","""2023-09-15T17:15:21.209Z""","[0,0,0,1]","1","1","1","40","44","44","40","4","0","0","[""arrowleft"",""arrowleft"",""arrowleft"",""arrowright"",""arrowright"",""arrowleft"",""arrowleft"",""arrowleft"",""arrowright"",""arrowleft""]","[1446,230,330,940,380,2999,559,1490,499,730]","[40,43,30,55,23,54,42,38,34,54]","[40,43,0,55,0,0,42,0,0,54]","[[54.7443,2.638300000000001]]","[]","[]","[]","1","[]","[]","[]","[]","horizontal","","","",""
"","","","","","horizons-trial","66","2602694","0.0-52.0","","","","","","","5","[73,64,58,63,72]","[75,62,54,63,65]","""2023-09-15T17:15:36.999Z""","[0,1,0,1]","0","0","0","60","59","60","59","1","0","0","[""arrowleft"",""arrowright"",""arrowleft"",""arrowright"",""arrowleft""]","[3608,799,589,621,420]","[73,62,58,63,72]","[0,0,58,63,72]","[[34.713,50]]","[]","[]","[]","1","[]","[]","[]","[]","horizontal","","","",""
"","","","","","horizons-trial","67","2622433","0.0-53.0","","","","","","","5","[36,49,45,45,55]","[34,42,31,42,34]","""2023-09-15T17:15:56.739Z""","[0,0,1,1]","0","1","0","40","41","41","40","1","0","0","[""arrowleft"",""arrowleft"",""arrowright"",""arrowright"",""arrowright""]","[1347,239,600,280,349]","[36,49,31,42,34]","[36,49,0,0,0]","[[53.69,50]]","[]","[]","[]","1","[]","[]","[]","[]","horizontal","","","",""
"","","","","","horizons-trial","68","2643124","0.0-54.0","","","","","","","10","[46,34,37,35,39,31,35,39,48,45]","[44,40,35,55,38,36,36,37,37,44]","""2023-09-15T17:16:17.429Z""","[0,1,1,1]","1","1","1","40","41","41","40","1","0","0","[""arrowleft"",""arrowright"",""arrowright"",""arrowright"",""arrowleft"",""arrowright"",""arrowright"",""arrowleft"",""arrowright"",""arrowleft""]","[1095,720,290,330,400,729,400,990,1270,650]","[46,40,35,55,39,36,36,39,37,45]","[46,40,0,55,39,36,36,39,0,45]","[[43.4986,1.4191000000000003]]","[]","[]","[]","1","[]","[]","[]","[]","horizontal","","","",""
"","","","","","horizons-trial","69","2660723","0.0-55.0","","","","","","","10","[51,58,57,70,51,64,69,58,57,48]","[38,52,37,50,43,43,52,51,46,57]","""2023-09-15T17:16:35.028Z""","[1,1,0,0]","0","0","1","60","52","60","52","8","0","0","[""arrowright"",""arrowright"",""arrowleft"",""arrowleft"",""arrowleft"",""arrowleft"",""arrowright"",""arrowleft"",""arrowleft"",""arrowright""]","[1536,398,1121,479,579,1149,1140,580,1058,881]","[38,52,57,70,51,64,52,58,57,57]","[0,0,57,70,51,64,0,58,57,57]","[[22.0616,1.4191000000000003]]","[]","[]","[]","1","[]","[]","[]","[]","horizontal","","","",""
"","","","","","horizons-trial","70","2672743","0.0-56.0","","","","","","","5","[64,64,61,72,79]","[43,37,44,44,37]","""2023-09-15T17:16:47.049Z""","[0,1,1,0]","0","1","0","40","70","70","40","30","0","0","[""arrowleft"",""arrowright"",""arrowright"",""arrowleft"",""arrowright""]","[1096,540,289,810,330]","[64,37,44,72,37]","[64,0,0,72,0]","[[51.5814,50]]","[]","[]","[]","1","[]","[]","[]","[]","horizontal","","","",""
"","","","","","horizons-trial","71","2688946","0.0-57.0","","","","","","","5","[51,51,40,48,36]","[50,56,43,50,27]","""2023-09-15T17:17:03.252Z""","[1,1,0,1]","1","0","0","40","44","40","44","4","0","0","[""arrowright"",""arrowright"",""arrowleft"",""arrowright"",""arrowleft""]","[1056,510,940,810,580]","[50,56,40,50,36]","[0,56,0,50,36]","[[18.8988,50]]","[]","[]","[]","1","[]","[]","[]","[]","horizontal","","","",""
"","","","","","horizons-trial","72","2698556","0.0-58.0","","","","","","","5","[73,71,67,50,58]","[54,68,63,53,65]","""2023-09-15T17:17:12.862Z""","[1,0,0,0]","1","0","0","60","58","60","58","2","0","0","[""arrowright"",""arrowleft"",""arrowleft"",""arrowleft"",""arrowleft""]","[777,369,660,359,380]","[54,71,67,50,58]","[0,71,67,0,0]","[[17.8445,50]]","[]","[]","[]","1","[]","[]","[]","[]","horizontal","","","",""
"","","","","","horizons-trial","73","2714808","0.0-59.0","","","","","","","10","[58,37,49,45,49,54,47,56,41,50]","[35,41,33,53,37,42,33,40,38,41]","""2023-09-15T17:17:29.113Z""","[1,1,1,0]","1","1","1","40","48","48","40","8","0","0","[""arrowright"",""arrowright"",""arrowright"",""arrowleft"",""arrowleft"",""arrowright"",""arrowleft"",""arrowright"",""arrowleft"",""arrowleft""]","[897,460,439,1079,230,1232,1398,810,690,478]","[35,41,33,45,49,42,47,40,41,50]","[0,41,0,0,49,0,47,0,41,50]","[[16.4388,0.6063999999999936]]","[]","[]","[]","1","[]","[]","[]","[]","horizontal","","","",""
"","","","","","horizons-trial","74","2738146","0.0-60.0","","","","","","","10","[58,61,57,39,52,67,51,50,56,63]","[59,63,59,72,48,65,66,57,56,65]","""2023-09-15T17:17:52.452Z""","[1,0,0,0]","1","1","1","60","59","59","60","1","0","0","[""arrowright"",""arrowleft"",""arrowleft"",""arrowleft"",""arrowleft"",""arrowright"",""arrowleft"",""arrowright"",""arrowright"",""arrowleft""]","[5376,430,319,329,350,1910,890,659,7201,558]","[59,61,57,39,52,65,51,57,56,63]","[59,0,0,0,52,0,0,57,56,0]","[[22.7645,1.0127999999999986]]","[]","[]","[]","1","[]","[]","[]","[]","horizontal","","","",""
"","","","","","horizons-trial","75","2771127","0.0-61.0","","","","","","","10","[38,38,34,23,46,35,51,39,32,27]","[63,84,74,76,71,75,71,76,64,59]","""2023-09-15T17:18:25.432Z""","[0,1,1,0]","0","0","1","40","70","40","70","30","0","0","[""arrowleft"",""arrowright"",""arrowright"",""arrowleft"",""arrowright"",""arrowright"",""arrowleft"",""arrowleft"",""arrowright"",""arrowright""]","[6946,691,330,349,390,1780,1190,1300,640,770]","[38,84,74,23,71,75,51,39,64,59]","[0,84,74,0,71,75,0,0,64,59]","[[27.333,2.231899999999996]]","[]","[]","[]","1","[]","[]","[]","[]","horizontal","","","",""
"","","","","","horizons-trial","76","2783827","0.0-62.0","","","","","","","5","[44,37,38,53,40]","[35,45,41,41,38]","""2023-09-15T17:18:38.132Z""","[1,1,0,0]","0","1","0","40","42","42","40","2","0","0","[""arrowright"",""arrowright"",""arrowleft"",""arrowleft"",""arrowleft""]","[1777,738,740,380,499]","[35,45,38,53,40]","[0,45,0,53,40]","[[36.4701,50]]","[]","[]","[]","1","[]","[]","[]","[]","horizontal","","","",""
"","","","","","horizons-trial","77","2795606","0.0-63.0","","","","","","","5","[50,55,53,40,28]","[60,39,46,37,41]","""2023-09-15T17:18:49.911Z""","[1,0,0,1]","0","1","0","40","44","44","40","4","0","0","[""arrowright"",""arrowleft"",""arrowleft"",""arrowright"",""arrowright""]","[986,409,381,679,420]","[60,55,53,37,41]","[60,55,53,0,41]","[[42.4443,50]]","[]","[]","[]","1","[]","[]","[]","[]","horizontal","","","",""
"","","","","","horizons-trial","78","2804187","0.0-64.0","","","","","","","5","[51,49,34,42,30]","[49,53,56,80,60]","""2023-09-15T17:18:58.493Z""","[1,1,1,0]","1","0","0","40","60","40","60","20","0","0","[""arrowright"",""arrowright"",""arrowright"",""arrowleft"",""arrowleft""]","[758,311,259,580,220]","[49,53,56,42,30]","[0,53,56,0,0]","[[37.8758,50]]","[]","[]","[]","1","[]","[]","[]","[]","horizontal","","","",""
"","","","","","horizons-trial","79","2826177","0.0-65.0","","","","","","","5","[29,36,17,44,43]","[45,50,53,46,54]","""2023-09-15T17:19:20.483Z""","[1,0,0,0]","1","0","0","40","52","40","52","12","0","0","[""arrowright"",""arrowleft"",""arrowleft"",""arrowleft"",""arrowleft""]","[866,249,669,280,459]","[45,36,17,44,43]","[45,0,0,0,0]","[[37.5244,50]]","[]","[]","[]","1","[]","[]","[]","[]","horizontal","","","",""
"","","","","","horizons-trial","80","2851937","0.0-66.0","","","","","","","10","[61,70,74,58,45,57,58,76,56,65]","[75,65,58,48,50,54,46,55,66,53]","""2023-09-15T17:19:46.243Z""","[1,1,0,0]","0","0","1","60","56","60","56","4","0","0","[""arrowright"",""arrowright"",""arrowleft"",""arrowleft"",""arrowleft"",""arrowleft"",""arrowleft"",""arrowright"",""arrowleft"",""arrowleft""]","[1166,499,1050,370,360,2148,1551,999,619,640]","[75,65,74,58,45,57,58,55,56,65]","[75,0,74,58,0,57,58,0,0,65]","[[31.1987,1.4191000000000003]]","[]","[]","[]","1","[]","[]","[]","[]","horizontal","","","",""
"","","","","","horizons-trial","81","2880607","0.0-67.0","","","","","","","10","[54,77,72,62,69,64,61,72,36,62]","[63,61,61,70,36,64,47,54,60,47]","""2023-09-15T17:20:14.912Z""","[1,1,0,1]","1","0","1","60","56","60","56","4","0","0","[""arrowright"",""arrowright"",""arrowleft"",""arrowright"",""arrowright"",""arrowright"",""arrowleft"",""arrowleft"",""arrowleft"",""arrowleft""]","[12056,689,640,840,340,949,400,370,210,420]","[63,61,72,70,36,64,61,72,36,62]","[63,0,72,70,0,64,61,72,0,62]","[[30.8473,0.6063999999999936]]","[]","[]","[]","1","[]","[]","[]","[]","horizontal","","","",""
"","","","","","horizons-trial","82","2892638","0.0-68.0","","","","","","","10","[33,35,43,44,37,52,33,45,44,47]","[57,70,51,54,73,56,61,56,49,63]","""2023-09-15T17:20:26.944Z""","[1,0,1,0]","0","0","1","40","60","40","60","20","0","0","[""arrowright"",""arrowleft"",""arrowright"",""arrowleft"",""arrowleft"",""arrowleft"",""arrowleft"",""arrowright"",""arrowright"",""arrowleft""]","[1377,660,479,340,319,1910,1229,510,679,590]","[57,35,51,44,37,52,33,56,49,47]","[57,0,51,0,0,0,0,56,49,0]","[[30.8473,1.8255000000000052]]","[]","[]","[]","1","[]","[]","[]","[]","horizontal","","","",""
"","","","","","horizons-trial","83","2905178","0.0-69.0","","","","","","","5","[26,31,37,24,31]","[60,64,71,58,57]","""2023-09-15T17:20:39.484Z""","[0,0,0,1]","1","1","0","60","30","30","60","30","0","0","[""arrowleft"",""arrowleft"",""arrowleft"",""arrowright"",""arrowleft""]","[3036,269,339,369,321]","[26,31,37,58,31]","[0,0,0,58,0]","[[34.713,50]]","[]","[]","[]","1","[]","[]","[]","[]","horizontal","","","",""
"","","","","","horizons-trial","84","2913018","0.0-70.0","","","","","","","5","[39,43,28,39,32]","[58,62,58,52,53]","""2023-09-15T17:20:47.324Z""","[0,1,0,1]","0","0","0","40","52","40","52","12","0","0","[""arrowleft"",""arrowright"",""arrowleft"",""arrowright"",""arrowright""]","[996,810,650,609,470]","[39,62,28,52,53]","[0,62,0,52,53]","[[33.3073,50]]","[]","[]","[]","1","[]","[]","[]","[]","horizontal","","","",""
"","","","","","horizons-trial","85","2957317","0.0-71.0","","","","","","","5","[47,43,36,45,53]","[53,40,46,40,49]","""2023-09-15T17:21:31.622Z""","[0,1,0,1]","0","0","0","40","48","40","48","8","0","0","[""arrowleft"",""arrowright"",""arrowleft"",""arrowright"",""arrowleft""]","[2557,27571,388,340,390]","[47,40,36,40,53]","[0,0,0,0,53]","[[62.8271,50]]","[]","[]","[]","1","[]","[]","[]","[]","horizontal","","","",""
"","","","","","horizons-trial","86","2983228","0.0-72.0","","","","","","","5","[62,45,44,64,59]","[50,31,51,55,35]","""2023-09-15T17:21:57.534Z""","[1,1,0,1]","1","0","0","60","40","60","40","20","0","0","[""arrowright"",""arrowright"",""arrowleft"",""arrowright"",""arrowright""]","[707,300,320,590,240]","[50,31,44,55,35]","[0,0,0,0,0]","[[44.5529,50]]","[]","[]","[]","1","[]","[]","[]","[]","horizontal","","","",""
"","","","","","horizons-trial","87","2997669","0.0-73.0","","","","","","","10","[33,47,47,56,36,46,36,28,45,37]","[45,46,34,32,32,34,38,43,35,46]","""2023-09-15T17:22:11.974Z""","[0,0,1,1]","0","1","1","40","42","42","40","2","0","0","[""arrowleft"",""arrowleft"",""arrowright"",""arrowright"",""arrowright"",""arrowright"",""arrowleft"",""arrowleft"",""arrowright"",""arrowright""]","[1618,429,819,250,249,1669,919,1189,560,440]","[33,47,34,32,32,34,36,28,35,46]","[0,47,0,0,0,0,0,0,0,46]","[[53.69,0.6063999999999936]]","[]","[]","[]","1","[]","[]","[]","[]","horizontal","","","",""
"","","","","","horizons-trial","88","3012596","0.0-74.0","","","","","","","10","[69,64,55,54,71,54,62,67,49,64]","[46,46,62,45,46,43,53,50,59,52]","""2023-09-15T17:22:26.902Z""","[1,0,1,1]","1","0","1","60","52","60","52","8","0","0","[""arrowright"",""arrowleft"",""arrowright"",""arrowright"",""arrowright"",""arrowright"",""arrowleft"",""arrowleft"",""arrowleft"",""arrowright""]","[3687,449,389,390,290,1669,569,923,1167,550]","[46,64,62,45,46,43,62,67,49,52]","[0,64,62,0,0,0,62,67,0,0]","[[15.3845,0.6063999999999936]]","[]","[]","[]","1","[]","[]","[]","[]","horizontal","","","",""
"","","","","","horizons-trial","89","3026496","0.0-75.0","","","","","","","10","[47,49,45,41,44,46,27,36,38,30]","[33,28,39,36,56,39,40,43,51,30]","""2023-09-15T17:22:40.802Z""","[0,1,1,1]","1","1","1","40","42","42","40","2","0","0","[""arrowleft"",""arrowright"",""arrowright"",""arrowright"",""arrowright"",""arrowright"",""arrowright"",""arrowleft"",""arrowleft"",""arrowleft""]","[1336,610,290,390,369,1449,1151,739,999,690]","[47,28,39,36,56,39,40,36,38,30]","[47,0,0,0,56,0,40,0,0,30]","[[32.6044,1.4191000000000003]]","[]","[]","[]","1","[]","[]","[]","[]","horizontal","","","",""
"","","","","","horizons-trial","90","3038816","0.0-76.0","","","","","","","10","[40,38,37,45,41,38,37,34,43,39]","[74,42,64,63,57,59,61,64,60,57]","""2023-09-15T17:22:53.122Z""","[0,0,1,1]","0","1","1","60","40","40","60","20","0","0","[""arrowleft"",""arrowleft"",""arrowright"",""arrowright"",""arrowleft"",""arrowleft"",""arrowright"",""arrowright"",""arrowright"",""arrowleft""]","[1676,459,380,350,529,1839,520,449,839,540]","[40,38,64,63,41,38,61,64,60,39]","[0,0,64,63,0,0,61,64,60,0]","[[32.6044,0.6063999999999936]]","[]","[]","[]","1","[]","[]","[]","[]","horizontal","","","",""
"","","","","","horizons-trial","91","3058157","0.0-77.0","","","","","","","10","[64,42,52,71,55,60,48,53,66,56]","[30,31,24,44,23,19,32,20,23,31]","""2023-09-15T17:23:12.463Z""","[1,0,1,0]","0","0","1","60","30","60","30","30","0","0","[""arrowright"",""arrowleft"",""arrowright"",""arrowleft"",""arrowleft"",""arrowright"",""arrowright"",""arrowleft"",""arrowleft"",""arrowleft""]","[946,259,411,740,360,1198,510,510,270,200]","[30,42,24,71,55,19,32,53,66,56]","[0,42,0,71,55,0,0,53,66,56]","[[34.0101,2.231899999999996]]","[]","[]","[]","1","[]","[]","[]","[]","horizontal","","","",""
"","","","","","horizons-trial","92","3069649","0.0-78.0","","","","","","","10","[43,48,36,39,39,46,48,36,36,37]","[56,38,43,46,52,43,34,44,35,45]","""2023-09-15T17:23:23.954Z""","[1,1,0,0]","0","0","1","40","41","40","41","1","0","0","[""arrowright"",""arrowright"",""arrowleft"",""arrowleft"",""arrowleft"",""arrowright"",""arrowright"",""arrowright"",""arrowleft"",""arrowleft""]","[976,780,609,300,380,639,920,330,770,399]","[56,38,36,39,39,43,34,44,36,37]","[56,0,0,0,0,0,0,44,36,0]","[[31.5501,1.4191000000000003]]","[]","[]","[]","1","[]","[]","[]","[]","horizontal","","","",""
"","","","","","horizons-trial","93","3090349","0.0-79.0","","","","","","","5","[40,33,22,27,48]","[24,38,43,27,49]","""2023-09-15T17:23:44.654Z""","[0,0,1,0]","1","0","0","40","42","40","42","2","0","0","[""arrowleft"",""arrowleft"",""arrowright"",""arrowleft"",""arrowleft""]","[8155,500,661,618,529]","[40,33,43,27,48]","[40,0,43,27,0]","[[46.6615,50]]","[]","[]","[]","1","[]","[]","[]","[]","horizontal","","","",""
"","","","","","horizons-trial","94","3114008","0.0-80.0","","","","","","","10","[57,48,56,55,49,46,42,54,55,57]","[53,56,43,57,55,51,52,55,54,71]","""2023-09-15T17:24:08.314Z""","[1,0,0,0]","1","1","1","60","52","52","60","8","0","0","[""arrowright"",""arrowleft"",""arrowleft"",""arrowleft"",""arrowleft"",""arrowright"",""arrowright"",""arrowright"",""arrowright"",""arrowright""]","[925,519,759,1990,299,1750,350,238,240,559]","[53,48,56,55,49,51,52,55,54,71]","[0,0,56,0,0,51,52,55,0,71]","[[41.3901,0.6063999999999936]]","[]","[]","[]","1","[]","[]","[]","[]","horizontal","","","",""
"","","","","","horizons-trial","95","3126911","0.0-81.0","","","","","","","5","[62,66,73,79,82]","[41,46,34,42,39]","""2023-09-15T17:24:21.216Z""","[1,1,1,0]","1","1","0","40","70","70","40","30","0","0","[""arrowright"",""arrowright"",""arrowright"",""arrowleft"",""arrowleft""]","[626,279,709,860,239]","[41,46,34,79,82]","[0,0,0,79,82]","[[82.1555,50]]","[]","[]","[]","1","[]","[]","[]","[]","horizontal","","","",""
"","","","","","horizons-trial","96","3134651","0.0-82.0","","","","","","","5","[53,57,61,57,40]","[65,62,61,74,63]","""2023-09-15T17:24:28.956Z""","[1,1,0,0]","0","1","0","60","56","56","60","4","0","0","[""arrowright"",""arrowright"",""arrowleft"",""arrowleft"",""arrowleft""]","[746,259,540,219,190]","[65,62,61,57,40]","[65,62,61,0,0]","[[62.8271,50]]","[]","[]","[]","1","[]","[]","[]","[]","horizontal","","","",""
"","","","","","horizons-trial","97","3144482","0.0-83.0","","","","","","","5","[65,50,58,56,71]","[51,56,62,62,56]","""2023-09-15T17:24:38.787Z""","[1,1,0,0]","0","0","0","60","58","60","58","2","0","0","[""arrowright"",""arrowright"",""arrowleft"",""arrowleft"",""arrowleft""]","[1336,340,1249,339,319]","[51,56,58,56,71]","[0,56,0,0,71]","[[61.0699,50]]","[]","[]","[]","1","[]","[]","[]","[]","horizontal","","","",""
"","","","","","horizons-trial","98","3153912","0.0-84.0","","","","","","","5","[51,44,45,36,44]","[37,33,35,37,35]","""2023-09-15T17:24:48.218Z""","[1,1,0,1]","1","1","0","40","44","44","40","4","0","0","[""arrowright"",""arrowright"",""arrowleft"",""arrowright"",""arrowright""]","[705,1131,1380,1219,380]","[37,33,45,37,35]","[0,0,45,37,0]","[[38.2272,50]]","[]","[]","[]","1","[]","[]","[]","[]","horizontal","","","",""
"","","","","","horizons-trial","99","3174952","0.0-85.0","","","","","","","5","[62,52,64,56,69]","[57,36,55,58,49]","""2023-09-15T17:25:09.257Z""","[0,1,0,1]","0","0","0","60","56","60","56","4","0","0","[""arrowleft"",""arrowright"",""arrowleft"",""arrowright"",""arrowright""]","[1186,860,730,789,370]","[62,36,64,58,49]","[62,0,64,58,0]","[[46.6615,50]]","[]","[]","[]","1","[]","[]","[]","[]","horizontal","","","",""
"","","","","","horizons-trial","100","3187063","0.0-86.0","","","","","","","10","[55,48,38,53,59,47,50,63,49,55]","[44,40,50,40,48,32,42,51,36,40]","""2023-09-15T17:25:21.369Z""","[1,1,0,0]","0","1","1","40","52","52","40","12","0","0","[""arrowright"",""arrowright"",""arrowleft"",""arrowleft"",""arrowleft"",""arrowright"",""arrowright"",""arrowright"",""arrowleft"",""arrowleft""]","[977,559,690,289,390,1120,340,239,1080,160]","[44,40,38,53,59,32,42,51,49,55]","[0,0,0,53,59,0,0,0,49,55]","[[32.9558,0.6063999999999936]]","[]","[]","[]","1","[]","[]","[]","[]","horizontal","","","",""
"","","","","","horizons-trial","101","3201163","0.0-87.0","","","","","","","10","[69,69,60,59,51,59,60,64,53,65]","[45,42,52,50,32,47,43,48,52,51]","""2023-09-15T17:25:35.469Z""","[0,0,1,0]","1","0","1","60","48","60","48","12","0","0","[""arrowleft"",""arrowleft"",""arrowright"",""arrowleft"",""arrowleft"",""arrowleft"",""arrowleft"",""arrowright"",""arrowleft"",""arrowleft""]","[1866,400,840,920,250,1309,1020,1440,669,390]","[69,69,52,59,51,59,60,48,53,65]","[69,69,0,59,51,59,60,0,53,65]","[[72.667,1.8255000000000052]]","[]","[]","[]","1","[]","[]","[]","[]","horizontal","","","",""
"","","","","","horizons-trial","102","3214452","0.0-88.0","","","","","","","5","[61,53,48,52,45]","[57,49,70,68,55]","""2023-09-15T17:25:48.758Z""","[0,0,0,1]","1","1","0","60","52","52","60","8","0","0","[""arrowleft"",""arrowleft"",""arrowleft"",""arrowright"",""arrowleft""]","[1405,700,220,499,490]","[61,53,48,68,45]","[61,53,0,68,0]","[[74.7756,50]]","[]","[]","[]","1","[]","[]","[]","[]","horizontal","","","",""
"","","","","","horizons-trial","103","3233163","0.0-89.0","","","","","","","5","[35,41,41,48,43]","[23,60,36,44,29]","""2023-09-15T17:26:07.469Z""","[1,1,1,0]","1","1","0","40","48","48","40","8","0","0","[""arrowright"",""arrowright"",""arrowright"",""arrowleft"",""arrowleft""]","[686,660,240,819,320]","[23,60,36,48,43]","[0,60,0,48,43]","[[61.0699,50]]","[]","[]","[]","1","[]","[]","[]","[]","horizontal","","","",""
"","","","","","horizons-trial","104","3262319","0.0-90.0","","","","","","","10","[38,41,41,45,39,39,41,49,43,35]","[41,50,26,49,41,37,50,55,57,43]","""2023-09-15T17:26:36.624Z""","[0,0,1,0]","1","0","1","40","48","40","48","8","0","0","[""arrowleft"",""arrowleft"",""arrowright"",""arrowleft"",""arrowleft"",""arrowleft"",""arrowright"",""arrowright"",""arrowright"",""arrowleft""]","[1286,251,649,680,249,9400,998,1061,1259,870]","[38,41,26,45,39,39,50,55,57,35]","[0,0,0,0,0,39,50,55,57,0]","[[31.1987,3.8573999999999984]]","[]","[]","[]","1","[]","[]","[]","[]","horizontal","","","",""
"","","","","","horizons-trial","105","3275048","0.0-91.0","","","","","","","10","[43,33,47,34,43,38,26,38,45,43]","[51,55,46,53,51,59,45,58,49,55]","""2023-09-15T17:26:49.353Z""","[1,0,0,0]","1","0","1","40","52","40","52","12","0","0","[""arrowright"",""arrowleft"",""arrowleft"",""arrowleft"",""arrowleft"",""arrowright"",""arrowright"",""arrowleft"",""arrowright"",""arrowright""]","[935,350,310,299,350,2879,1009,440,780,489]","[51,33,47,34,43,59,45,38,49,55]","[51,0,47,0,0,59,45,0,49,55]","[[30.1444,4.263800000000003]]","[]","[]","[]","1","[]","[]","[]","[]","horizontal","","","",""
"","","","","","horizons-trial","106","3294658","0.0-92.0","","","","","","","10","[57,45,53,51,49,46,49,32,38,64]","[76,69,53,61,77,64,53,62,56,64]","""2023-09-15T17:27:08.963Z""","[0,1,0,1]","0","1","1","60","52","52","60","8","0","0","[""arrowleft"",""arrowright"",""arrowleft"",""arrowright"",""arrowleft"",""arrowleft"",""arrowleft"",""arrowleft"",""arrowleft"",""arrowleft""]","[637,979,240,279,320,1438,580,770,518,340]","[57,69,53,61,49,46,49,32,38,64]","[0,69,53,61,0,0,0,0,0,64]","[[44.5529,1.8255000000000052]]","[]","[]","[]","1","[]","[]","[]","[]","horizontal","","","",""
"","","","","","horizons-trial","107","3307844","0.0-93.0","","","","","","","10","[35,34,41,48,43,42,31,37,46,41]","[63,69,60,62,62,60,70,66,69,53]","""2023-09-15T17:27:22.149Z""","[1,1,0,1]","1","0","1","40","60","40","60","20","0","0","[""arrowright"",""arrowright"",""arrowleft"",""arrowright"",""arrowright"",""arrowright"",""arrowleft"",""arrowright"",""arrowright"",""arrowright""]","[1157,719,649,610,220,1090,579,940,260,499]","[63,69,41,62,62,60,31,66,69,53]","[63,69,0,62,62,60,0,66,69,53]","[[44.2015,3.4509999999999934]]","[]","[]","[]","1","[]","[]","[]","[]","horizontal","","","",""
"","","","","","horizons-trial","108","3320543","0.0-94.0","","","","","","","5","[59,54,68,60,53]","[61,68,55,76,77]","""2023-09-15T17:27:34.849Z""","[0,1,1,1]","1","1","0","60","56","56","60","4","0","0","[""arrowleft"",""arrowright"",""arrowright"",""arrowright"",""arrowright""]","[5185,629,240,220,249]","[59,68,55,76,77]","[0,68,0,76,77]","[[56.5014,50]]","[]","[]","[]","1","[]","[]","[]","[]","horizontal","","","",""
"","","","","","horizons-trial","109","3332604","0.0-95.0","","","","","","","10","[66,81,82,81,75,76,75,63,68,80]","[42,43,37,51,47,28,36,52,39,37]","""2023-09-15T17:27:46.910Z""","[1,1,1,0]","1","1","1","40","70","70","40","30","0","0","[""arrowright"",""arrowright"",""arrowright"",""arrowleft"",""arrowleft"",""arrowright"",""arrowleft"",""arrowleft"",""arrowright"",""arrowright""]","[628,368,900,501,229,709,660,480,499,340]","[42,43,37,81,75,28,75,63,39,37]","[0,0,0,81,75,0,75,63,0,0]","[[51.9328,0]]","[]","[]","[]","1","[]","[]","[]","[]","horizontal","","","",""
"","","","","","horizons-trial","110","3340305","0.0-96.0","","","","","","","5","[28,30,27,34,15]","[57,60,46,55,61]","""2023-09-15T17:27:54.610Z""","[1,0,0,1]","0","1","0","60","30","30","60","30","0","0","[""arrowright"",""arrowleft"",""arrowleft"",""arrowright"",""arrowright""]","[817,269,280,639,221]","[57,30,27,55,61]","[57,0,0,55,61]","[[38.9301,50]]","[]","[]","[]","1","[]","[]","[]","[]","horizontal","","","",""
"","","","","","horizons-trial","111","3350635","0.0-97.0","","","","","","","10","[32,40,36,35,38,40,14,35,31,47]","[47,34,59,45,43,36,32,52,49,24]","""2023-09-15T17:28:04.940Z""","[1,1,0,0]","0","0","1","40","42","40","42","2","0","0","[""arrowright"",""arrowright"",""arrowleft"",""arrowleft"",""arrowleft"",""arrowright"",""arrowright"",""arrowleft"",""arrowleft"",""arrowleft""]","[677,289,1751,319,310,619,630,440,370,169]","[47,34,36,35,38,36,32,35,31,47]","[47,0,0,0,0,0,32,0,0,47]","[[41.0386,1.4191000000000003]]","[]","[]","[]","1","[]","[]","[]","[]","horizontal","","","",""
"","","","","","horizons-trial","112","3359644","0.0-98.0","","","","","","","5","[38,29,51,43,34]","[31,63,44,40,41]","""2023-09-15T17:28:13.950Z""","[0,1,0,1]","0","0","0","40","44","40","44","4","0","0","[""arrowleft"",""arrowright"",""arrowleft"",""arrowright"",""arrowright""]","[2285,549,770,659,290]","[38,63,51,40,41]","[38,63,51,0,41]","[[46.6615,50]]","[]","[]","[]","1","[]","[]","[]","[]","horizontal","","","",""
"","","","","","horizons-trial","113","3471456","0.0-99.0","","","","","","","5","[72,55,55,55,51]","[39,38,51,44,53]","""2023-09-15T17:30:05.761Z""","[0,0,1,1]","0","0","0","60","48","60","48","12","0","0","[""arrowleft"",""arrowleft"",""arrowright"",""arrowright"",""arrowright""]","[105019,219,911,319,280]","[72,55,51,44,53]","[72,55,0,0,53]","[[36.8215,50]]","[]","[]","[]","1","[]","[]","[]","[]","horizontal","","","",""
"","","","","","horizons-trial","114","3484127","0.0-100.0","","","","","","","10","[74,57,68,81,63,69,76,75,60,75]","[29,22,36,37,38,33,42,52,54,38]","""2023-09-15T17:30:18.432Z""","[0,1,1,0]","0","1","1","40","70","70","40","30","0","0","[""arrowleft"",""arrowright"",""arrowright"",""arrowleft"",""arrowleft"",""arrowleft"",""arrowleft"",""arrowleft"",""arrowleft"",""arrowleft""]","[1085,580,240,610,250,969,829,810,649,1161]","[74,22,36,81,63,69,76,75,60,75]","[74,0,0,81,63,69,76,75,60,75]","[[42.4443,1.4191000000000003]]","[]","[]","[]","1","[]","[]","[]","[]","horizontal","","","",""
"","","","","","horizons-trial","115","3497616","0.0-101.0","","","","","","","10","[58,51,51,52,68,62,62,66,59,63]","[62,51,61,52,62,63,54,65,46,56]","""2023-09-15T17:30:31.922Z""","[0,1,1,0]","0","0","1","60","59","60","59","1","0","0","[""arrowleft"",""arrowright"",""arrowright"",""arrowleft"",""arrowleft"",""arrowleft"",""arrowleft"",""arrowleft"",""arrowleft"",""arrowright""]","[1156,329,680,649,259,910,1070,921,879,650]","[58,51,61,52,68,62,62,66,59,56]","[0,51,61,52,68,0,62,66,59,0]","[[40.3358,3.4509999999999934]]","[]","[]","[]","1","[]","[]","[]","[]","horizontal","","","",""
"","","","","","horizons-trial","116","3506397","0.0-102.0","","","","","","","5","[46,53,61,47,61]","[44,36,40,45,38]","""2023-09-15T17:30:40.703Z""","[0,0,1,1]","0","1","0","40","52","52","40","12","0","0","[""arrowleft"",""arrowleft"",""arrowright"",""arrowright"",""arrowright""]","[1367,569,830,290,459]","[46,53,40,45,38]","[46,53,0,0,0]","[[30.4958,50]]","[]","[]","[]","1","[]","[]","[]","[]","horizontal","","","",""
"","","","","","horizons-trial","117","3520587","0.0-103.0","","","","","","","10","[63,47,65,64,68,55,71,49,56,59]","[36,42,38,40,29,26,43,55,37,54]","""2023-09-15T17:30:54.892Z""","[1,0,1,0]","0","1","1","40","60","60","40","20","0","0","[""arrowright"",""arrowleft"",""arrowright"",""arrowleft"",""arrowleft"",""arrowleft"",""arrowright"",""arrowleft"",""arrowleft"",""arrowright""]","[1266,1119,830,1420,330,1019,611,840,250,570]","[36,47,38,64,68,55,43,49,56,54]","[0,47,0,64,68,55,0,0,56,0]","[[54.7443,1.0127999999999986]]","[]","[]","[]","1","[]","[]","[]","[]","horizontal","","","",""
"","","","","","horizons-trial","118","3536296","0.0-104.0","","","","","","","10","[25,38,23,30,35,33,29,20,17,21]","[57,54,58,62,59,61,55,61,61,67]","""2023-09-15T17:31:10.602Z""","[1,1,0,0]","0","1","1","60","30","30","60","30","0","0","[""arrowright"",""arrowright"",""arrowleft"",""arrowleft"",""arrowleft"",""arrowright"",""arrowleft"",""arrowright"",""arrowright"",""arrowright""]","[986,569,641,389,491,1711,529,449,249,180]","[57,54,23,30,35,61,29,61,61,67]","[57,54,0,0,0,61,0,61,61,67]","[[38.5786,23.3634]]","[]","[]","[]","1","[]","[]","[]","[]","horizontal","","","",""
"","","","","","horizons-trial","119","3547967","0.0-105.0","","","","","","","10","[32,30,23,25,33,37,44,34,39,30]","[49,53,49,57,54,51,53,56,65,58]","""2023-09-15T17:31:22.272Z""","[1,1,0,0]","0","0","1","40","52","40","52","12","0","0","[""arrowright"",""arrowright"",""arrowleft"",""arrowleft"",""arrowleft"",""arrowleft"",""arrowright"",""arrowright"",""arrowleft"",""arrowleft""]","[856,570,959,190,240,1128,660,700,420,639]","[49,53,23,25,33,37,53,56,39,30]","[49,53,0,0,0,0,53,56,0,0]","[[36.1187,43.2758]]","[]","[]","[]","1","[]","[]","[]","[]","horizontal","","","",""
"","","","","","horizons-trial","120","3560525","0.0-106.0","","","","","","","5","[64,53,65,72,60]","[66,56,50,66,72]","""2023-09-15T17:31:34.831Z""","[1,1,1,0]","1","0","0","60","59","60","59","1","0","0","[""arrowright"",""arrowright"",""arrowright"",""arrowleft"",""arrowleft""]","[956,639,230,450,259]","[66,56,50,72,60]","[66,56,0,72,0]","[[45.9586,50]]","[]","[]","[]","1","[]","[]","[]","[]","horizontal","","","",""
"","","","","","horizons-trial","121","3577426","0.0-107.0","","","","","","","10","[46,37,30,33,39,29,35,34,50,43]","[44,48,43,45,58,30,42,32,30,36]","""2023-09-15T17:31:51.731Z""","[1,0,1,0]","0","0","1","40","44","40","44","4","0","0","[""arrowright"",""arrowleft"",""arrowright"",""arrowleft"",""arrowleft"",""arrowright"",""arrowleft"",""arrowleft"",""arrowleft"",""arrowleft""]","[787,669,2100,529,230,1469,790,370,459,450]","[44,37,43,33,39,30,35,34,50,43]","[0,0,43,0,0,30,0,34,50,43]","[[59.3128,63.1881]]","[]","[]","[]","1","[]","[]","[]","[]","horizontal","","","",""
"","","","","","horizons-trial","122","3587091","0.0-108.0","","","","","","","10","[43,31,41,24,45,51,31,28,45,52]","[40,40,25,33,41,49,40,53,57,47]","""2023-09-15T17:32:01.396Z""","[1,1,1,0]","1","0","1","40","42","40","42","2","0","0","[""arrowright"",""arrowright"",""arrowright"",""arrowleft"",""arrowleft"",""arrowleft"",""arrowleft"",""arrowright"",""arrowright"",""arrowright""]","[567,560,250,569,250,951,639,590,749,409]","[40,40,25,24,45,51,31,53,57,47]","[0,40,0,0,45,51,0,53,57,0]","[[36.1187,49.7778]]","[]","[]","[]","1","[]","[]","[]","[]","horizontal","","","",""
"","","","","","horizons-trial","123","3599029","0.0-109.0","","","","","","","5","[40,43,38,38,46]","[45,39,53,48,41]","""2023-09-15T17:32:13.335Z""","[0,0,1,1]","0","0","0","40","42","40","42","2","0","0","[""arrowleft"",""arrowleft"",""arrowright"",""arrowright"",""arrowright""]","[1296,209,340,411,698]","[40,43,53,48,41]","[0,43,53,48,0]","[[36.1187,50]]","[]","[]","[]","1","[]","[]","[]","[]","horizontal","","","",""
"","","","","","horizons-trial","124","3606791","0.0-110.0","","","","","","","5","[25,24,42,31,43]","[60,47,39,30,33]","""2023-09-15T17:32:21.096Z""","[1,1,0,1]","1","0","0","40","41","40","41","1","0","0","[""arrowright"",""arrowright"",""arrowleft"",""arrowright"",""arrowright""]","[797,409,640,1131,299]","[60,47,42,30,33]","[60,47,42,0,0]","[[32.253,50]]","[]","[]","[]","1","[]","[]","[]","[]","horizontal","","","",""
"","","","","","horizons-trial","125","3619931","0.0-111.0","","","","","","","10","[64,64,62,74,39,48,69,69,72,55]","[56,48,40,38,42,52,37,41,43,39]","""2023-09-15T17:32:34.236Z""","[1,0,0,1]","0","0","1","60","48","60","48","12","0","0","[""arrowright"",""arrowleft"",""arrowleft"",""arrowright"",""arrowright"",""arrowright"",""arrowright"",""arrowleft"",""arrowleft"",""arrowleft""]","[796,639,350,821,408,1610,570,560,619,949]","[56,64,62,38,42,52,37,69,72,55]","[0,64,62,0,42,52,0,69,72,55]","[[36.8215,58.718]]","[]","[]","[]","1","[]","[]","[]","[]","horizontal","","","",""
"","","","","","horizons-trial","126","3638282","0.0-112.0","","","","","","","10","[61,56,63,68,57,59,59,50,46,56]","[34,32,29,32,37,18,29,45,40,29]","""2023-09-15T17:32:52.587Z""","[0,1,0,0]","1","0","1","60","30","60","30","30","0","0","[""arrowleft"",""arrowright"",""arrowleft"",""arrowleft"",""arrowleft"",""arrowleft"",""arrowleft"",""arrowleft"",""arrowright"",""arrowleft""]","[1167,840,719,329,360,6849,729,561,618,570]","[61,32,63,68,57,59,59,50,40,56]","[61,0,63,68,57,59,59,50,0,56]","[[52.2843,35.55459999999999]]","[]","[]","[]","1","[]","[]","[]","[]","horizontal","","","",""
"","","","","","horizons-trial","127","3653777","0.0-113.0","","","","","","","10","[63,48,63,67,61,51,63,59,55,56]","[38,42,34,46,53,49,49,47,40,52]","""2023-09-15T17:33:08.083Z""","[1,0,1,0]","0","0","1","60","40","60","40","20","0","0","[""arrowright"",""arrowleft"",""arrowright"",""arrowleft"",""arrowleft"",""arrowleft"",""arrowleft"",""arrowleft"",""arrowleft"",""arrowright""]","[945,240,359,610,220,1058,541,410,419,410]","[38,48,34,67,61,51,63,59,55,52]","[0,48,0,67,61,51,63,59,55,0]","[[70.207,63.1881]]","[]","[]","[]","1","[]","[]","[]","[]","horizontal","","","",""
"","","","","","horizons-trial","128","3664757","0.0-114.0","","","","","","","10","[45,40,44,43,45,45,48,47,48,51]","[47,46,29,35,48,33,46,41,29,52]","""2023-09-15T17:33:19.063Z""","[0,1,1,0]","0","1","1","40","44","44","40","4","0","0","[""arrowleft"",""arrowright"",""arrowright"",""arrowleft"",""arrowright"",""arrowright"",""arrowleft"",""arrowleft"",""arrowright"",""arrowleft""]","[1317,739,289,1481,259,1030,1110,329,650,509]","[45,46,29,43,48,33,48,47,29,51]","[0,46,0,43,48,0,48,47,0,0]","[[45.2557,25.395300000000006]]","[]","[]","[]","1","[]","[]","[]","[]","horizontal","","","",""
"","","","","","horizons-trial","129","3675529","0.0-115.0","","","","","","","10","[59,58,44,66,56,45,52,60,68,50]","[52,54,71,53,66,55,53,54,54,69]","""2023-09-15T17:33:29.834Z""","[0,1,1,1]","1","1","1","60","58","58","60","2","0","0","[""arrowleft"",""arrowright"",""arrowright"",""arrowright"",""arrowleft"",""arrowleft"",""arrowright"",""arrowright"",""arrowright"",""arrowleft""]","[3295,581,269,380,430,819,710,540,339,519]","[59,54,71,53,56,45,53,54,54,50]","[59,0,71,0,0,0,53,0,0,0]","[[41.3901,18.893299999999996]]","[]","[]","[]","1","[]","[]","[]","[]","horizontal","","","",""
"","","","","","horizons-trial","130","3687058","0.0-116.0","","","","","","","5","[55,55,58,55,47]","[51,40,44,28,49]","""2023-09-15T17:33:41.363Z""","[1,1,1,0]","1","1","0","40","52","52","40","12","0","0","[""arrowright"",""arrowright"",""arrowright"",""arrowleft"",""arrowleft""]","[1685,600,230,929,380]","[51,40,44,55,47]","[0,0,0,55,0]","[[31.1987,50]]","[]","[]","[]","1","[]","[]","[]","[]","horizontal","","","",""
"","","","","","horizons-trial","131","3697039","0.0-117.0","","","","","","","10","[67,67,56,62,54,72,56,48,52,68]","[64,61,43,56,63,61,58,54,55,54]","""2023-09-15T17:33:51.344Z""","[0,1,0,1]","0","0","1","60","58","60","58","2","0","0","[""arrowleft"",""arrowright"",""arrowleft"",""arrowright"",""arrowright"",""arrowright"",""arrowleft"",""arrowright"",""arrowleft"",""arrowleft""]","[1028,709,749,790,400,1050,630,630,440,469]","[67,61,56,56,63,61,56,54,52,68]","[67,0,56,0,63,0,0,54,0,68]","[[22.7645,30.2718]]","[]","[]","[]","1","[]","[]","[]","[]","horizontal","","","",""
"","","","","","horizons-trial","132","3704178","0.0-118.0","","","","","","","5","[67,47,66,62,66]","[51,51,48,57,59]","""2023-09-15T17:33:58.483Z""","[0,0,0,1]","1","0","0","60","48","60","48","12","0","0","[""arrowleft"",""arrowleft"",""arrowleft"",""arrowright"",""arrowright""]","[1066,300,338,662,358]","[67,47,66,57,59]","[67,0,66,0,0]","[[25.5759,50]]","[]","[]","[]","1","[]","[]","[]","[]","horizontal","","","",""
"","","","","","horizons-trial","133","3714007","0.0-119.0","","","","","","","5","[54,49,62,48,52]","[68,64,69,51,58]","""2023-09-15T17:34:08.313Z""","[1,0,1,0]","0","1","0","60","59","59","60","1","0","0","[""arrowright"",""arrowleft"",""arrowright"",""arrowleft"",""arrowright""]","[958,819,1130,1231,388]","[68,49,69,48,58]","[68,0,69,0,58]","[[36.8215,50]]","[]","[]","[]","1","[]","[]","[]","[]","horizontal","","","",""
"","","","","","survey-html-form","134","3749398","0.0-120.0","35386","{""comments"":"" I used fandom choices, taking into account the previous numbers.""}","","","","","","","","","","","","","","","","","","","","","","","","","","","","","","","","","","","","",""
"","","","","","survey-html-form","135","3770875","0.0-121.0","21473","{""comments"":"" Based on the previous responses / points.""}","","","","","","","","","","","","","","","","","","","","","","","","","","","","","","","","","","","","",""
"","","","","","survey-html-form","136","3796796","0.0-122.0","25920","{""comments"":"" Again, purely based on the previous results and scores""}","","","","","","","","","","","","","","","","","","","","","","","","","","","","","","","","","","","","",""
"","","","","","survey-html-form","137","3802394","0.0-123.0","5596","{""comments"":"" ""}","","","","","","","","","","","","","","","","","","","","","","","","","","","","","","","","","","","","","[{""event"":""blur"",""trial"":1,""time"":7630},{""event"":""focus"",""trial"":1,""time"":11475},{""event"":""fullscreenenter"",""trial"":2,""time"":18348},{""event"":""blur"",""trial"":3,""time"":351383},{""event"":""focus"",""trial"":3,""time"":449022},{""event"":""blur"",""trial"":11,""time"":1058557},{""event"":""focus"",""trial"":11,""time"":1058557},{""event"":""fullscreenexit"",""trial"":11,""time"":1058561},{""event"":""blur"",""trial"":11,""time"":1096495},{""event"":""focus"",""trial"":11,""time"":1117223},{""event"":""blur"",""trial"":11,""time"":1138781},{""event"":""focus"",""trial"":11,""time"":1143201},{""event"":""blur"",""trial"":16,""time"":1614543},{""event"":""focus"",""trial"":16,""time"":1614543}]"
