"success","timeout","failed_images","failed_audio","failed_video","trial_type","trial_index","time_elapsed","internal_node_id","rt","response","view_history","task","stimulus","question_order","horizon","rewards_L","rewards_R","date","forced_choices","r_info","r_side","r_h","r_mean","r_otherMean","r_mean_L","r_mean_R","r_difference","confidence_immediate_overall","confidence_question_order","key_presses","response_times","outcomes","outcomes_counted_points","confidence","confidence_rt","confidence_2","confidence_2_rt","screen_resolution","belief_confidence_1","belief_confidence_2","belief_confidence_3","belief_confidence_4","immediate_judgement_orientation","phase","responses","num_errors","interactions"
"true","false","[]","[]","[]","preload","0","564","0.0-0.0","","","","","","","","","","","","","","","","","","","","","","","","","","","","","","","","","","","","","","",""
"","","","","","survey-html-form","1","12992","0.0-1.0","12424","{""comments"":"" 638a8c63c74f91261108cebf""}","","","","","","","","","","","","","","","","","","","","","","","","","","","","","","","","","","","","",""
"true","","","","","fullscreen","2","18920","0.0-2.0","","","","","","","","","","","","","","","","","","","","","","","","","","","","","","","","","","","","","","",""
"","","","","","instructions","3","46913","0.0-3.0","27991","","[{""page_index"":0,""viewing_time"":8137},{""page_index"":1,""viewing_time"":11567},{""page_index"":2,""viewing_time"":5211},{""page_index"":3,""viewing_time"":1207},{""page_index"":4,""viewing_time"":886},{""page_index"":5,""viewing_time"":983}]","Consent","","","","","","","","","","","","","","","","","","","","","","","","","","","","","","","","","","",""
"","","","","","html-button-response","4","48438","0.0-4.0","1522","0","","","<p>Declaration of consent for study participation:</p>
            <ul>
                <li> I was informed about the study 'Metacognition in a bandit task', its course, meaning, scope and risks, and I have read and understood the study information.</li>
                <li> I had the opportunity to clarify all open questions. </li>
                <li> I have the right to request further information about the study at any time.</li>
                <li> I voluntarily agree to participate in the study described in the study information provided.</li>
                <li> I have been informed that I may withdraw from this study at any time without incurring any disadvantage.</li>
            </ul>","","","","","","","","","","","","","","","","","","","","","","","","","","","","","","","","","",""
"","","","","","survey-multi-choice","5","57576","0.0-5.0","9134","{""firstDataProtectionQ"":""yes"",""secondDataProtectionQ"":""yes"",""thirdDataProtectionQ"":""yes"",""fourthDataProtectionQ"":""yes""}","","","","[0,1,2,3]","","","","","","","","","","","","","","","","","","","","","","","","","","","","","","","","",""
"","","","","","instructions","6","253190","0.0-6.0-0.0","195605","","[{""page_index"":0,""viewing_time"":4595},{""page_index"":1,""viewing_time"":5130},{""page_index"":2,""viewing_time"":9995},{""page_index"":3,""viewing_time"":33706},{""page_index"":4,""viewing_time"":15153},{""page_index"":5,""viewing_time"":4329},{""page_index"":6,""viewing_time"":5535},{""page_index"":7,""viewing_time"":8138},{""page_index"":8,""viewing_time"":3624},{""page_index"":9,""viewing_time"":21156},{""page_index"":10,""viewing_time"":76421},{""page_index"":11,""viewing_time"":7824}]","","","","","","","","","","","","","","","","","","","","","","","","","","","","","","","","","","","",""
"","","","","","horizons-trial","7","301920","0.0-6.0-1.0","","","","","","","5","[44,57,74,72,62]","[31,33,24,39,29]","""2023-10-27T19:40:32.794Z""","[1,0,1,1]","","","","","","","","","0","","[""arrowright"",""arrowleft"",""arrowright"",""arrowright"",""arrowright""]","[2845,1129,633,587,7615]","[31,57,24,39,29]","[0,57,0,0,0]","[[50,65.7986]]","[32341]","[]","[]","1","[]","[]","[]","[]","vertical","practice","","",""
"","","","","","horizons-trial","8","336436","0.0-6.0-2.0","","","","","","","10","[64,50,57,35,52,38,44,61,39,38]","[70,69,76,71,75,58,81,84,57,61]","""2023-10-27T19:41:07.309Z""","[0,0,1,1]","","","","","","","","","1","","[""arrowleft"",""arrowleft"",""arrowright"",""arrowright"",""arrowright"",""arrowright"",""arrowright"",""arrowright"",""arrowright"",""arrowright""]","[2234,820,638,540,2946,1149,3587,1663,517,794]","[64,50,76,71,75,58,81,84,57,61]","[0,0,76,71,75,58,81,84,57,61]","[[91.4557,89.7569]]","[17616]","[]","[]","1","[]","[]","[]","[]","vertical","practice","","",""
"","","","","","instructions","9","355480","0.0-6.0-3.0","19039","","[{""page_index"":0,""viewing_time"":1847},{""page_index"":1,""viewing_time"":13718},{""page_index"":2,""viewing_time"":1086},{""page_index"":3,""viewing_time"":2387}]","","","","","","","","","","","","","","","","","","","","","","","","","","","","","","","","","","","",""
"","","","","","horizons-comprehension","10","377342","0.0-6.0-4.0","21859.20000000298","","","","","","","","","","","","","","","","","","","","","","","","","","","","","","","","","","","","[""true"",""true"",""false"",""true""]","0",""
"","","","","","instructions","11","378826","0.0-7.0","1478","","[{""page_index"":0,""viewing_time"":1478}]","","","","","","","","","","","","","","","","","","","","","","","","","","","","","","","","","","","",""
"","","","","","horizons-trial","12","406599","0.0-8.0","","","","","","","10","[70,67,56,64,50,63,47,64,52,72]","[52,72,55,75,60,60,58,60,61,46]","""2023-10-27T19:42:17.472Z""","[1,0,0,1]","0","0","1","60","56","60","56","4","0","0","[""arrowright"",""arrowleft"",""arrowleft"",""arrowright"",""arrowright"",""arrowright"",""arrowright"",""arrowright"",""arrowright"",""arrowright""]","[2176,651,470,485,5526,1298,1453,726,1148,624]","[52,67,56,75,60,60,58,60,61,46]","[0,0,56,75,60,0,58,0,61,0]","[[19.3038,39.0625]]","[11151]","[]","[]","1","[]","[]","[]","[]","vertical","","","",""
"","","","","","horizons-trial","13","423302","0.0-9.0","","","","","","","10","[48,34,46,33,52,41,46,56,43,45]","[50,36,41,45,44,37,39,60,46,42]","""2023-10-27T19:42:34.176Z""","[0,1,0,1]","0","1","1","40","44","44","40","4","0","0","[""arrowleft"",""arrowright"",""arrowleft"",""arrowright"",""arrowleft"",""arrowleft"",""arrowleft"",""arrowleft"",""arrowleft"",""arrowleft""]","[2125,458,505,478,2528,1141,1322,719,703,884]","[48,36,46,45,52,41,46,56,43,45]","[0,36,46,45,52,41,46,0,0,45]","[[31.6456,36.2847]]","[4442]","[]","[]","1","[]","[]","[]","[]","vertical","","","",""
"","","","","","horizons-trial","14","437862","0.0-10.0","","","","","","","10","[65,62,64,61,65,59,77,65,48,64]","[65,64,63,51,63,76,55,74,59,60]","""2023-10-27T19:42:48.736Z""","[0,1,0,1]","0","1","1","60","59","59","60","1","0","0","[""arrowleft"",""arrowright"",""arrowleft"",""arrowright"",""arrowleft"",""arrowleft"",""arrowleft"",""arrowleft"",""arrowleft"",""arrowleft""]","[1365,998,920,811,1250,774,1297,594,861,748]","[65,64,64,51,65,59,77,65,48,64]","[65,64,64,0,65,0,77,0,0,64]","[[48.1013,52.6042]]","[3335]","[]","[]","1","[]","[]","[]","[]","vertical","","","",""
"","","","","","horizons-trial","15","451612","0.0-11.0","","","","","","","5","[73,75,67,71,67]","[41,51,59,28,41]","""2023-10-27T19:43:02.485Z""","[1,0,1,1]","1","1","0","40","70","70","40","30","0","0","[""arrowright"",""arrowleft"",""arrowright"",""arrowright"",""arrowleft""]","[2318,568,680,1153,1780]","[41,75,59,28,67]","[0,75,0,0,67]","[[50,68.5764]]","[5850]","[]","[]","1","[]","[]","[]","[]","vertical","","","",""
"","","","","","horizons-trial","16","462200","0.0-12.0","","","","","","","5","[37,41,44,56,53]","[39,26,48,54,30]","""2023-10-27T19:43:13.074Z""","[1,0,1,0]","0","1","0","40","42","42","40","2","0","0","[""arrowright"",""arrowleft"",""arrowright"",""arrowleft"",""arrowleft""]","[1690,874,505,524,2720]","[39,41,48,56,53]","[39,41,48,56,53]","[[50,55.0347]]","[2747]","[]","[]","1","[]","[]","[]","[]","vertical","","","",""
"","","","","","horizons-trial","17","476302","0.0-13.0","","","","","","","10","[54,71,47,59,51,63,71,67,60,60]","[39,29,18,28,30,28,26,32,31,41]","""2023-10-27T19:43:27.175Z""","[0,0,1,0]","1","0","1","60","30","60","30","30","0","0","[""arrowleft"",""arrowleft"",""arrowright"",""arrowleft"",""arrowleft"",""arrowleft"",""arrowleft"",""arrowleft"",""arrowleft"",""arrowleft""]","[954,522,440,451,1814,638,649,1978,572,949]","[54,71,18,59,51,63,71,67,60,60]","[54,71,0,59,51,63,71,67,60,60]","[[84.4937,86.6319]]","[3515]","[]","[]","1","[]","[]","[]","[]","vertical","","","",""
"","","","","","horizons-trial","18","484144","0.0-14.0","","","","","","","5","[62,60,63,65,69]","[51,72,42,46,64]","""2023-10-27T19:43:35.018Z""","[1,1,0,0]","0","0","0","60","58","60","58","2","0","0","[""arrowright"",""arrowright"",""arrowleft"",""arrowleft"",""arrowleft""]","[1011,534,500,512,1987]","[51,72,63,65,69]","[0,72,63,65,69]","[[50,81.0764]]","[2525]","[]","[]","1","[]","[]","[]","[]","vertical","","","",""
"","","","","","horizons-trial","19","492142","0.0-15.0","","","","","","","5","[33,40,29,43,44]","[55,64,54,54,56]","""2023-10-27T19:43:43.016Z""","[0,1,1,1]","1","0","0","40","52","40","52","12","0","0","[""arrowleft"",""arrowright"",""arrowright"",""arrowright"",""arrowright""]","[1270,398,611,465,1972]","[33,64,54,54,56]","[0,64,54,54,56]","[[50,81.4236]]","[2353]","[]","[]","1","[]","[]","[]","[]","vertical","","","",""
"","","","","","horizons-trial","20","505371","0.0-16.0","","","","","","","10","[43,42,48,40,58,55,49,43,40,46]","[35,45,48,28,39,45,49,37,35,24]","""2023-10-27T19:43:56.245Z""","[1,0,0,1]","0","1","1","40","42","42","40","2","0","0","[""arrowright"",""arrowleft"",""arrowleft"",""arrowright"",""arrowleft"",""arrowleft"",""arrowleft"",""arrowleft"",""arrowleft"",""arrowleft""]","[689,479,546,539,1403,951,1323,560,593,448]","[35,42,48,28,58,55,49,43,40,46]","[0,0,48,0,58,55,49,43,40,46]","[[89.557,87.6736]]","[4602]","[]","[]","1","[]","[]","[]","[]","vertical","","","",""
"","","","","","horizons-trial","21","515054","0.0-17.0","","","","","","","5","[74,48,63,59,61]","[50,61,56,46,58]","""2023-10-27T19:44:05.928Z""","[1,0,1,1]","1","0","0","60","52","60","52","8","0","0","[""arrowright"",""arrowleft"",""arrowright"",""arrowright"",""arrowright""]","[776,499,447,744,2524]","[50,48,56,46,58]","[0,0,0,0,0]","[[50,52.2569]]","[2857]","[]","[]","1","[]","[]","[]","[]","vertical","","","",""
"","","","","","horizons-trial","22","521569","0.0-18.0","","","","","","","5","[25,32,34,17,25]","[54,59,49,58,68]","""2023-10-27T19:44:12.443Z""","[1,0,1,0]","0","1","0","60","30","30","60","30","0","0","[""arrowright"",""arrowleft"",""arrowright"",""arrowleft"",""arrowright""]","[1086,463,446,510,991]","[54,32,49,17,68]","[54,0,49,0,68]","[[50,86.2847]]","[2173]","[]","[]","1","[]","[]","[]","[]","vertical","","","",""
"","","","","","horizons-trial","23","542167","0.0-19.0","","","","","","","10","[38,27,43,44,50,44,40,32,41,44]","[43,28,37,47,58,39,43,35,31,27]","""2023-10-27T19:44:33.041Z""","[1,1,0,1]","1","0","1","40","41","40","41","1","0","0","[""arrowright"",""arrowright"",""arrowleft"",""arrowright"",""arrowleft"",""arrowleft"",""arrowright"",""arrowleft"",""arrowleft"",""arrowleft""]","[946,475,436,467,4355,1265,4579,1140,1828,696]","[43,28,43,47,50,44,43,32,41,44]","[43,28,43,47,0,44,43,0,41,44]","[[46.519,50.8681]]","[3100]","[]","[]","1","[]","[]","[]","[]","vertical","","","",""
"","","","","","horizons-trial","24","549168","0.0-20.0","","","","","","","5","[63,74,53,49,65]","[43,35,38,39,25]","""2023-10-27T19:44:40.042Z""","[0,1,0,1]","0","1","0","40","60","60","40","20","0","0","[""arrowleft"",""arrowright"",""arrowleft"",""arrowright"",""arrowleft""]","[1163,463,385,394,1566]","[63,35,53,39,65]","[63,0,53,0,65]","[[50,91.84028]]","[2157]","[]","[]","1","[]","[]","[]","[]","vertical","","","",""
"","","","","","horizons-trial","25","556848","0.0-21.0","","","","","","","5","[58,54,76,61,55]","[52,60,54,65,48]","""2023-10-27T19:44:47.721Z""","[0,1,0,0]","1","1","0","60","56","56","60","4","0","0","[""arrowleft"",""arrowright"",""arrowleft"",""arrowleft"",""arrowleft""]","[1199,430,451,1084,1515]","[58,60,76,61,55]","[58,60,76,0,55]","[[50,72.0486]]","[2285]","[]","[]","1","[]","[]","[]","[]","vertical","","","",""
"","","","","","horizons-trial","26","570903","0.0-22.0","","","","","","","10","[55,54,52,64,48,66,63,57,49,47]","[33,44,56,28,45,26,34,45,44,34]","""2023-10-27T19:45:01.777Z""","[0,1,0,0]","1","0","1","60","40","60","40","20","0","0","[""arrowleft"",""arrowright"",""arrowleft"",""arrowleft"",""arrowleft"",""arrowleft"",""arrowleft"",""arrowleft"",""arrowleft"",""arrowleft""]","[730,426,381,595,1660,1436,966,1791,578,456]","[55,44,52,64,48,66,63,57,49,47]","[55,0,0,64,48,66,63,57,49,47]","[[55.6962,66.8403]]","[3994]","[]","[]","1","[]","[]","[]","[]","vertical","","","",""
"","","","","","horizons-trial","27","580338","0.0-23.0","","","","","","","5","[26,45,61,45,36]","[74,54,65,62,67]","""2023-10-27T19:45:11.211Z""","[1,1,1,0]","1","1","0","60","48","48","60","12","0","0","[""arrowright"",""arrowright"",""arrowright"",""arrowleft"",""arrowright""]","[687,600,507,453,1061]","[74,54,65,45,67]","[74,54,65,0,67]","[[50,86.6319]]","[3296]","[]","[]","1","[]","[]","[]","[]","vertical","","","",""
"","","","","","horizons-trial","28","589733","0.0-24.0","","","","","","","5","[56,44,69,63,61]","[47,45,35,24,29]","""2023-10-27T19:45:20.607Z""","[1,0,0,1]","0","0","0","60","40","60","40","20","0","0","[""arrowright"",""arrowleft"",""arrowleft"",""arrowright"",""arrowleft""]","[748,452,2349,792,1125]","[47,44,69,24,61]","[0,0,69,0,61]","[[50,76.5625]]","[3375]","[]","[]","1","[]","[]","[]","[]","vertical","","","",""
"","","","","","horizons-trial","29","603531","0.0-25.0","","","","","","","10","[59,36,25,39,45,36,59,25,31,48]","[34,34,28,41,44,44,38,47,26,32]","""2023-10-27T19:45:34.404Z""","[1,1,0,1]","1","1","1","40","42","42","40","2","0","0","[""arrowright"",""arrowright"",""arrowleft"",""arrowright"",""arrowright"",""arrowright"",""arrowright"",""arrowright"",""arrowright"",""arrowright""]","[1081,407,429,613,2680,890,986,489,510,427]","[34,34,25,41,44,44,38,47,26,32]","[0,0,0,41,0,44,0,47,0,0]","[[79.7468,75.8681]]","[3906]","[]","[]","1","[]","[]","[]","[]","vertical","","","",""
"","","","","","horizons-trial","30","619261","0.0-26.0","","","","","","","10","[67,62,56,56,61,69,62,63,65,50]","[77,40,51,61,63,64,57,49,65,64]","""2023-10-27T19:45:50.135Z""","[1,1,1,0]","1","1","1","60","58","58","60","2","0","0","[""arrowright"",""arrowright"",""arrowright"",""arrowleft"",""arrowleft"",""arrowleft"",""arrowleft"",""arrowright"",""arrowleft"",""arrowleft""]","[1018,536,426,622,1428,1675,1073,1566,1206,1003]","[77,40,51,56,61,69,62,49,65,50]","[77,0,0,0,0,69,62,0,65,0]","[[29.7468,35.5903]]","[3837]","[]","[]","1","[]","[]","[]","[]","vertical","","","",""
"","","","","","horizons-trial","31","631763","0.0-27.0","","","","","","","10","[47,59,51,67,59,53,63,52,61,56]","[64,63,61,64,52,61,64,55,70,58]","""2023-10-27T19:46:02.636Z""","[1,1,0,1]","1","0","1","60","56","60","56","4","0","0","[""arrowright"",""arrowright"",""arrowleft"",""arrowright"",""arrowleft"",""arrowleft"",""arrowright"",""arrowright"",""arrowright"",""arrowright""]","[1567,399,521,513,1588,1138,1414,872,469,474]","[64,63,51,64,59,53,64,55,70,58]","[64,63,0,0,59,0,64,55,70,58]","[[41.7722,45.3125]]","[2712]","[]","[]","1","[]","[]","[]","[]","vertical","","","",""
"","","","","","horizons-trial","32","639237","0.0-28.0","","","","","","","5","[32,42,25,43,37]","[46,47,48,44,23]","""2023-10-27T19:46:10.110Z""","[0,1,1,0]","0","0","0","40","42","40","42","2","0","0","[""arrowleft"",""arrowright"",""arrowright"",""arrowleft"",""arrowright""]","[853,391,646,466,2066]","[32,47,48,43,23]","[0,47,48,0,0]","[[50,83.1597]]","[2075]","[]","[]","1","[]","[]","[]","[]","vertical","","","",""
"","","","","","horizons-trial","33","647996","0.0-29.0","","","","","","","5","[65,64,65,51,74]","[44,50,45,39,51]","""2023-10-27T19:46:18.869Z""","[1,0,0,0]","1","0","0","60","48","60","48","12","0","0","[""arrowright"",""arrowleft"",""arrowleft"",""arrowleft"",""arrowleft""]","[1216,2072,592,684,1182]","[44,64,65,51,74]","[0,64,65,51,74]","[[50,86.2847]]","[1797]","[]","[]","1","[]","[]","[]","[]","vertical","","","",""
"","","","","","horizons-trial","34","657657","0.0-30.0","","","","","","","10","[19,31,33,16,26,45,19,36,29,28]","[60,51,76,62,57,69,55,66,53,44]","""2023-10-27T19:46:28.531Z""","[1,0,0,0]","1","1","1","60","30","30","60","30","0","0","[""arrowright"",""arrowleft"",""arrowleft"",""arrowleft"",""arrowright"",""arrowright"",""arrowright"",""arrowright"",""arrowright"",""arrowright""]","[912,388,471,452,437,961,520,501,481,403]","[60,31,33,16,57,69,55,66,53,44]","[60,0,0,0,57,69,55,66,53,44]","[[74.3671,85.2431]]","[3324]","[]","[]","1","[]","[]","[]","[]","vertical","","","",""
"","","","","","horizons-trial","35","669932","0.0-31.0","","","","","","","10","[58,61,45,47,55,59,55,45,65,46]","[55,68,59,55,56,49,68,51,49,69]","""2023-10-27T19:46:40.806Z""","[0,1,1,1]","1","1","1","60","56","56","60","4","0","0","[""arrowleft"",""arrowright"",""arrowright"",""arrowright"",""arrowleft"",""arrowright"",""arrowright"",""arrowleft"",""arrowright"",""arrowright""]","[973,388,601,412,422,815,627,605,683,495]","[58,68,59,55,55,49,68,45,49,69]","[58,68,59,55,0,0,68,0,0,69]","[[35.1266,36.6319]]","[5366]","[]","[]","1","[]","[]","[]","[]","vertical","","","",""
"","","","","","horizons-trial","36","676265","0.0-32.0","","","","","","","5","[44,60,48,51,37]","[57,54,75,67,63]","""2023-10-27T19:46:47.138Z""","[1,1,0,1]","1","1","0","60","52","52","60","8","0","0","[""arrowright"",""arrowright"",""arrowleft"",""arrowright"",""arrowright""]","[799,433,474,549,782]","[57,54,48,67,63]","[57,0,0,67,63]","[[50,89.0625]]","[2504]","[]","[]","1","[]","[]","[]","[]","vertical","","","",""
"","","","","","horizons-trial","37","682802","0.0-33.0","","","","","","","5","[33,49,31,35,46]","[63,61,47,55,55]","""2023-10-27T19:46:53.676Z""","[0,1,1,0]","0","0","0","40","60","40","60","20","0","0","[""arrowleft"",""arrowright"",""arrowright"",""arrowleft"",""arrowright""]","[1146,359,530,482,892]","[33,61,47,35,55]","[0,61,47,0,55]","[[50,86.6319]]","[2096]","[]","[]","1","[]","[]","[]","[]","vertical","","","",""
"","","","","","horizons-trial","38","690690","0.0-34.0","","","","","","","5","[48,35,49,49,40]","[44,35,31,39,40]","""2023-10-27T19:47:01.563Z""","[1,0,0,0]","1","0","0","40","41","40","41","1","0","0","[""arrowright"",""arrowleft"",""arrowleft"",""arrowleft"",""arrowleft""]","[1006,416,480,631,2325]","[44,35,49,49,40]","[0,35,49,49,40]","[[50,62.3264]]","[2204]","[]","[]","1","[]","[]","[]","[]","vertical","","","",""
"","","","","","horizons-trial","39","708475","0.0-35.0","","","","","","","10","[68,55,57,61,56,53,59,54,51,64]","[48,65,56,61,50,53,54,63,70,51]","""2023-10-27T19:47:19.349Z""","[0,0,1,1]","0","0","1","60","59","60","59","1","0","0","[""arrowleft"",""arrowleft"",""arrowright"",""arrowright"",""arrowleft"",""arrowleft"",""arrowright"",""arrowright"",""arrowleft"",""arrowleft""]","[637,401,484,426,6911,959,430,710,432,2612]","[68,55,56,61,56,53,54,63,51,64]","[68,0,0,61,56,53,0,63,0,64]","[[24.3671,33.5069]]","[3006]","[]","[]","1","[]","[]","[]","[]","vertical","","","",""
"","","","","","horizons-trial","40","718073","0.0-36.0","","","","","","","5","[48,53,46,47,62]","[52,39,30,54,40]","""2023-10-27T19:47:28.946Z""","[1,1,1,0]","1","1","0","40","44","44","40","4","0","0","[""arrowright"",""arrowright"",""arrowright"",""arrowleft"",""arrowright""]","[911,404,462,548,4443]","[52,39,30,47,40]","[52,0,0,0,0]","[[50,50.8681]]","[2230]","[]","[]","1","[]","[]","[]","[]","vertical","","","",""
"","","","","","horizons-trial","41","728062","0.0-37.0","","","","","","","10","[65,55,57,55,66,38,65,60,58,54]","[51,68,69,68,62,47,54,39,69,62]","""2023-10-27T19:47:38.936Z""","[1,0,0,1]","0","0","1","60","58","60","58","2","0","0","[""arrowright"",""arrowleft"",""arrowleft"",""arrowright"",""arrowright"",""arrowright"",""arrowleft"",""arrowleft"",""arrowright"",""arrowright""]","[640,349,445,350,1024,700,845,759,507,782]","[51,55,57,68,62,47,65,60,69,62]","[0,0,0,68,0,47,65,60,69,62]","[[66.4557,63.0208]]","[2797]","[]","[]","1","[]","[]","[]","[]","vertical","","","",""
"","","","","","horizons-trial","42","736515","0.0-38.0","","","","","","","5","[63,60,57,56,60]","[30,32,30,45,21]","""2023-10-27T19:47:47.389Z""","[0,0,1,1]","0","0","0","60","30","60","30","30","0","0","[""arrowleft"",""arrowleft"",""arrowright"",""arrowright"",""arrowleft""]","[651,472,386,403,937]","[63,60,30,45,60]","[63,60,0,0,60]","[[50,78.2986]]","[2311]","[]","[]","1","[]","[]","[]","[]","vertical","","","",""
"","","","","","horizons-trial","43","746629","0.0-39.0","","","","","","","10","[57,38,31,32,33,38,30,46,45,27]","[44,36,26,48,36,34,53,56,38,25]","""2023-10-27T19:47:57.502Z""","[1,0,0,1]","0","0","1","40","41","40","41","1","0","0","[""arrowright"",""arrowleft"",""arrowleft"",""arrowright"",""arrowright"",""arrowright"",""arrowleft"",""arrowright"",""arrowright"",""arrowright""]","[760,476,437,414,817,764,807,457,599,389]","[44,38,31,48,36,34,30,56,38,25]","[0,38,31,48,36,0,0,56,0,0]","[[75.6329,69.6181]]","[2795]","[]","[]","1","[]","[]","[]","[]","vertical","","","",""
"","","","","","horizons-trial","44","754258","0.0-40.0","","","","","","","5","[57,44,48,21,28]","[40,30,49,30,51]","""2023-10-27T19:48:05.131Z""","[0,0,0,1]","1","0","0","40","48","40","48","8","0","0","[""arrowleft"",""arrowleft"",""arrowleft"",""arrowright"",""arrowleft""]","[963,629,593,450,774]","[57,44,48,30,28]","[57,44,0,30,0]","[[50,87.6736]]","[2011]","[]","[]","1","[]","[]","[]","[]","vertical","","","",""
"","","","","","horizons-trial","45","765159","0.0-41.0","","","","","","","10","[57,54,56,52,56,75,62,60,83,67]","[64,51,57,59,58,62,43,58,60,61]","""2023-10-27T19:48:16.033Z""","[1,0,0,0]","1","0","1","60","58","60","58","2","0","0","[""arrowright"",""arrowleft"",""arrowleft"",""arrowleft"",""arrowright"",""arrowright"",""arrowright"",""arrowleft"",""arrowright"",""arrowright""]","[910,439,498,499,479,684,672,398,709,815]","[64,54,56,52,58,62,43,60,60,61]","[64,54,0,0,58,0,0,60,0,0]","[[76.2658,74.47919999999999]]","[3928]","[]","[]","1","[]","[]","[]","[]","vertical","","","",""
"","","","","","horizons-trial","46","770833","0.0-42.0","","","","","","","5","[27,50,31,47,45]","[60,74,76,72,59]","""2023-10-27T19:48:21.707Z""","[1,1,0,0]","0","0","0","40","70","40","70","30","0","0","[""arrowright"",""arrowright"",""arrowleft"",""arrowleft"",""arrowright""]","[833,494,441,462,864]","[60,74,31,47,59]","[60,74,0,0,59]","[[50,92.53472]]","[1789]","[]","[]","1","[]","[]","[]","[]","vertical","","","",""
"","","","","","horizons-trial","47","781575","0.0-43.0","","","","","","","10","[46,43,48,47,52,50,59,49,43,53]","[46,57,63,52,56,59,55,75,74,57]","""2023-10-27T19:48:32.449Z""","[1,1,0,1]","1","1","1","60","52","52","60","8","0","0","[""arrowright"",""arrowright"",""arrowleft"",""arrowright"",""arrowright"",""arrowright"",""arrowleft"",""arrowleft"",""arrowright"",""arrowright""]","[1063,508,403,596,2343,672,714,666,647,487]","[46,57,48,52,56,59,59,49,74,57]","[46,57,0,52,56,59,59,0,74,57]","[[69.9367,73.4375]]","[1697]","[]","[]","1","[]","[]","[]","[]","vertical","","","",""
"","","","","","horizons-trial","48","790891","0.0-44.0","","","","","","","10","[36,40,47,39,45,56,32,50,26,39]","[50,50,37,42,64,50,62,48,51,36]","""2023-10-27T19:48:41.764Z""","[0,1,1,0]","0","0","1","40","52","40","52","12","0","0","[""arrowleft"",""arrowright"",""arrowright"",""arrowleft"",""arrowright"",""arrowright"",""arrowleft"",""arrowright"",""arrowright"",""arrowright""]","[825,417,570,471,1180,623,451,509,767,386]","[36,50,37,39,64,50,32,48,51,36]","[0,50,0,0,64,0,0,0,51,0]","[[79.1139,71.0069]]","[2329]","[]","[]","1","[]","[]","[]","[]","vertical","","","",""
"","","","","","horizons-trial","49","802473","0.0-45.0","","","","","","","10","[36,52,29,34,46,39,40,49,46,40]","[39,60,52,49,31,43,44,31,43,49]","""2023-10-27T19:48:53.346Z""","[0,1,0,1]","0","0","1","40","42","40","42","2","0","0","[""arrowleft"",""arrowright"",""arrowleft"",""arrowright"",""arrowright"",""arrowright"",""arrowleft"",""arrowright"",""arrowright"",""arrowright""]","[2777,566,355,381,1584,620,350,504,1444,292]","[36,60,29,49,31,43,40,31,43,49]","[0,60,0,49,0,43,0,0,0,49]","[[81.0127,80.72919999999999]]","[2021]","[]","[]","1","[]","[]","[]","[]","vertical","","","",""
"","","","","","horizons-trial","50","813390","0.0-46.0","","","","","","","10","[51,35,34,51,33,45,59,52,52,45]","[32,44,34,46,32,45,46,29,42,34]","""2023-10-27T19:49:04.264Z""","[1,0,1,0]","0","1","1","40","41","41","40","1","0","0","[""arrowright"",""arrowleft"",""arrowright"",""arrowleft"",""arrowright"",""arrowleft"",""arrowright"",""arrowright"",""arrowright"",""arrowright""]","[669,314,359,414,466,761,707,528,462,262]","[32,35,34,51,32,45,46,29,42,34]","[0,0,34,51,0,45,0,0,0,0]","[[67.7215,69.27080000000001]]","[5206]","[]","[]","1","[]","[]","[]","[]","vertical","","","",""
"","","","","","horizons-trial","51","820108","0.0-47.0","","","","","","","5","[53,56,40,48,56]","[34,36,46,29,36]","""2023-10-27T19:49:10.982Z""","[0,1,0,1]","0","1","0","40","52","52","40","12","0","0","[""arrowleft"",""arrowright"",""arrowleft"",""arrowright"",""arrowleft""]","[755,367,347,429,1687]","[53,36,40,29,56]","[53,0,0,0,56]","[[50,85.2431]]","[2067]","[]","[]","1","[]","[]","[]","[]","vertical","","","",""
"","","","","","horizons-trial","52","826910","0.0-48.0","","","","","","","5","[37,57,43,53,32]","[46,56,53,67,69]","""2023-10-27T19:49:17.784Z""","[1,0,1,0]","0","0","0","40","48","40","48","8","0","0","[""arrowright"",""arrowleft"",""arrowright"",""arrowleft"",""arrowleft""]","[713,464,310,393,2043]","[46,57,53,53,32]","[46,57,53,0,0]","[[50,77.9514]]","[2192]","[]","[]","1","[]","[]","[]","[]","vertical","","","",""
"","","","","","horizons-trial","53","833162","0.0-49.0","","","","","","","5","[65,32,40,54,45]","[29,37,37,44,38]","""2023-10-27T19:49:24.036Z""","[1,0,1,1]","1","1","0","40","41","41","40","1","0","0","[""arrowright"",""arrowleft"",""arrowright"",""arrowright"",""arrowright""]","[968,347,320,778,1243]","[29,32,37,44,38]","[0,0,0,0,0]","[[50,75.8681]]","[1454]","[]","[]","1","[]","[]","[]","[]","vertical","","","",""
"","","","","","horizons-trial","54","844768","0.0-50.0","","","","","","","10","[69,47,56,75,56,61,69,55,66,61]","[54,44,45,57,45,47,52,52,44,52]","""2023-10-27T19:49:35.642Z""","[1,0,1,0]","0","0","1","60","52","60","52","8","0","0","[""arrowright"",""arrowleft"",""arrowright"",""arrowleft"",""arrowright"",""arrowright"",""arrowleft"",""arrowleft"",""arrowright"",""arrowleft""]","[1655,411,416,351,447,677,402,647,2122,728]","[54,47,45,75,45,47,69,55,44,61]","[0,47,0,75,0,0,69,55,0,61]","[[52.5316,58.8542]]","[2990]","[]","[]","1","[]","[]","[]","[]","vertical","","","",""
"","","","","","horizons-trial","55","850175","0.0-51.0","","","","","","","5","[59,45,33,42,49]","[33,45,49,28,56]","""2023-10-27T19:49:41.048Z""","[1,1,1,0]","1","0","0","40","44","40","44","4","0","0","[""arrowright"",""arrowright"",""arrowright"",""arrowleft"",""arrowright""]","[705,527,512,437,931]","[33,45,49,42,56]","[0,45,49,42,56]","[[50,61.6319]]","[1639]","[]","[]","1","[]","[]","[]","[]","vertical","","","",""
"","","","","","horizons-trial","56","857396","0.0-52.0","","","","","","","5","[58,56,33,42,38]","[54,57,42,46,50]","""2023-10-27T19:49:48.270Z""","[0,1,1,0]","0","1","0","40","44","44","40","4","0","0","[""arrowleft"",""arrowright"",""arrowright"",""arrowleft"",""arrowleft""]","[776,422,632,323,2904]","[58,57,42,42,38]","[58,57,42,0,0]","[[50,55.7292]]","[1638]","[]","[]","1","[]","[]","[]","[]","vertical","","","",""
"","","","","","horizons-trial","57","867442","0.0-53.0","","","","","","","10","[69,66,47,59,60,61,72,65,63,58]","[30,30,26,48,49,30,54,42,42,42]","""2023-10-27T19:49:58.315Z""","[0,1,1,0]","0","1","1","40","60","60","40","20","0","0","[""arrowleft"",""arrowright"",""arrowright"",""arrowleft"",""arrowright"",""arrowleft"",""arrowright"",""arrowleft"",""arrowleft"",""arrowleft""]","[675,406,770,472,488,848,409,567,381,334]","[69,30,26,59,49,61,54,65,63,58]","[69,0,0,59,0,61,0,65,63,58]","[[38.9241,43.5764]]","[3952]","[]","[]","1","[]","[]","[]","[]","vertical","","","",""
"","","","","","horizons-trial","58","877557","0.0-54.0","","","","","","","10","[80,72,61,77,84,64,63,73,75,62]","[39,51,42,44,44,43,30,26,36,45]","""2023-10-27T19:50:08.431Z""","[0,0,1,0]","1","1","1","40","70","70","40","30","0","0","[""arrowleft"",""arrowleft"",""arrowright"",""arrowleft"",""arrowright"",""arrowleft"",""arrowleft"",""arrowleft"",""arrowleft"",""arrowleft""]","[573,758,312,585,339,676,402,356,394,239]","[80,72,42,77,44,64,63,73,75,62]","[80,72,0,77,0,64,63,73,75,62]","[[30.0633,32.4653]]","[4641]","[]","[]","1","[]","[]","[]","[]","vertical","","","",""
"","","","","","horizons-trial","59","886803","0.0-55.0","","","","","","","10","[52,31,44,39,40,38,31,46,49,20]","[58,60,94,73,74,69,79,68,59,71]","""2023-10-27T19:50:17.677Z""","[0,0,1,1]","0","0","1","40","70","40","70","30","0","0","[""arrowleft"",""arrowleft"",""arrowright"",""arrowright"",""arrowright"",""arrowright"",""arrowleft"",""arrowright"",""arrowright"",""arrowright""]","[724,251,710,448,1642,557,766,399,403,205]","[52,31,94,73,74,69,31,68,59,71]","[0,0,94,73,74,69,0,68,59,71]","[[85.7595,89.0625]]","[2299]","[]","[]","1","[]","[]","[]","[]","vertical","","","",""
"","","","","","horizons-trial","60","892609","0.0-56.0","","","","","","","5","[43,65,51,55,38]","[40,38,43,44,40]","""2023-10-27T19:50:23.483Z""","[0,0,0,1]","1","1","0","40","48","48","40","8","0","0","[""arrowleft"",""arrowleft"",""arrowleft"",""arrowright"",""arrowleft""]","[740,477,671,375,1338]","[43,65,51,44,38]","[43,65,51,0,0]","[[50,87.3264]]","[1664]","[]","[]","1","[]","[]","[]","[]","vertical","","","",""
"","","","","","horizons-trial","61","900863","0.0-57.0","","","","","","","10","[35,40,36,46,41,46,30,33,46,36]","[63,59,52,57,70,74,46,52,60,60]","""2023-10-27T19:50:31.737Z""","[0,1,1,0]","0","0","1","40","60","40","60","20","0","0","[""arrowleft"",""arrowright"",""arrowright"",""arrowleft"",""arrowright"",""arrowright"",""arrowright"",""arrowright"",""arrowright"",""arrowright""]","[1098,404,483,523,846,1255,649,205,125,372]","[35,59,52,46,70,74,46,52,60,60]","[0,59,52,0,70,74,46,52,60,60]","[[63.6076,70.6597]]","[1633]","[]","[]","1","[]","[]","[]","[]","vertical","","","",""
"","","","","","horizons-trial","62","906837","0.0-58.0","","","","","","","5","[53,50,51,47,47]","[65,59,58,46,56]","""2023-10-27T19:50:37.710Z""","[1,1,0,0]","0","1","0","60","52","52","60","8","0","0","[""arrowright"",""arrowright"",""arrowleft"",""arrowleft"",""arrowright""]","[680,388,310,368,987]","[65,59,51,47,56]","[65,59,0,47,56]","[[50,80.3819]]","[1715]","[]","[]","1","[]","[]","[]","[]","vertical","","","",""
"","","","","","horizons-trial","63","916123","0.0-59.0","","","","","","","10","[35,51,39,64,51,59,55,50,48,61]","[27,55,40,29,47,34,49,47,35,28]","""2023-10-27T19:50:46.997Z""","[0,0,1,0]","1","1","1","40","52","52","40","12","0","0","[""arrowleft"",""arrowleft"",""arrowright"",""arrowleft"",""arrowright"",""arrowleft"",""arrowright"",""arrowleft"",""arrowleft"",""arrowleft""]","[1071,385,399,975,442,845,437,361,674,457]","[35,51,40,64,47,59,49,50,48,61]","[35,0,40,64,0,59,0,50,48,61]","[[46.2025,57.1181]]","[2629]","[]","[]","1","[]","[]","[]","[]","vertical","","","",""
"","","","","","horizons-trial","64","923395","0.0-60.0","","","","","","","5","[61,60,47,55,64]","[55,56,42,58,57]","""2023-10-27T19:50:54.268Z""","[0,0,1,1]","0","1","0","60","58","58","60","2","0","0","[""arrowleft"",""arrowleft"",""arrowright"",""arrowright"",""arrowleft""]","[687,382,425,481,1776]","[61,60,42,58,64]","[61,60,0,58,64]","[[50,83.1597]]","[2444]","[]","[]","1","[]","[]","[]","[]","vertical","","","",""
"","","","","","horizons-trial","65","932502","0.0-61.0","","","","","","","5","[45,51,68,49,54]","[37,37,42,25,51]","""2023-10-27T19:51:03.376Z""","[0,1,1,1]","1","1","0","40","60","60","40","20","0","0","[""arrowleft"",""arrowright"",""arrowright"",""arrowright"",""arrowleft""]","[1025,674,432,1318,1701]","[45,37,42,25,54]","[45,0,0,0,54]","[[50,72.0486]]","[2261]","[]","[]","1","[]","[]","[]","[]","vertical","","","",""
"","","","","","horizons-trial","66","944431","0.0-62.0","","","","","","","10","[37,44,58,32,51,45,29,46,43,31]","[31,21,38,56,42,34,42,50,30,42]","""2023-10-27T19:51:15.305Z""","[0,1,1,1]","1","1","1","40","44","44","40","4","0","0","[""arrowleft"",""arrowright"",""arrowright"",""arrowright"",""arrowright"",""arrowleft"",""arrowleft"",""arrowright"",""arrowright"",""arrowright""]","[672,677,478,382,795,1031,389,772,489,280]","[37,21,38,56,42,45,29,50,30,42]","[37,0,0,56,0,45,0,50,0,42]","[[51.2658,55.0347]]","[5340]","[]","[]","1","[]","[]","[]","[]","vertical","","","",""
"","","","","","horizons-trial","67","950794","0.0-63.0","","","","","","","5","[41,47,44,42,50]","[39,48,40,29,34]","""2023-10-27T19:51:21.668Z""","[1,1,1,0]","1","1","0","40","42","42","40","2","0","0","[""arrowright"",""arrowright"",""arrowright"",""arrowleft"",""arrowright""]","[961,417,596,514,1195]","[39,48,40,42,34]","[0,48,0,42,0]","[[50,53.6458]]","[2033]","[]","[]","1","[]","[]","[]","[]","vertical","","","",""
"","","","","","horizons-trial","68","957893","0.0-64.0","","","","","","","5","[40,39,29,36,36]","[72,61,63,60,56]","""2023-10-27T19:51:28.766Z""","[0,1,1,1]","1","1","0","60","40","40","60","20","0","0","[""arrowleft"",""arrowright"",""arrowright"",""arrowright"",""arrowright""]","[960,501,1000,733,593]","[40,61,63,60,56]","[0,61,63,60,56]","[[50,89.7569]]","[1759]","[]","[]","1","[]","[]","[]","[]","vertical","","","",""
"","","","","","horizons-trial","69","963934","0.0-65.0","","","","","","","5","[32,42,35,39,45]","[66,76,52,53,59]","""2023-10-27T19:51:34.808Z""","[0,1,0,1]","0","1","0","60","40","40","60","20","0","0","[""arrowleft"",""arrowright"",""arrowleft"",""arrowright"",""arrowright""]","[617,438,387,406,1369]","[32,76,35,53,59]","[0,76,0,53,59]","[[50,83.1597]]","[2110]","[]","[]","1","[]","[]","[]","[]","vertical","","","",""
"","","","","","horizons-trial","70","973105","0.0-66.0","","","","","","","10","[26,23,31,36,22,28,28,24,40,35]","[53,75,58,55,45,52,57,70,65,56]","""2023-10-27T19:51:43.979Z""","[0,1,1,0]","0","1","1","60","30","30","60","30","0","0","[""arrowleft"",""arrowright"",""arrowright"",""arrowleft"",""arrowright"",""arrowleft"",""arrowright"",""arrowright"",""arrowleft"",""arrowright""]","[632,437,553,530,946,787,528,335,419,639]","[26,75,58,36,45,28,57,70,40,56]","[0,75,58,0,45,0,57,70,0,56]","[[79.1139,79.3403]]","[2162]","[]","[]","1","[]","[]","[]","[]","vertical","","","",""
"","","","","","horizons-trial","71","985009","0.0-67.0","","","","","","","10","[75,69,75,56,64,63,71,71,61,72]","[38,32,58,46,31,28,38,46,38,33]","""2023-10-27T19:51:55.883Z""","[0,1,1,0]","0","1","1","40","70","70","40","30","0","0","[""arrowleft"",""arrowright"",""arrowright"",""arrowleft"",""arrowleft"",""arrowleft"",""arrowright"",""arrowleft"",""arrowleft"",""arrowleft""]","[743,359,581,563,1349,829,309,491,365,211]","[75,32,58,56,64,63,38,71,61,72]","[75,0,0,56,64,63,0,71,61,72]","[[82.9114,85.9375]]","[5263]","[]","[]","1","[]","[]","[]","[]","vertical","","","",""
"","","","","","horizons-trial","72","994068","0.0-68.0","","","","","","","5","[57,59,62,66,59]","[44,65,72,65,38]","""2023-10-27T19:52:04.942Z""","[1,0,1,0]","0","0","0","60","56","60","56","4","0","0","[""arrowright"",""arrowleft"",""arrowright"",""arrowleft"",""arrowleft""]","[831,355,439,367,4133]","[44,59,72,66,59]","[0,0,72,66,59]","[[50,75.1736]]","[2232]","[]","[]","1","[]","[]","[]","[]","vertical","","","",""
"","","","","","horizons-trial","73","1002026","0.0-69.0","","","","","","","5","[37,35,21,45,37]","[47,32,51,40,54]","""2023-10-27T19:52:12.899Z""","[0,1,0,1]","0","0","0","40","44","40","44","4","0","0","[""arrowleft"",""arrowright"",""arrowleft"",""arrowright"",""arrowright""]","[946,404,383,422,2987]","[37,32,21,40,54]","[0,0,0,0,54]","[[50,79.3403]]","[1760]","[]","[]","1","[]","[]","[]","[]","vertical","","","",""
"","","","","","horizons-trial","74","1010943","0.0-70.0","","","","","","","10","[58,62,68,52,69,53,67,46,45,70]","[64,54,49,60,59,62,40,52,61,60]","""2023-10-27T19:52:21.817Z""","[0,0,0,1]","1","0","1","60","52","60","52","8","0","0","[""arrowleft"",""arrowleft"",""arrowleft"",""arrowright"",""arrowleft"",""arrowright"",""arrowright"",""arrowleft"",""arrowleft"",""arrowleft""]","[636,449,428,442,1577,613,550,533,432,566]","[58,62,68,60,69,62,40,46,45,70]","[0,62,68,60,69,62,0,0,0,70]","[[75,81.0764]]","[2009]","[]","[]","1","[]","[]","[]","[]","vertical","","","",""
"","","","","","horizons-trial","75","1019596","0.0-71.0","","","","","","","10","[80,60,64,72,57,59,67,47,68,57]","[11,44,24,29,30,25,24,36,32,28]","""2023-10-27T19:52:30.470Z""","[1,1,0,0]","0","0","1","60","30","60","30","30","0","0","[""arrowright"",""arrowright"",""arrowleft"",""arrowleft"",""arrowright"",""arrowleft"",""arrowleft"",""arrowleft"",""arrowleft"",""arrowleft""]","[1055,475,399,368,422,481,294,440,193,171]","[11,44,64,72,30,59,67,47,68,57]","[0,0,64,72,0,59,67,47,68,57]","[[19.3038,24.479200000000006]]","[3725]","[]","[]","1","[]","[]","[]","[]","vertical","","","",""
"","","","","","horizons-trial","76","1032071","0.0-72.0","","","","","","","10","[45,45,51,43,41,30,49,28,48,38]","[69,50,62,43,55,63,57,54,55,51]","""2023-10-27T19:52:42.945Z""","[0,0,1,0]","1","1","1","60","40","40","60","20","0","0","[""arrowleft"",""arrowleft"",""arrowright"",""arrowleft"",""arrowright"",""arrowright"",""arrowright"",""arrowleft"",""arrowleft"",""arrowright""]","[665,354,367,459,4797,864,363,419,547,556]","[45,45,62,43,55,63,57,28,48,51]","[0,0,62,43,55,63,57,0,0,51]","[[43.9873,50.1736]]","[2432]","[]","[]","1","[]","[]","[]","[]","vertical","","","",""
"","","","","","horizons-trial","77","1039825","0.0-73.0","","","","","","","5","[72,60,68,66,66]","[22,46,35,33,52]","""2023-10-27T19:52:50.699Z""","[1,1,0,0]","0","1","0","40","70","70","40","30","0","0","[""arrowright"",""arrowright"",""arrowleft"",""arrowleft"",""arrowleft""]","[634,469,549,673,1863]","[22,46,68,66,66]","[0,0,68,66,66]","[[50,89.7569]]","[2913]","[]","[]","1","[]","[]","[]","[]","vertical","","","",""
"","","","","","horizons-trial","78","1047555","0.0-74.0","","","","","","","10","[45,35,40,45,30,37,32,31,49,39]","[76,62,66,60,68,73,73,66,63,75]","""2023-10-27T19:52:58.428Z""","[1,1,1,0]","1","0","1","40","70","40","70","30","0","0","[""arrowright"",""arrowright"",""arrowright"",""arrowleft"",""arrowright"",""arrowright"",""arrowleft"",""arrowright"",""arrowright"",""arrowright""]","[694,427,371,459,1314,663,338,475,208,387]","[76,62,66,45,68,73,32,66,63,75]","[76,62,66,0,68,73,0,66,63,75]","[[85.7595,88.7153]]","[1646]","[]","[]","1","[]","[]","[]","[]","vertical","","","",""
"","","","","","horizons-trial","79","1054229","0.0-75.0","","","","","","","5","[60,40,42,58,52]","[40,44,37,34,46]","""2023-10-27T19:53:05.103Z""","[0,1,0,1]","0","1","0","40","48","48","40","8","0","0","[""arrowleft"",""arrowright"",""arrowleft"",""arrowright"",""arrowleft""]","[755,421,667,350,1119]","[60,44,42,34,52]","[60,44,42,0,52]","[[50,88.0208]]","[1916]","[]","[]","1","[]","[]","[]","[]","vertical","","","",""
"","","","","","horizons-trial","80","1062841","0.0-76.0","","","","","","","5","[47,71,48,44,65]","[68,56,58,50,70]","""2023-10-27T19:53:13.715Z""","[1,0,0,1]","0","1","0","60","59","59","60","1","0","0","[""arrowright"",""arrowleft"",""arrowleft"",""arrowright"",""arrowright""]","[693,516,665,512,2446]","[68,71,48,50,70]","[68,71,0,50,70]","[[50,65.4514]]","[2939]","[]","[]","1","[]","[]","[]","[]","vertical","","","",""
"","","","","","horizons-trial","81","1069723","0.0-77.0","","","","","","","5","[66,57,45,57,64]","[18,24,18,33,26]","""2023-10-27T19:53:20.597Z""","[1,1,1,0]","1","0","0","60","30","60","30","30","0","0","[""arrowright"",""arrowright"",""arrowright"",""arrowleft"",""arrowleft""]","[926,396,572,566,1368]","[18,24,18,57,64]","[0,0,0,57,64]","[[50,82.8125]]","[1697]","[]","[]","1","[]","[]","[]","[]","vertical","","","",""
"","","","","","horizons-trial","82","1076170","0.0-78.0","","","","","","","5","[34,59,60,58,61]","[59,50,41,74,55]","""2023-10-27T19:53:27.044Z""","[0,0,0,1]","1","1","0","60","58","58","60","2","0","0","[""arrowleft"",""arrowleft"",""arrowleft"",""arrowright"",""arrowright""]","[1249,505,467,562,1290]","[34,59,60,74,55]","[0,59,60,74,0]","[[50,63.3681]]","[1726]","[]","[]","1","[]","[]","[]","[]","vertical","","","",""
"","","","","","horizons-trial","83","1082227","0.0-79.0","","","","","","","5","[35,18,28,33,22]","[58,69,61,69,72]","""2023-10-27T19:53:33.101Z""","[0,0,0,1]","1","1","0","60","30","30","60","30","0","0","[""arrowleft"",""arrowleft"",""arrowleft"",""arrowright"",""arrowright""]","[697,361,437,460,1273]","[35,18,28,69,72]","[0,0,0,69,72]","[[50,80.72919999999999]]","[2109]","[]","[]","1","[]","[]","[]","[]","vertical","","","",""
"","","","","","horizons-trial","84","1090897","0.0-80.0","","","","","","","5","[53,63,70,46,44]","[46,47,41,39,31]","""2023-10-27T19:53:41.771Z""","[1,1,1,0]","1","0","0","60","40","60","40","20","0","0","[""arrowright"",""arrowright"",""arrowright"",""arrowleft"",""arrowright""]","[658,302,458,448,2373]","[46,47,41,46,31]","[0,0,0,46,0]","[[50,57.4653]]","[2925]","[]","[]","1","[]","[]","[]","[]","vertical","","","",""
"","","","","","horizons-trial","85","1099154","0.0-81.0","","","","","","","10","[60,53,53,55,58,63,43,50,48,46]","[59,69,62,71,68,60,49,69,64,65]","""2023-10-27T19:53:50.028Z""","[0,1,1,0]","0","1","1","60","52","52","60","8","0","0","[""arrowleft"",""arrowright"",""arrowright"",""arrowleft"",""arrowright"",""arrowright"",""arrowleft"",""arrowright"",""arrowright"",""arrowright""]","[748,491,486,516,788,758,368,488,426,336]","[60,69,62,55,68,60,43,69,64,65]","[60,69,62,0,68,0,0,69,64,65]","[[59.1772,58.8542]]","[2196]","[]","[]","1","[]","[]","[]","[]","vertical","","","",""
"","","","","","horizons-trial","86","1110118","0.0-82.0","","","","","","","10","[45,71,68,58,63,57,65,61,47,54]","[73,60,45,62,72,54,63,69,62,50]","""2023-10-27T19:54:00.992Z""","[1,0,1,1]","1","1","1","60","59","59","60","1","0","0","[""arrowright"",""arrowleft"",""arrowright"",""arrowright"",""arrowright"",""arrowright"",""arrowleft"",""arrowleft"",""arrowright"",""arrowright""]","[1010,624,375,760,1873,1065,619,588,564,457]","[73,71,45,62,72,54,65,61,62,50]","[73,71,0,62,72,0,65,0,62,0]","[[62.3418,66.8403]]","[2158]","[]","[]","1","[]","[]","[]","[]","vertical","","","",""
"","","","","","horizons-trial","87","1121013","0.0-83.0","","","","","","","10","[54,60,46,52,51,67,67,62,50,73]","[63,55,54,58,44,64,47,57,69,64]","""2023-10-27T19:54:11.886Z""","[0,1,1,0]","0","1","1","60","58","58","60","2","0","0","[""arrowleft"",""arrowright"",""arrowright"",""arrowleft"",""arrowright"",""arrowright"",""arrowleft"",""arrowleft"",""arrowleft"",""arrowleft""]","[691,633,420,335,3197,613,332,547,470,215]","[54,55,54,52,44,64,67,62,50,73]","[0,0,54,0,0,0,67,62,0,73]","[[50,52.2569]]","[2373]","[]","[]","1","[]","[]","[]","[]","vertical","","","",""
"","","","","","horizons-trial","88","1127824","0.0-84.0","","","","","","","5","[57,55,59,64,63]","[60,45,64,64,60]","""2023-10-27T19:54:18.698Z""","[1,1,1,0]","1","0","0","60","56","60","56","4","0","0","[""arrowright"",""arrowright"",""arrowright"",""arrowleft"",""arrowright""]","[1512,334,664,466,1074]","[60,45,64,64,60]","[60,0,64,64,0]","[[50,60.2431]]","[1844]","[]","[]","1","[]","[]","[]","[]","vertical","","","",""
"","","","","","horizons-trial","89","1137396","0.0-85.0","","","","","","","10","[31,51,55,59,41,41,58,58,38,33]","[48,45,30,38,47,43,39,28,31,37]","""2023-10-27T19:54:28.270Z""","[1,0,1,1]","1","1","1","40","48","48","40","8","0","0","[""arrowright"",""arrowleft"",""arrowright"",""arrowright"",""arrowleft"",""arrowleft"",""arrowright"",""arrowright"",""arrowleft"",""arrowleft""]","[837,427,387,807,1375,854,329,375,389,446]","[48,51,30,38,41,41,39,28,38,33]","[48,51,0,0,0,0,0,0,38,0]","[[56.6456,60.9375]]","[2580]","[]","[]","1","[]","[]","[]","[]","vertical","","","",""
"","","","","","horizons-trial","90","1147164","0.0-86.0","","","","","","","10","[47,35,43,39,53,48,44,37,59,45]","[51,49,41,29,36,44,43,43,40,29]","""2023-10-27T19:54:38.037Z""","[1,0,0,1]","0","1","1","40","48","48","40","8","0","0","[""arrowright"",""arrowleft"",""arrowleft"",""arrowright"",""arrowleft"",""arrowleft"",""arrowright"",""arrowleft"",""arrowright"",""arrowleft""]","[643,548,458,383,1428,649,311,500,1470,1068]","[51,35,43,29,53,48,43,37,40,45]","[51,0,43,0,53,48,0,0,0,45]","[[57.5949,63.0208]]","[1677]","[]","[]","1","[]","[]","[]","[]","vertical","","","",""
"","","","","","horizons-trial","91","1155406","0.0-87.0","","","","","","","10","[64,68,59,67,64,49,55,34,55,56]","[72,46,70,54,48,54,49,53,48,65]","""2023-10-27T19:54:46.279Z""","[1,1,0,0]","0","1","1","60","56","56","60","4","0","0","[""arrowright"",""arrowright"",""arrowleft"",""arrowleft"",""arrowright"",""arrowright"",""arrowleft"",""arrowright"",""arrowleft"",""arrowright""]","[650,497,418,382,676,550,372,404,465,1656]","[72,46,59,67,48,54,55,53,55,65]","[72,0,0,67,0,54,55,53,55,65]","[[54.4304,57.8125]]","[1457]","[]","[]","1","[]","[]","[]","[]","vertical","","","",""
"","","","","","horizons-trial","92","1161309","0.0-88.0","","","","","","","5","[68,55,58,69,51]","[64,58,72,65,71]","""2023-10-27T19:54:52.183Z""","[1,0,0,1]","0","0","0","60","59","60","59","1","0","0","[""arrowright"",""arrowleft"",""arrowleft"",""arrowright"",""arrowright""]","[660,382,460,572,1375]","[64,55,58,65,71]","[0,0,0,0,71]","[[50,83.1597]]","[1907]","[]","[]","1","[]","[]","[]","[]","vertical","","","",""
"","","","","","horizons-trial","93","1171956","0.0-89.0","","","","","","","10","[57,53,54,50,40,54,49,45,43,51]","[44,48,43,33,37,45,37,38,50,44]","""2023-10-27T19:55:02.829Z""","[0,1,1,0]","0","1","1","40","52","52","40","12","0","0","[""arrowleft"",""arrowright"",""arrowright"",""arrowleft"",""arrowleft"",""arrowleft"",""arrowright"",""arrowleft"",""arrowleft"",""arrowleft""]","[587,398,554,455,1864,953,2186,346,233,438]","[57,48,43,50,40,54,37,45,43,51]","[57,0,0,50,40,54,0,45,0,51]","[[53.481,61.2847]]","[2054]","[]","[]","1","[]","[]","[]","[]","vertical","","","",""
"","","","","","horizons-trial","94","1179013","0.0-90.0","","","","","","","5","[49,33,46,41,44]","[50,50,30,47,41]","""2023-10-27T19:55:09.887Z""","[0,1,0,1]","0","0","0","40","41","40","41","1","0","0","[""arrowleft"",""arrowright"",""arrowleft"",""arrowright"",""arrowright""]","[563,342,299,378,2800]","[49,50,46,47,41]","[0,50,46,47,0]","[[50,71.35419999999999]]","[2068]","[]","[]","1","[]","[]","[]","[]","vertical","","","",""
"","","","","","horizons-trial","95","1186833","0.0-91.0","","","","","","","10","[54,53,54,59,73,68,53,66,57,58]","[51,41,49,37,39,52,27,34,27,42]","""2023-10-27T19:55:17.707Z""","[1,1,0,1]","1","1","1","40","60","60","40","20","0","0","[""arrowright"",""arrowright"",""arrowleft"",""arrowright"",""arrowleft"",""arrowleft"",""arrowleft"",""arrowleft"",""arrowleft"",""arrowleft""]","[570,417,355,539,1485,792,574,177,151,147]","[51,41,54,37,73,68,53,66,57,58]","[0,0,54,0,73,68,53,66,57,58]","[[61.3924,65.10419999999999]]","[1865]","[]","[]","1","[]","[]","[]","[]","vertical","","","",""
"","","","","","horizons-trial","96","1195621","0.0-92.0","","","","","","","10","[32,43,46,30,43,30,36,50,46,36]","[52,55,41,39,40,46,45,43,48,43]","""2023-10-27T19:55:26.495Z""","[0,0,1,1]","0","0","1","40","44","40","44","4","0","0","[""arrowleft"",""arrowleft"",""arrowright"",""arrowright"",""arrowright"",""arrowright"",""arrowleft"",""arrowleft"",""arrowright"",""arrowright""]","[1324,509,425,383,1284,651,276,657,418,404]","[32,43,41,39,40,46,36,50,48,43]","[0,0,0,39,0,46,0,50,48,43]","[[66.4557,68.22919999999999]]","[1840]","[]","[]","1","[]","[]","[]","[]","vertical","","","",""
"","","","","","horizons-trial","97","1203924","0.0-93.0","","","","","","","10","[47,42,33,41,53,50,39,27,42,44]","[34,51,44,46,41,49,53,54,40,38]","""2023-10-27T19:55:34.797Z""","[0,0,1,0]","1","0","1","40","44","40","44","4","0","0","[""arrowleft"",""arrowleft"",""arrowright"",""arrowleft"",""arrowright"",""arrowright"",""arrowright"",""arrowright"",""arrowright"",""arrowright""]","[672,486,413,611,644,661,365,669,368,188]","[47,42,44,41,41,49,53,54,40,38]","[47,0,44,0,0,0,53,54,0,0]","[[48.1013,57.1181]]","[2654]","[]","[]","1","[]","[]","[]","[]","vertical","","","",""
"","","","","","horizons-trial","98","1209987","0.0-94.0","","","","","","","5","[42,51,56,32,47]","[66,69,78,41,78]","""2023-10-27T19:55:40.860Z""","[0,1,0,1]","0","1","0","60","48","48","60","12","0","0","[""arrowleft"",""arrowright"",""arrowleft"",""arrowright"",""arrowright""]","[812,390,351,329,1291]","[42,69,56,41,78]","[0,69,0,41,78]","[[50,79.3403]]","[2319]","[]","[]","1","[]","[]","[]","[]","vertical","","","",""
"","","","","","horizons-trial","99","1221626","0.0-95.0","","","","","","","10","[31,49,38,26,48,36,38,49,54,44]","[39,60,65,47,55,68,60,56,55,45]","""2023-10-27T19:55:52.500Z""","[1,0,0,0]","1","0","1","40","52","40","52","12","0","0","[""arrowright"",""arrowleft"",""arrowleft"",""arrowleft"",""arrowleft"",""arrowleft"",""arrowright"",""arrowright"",""arrowright"",""arrowright""]","[1556,525,506,614,2916,712,471,614,410,423]","[39,49,38,26,48,36,60,56,55,45]","[39,0,0,0,0,0,60,56,55,45]","[[52.8481,59.2014]]","[2158]","[]","[]","1","[]","[]","[]","[]","vertical","","","",""
"","","","","","horizons-trial","100","1229737","0.0-96.0","","","","","","","10","[54,69,47,72,48,55,58,54,80,71]","[71,62,67,60,56,63,57,54,69,45]","""2023-10-27T19:56:00.611Z""","[1,0,1,1]","1","0","1","60","59","60","59","1","0","0","[""arrowright"",""arrowleft"",""arrowright"",""arrowright"",""arrowright"",""arrowleft"",""arrowleft"",""arrowright"",""arrowright"",""arrowright""]","[711,424,411,785,1206,919,370,291,353,300]","[71,69,67,60,56,55,58,54,69,45]","[71,69,67,0,56,0,58,54,0,0]","[[64.8734,68.22919999999999]]","[1678]","[]","[]","1","[]","[]","[]","[]","vertical","","","",""
"","","","","","horizons-trial","101","1235069","0.0-97.0","","","","","","","5","[29,40,42,27,49]","[62,73,64,69,69]","""2023-10-27T19:56:05.942Z""","[1,0,1,1]","1","0","0","40","70","40","70","30","0","0","[""arrowright"",""arrowleft"",""arrowright"",""arrowright"",""arrowright""]","[612,361,342,753,517]","[62,40,64,69,69]","[62,0,64,69,69]","[[50,87.3264]]","[1937]","[]","[]","1","[]","[]","[]","[]","vertical","","","",""
"","","","","","horizons-trial","102","1242185","0.0-98.0","","","","","","","5","[61,48,47,52,61]","[56,59,60,56,39]","""2023-10-27T19:56:13.058Z""","[0,1,1,1]","1","0","0","60","58","60","58","2","0","0","[""arrowleft"",""arrowright"",""arrowright"",""arrowright"",""arrowright""]","[1028,350,584,851,661]","[61,59,60,56,39]","[61,59,60,56,0]","[[50,67.8819]]","[1778]","[]","[]","1","[]","[]","[]","[]","vertical","","","",""
"","","","","","horizons-trial","103","1247498","0.0-99.0","","","","","","","5","[58,45,64,59,58]","[69,66,58,68,71]","""2023-10-27T19:56:18.372Z""","[0,0,1,1]","0","1","0","60","56","56","60","4","0","0","[""arrowleft"",""arrowleft"",""arrowright"",""arrowright"",""arrowright""]","[696,450,385,331,793]","[58,45,58,68,71]","[0,0,0,68,71]","[[50,79.6875]]","[1992]","[]","[]","1","[]","[]","[]","[]","vertical","","","",""
"","","","","","horizons-trial","104","1255081","0.0-100.0","","","","","","","10","[36,41,34,29,19,43,32,33,46,43]","[56,35,42,41,43,53,38,55,52,43]","""2023-10-27T19:56:25.954Z""","[1,1,1,0]","1","0","1","40","48","40","48","8","0","0","[""arrowright"",""arrowright"",""arrowright"",""arrowleft"",""arrowleft"",""arrowright"",""arrowright"",""arrowright"",""arrowright"",""arrowright""]","[723,346,620,456,367,501,292,166,149,171]","[56,35,42,29,19,53,38,55,52,43]","[56,0,42,0,0,53,38,55,52,43]","[[32.9114,37.3264]]","[3068]","[]","[]","1","[]","[]","[]","[]","vertical","","","",""
"","","","","","horizons-trial","105","1260745","0.0-101.0","","","","","","","5","[63,66,60,64,70]","[56,47,55,38,53]","""2023-10-27T19:56:31.618Z""","[1,1,0,0]","0","0","0","60","52","60","52","8","0","0","[""arrowright"",""arrowright"",""arrowleft"",""arrowleft"",""arrowleft""]","[568,285,513,510,727]","[56,47,60,64,70]","[0,0,60,64,70]","[[50,80.72919999999999]]","[2252]","[]","[]","1","[]","[]","[]","[]","vertical","","","",""
"","","","","","horizons-trial","106","1267883","0.0-102.0","","","","","","","5","[34,48,19,30,44]","[55,64,70,53,62]","""2023-10-27T19:56:38.756Z""","[1,1,0,1]","1","0","0","40","60","40","60","20","0","0","[""arrowright"",""arrowright"",""arrowleft"",""arrowright"",""arrowright""]","[877,330,360,829,553]","[55,64,19,53,62]","[55,64,0,53,62]","[[50,85.9375]]","[1757]","[]","[]","1","[]","[]","[]","[]","vertical","","","",""
"","","","","","horizons-trial","107","1274720","0.0-103.0","","","","","","","10","[40,38,58,51,45,45,54,40,52,45]","[64,57,60,45,56,53,49,65,67,72]","""2023-10-27T19:56:45.594Z""","[0,0,1,1]","0","1","1","60","48","48","60","12","0","0","[""arrowleft"",""arrowleft"",""arrowright"",""arrowright"",""arrowright"",""arrowleft"",""arrowright"",""arrowright"",""arrowright"",""arrowright""]","[710,378,403,334,810,777,298,373,220,326]","[40,38,60,45,56,45,49,65,67,72]","[0,0,60,0,56,0,0,65,67,72]","[[66.4557,65.7986]]","[1599]","[]","[]","1","[]","[]","[]","[]","vertical","","","",""
"","","","","","horizons-trial","108","1281942","0.0-104.0","","","","","","","10","[43,49,33,36,46,23,44,46,45,41]","[30,57,40,28,33,55,38,51,34,48]","""2023-10-27T19:56:52.815Z""","[0,1,1,1]","1","0","1","40","42","40","42","2","0","0","[""arrowleft"",""arrowright"",""arrowright"",""arrowright"",""arrowleft"",""arrowleft"",""arrowleft"",""arrowright"",""arrowright"",""arrowright""]","[676,504,471,438,615,709,387,294,424,337]","[43,57,40,28,46,23,44,51,34,48]","[43,57,40,0,46,0,44,51,0,48]","[[54.7468,59.2014]]","[1792]","[]","[]","1","[]","[]","[]","[]","vertical","","","",""
"","","","","","horizons-trial","109","1288385","0.0-105.0","","","","","","","10","[36,45,36,35,34,43,42,33,37,48]","[74,50,72,71,55,66,61,59,65,38]","""2023-10-27T19:56:59.258Z""","[1,1,0,0]","0","1","1","60","40","40","60","20","0","0","[""arrowright"",""arrowright"",""arrowleft"",""arrowleft"",""arrowright"",""arrowright"",""arrowleft"",""arrowright"",""arrowright"",""arrowright""]","[696,333,407,321,333,634,352,421,166,157]","[74,50,36,35,55,66,42,59,65,38]","[74,50,0,0,55,66,0,59,65,0]","[[82.2785,85.9375]]","[2004]","[]","[]","1","[]","[]","[]","[]","vertical","","","",""
"","","","","","horizons-trial","110","1295467","0.0-106.0","","","","","","","5","[63,53,59,57,70]","[62,37,61,56,83]","""2023-10-27T19:57:06.341Z""","[1,1,0,1]","1","0","0","60","59","60","59","1","0","0","[""arrowright"",""arrowright"",""arrowleft"",""arrowright"",""arrowright""]","[553,430,253,834,1751]","[62,37,59,56,83]","[0,0,0,0,83]","[[50,71.35419999999999]]","[2461]","[]","[]","1","[]","[]","[]","[]","vertical","","","",""
"","","","","","horizons-trial","111","1301059","0.0-107.0","","","","","","","5","[35,35,37,47,46]","[32,49,54,46,53]","""2023-10-27T19:57:11.933Z""","[0,0,0,1]","1","0","0","40","42","40","42","2","0","0","[""arrowleft"",""arrowleft"",""arrowleft"",""arrowright"",""arrowright""]","[730,486,791,345,1208]","[35,35,37,46,53]","[35,0,0,0,53]","[[50,65.7986]]","[1460]","[]","[]","1","[]","[]","[]","[]","vertical","","","",""
"","","","","","horizons-trial","112","1306638","0.0-108.0","","","","","","","5","[47,38,45,35,37]","[48,53,67,34,34]","""2023-10-27T19:57:17.512Z""","[0,1,1,0]","0","0","0","40","52","40","52","12","0","0","[""arrowleft"",""arrowright"",""arrowright"",""arrowleft"",""arrowright""]","[1227,514,453,591,699]","[47,53,67,35,34]","[0,53,67,35,0]","[[50,76.9097]]","[1567]","[]","[]","1","[]","[]","[]","[]","vertical","","","",""
"","","","","","horizons-trial","113","1314485","0.0-109.0","","","","","","","5","[43,51,51,57,42]","[19,41,34,49,29]","""2023-10-27T19:57:25.359Z""","[0,0,1,0]","1","1","0","40","52","52","40","12","0","0","[""arrowleft"",""arrowleft"",""arrowright"",""arrowleft"",""arrowleft""]","[840,608,581,1208,1247]","[43,51,34,57,42]","[43,51,0,57,42]","[[50,82.4653]]","[2652]","[]","[]","1","[]","[]","[]","[]","vertical","","","",""
"","","","","","horizons-trial","114","1325124","0.0-110.0","","","","","","","10","[66,43,44,58,67,62,55,61,58,56]","[44,41,32,58,44,56,47,38,42,54]","""2023-10-27T19:57:35.997Z""","[0,1,0,1]","0","0","1","60","48","60","48","12","0","0","[""arrowleft"",""arrowright"",""arrowleft"",""arrowright"",""arrowleft"",""arrowleft"",""arrowleft"",""arrowleft"",""arrowright"",""arrowleft""]","[629,419,426,372,1955,802,550,443,1365,589]","[66,41,44,58,67,62,55,61,42,56]","[66,0,44,58,67,62,55,61,0,56]","[[61.0759,75.52080000000001]]","[2014]","[]","[]","1","[]","[]","[]","[]","vertical","","","",""
"","","","","","horizons-trial","115","1332258","0.0-111.0","","","","","","","10","[46,64,64,67,46,57,65,59,52,61]","[49,45,53,37,30,43,26,42,27,38]","""2023-10-27T19:57:43.131Z""","[0,0,1,1]","0","0","1","60","40","60","40","20","0","0","[""arrowleft"",""arrowleft"",""arrowright"",""arrowright"",""arrowleft"",""arrowleft"",""arrowright"",""arrowleft"",""arrowleft"",""arrowleft""]","[999,390,598,414,711,634,304,418,215,144]","[46,64,53,37,46,57,26,59,52,61]","[0,64,0,0,46,57,0,59,52,61]","[[73.7342,85.5903]]","[1708]","[]","[]","1","[]","[]","[]","[]","vertical","","","",""
"","","","","","horizons-trial","116","1339374","0.0-112.0","","","","","","","5","[60,70,53,64,79]","[61,63,63,68,72]","""2023-10-27T19:57:50.247Z""","[1,0,0,0]","1","1","0","60","59","59","60","1","0","0","[""arrowright"",""arrowleft"",""arrowleft"",""arrowleft"",""arrowleft""]","[721,352,592,1219,468]","[61,70,53,64,79]","[61,70,0,0,79]","[[50,91.84028]]","[2974]","[]","[]","1","[]","[]","[]","[]","vertical","","","",""
"","","","","","horizons-trial","117","1345005","0.0-113.0","","","","","","","5","[36,39,47,48,48]","[48,41,42,56,46]","""2023-10-27T19:57:55.879Z""","[1,0,0,1]","0","1","0","40","41","41","40","1","0","0","[""arrowright"",""arrowleft"",""arrowleft"",""arrowright"",""arrowright""]","[997,497,509,476,1002]","[48,39,47,56,46]","[48,0,47,56,0]","[[50,90.10417]]","[1562]","[]","[]","1","[]","[]","[]","[]","vertical","","","",""
"","","","","","horizons-trial","118","1352290","0.0-114.0","","","","","","","5","[50,64,66,66,57]","[44,54,48,47,55]","""2023-10-27T19:58:03.164Z""","[0,1,0,1]","0","0","0","60","48","60","48","12","0","0","[""arrowleft"",""arrowright"",""arrowleft"",""arrowright"",""arrowleft""]","[580,309,343,352,3310]","[50,54,66,47,57]","[50,0,66,0,57]","[[50,72.7431]]","[1787]","[]","[]","1","[]","[]","[]","[]","vertical","","","",""
"","","","","","horizons-trial","119","1360129","0.0-115.0","","","","","","","10","[35,53,40,31,39,36,20,29,51,36]","[54,57,58,53,53,63,62,67,81,52]","""2023-10-27T19:58:11.002Z""","[1,0,0,0]","1","0","1","40","60","40","60","20","0","0","[""arrowright"",""arrowleft"",""arrowleft"",""arrowleft"",""arrowright"",""arrowright"",""arrowright"",""arrowright"",""arrowright"",""arrowright""]","[625,305,706,465,412,749,670,223,173,138]","[54,53,40,31,53,63,62,67,81,52]","[54,0,0,0,53,63,62,67,81,52]","[[52.5316,61.9792]]","[2696]","[]","[]","1","[]","[]","[]","[]","vertical","","","",""
"","","","","","horizons-trial","120","1368999","0.0-116.0","","","","","","","10","[58,62,64,59,56,61,52,53,54,56]","[38,44,38,48,47,35,44,45,46,43]","""2023-10-27T19:58:19.873Z""","[0,1,1,1]","1","0","1","60","48","60","48","12","0","0","[""arrowleft"",""arrowright"",""arrowright"",""arrowright"",""arrowleft"",""arrowleft"",""arrowleft"",""arrowleft"",""arrowleft"",""arrowleft""]","[758,436,661,611,2433,664,475,187,147,146]","[58,44,38,48,56,61,52,53,54,56]","[58,0,0,0,56,61,52,53,54,56]","[[56.3291,60.5903]]","[1669]","[]","[]","1","[]","[]","[]","[]","vertical","","","",""
"","","","","","horizons-trial","121","1376946","0.0-117.0","","","","","","","10","[56,45,42,38,28,48,41,42,32,37]","[48,51,42,52,55,61,44,42,34,52]","""2023-10-27T19:58:27.819Z""","[1,1,0,0]","0","0","1","40","48","40","48","8","0","0","[""arrowright"",""arrowright"",""arrowleft"",""arrowleft"",""arrowright"",""arrowright"",""arrowright"",""arrowright"",""arrowright"",""arrowright""]","[1328,604,545,472,463,592,323,210,151,167]","[48,51,42,38,55,61,44,42,34,52]","[0,51,42,0,55,61,44,42,34,52]","[[74.3671,80.72919999999999]]","[2402]","[]","[]","1","[]","[]","[]","[]","vertical","","","",""
"","","","","","horizons-trial","122","1385091","0.0-118.0","","","","","","","10","[38,34,39,49,38,40,42,46,33,43]","[47,64,30,55,34,37,38,35,26,44]","""2023-10-27T19:58:35.965Z""","[0,1,0,0]","1","1","1","40","41","41","40","1","0","0","[""arrowleft"",""arrowright"",""arrowleft"",""arrowleft"",""arrowright"",""arrowright"",""arrowleft"",""arrowleft"",""arrowleft"",""arrowleft""]","[750,390,359,1103,811,1117,451,457,416,165]","[38,64,39,49,34,37,42,46,33,43]","[0,64,39,0,0,0,42,46,33,0]","[[65.1899,71.0069]]","[1554]","[]","[]","1","[]","[]","[]","[]","vertical","","","",""
"","","","","","horizons-trial","123","1391996","0.0-119.0","","","","","","","10","[32,68,53,30,53,40,49,34,53,34]","[51,54,48,73,70,67,76,58,65,73]","""2023-10-27T19:58:42.870Z""","[0,0,1,0]","1","1","1","60","48","48","60","12","0","0","[""arrowleft"",""arrowleft"",""arrowright"",""arrowleft"",""arrowright"",""arrowright"",""arrowright"",""arrowright"",""arrowright"",""arrowright""]","[707,367,347,631,951,746,225,146,163,132]","[32,68,48,30,70,67,76,58,65,73]","[0,68,0,0,70,67,76,58,65,73]","[[62.9747,58.5069]]","[1898]","[]","[]","1","[]","[]","[]","[]","vertical","","","",""
"","","","","","survey-html-form","124","1434865","0.0-120.0","42863","{""comments"":"" I would try to predict what would the remaining numbers be based on the revealed ones, mostly on the 10 choice.""}","","","","","","","","","","","","","","","","","","","","","","","","","","","","","","","","","","","","",""
"","","","","","survey-html-form","125","1464331","0.0-121.0","29465","{""comments"":"" I just answered honestly how I felt about the choice I did, based on predictions I made for average""}","","","","","","","","","","","","","","","","","","","","","","","","","","","","","","","","","","","","",""
"","","","","","survey-html-form","126","1492022","0.0-122.0","27689","{""comments"":"" I would compare if it would vary much between 5 only and 5-10 and find a common ground between those.""}","","","","","","","","","","","","","","","","","","","","","","","","","","","","","","","","","","","","",""
"","","","","","survey-html-form","127","1496717","0.0-123.0","4693","{""comments"":"" ""}","","","","","","","","","","","","","","","","","","","","","","","","","","","","","","","","","","","","","[{""event"":""focus"",""trial"":1,""time"":5241},{""event"":""blur"",""trial"":1,""time"":6756},{""event"":""focus"",""trial"":1,""time"":8939},{""event"":""fullscreenenter"",""trial"":2,""time"":17931}]"
