"success","timeout","failed_images","failed_audio","failed_video","trial_type","trial_index","time_elapsed","internal_node_id","rt","response","view_history","task","stimulus","question_order","horizon","rewards_L","rewards_R","date","forced_choices","r_info","r_side","r_h","r_mean","r_otherMean","r_mean_L","r_mean_R","r_difference","confidence_immediate_overall","confidence_question_order","key_presses","response_times","outcomes","outcomes_counted_points","confidence","confidence_rt","confidence_2","confidence_2_rt","screen_resolution","belief_confidence_1","belief_confidence_2","belief_confidence_3","belief_confidence_4","immediate_judgement_orientation","phase","responses","num_errors","interactions"
"true","false","[]","[]","[]","preload","0","368","0.0-0.0","","","","","","","","","","","","","","","","","","","","","","","","","","","","","","","","","","","","","","",""
"","","","","","survey-html-form","1","5116","0.0-1.0","4742","{""comments"":"" 64e0d6b839b0306275fb8168""}","","","","","","","","","","","","","","","","","","","","","","","","","","","","","","","","","","","","",""
"true","","","","","fullscreen","2","8144","0.0-2.0","","","","","","","","","","","","","","","","","","","","","","","","","","","","","","","","","","","","","","",""
"","","","","","instructions","3","268152","0.0-3.0","260007","","[{""page_index"":0,""viewing_time"":80954},{""page_index"":1,""viewing_time"":68600},{""page_index"":2,""viewing_time"":20932},{""page_index"":3,""viewing_time"":21280},{""page_index"":4,""viewing_time"":58128},{""page_index"":5,""viewing_time"":10112}]","Consent","","","","","","","","","","","","","","","","","","","","","","","","","","","","","","","","","","",""
"","","","","","html-button-response","4","289197","0.0-4.0","21043","0","","","<p>Declaration of consent for study participation:</p>
            <ul>
                <li> I was informed about the study 'Metacognition in a bandit task', its course, meaning, scope and risks, and I have read and understood the study information.</li>
                <li> I had the opportunity to clarify all open questions. </li>
                <li> I have the right to request further information about the study at any time.</li>
                <li> I voluntarily agree to participate in the study described in the study information provided.</li>
                <li> I have been informed that I may withdraw from this study at any time without incurring any disadvantage.</li>
            </ul>","","","","","","","","","","","","","","","","","","","","","","","","","","","","","","","","","",""
"","","","","","survey-multi-choice","5","376731","0.0-5.0","87530","{""firstDataProtectionQ"":""yes"",""secondDataProtectionQ"":""yes"",""thirdDataProtectionQ"":""yes"",""fourthDataProtectionQ"":""yes""}","","","","[0,1,2,3]","","","","","","","","","","","","","","","","","","","","","","","","","","","","","","","","",""
"","","","","","instructions","6","672613","0.0-6.0-0.0","295876","","[{""page_index"":0,""viewing_time"":15989},{""page_index"":1,""viewing_time"":15260},{""page_index"":2,""viewing_time"":13612},{""page_index"":3,""viewing_time"":42931},{""page_index"":4,""viewing_time"":22061},{""page_index"":5,""viewing_time"":3086},{""page_index"":4,""viewing_time"":23185},{""page_index"":5,""viewing_time"":11942},{""page_index"":6,""viewing_time"":8517},{""page_index"":7,""viewing_time"":15596},{""page_index"":8,""viewing_time"":12662},{""page_index"":9,""viewing_time"":39793},{""page_index"":10,""viewing_time"":51704},{""page_index"":11,""viewing_time"":19538}]","","","","","","","","","","","","","","","","","","","","","","","","","","","","","","","","","","","",""
"","","","","","horizons-trial","7","762502","0.0-6.0-1.0","","","","","","","5","[44,57,74,72,62]","[31,33,24,39,29]","""2023-09-15T20:36:14.321Z""","[1,0,1,1]","","","","","","","","","0","","[""arrowright"",""arrowleft"",""arrowright"",""arrowright"",""arrowright""]","[1182,842,605,644,1833]","[31,57,24,39,29]","[0,57,0,0,0]","[[50,100]]","[]","[]","[]","1","[]","[]","[]","[]","vertical","practice","","",""
"","","","","","horizons-trial","8","792025","0.0-6.0-2.0","","","","","","","10","[64,50,57,35,52,38,44,61,39,38]","[70,69,76,71,75,58,81,84,57,61]","""2023-09-15T20:36:43.913Z""","[0,0,1,1]","","","","","","","","","1","","[""arrowleft"",""arrowleft"",""arrowright"",""arrowright"",""arrowright"",""arrowright"",""arrowright"",""arrowright"",""arrowright"",""arrowright""]","[1246,535,971,1194,1875,2958,2615,941,516,1062]","[64,50,76,71,75,58,81,84,57,61]","[0,0,76,71,75,58,81,84,57,61]","[[99.7732,100]]","[]","[]","[]","1","[]","[]","[]","[]","vertical","practice","","",""
"","","","","","instructions","9","858978","0.0-6.0-3.0","66951","","[{""page_index"":0,""viewing_time"":2350},{""page_index"":1,""viewing_time"":43144},{""page_index"":2,""viewing_time"":17074},{""page_index"":3,""viewing_time"":4382}]","","","","","","","","","","","","","","","","","","","","","","","","","","","","","","","","","","","",""
"","","","","","horizons-comprehension","10","1079695","0.0-6.0-4.0","220702.80000007153","","","","","","","","","","","","","","","","","","","","","","","","","","","","","","","","","","","","[""true"",""true"",""false"",""true""]","0",""
"","","","","","instructions","11","1081470","0.0-7.0","1770","","[{""page_index"":0,""viewing_time"":1770}]","","","","","","","","","","","","","","","","","","","","","","","","","","","","","","","","","","","",""
"","","","","","horizons-trial","12","1100024","0.0-8.0","","","","","","","5","[74,80,57,56,44]","[34,40,40,31,40]","""2023-09-15T20:41:51.911Z""","[1,0,1,1]","1","1","0","40","60","60","40","20","0","0","[""arrowright"",""arrowleft"",""arrowright"",""arrowright"",""arrowright""]","[1039,903,989,1566,7149]","[34,80,40,31,40]","[0,80,0,0,0]","[[61.6656,50]]","[]","[]","[]","1","[]","[]","[]","[]","horizontal","","","",""
"","","","","","horizons-trial","13","1118112","0.0-9.0","","","","","","","5","[36,46,26,51,44]","[41,42,44,39,30]","""2023-09-15T20:42:09.999Z""","[1,0,0,1]","0","0","0","40","42","40","42","2","0","0","[""arrowright"",""arrowleft"",""arrowleft"",""arrowright"",""arrowright""]","[699,873,605,716,6658]","[41,46,26,39,30]","[41,46,0,0,0]","[[73.8496,50]]","[]","[]","[]","1","[]","[]","[]","[]","horizontal","","","",""
"","","","","","horizons-trial","14","1144697","0.0-10.0","","","","","","","10","[33,37,37,34,32,43,48,39,32,19]","[49,74,53,57,72,62,49,44,76,73]","""2023-09-15T20:42:36.585Z""","[1,1,1,0]","1","1","1","60","30","30","60","30","0","0","[""arrowright"",""arrowright"",""arrowright"",""arrowleft"",""arrowleft"",""arrowright"",""arrowright"",""arrowright"",""arrowright"",""arrowright""]","[765,851,433,690,2061,1138,737,1080,593,611]","[49,74,53,34,32,62,49,44,76,73]","[49,74,53,0,0,62,49,44,76,73]","[[44.0376,100]]","[]","[]","[]","1","[]","[]","[]","[]","horizontal","","","",""
"","","","","","horizons-trial","15","1156537","0.0-11.0","","","","","","","10","[53,61,65,60,62,54,58,46,49,66]","[62,56,65,61,73,68,62,64,54,56]","""2023-09-15T20:42:48.425Z""","[0,1,1,0]","0","1","1","60","58","58","60","2","0","0","[""arrowleft"",""arrowright"",""arrowright"",""arrowleft"",""arrowright"",""arrowright"",""arrowright"",""arrowright"",""arrowright"",""arrowright""]","[765,588,1023,764,1404,731,524,339,534,343]","[53,56,65,60,73,68,62,64,54,56]","[0,0,65,0,73,68,62,64,54,0]","[[86.8114,98.86265]]","[]","[]","[]","1","[]","[]","[]","[]","horizontal","","","",""
"","","","","","horizons-trial","16","1166040","0.0-12.0","","","","","","","5","[44,39,29,22,42]","[82,75,72,69,53]","""2023-09-15T20:42:57.928Z""","[0,1,1,1]","1","0","0","40","70","40","70","30","0","0","[""arrowleft"",""arrowright"",""arrowright"",""arrowright"",""arrowright""]","[590,540,675,1069,625]","[44,75,72,69,53]","[0,75,72,69,53]","[[100,50]]","[]","[]","[]","1","[]","[]","[]","[]","horizontal","","","",""
"","","","","","horizons-trial","17","1184522","0.0-13.0","","","","","","","10","[68,55,56,67,40,62,62,66,65,56]","[60,51,39,42,45,41,40,42,53,39]","""2023-09-15T20:43:16.410Z""","[0,0,1,0]","1","0","1","60","48","60","48","12","0","0","[""arrowleft"",""arrowleft"",""arrowright"",""arrowleft"",""arrowleft"",""arrowleft"",""arrowleft"",""arrowleft"",""arrowleft"",""arrowleft""]","[634,473,2183,823,825,724,602,551,1023,334]","[68,55,39,67,40,62,62,66,65,56]","[68,55,0,67,0,62,62,66,65,56]","[[96.1439,100]]","[]","[]","[]","1","[]","[]","[]","[]","horizontal","","","",""
"","","","","","horizons-trial","18","1191784","0.0-14.0","","","","","","","5","[59,35,36,44,44]","[21,34,44,49,34]","""2023-09-15T20:43:23.672Z""","[1,0,0,0]","1","1","0","40","41","41","40","1","0","0","[""arrowright"",""arrowleft"",""arrowleft"",""arrowleft"",""arrowleft""]","[621,476,437,583,1426]","[21,35,36,44,44]","[0,35,0,0,44]","[[96.9216,50]]","[]","[]","[]","1","[]","[]","[]","[]","horizontal","","","",""
"","","","","","horizons-trial","19","1201745","0.0-15.0","","","","","","","5","[59,54,41,54,35]","[43,53,52,38,54]","""2023-09-15T20:43:33.633Z""","[1,1,1,0]","1","0","0","60","48","60","48","12","0","0","[""arrowright"",""arrowright"",""arrowright"",""arrowleft"",""arrowright""]","[533,698,499,628,3060]","[43,53,52,54,54]","[0,0,52,54,54]","[[98.9955,50]]","[]","[]","[]","1","[]","[]","[]","[]","horizontal","","","",""
"","","","","","horizons-trial","20","1217415","0.0-16.0","","","","","","","10","[56,48,46,42,45,38,56,56,43,56]","[71,62,59,53,60,58,68,66,79,50]","""2023-09-15T20:43:49.303Z""","[0,1,0,1]","0","1","1","60","48","48","60","12","0","0","[""arrowleft"",""arrowright"",""arrowleft"",""arrowright"",""arrowright"",""arrowright"",""arrowleft"",""arrowright"",""arrowright"",""arrowright""]","[674,486,576,314,1665,1020,1536,1329,663,544]","[56,62,46,53,60,58,56,66,79,50]","[0,62,0,53,60,58,0,66,79,0]","[[51.0369,100]]","[]","[]","[]","1","[]","[]","[]","[]","horizontal","","","",""
"","","","","","horizons-trial","21","1230574","0.0-17.0","","","","","","","5","[41,37,31,50,48]","[46,42,39,37,43]","""2023-09-15T20:44:02.461Z""","[0,1,0,0]","1","0","0","40","44","40","44","4","0","0","[""arrowleft"",""arrowright"",""arrowleft"",""arrowleft"",""arrowleft""]","[628,407,549,558,3773]","[41,42,31,50,48]","[0,42,0,50,48]","[[97.6993,50]]","[]","[]","[]","1","[]","[]","[]","[]","horizontal","","","",""
"","","","","","horizons-trial","22","1237815","0.0-18.0","","","","","","","5","[40,24,43,26,32]","[54,63,49,45,58]","""2023-09-15T20:44:09.703Z""","[0,1,1,0]","0","1","0","60","30","30","60","30","0","0","[""arrowleft"",""arrowright"",""arrowright"",""arrowleft"",""arrowright""]","[752,525,857,952,634]","[40,63,49,26,58]","[0,63,49,0,58]","[[99.2547,50]]","[]","[]","[]","1","[]","[]","[]","[]","horizontal","","","",""
"","","","","","horizons-trial","23","1251814","0.0-19.0","","","","","","","10","[39,48,27,48,41,34,37,35,39,34]","[45,40,49,29,47,48,45,49,58,32]","""2023-09-15T20:44:23.702Z""","[1,0,1,1]","1","0","1","40","42","40","42","2","0","0","[""arrowright"",""arrowleft"",""arrowright"",""arrowright"",""arrowleft"",""arrowright"",""arrowright"",""arrowright"",""arrowleft"",""arrowright""]","[658,498,427,365,2265,1775,590,558,1903,951]","[45,48,49,29,41,48,45,49,39,32]","[45,48,49,0,0,48,45,49,0,0]","[[62.9618,98.86265]]","[]","[]","[]","1","[]","[]","[]","[]","horizontal","","","",""
"","","","","","horizons-trial","24","1262135","0.0-20.0","","","","","","","5","[31,28,36,45,36]","[39,43,36,45,45]","""2023-09-15T20:44:34.023Z""","[0,1,1,0]","0","1","0","40","42","42","40","2","0","0","[""arrowleft"",""arrowright"",""arrowright"",""arrowleft"",""arrowleft""]","[846,594,541,908,1309]","[31,43,36,45,36]","[0,43,36,45,0]","[[75.1458,50]]","[]","[]","[]","1","[]","[]","[]","[]","horizontal","","","",""
"","","","","","horizons-trial","25","1273359","0.0-21.0","","","","","","","10","[59,61,56,46,62,66,58,59,48,70]","[28,25,39,28,34,26,25,28,33,50]","""2023-09-15T20:44:45.247Z""","[0,1,0,1]","0","0","1","60","30","60","30","30","0","0","[""arrowleft"",""arrowright"",""arrowleft"",""arrowright"",""arrowleft"",""arrowleft"",""arrowleft"",""arrowleft"",""arrowleft"",""arrowleft""]","[874,535,689,375,1797,788,367,872,518,682]","[59,25,56,28,62,66,58,59,48,70]","[59,0,56,0,62,66,58,59,48,70]","[[97.1808,99.9125163]]","[]","[]","[]","1","[]","[]","[]","[]","horizontal","","","",""
"","","","","","horizons-trial","26","1290209","0.0-22.0","","","","","","","10","[37,39,44,32,45,30,38,27,27,44]","[44,47,47,51,56,43,57,46,46,46]","""2023-09-15T20:45:02.097Z""","[1,1,0,0]","0","0","1","40","48","40","48","8","0","0","[""arrowright"",""arrowright"",""arrowleft"",""arrowleft"",""arrowright"",""arrowright"",""arrowright"",""arrowright"",""arrowright"",""arrowright""]","[673,942,546,480,1180,1744,3440,635,430,420]","[44,47,44,32,56,43,57,46,46,46]","[44,47,0,0,56,43,57,46,46,46]","[[87.5891,97.81278]]","[]","[]","[]","1","[]","[]","[]","[]","horizontal","","","",""
"","","","","","horizons-trial","27","1298318","0.0-23.0","","","","","","","5","[68,55,67,57,59]","[66,63,52,58,53]","""2023-09-15T20:45:10.206Z""","[0,0,1,0]","1","0","0","60","59","60","59","1","0","0","[""arrowleft"",""arrowleft"",""arrowright"",""arrowleft"",""arrowleft""]","[1100,854,610,854,984]","[68,55,52,57,59]","[68,0,0,0,59]","[[98.9955,50]]","[]","[]","[]","1","[]","[]","[]","[]","horizontal","","","",""
"","","","","","horizons-trial","28","1306297","0.0-24.0","","","","","","","5","[58,32,38,40,39]","[82,67,54,67,63]","""2023-09-15T20:45:18.185Z""","[1,0,1,0]","0","0","0","40","70","40","70","30","0","0","[""arrowright"",""arrowleft"",""arrowright"",""arrowleft"",""arrowright""]","[613,467,371,1458,1623]","[82,32,54,40,63]","[82,0,54,0,63]","[[99.7732,50]]","[]","[]","[]","1","[]","[]","[]","[]","horizontal","","","",""
"","","","","","horizons-trial","29","1312968","0.0-25.0","","","","","","","5","[56,48,46,49,58]","[59,50,45,72,53]","""2023-09-15T20:45:24.856Z""","[1,0,1,1]","1","1","0","60","52","52","60","8","0","0","[""arrowright"",""arrowleft"",""arrowright"",""arrowright"",""arrowright""]","[548,285,381,607,712]","[59,48,45,72,53]","[59,0,0,72,0]","[[98.9955,50]]","[]","[]","[]","1","[]","[]","[]","[]","horizontal","","","",""
"","","","","","horizons-trial","30","1327396","0.0-26.0","","","","","","","10","[53,65,38,74,67,54,62,57,61,61]","[50,53,70,56,51,69,60,51,53,43]","""2023-09-15T20:45:39.283Z""","[0,0,1,0]","1","0","1","60","59","60","59","1","0","0","[""arrowleft"",""arrowleft"",""arrowright"",""arrowleft"",""arrowright"",""arrowleft"",""arrowleft"",""arrowleft"",""arrowleft"",""arrowleft""]","[591,328,467,630,1713,1353,1350,1786,584,374]","[53,65,70,74,51,54,62,57,61,61]","[53,65,70,74,0,0,62,57,61,61]","[[80.3305,78.3902]]","[]","[]","[]","1","[]","[]","[]","[]","horizontal","","","",""
"","","","","","horizons-trial","31","1349156","0.0-27.0","","","","","","","10","[65,70,42,62,70,49,68,55,63,54]","[41,46,32,38,52,51,38,47,44,48]","""2023-09-15T20:46:01.043Z""","[0,1,1,0]","0","1","1","40","60","60","40","20","0","0","[""arrowleft"",""arrowright"",""arrowright"",""arrowleft"",""arrowleft"",""arrowleft"",""arrowleft"",""arrowleft"",""arrowleft"",""arrowleft""]","[598,314,534,467,742,702,510,338,372,297]","[65,46,32,62,70,49,68,55,63,54]","[65,0,0,62,70,0,68,55,63,54]","[[74.8866,90.98863]]","[]","[]","[]","1","[]","[]","[]","[]","horizontal","","","",""
"","","","","","horizons-trial","32","1364497","0.0-28.0","","","","","","","10","[48,31,31,37,27,51,48,46,48,48]","[27,42,42,44,28,39,22,52,47,17]","""2023-09-15T20:46:16.385Z""","[0,1,0,1]","0","1","1","40","44","44","40","4","0","0","[""arrowleft"",""arrowright"",""arrowleft"",""arrowright"",""arrowright"",""arrowleft"",""arrowleft"",""arrowleft"",""arrowright"",""arrowright""]","[760,419,463,583,965,1174,629,875,1454,2416]","[48,42,31,44,28,51,48,46,47,17]","[48,42,0,44,28,51,48,0,0,0]","[[57.5178,83.3771]]","[]","[]","[]","1","[]","[]","[]","[]","horizontal","","","",""
"","","","","","horizons-trial","33","1373026","0.0-29.0","","","","","","","10","[51,50,54,68,62,50,34,39,44,52]","[41,74,57,57,63,74,63,43,70,55]","""2023-09-15T20:46:24.914Z""","[0,1,1,1]","1","1","1","60","48","48","60","12","0","0","[""arrowleft"",""arrowright"",""arrowright"",""arrowright"",""arrowright"",""arrowright"",""arrowright"",""arrowright"",""arrowright"",""arrowright""]","[944,480,557,610,473,490,270,346,335,483]","[51,74,57,57,63,74,63,43,70,55]","[51,74,57,0,63,74,63,43,70,55]","[[87.5891,99.125115]]","[]","[]","[]","1","[]","[]","[]","[]","horizontal","","","",""
"","","","","","horizons-trial","34","1389466","0.0-30.0","","","","","","","5","[55,49,47,61,63]","[50,54,60,56,62]","""2023-09-15T20:46:41.353Z""","[0,0,0,1]","1","0","0","60","56","60","56","4","0","0","[""arrowleft"",""arrowleft"",""arrowleft"",""arrowright"",""arrowleft""]","[1089,624,737,1226,3720]","[55,49,47,56,63]","[55,0,0,0,63]","[[97.6993,50]]","[]","[]","[]","1","[]","[]","[]","[]","horizontal","","","",""
"","","","","","horizons-trial","35","1398674","0.0-31.0","","","","","","","5","[54,49,69,57,68]","[49,47,42,30,50]","""2023-09-15T20:46:50.561Z""","[1,1,1,0]","1","1","0","40","52","52","40","12","0","0","[""arrowright"",""arrowright"",""arrowright"",""arrowleft"",""arrowright""]","[1328,478,291,731,3062]","[49,47,42,57,50]","[0,0,0,57,0]","[[68.6649,50]]","[]","[]","[]","1","[]","[]","[]","[]","horizontal","","","",""
"","","","","","horizons-trial","36","1407750","0.0-32.0","","","","","","","10","[55,59,65,53,42,62,46,52,49,50]","[60,58,60,43,46,65,72,60,68,62]","""2023-09-15T20:46:59.638Z""","[1,0,1,0]","0","1","1","60","56","56","60","4","0","0","[""arrowright"",""arrowleft"",""arrowright"",""arrowleft"",""arrowright"",""arrowright"",""arrowright"",""arrowright"",""arrowright"",""arrowright""]","[598,455,294,429,982,1515,387,257,299,273]","[60,59,60,53,46,65,72,60,68,62]","[60,59,0,53,46,65,72,60,68,62]","[[92.7738,99.9125163]]","[]","[]","[]","1","[]","[]","[]","[]","horizontal","","","",""
"","","","","","horizons-trial","37","1418702","0.0-33.0","","","","","","","10","[55,63,56,49,49,53,45,52,54,60]","[63,51,63,53,53,66,57,50,61,72]","""2023-09-15T20:47:10.589Z""","[0,1,0,1]","0","1","1","60","52","52","60","8","0","0","[""arrowleft"",""arrowright"",""arrowleft"",""arrowright"",""arrowleft"",""arrowleft"",""arrowleft"",""arrowleft"",""arrowleft"",""arrowleft""]","[786,321,507,459,1039,1215,531,2279,544,221]","[55,51,56,53,49,53,45,52,54,60]","[0,0,0,53,0,0,0,52,0,0]","[[58.814,98.86265]]","[]","[]","[]","1","[]","[]","[]","[]","horizontal","","","",""
"","","","","","horizons-trial","38","1426573","0.0-34.0","","","","","","","5","[48,30,51,50,38]","[50,56,50,54,55]","""2023-09-15T20:47:18.460Z""","[1,0,1,0]","0","0","0","40","52","40","52","12","0","0","[""arrowright"",""arrowleft"",""arrowright"",""arrowleft"",""arrowright""]","[579,585,303,398,1756]","[50,30,50,50,55]","[50,0,0,0,55]","[[96.1439,50]]","[]","[]","[]","1","[]","[]","[]","[]","horizontal","","","",""
"","","","","","horizons-trial","39","1435252","0.0-35.0","","","","","","","10","[29,34,33,30,45,33,34,51,49,42]","[51,50,43,45,40,49,37,58,45,47]","""2023-09-15T20:47:27.140Z""","[1,0,0,0]","1","0","1","40","44","40","44","4","0","0","[""arrowright"",""arrowleft"",""arrowleft"",""arrowleft"",""arrowright"",""arrowright"",""arrowright"",""arrowright"",""arrowright"",""arrowright""]","[783,277,330,784,1374,1082,320,527,223,263]","[51,34,33,30,40,49,37,58,45,47]","[51,0,0,0,0,49,37,58,0,47]","[[56.4809,100]]","[]","[]","[]","1","[]","[]","[]","[]","horizontal","","","",""
"","","","","","horizons-trial","40","1443712","0.0-36.0","","","","","","","10","[36,54,44,36,47,37,32,39,39,50]","[75,70,74,71,70,72,74,76,72,82]","""2023-09-15T20:47:35.599Z""","[0,0,1,1]","0","0","1","40","70","40","70","30","0","0","[""arrowleft"",""arrowleft"",""arrowright"",""arrowright"",""arrowright"",""arrowright"",""arrowright"",""arrowright"",""arrowright"",""arrowright""]","[575,423,408,514,957,749,283,227,189,307]","[36,54,74,71,70,72,74,76,72,82]","[0,0,74,71,70,72,74,76,72,82]","[[97.6993,99.387582]]","[]","[]","[]","1","[]","[]","[]","[]","horizontal","","","",""
"","","","","","horizons-trial","41","1453741","0.0-37.0","","","","","","","10","[48,58,46,35,51,60,45,50,53,38]","[53,61,64,65,66,59,62,67,57,67]","""2023-09-15T20:47:45.629Z""","[0,1,0,0]","1","1","1","60","52","52","60","8","0","0","[""arrowleft"",""arrowright"",""arrowleft"",""arrowleft"",""arrowright"",""arrowright"",""arrowright"",""arrowright"",""arrowright"",""arrowright""]","[575,431,584,293,1252,671,547,323,186,317]","[48,61,46,35,66,59,62,67,57,67]","[0,61,0,0,66,0,62,67,57,67]","[[60.3694,77.3403]]","[]","[]","[]","1","[]","[]","[]","[]","horizontal","","","",""
"","","","","","horizons-trial","42","1462719","0.0-38.0","","","","","","","10","[58,64,65,46,76,48,49,67,60,58]","[58,59,66,60,46,49,46,49,47,53]","""2023-09-15T20:47:54.607Z""","[1,1,0,0]","0","0","1","60","52","60","52","8","0","0","[""arrowright"",""arrowright"",""arrowleft"",""arrowleft"",""arrowleft"",""arrowleft"",""arrowleft"",""arrowleft"",""arrowleft"",""arrowleft""]","[478,374,395,397,1883,859,561,180,162,400]","[58,59,65,46,76,48,49,67,60,58]","[58,0,0,0,76,0,49,67,60,58]","[[21.2249,61.0674]]","[]","[]","[]","1","[]","[]","[]","[]","horizontal","","","",""
"","","","","","horizons-trial","43","1469671","0.0-39.0","","","","","","","10","[53,66,53,60,64,51,49,53,56,55]","[50,54,45,53,68,52,57,62,61,57]","""2023-09-15T20:48:01.559Z""","[0,1,0,0]","1","0","1","60","58","60","58","2","0","0","[""arrowleft"",""arrowright"",""arrowleft"",""arrowleft"",""arrowright"",""arrowright"",""arrowright"",""arrowright"",""arrowright"",""arrowright""]","[552,384,384,400,1029,648,167,162,141,145]","[53,54,53,60,68,52,57,62,61,57]","[53,0,53,60,68,52,57,62,61,57]","[[56.4809,70.5162]]","[]","[]","[]","1","[]","[]","[]","[]","horizontal","","","",""
"","","","","","horizons-trial","44","1476443","0.0-40.0","","","","","","","5","[43,35,45,35,56]","[38,31,34,31,53]","""2023-09-15T20:48:08.331Z""","[1,1,0,0]","0","1","0","40","48","48","40","8","0","0","[""arrowright"",""arrowright"",""arrowleft"",""arrowleft"",""arrowleft""]","[481,294,406,885,1113]","[38,31,45,35,56]","[0,0,45,35,56]","[[61.9248,50]]","[]","[]","[]","1","[]","[]","[]","[]","horizontal","","","",""
"","","","","","horizons-trial","45","1485840","0.0-41.0","","","","","","","10","[56,67,78,57,65,60,59,47,70,56]","[51,42,58,35,48,56,65,54,60,44]","""2023-09-15T20:48:17.728Z""","[1,1,0,1]","1","0","1","60","52","60","52","8","0","0","[""arrowright"",""arrowright"",""arrowleft"",""arrowright"",""arrowleft"",""arrowleft"",""arrowleft"",""arrowleft"",""arrowleft"",""arrowleft""]","[1078,586,473,466,1134,894,173,211,179,296]","[51,42,78,35,65,60,59,47,70,56]","[0,0,78,0,65,60,0,0,70,56]","[[67.628,86.7892]]","[]","[]","[]","1","[]","[]","[]","[]","horizontal","","","",""
"","","","","","horizons-trial","46","1496162","0.0-42.0","","","","","","","10","[41,39,40,48,28,49,54,26,44,45]","[47,33,35,30,41,44,47,37,44,31]","""2023-09-15T20:48:28.050Z""","[1,0,1,0]","0","0","1","40","41","40","41","1","0","0","[""arrowright"",""arrowleft"",""arrowright"",""arrowleft"",""arrowleft"",""arrowleft"",""arrowleft"",""arrowleft"",""arrowleft"",""arrowleft""]","[569,313,288,455,2732,612,198,183,158,185]","[47,39,35,48,28,49,54,26,44,45]","[47,39,0,48,0,49,54,0,44,45]","[[78.5159,97.02538]]","[]","[]","[]","1","[]","[]","[]","[]","horizontal","","","",""
"","","","","","horizons-trial","47","1507670","0.0-43.0","","","","","","","10","[24,38,44,37,30,48,44,45,41,37]","[50,58,49,60,57,66,61,63,53,61]","""2023-09-15T20:48:39.558Z""","[1,0,1,1]","1","1","1","60","40","40","60","20","0","0","[""arrowright"",""arrowleft"",""arrowright"",""arrowright"",""arrowright"",""arrowright"",""arrowleft"",""arrowright"",""arrowright"",""arrowright""]","[514,387,599,576,1417,1251,1503,882,466,439]","[50,38,49,60,57,66,44,63,53,61]","[50,0,49,60,57,66,0,63,53,61]","[[87.3299,100]]","[]","[]","[]","1","[]","[]","[]","[]","horizontal","","","",""
"","","","","","horizons-trial","48","1555581","0.0-44.0","","","","","","","10","[42,52,45,46,49,44,46,38,57,40]","[42,25,44,37,32,49,47,34,40,25]","""2023-09-15T20:49:27.469Z""","[1,0,1,0]","0","1","1","40","48","48","40","8","0","0","[""arrowright"",""arrowleft"",""arrowright"",""arrowleft"",""arrowleft"",""arrowleft"",""arrowleft"",""arrowleft"",""arrowleft"",""arrowleft""]","[624,383,496,654,2556,2132,330,315,216,723]","[42,52,44,46,49,44,46,38,57,40]","[42,52,0,46,49,0,0,38,57,40]","[[50.2592,100]]","[]","[]","[]","1","[]","[]","[]","[]","horizontal","","","",""
"","","","","","horizons-trial","49","1564569","0.0-45.0","","","","","","","10","[57,61,58,55,65,57,74,53,62,47]","[27,44,28,40,42,31,19,40,34,21]","""2023-09-15T20:49:36.457Z""","[0,1,0,1]","0","0","1","60","40","60","40","20","0","0","[""arrowleft"",""arrowright"",""arrowleft"",""arrowright"",""arrowleft"",""arrowleft"",""arrowleft"",""arrowleft"",""arrowleft"",""arrowleft""]","[761,463,307,433,746,717,288,182,177,183]","[57,44,58,40,65,57,74,53,62,47]","[57,0,58,0,65,57,74,53,62,47]","[[72.8127,99.9125163]]","[]","[]","[]","1","[]","[]","[]","[]","horizontal","","","",""
"","","","","","horizons-trial","50","1575092","0.0-46.0","","","","","","","5","[52,45,46,39,24]","[31,35,54,52,42]","""2023-09-15T20:49:46.979Z""","[1,1,0,0]","0","0","0","40","48","40","48","8","0","0","[""arrowright"",""arrowright"",""arrowleft"",""arrowleft"",""arrowleft""]","[954,673,383,303,942]","[31,35,46,39,24]","[0,0,0,0,0]","[[98.2178,50]]","[]","[]","[]","1","[]","[]","[]","[]","horizontal","","","",""
"","","","","","horizons-trial","51","1586449","0.0-47.0","","","","","","","10","[57,51,33,38,37,39,51,35,35,48]","[44,38,36,45,47,38,45,49,34,49]","""2023-09-15T20:49:58.337Z""","[1,1,0,0]","0","0","1","40","44","40","44","4","0","0","[""arrowright"",""arrowright"",""arrowleft"",""arrowleft"",""arrowright"",""arrowright"",""arrowright"",""arrowright"",""arrowright"",""arrowright""]","[753,393,434,332,1382,869,478,1502,207,344]","[44,38,33,38,47,38,45,49,34,49]","[0,0,0,0,47,0,0,49,0,49]","[[52.0739,82.5897]]","[]","[]","[]","1","[]","[]","[]","[]","horizontal","","","",""
"","","","","","horizons-trial","52","1615084","0.0-48.0","","","","","","","5","[74,54,59,55,58]","[59,63,50,62,51]","""2023-09-15T20:50:26.972Z""","[1,1,0,0]","0","0","0","60","58","60","58","2","0","0","[""arrowright"",""arrowright"",""arrowleft"",""arrowleft"",""arrowright""]","[937,474,499,732,1285]","[59,63,59,55,51]","[0,63,59,0,0]","[[73.3312,50]]","[]","[]","[]","1","[]","[]","[]","[]","horizontal","","","",""
"","","","","","horizons-trial","53","1625447","0.0-49.0","","","","","","","10","[45,58,59,47,55,65,51,62,53,47]","[54,57,34,40,42,48,19,34,33,39]","""2023-09-15T20:50:37.335Z""","[1,1,1,0]","1","1","1","40","52","52","40","12","0","0","[""arrowright"",""arrowright"",""arrowright"",""arrowleft"",""arrowright"",""arrowright"",""arrowright"",""arrowright"",""arrowright"",""arrowright""]","[903,357,286,445,959,1256,369,536,416,265]","[54,57,34,47,42,48,19,34,33,39]","[54,0,0,47,0,0,0,0,0,0]","[[79.0343,99.125115]]","[]","[]","[]","1","[]","[]","[]","[]","horizontal","","","",""
"","","","","","horizons-trial","54","1632795","0.0-50.0","","","","","","","5","[48,40,53,46,45]","[36,36,38,37,37]","""2023-09-15T20:50:44.683Z""","[0,1,1,1]","1","0","0","40","42","40","42","2","0","0","[""arrowleft"",""arrowright"",""arrowright"",""arrowright"",""arrowright""]","[492,260,520,595,2054]","[48,36,38,37,37]","[48,0,0,0,0]","[[62.4433,50]]","[]","[]","[]","1","[]","[]","[]","[]","horizontal","","","",""
"","","","","","horizons-trial","55","1650485","0.0-51.0","","","","","","","10","[32,41,37,38,41,48,37,38,32,38]","[66,66,76,81,65,80,66,79,71,67]","""2023-09-15T20:51:02.373Z""","[1,0,0,0]","1","0","1","40","70","40","70","30","0","0","[""arrowright"",""arrowleft"",""arrowleft"",""arrowleft"",""arrowright"",""arrowright"",""arrowright"",""arrowright"",""arrowright"",""arrowright""]","[553,338,507,830,585,3795,491,212,182,165]","[66,41,37,38,65,80,66,79,71,67]","[66,0,0,0,65,80,66,79,71,67]","[[26.6688,99.9125163]]","[]","[]","[]","1","[]","[]","[]","[]","horizontal","","","",""
"","","","","","horizons-trial","56","1658531","0.0-52.0","","","","","","","5","[68,54,60,61,74]","[51,69,52,51,38]","""2023-09-15T20:51:10.419Z""","[0,1,0,1]","0","0","0","60","56","60","56","4","0","0","[""arrowleft"",""arrowright"",""arrowleft"",""arrowright"",""arrowleft""]","[689,302,743,835,1906]","[68,69,60,51,74]","[68,69,60,0,74]","[[34.7051,50]]","[]","[]","[]","1","[]","[]","[]","[]","horizontal","","","",""
"","","","","","horizons-trial","57","1663593","0.0-53.0","","","","","","","5","[53,75,52,58,49]","[61,67,63,65,66]","""2023-09-15T20:51:15.481Z""","[0,0,1,1]","0","1","0","60","56","56","60","4","0","0","[""arrowleft"",""arrowleft"",""arrowright"",""arrowright"",""arrowleft""]","[530,399,611,775,501]","[53,75,63,65,49]","[0,75,63,65,0]","[[34.7051,50]]","[]","[]","[]","1","[]","[]","[]","[]","horizontal","","","",""
"","","","","","horizons-trial","58","1671675","0.0-54.0","","","","","","","5","[61,55,67,63,70]","[44,55,61,51,66]","""2023-09-15T20:51:23.563Z""","[1,0,1,1]","1","1","0","60","58","58","60","2","0","0","[""arrowright"",""arrowleft"",""arrowright"",""arrowright"",""arrowright""]","[597,321,299,402,2451]","[44,55,61,51,66]","[0,55,0,0,0]","[[52.0739,50]]","[]","[]","[]","1","[]","[]","[]","[]","horizontal","","","",""
"","","","","","horizons-trial","59","1679759","0.0-55.0","","","","","","","10","[35,33,37,36,43,42,49,34,51,48]","[69,52,78,70,56,63,55,71,73,73]","""2023-09-15T20:51:31.646Z""","[0,0,1,0]","1","0","1","40","60","40","60","20","0","0","[""arrowleft"",""arrowleft"",""arrowright"",""arrowleft"",""arrowright"",""arrowright"",""arrowright"",""arrowright"",""arrowright"",""arrowright""]","[757,330,376,373,530,1544,529,177,263,307]","[35,33,78,36,56,63,55,71,73,73]","[0,0,78,0,56,63,55,71,73,73]","[[72.035,99.125115]]","[]","[]","[]","1","[]","[]","[]","[]","horizontal","","","",""
"","","","","","horizons-trial","60","1691095","0.0-56.0","","","","","","","10","[36,43,58,57,45,36,42,31,37,48]","[43,37,56,42,41,37,57,51,33,62]","""2023-09-15T20:51:42.983Z""","[1,0,0,0]","1","0","1","40","48","40","48","8","0","0","[""arrowright"",""arrowleft"",""arrowleft"",""arrowleft"",""arrowright"",""arrowleft"",""arrowleft"",""arrowleft"",""arrowleft"",""arrowleft""]","[492,297,400,314,416,2720,675,412,280,267]","[43,43,58,57,41,36,42,31,37,48]","[43,43,58,57,0,0,0,0,37,0]","[[18.1141,63.1671]]","[]","[]","[]","1","[]","[]","[]","[]","horizontal","","","",""
"","","","","","horizons-trial","61","1700136","0.0-57.0","","","","","","","10","[34,28,36,43,35,52,43,37,31,42]","[53,62,54,60,64,56,49,54,59,56]","""2023-09-15T20:51:52.024Z""","[1,1,0,0]","0","0","1","40","60","40","60","20","0","0","[""arrowright"",""arrowright"",""arrowleft"",""arrowleft"",""arrowright"",""arrowright"",""arrowright"",""arrowright"",""arrowright"",""arrowright""]","[826,370,582,1171,1673,624,282,183,135,162]","[53,62,36,43,64,56,49,54,59,56]","[53,62,0,0,64,56,49,54,59,56]","[[85.7745,99.125115]]","[]","[]","[]","1","[]","[]","[]","[]","horizontal","","","",""
"","","","","","horizons-trial","62","1707871","0.0-58.0","","","","","","","5","[33,48,40,30,48]","[30,42,53,41,43]","""2023-09-15T20:51:59.759Z""","[0,1,0,0]","1","0","0","40","41","40","41","1","0","0","[""arrowleft"",""arrowright"",""arrowleft"",""arrowleft"",""arrowright""]","[565,349,377,1331,1937]","[33,42,40,30,43]","[33,0,0,0,0]","[[75.9235,50]]","[]","[]","[]","1","[]","[]","[]","[]","horizontal","","","",""
"","","","","","horizons-trial","63","1714806","0.0-59.0","","","","","","","5","[39,41,32,46,34]","[36,37,52,46,38]","""2023-09-15T20:52:06.694Z""","[0,1,0,1]","0","0","0","40","41","40","41","1","0","0","[""arrowleft"",""arrowright"",""arrowleft"",""arrowright"",""arrowright""]","[488,332,638,514,2029]","[39,37,32,46,38]","[39,0,0,46,38]","[[85.5152,50]]","[]","[]","[]","1","[]","[]","[]","[]","horizontal","","","",""
"","","","","","horizons-trial","64","1723668","0.0-60.0","","","","","","","10","[52,26,43,30,39,47,40,64,52,39]","[53,57,56,57,47,58,59,49,57,55]","""2023-09-15T20:52:15.556Z""","[1,1,0,1]","1","0","1","40","52","40","52","12","0","0","[""arrowright"",""arrowright"",""arrowleft"",""arrowright"",""arrowleft"",""arrowright"",""arrowright"",""arrowright"",""arrowright"",""arrowright""]","[593,412,329,400,368,841,311,222,118,165]","[53,57,43,57,39,58,59,49,57,55]","[53,57,0,57,0,58,59,0,57,55]","[[22.0026,98.33771]]","[]","[]","[]","1","[]","[]","[]","[]","horizontal","","","",""
"","","","","","horizons-trial","65","1733866","0.0-61.0","","","","","","","10","[37,34,52,45,41,40,49,34,35,42]","[54,54,49,53,59,51,58,49,62,50]","""2023-09-15T20:52:25.754Z""","[0,0,1,1]","0","0","1","40","52","40","52","12","0","0","[""arrowleft"",""arrowleft"",""arrowright"",""arrowright"",""arrowright"",""arrowright"",""arrowright"",""arrowright"",""arrowright"",""arrowright""]","[576,399,424,689,1394,645,302,167,162,329]","[37,34,49,53,59,51,58,49,62,50]","[0,0,0,53,59,51,58,49,62,50]","[[48.9631,99.125115]]","[]","[]","[]","1","[]","[]","[]","[]","horizontal","","","",""
"","","","","","horizons-trial","66","1744188","0.0-62.0","","","","","","","5","[52,57,43,60,58]","[44,35,45,33,35]","""2023-09-15T20:52:36.076Z""","[1,1,1,0]","1","0","0","60","30","60","30","30","0","0","[""arrowright"",""arrowright"",""arrowright"",""arrowleft"",""arrowleft""]","[597,678,555,932,2581]","[44,35,45,60,58]","[0,0,45,60,58]","[[68.1465,50]]","[]","[]","[]","1","[]","[]","[]","[]","horizontal","","","",""
"","","","","","horizons-trial","67","1750129","0.0-63.0","","","","","","","5","[71,57,55,76,64]","[56,58,63,69,49]","""2023-09-15T20:52:42.017Z""","[0,1,1,0]","0","0","0","60","59","60","59","1","0","0","[""arrowleft"",""arrowright"",""arrowright"",""arrowleft"",""arrowleft""]","[916,376,403,445,569]","[71,58,63,76,64]","[71,58,63,76,64]","[[90.6999,50]]","[]","[]","[]","1","[]","[]","[]","[]","horizontal","","","",""
"","","","","","horizons-trial","68","1761925","0.0-64.0","","","","","","","10","[45,53,37,51,41,39,47,55,54,56]","[55,36,33,33,15,35,32,40,50,43]","""2023-09-15T20:52:53.813Z""","[1,0,0,1]","0","1","1","40","52","52","40","12","0","0","[""arrowright"",""arrowleft"",""arrowleft"",""arrowright"",""arrowright"",""arrowleft"",""arrowleft"",""arrowleft"",""arrowleft"",""arrowleft""]","[564,318,703,1008,2130,1722,488,284,184,149]","[55,53,37,33,15,39,47,55,54,56]","[55,53,37,0,0,39,47,55,54,56]","[[55.1847,99.9125163]]","[]","[]","[]","1","[]","[]","[]","[]","horizontal","","","",""
"","","","","","horizons-trial","69","1769356","0.0-65.0","","","","","","","10","[51,53,56,42,48,59,56,64,62,53]","[21,39,35,26,25,24,26,44,30,19]","""2023-09-15T20:53:01.244Z""","[0,0,1,0]","1","0","1","60","30","60","30","30","0","0","[""arrowleft"",""arrowleft"",""arrowright"",""arrowleft"",""arrowleft"",""arrowleft"",""arrowleft"",""arrowleft"",""arrowleft"",""arrowleft""]","[482,422,381,524,1188,1075,202,383,165,208]","[51,53,35,42,48,59,56,64,62,53]","[51,53,0,42,48,59,56,64,62,53]","[[80.3305,100]]","[]","[]","[]","1","[]","[]","[]","[]","horizontal","","","",""
"","","","","","horizons-trial","70","1777710","0.0-66.0","","","","","","","10","[50,71,70,63,67,65,43,54,56,55]","[48,65,59,67,48,52,54,70,48,63]","""2023-09-15T20:53:09.598Z""","[1,0,0,1]","0","1","1","60","59","59","60","1","0","0","[""arrowright"",""arrowleft"",""arrowleft"",""arrowright"",""arrowleft"",""arrowleft"",""arrowleft"",""arrowleft"",""arrowleft"",""arrowleft""]","[455,699,733,570,364,716,188,149,157,158]","[48,71,70,67,67,65,43,54,56,55]","[0,71,70,67,67,65,0,0,56,0]","[[98.7362,99.9125163]]","[]","[]","[]","1","[]","[]","[]","[]","horizontal","","","",""
"","","","","","horizons-trial","71","1790384","0.0-67.0","","","","","","","10","[43,57,40,38,39,44,41,44,39,31]","[34,42,48,52,43,51,34,39,46,38]","""2023-09-15T20:53:22.272Z""","[1,0,1,1]","1","1","1","40","42","42","40","2","0","0","[""arrowright"",""arrowleft"",""arrowright"",""arrowright"",""arrowright"",""arrowleft"",""arrowright"",""arrowleft"",""arrowleft"",""arrowleft""]","[1059,361,399,469,971,2822,1259,856,436,432]","[34,57,48,52,43,44,34,44,39,31]","[0,57,48,52,43,0,0,44,0,0]","[[26.6688,98.33771]]","[]","[]","[]","1","[]","[]","[]","[]","horizontal","","","",""
"","","","","","horizons-trial","72","1800419","0.0-68.0","","","","","","","5","[46,43,33,31,44]","[52,66,54,71,63]","""2023-09-15T20:53:32.307Z""","[1,0,0,0]","1","0","0","40","60","40","60","20","0","0","[""arrowright"",""arrowleft"",""arrowleft"",""arrowleft"",""arrowright""]","[654,717,762,613,810]","[52,43,33,31,63]","[52,0,0,0,63]","[[67.8872,50]]","[]","[]","[]","1","[]","[]","[]","[]","horizontal","","","",""
"","","","","","horizons-trial","73","1816896","0.0-69.0","","","","","","","5","[72,73,56,60,53]","[75,55,65,56,63]","""2023-09-15T20:53:48.784Z""","[0,0,0,1]","1","1","0","60","59","59","60","1","0","0","[""arrowleft"",""arrowleft"",""arrowleft"",""arrowright"",""arrowleft""]","[2106,521,557,482,357]","[72,73,56,56,53]","[0,73,0,0,0]","[[100,50]]","[]","[]","[]","1","[]","[]","[]","[]","horizontal","","","",""
"","","","","","horizons-trial","74","1826382","0.0-70.0","","","","","","","10","[56,73,44,59,64,67,60,57,57,64]","[43,55,75,46,67,51,58,44,49,60]","""2023-09-15T20:53:58.270Z""","[1,0,1,1]","1","0","1","60","56","60","56","4","0","0","[""arrowright"",""arrowleft"",""arrowright"",""arrowright"",""arrowright"",""arrowleft"",""arrowleft"",""arrowleft"",""arrowleft"",""arrowleft""]","[1098,311,338,325,1119,687,795,359,179,174]","[43,73,75,46,67,67,60,57,57,64]","[0,73,75,0,67,67,60,57,57,64]","[[27.4465,99.9125163]]","[]","[]","[]","1","[]","[]","[]","[]","horizontal","","","",""
"","","","","","horizons-trial","75","1832522","0.0-71.0","","","","","","","5","[45,49,57,48,48]","[40,28,31,26,37]","""2023-09-15T20:54:04.410Z""","[0,0,1,0]","1","1","0","40","48","48","40","8","0","0","[""arrowleft"",""arrowleft"",""arrowright"",""arrowleft"",""arrowleft""]","[926,577,359,626,524]","[45,49,31,48,48]","[45,49,0,48,48]","[[99.7732,50]]","[]","[]","[]","1","[]","[]","[]","[]","horizontal","","","",""
"","","","","","horizons-trial","76","1838921","0.0-72.0","","","","","","","5","[51,40,45,49,29]","[58,71,69,52,52]","""2023-09-15T20:54:10.808Z""","[1,0,0,1]","0","0","0","40","60","40","60","20","0","0","[""arrowright"",""arrowleft"",""arrowleft"",""arrowright"",""arrowright""]","[650,354,405,951,433]","[58,40,45,52,52]","[58,0,0,52,52]","[[99.7732,50]]","[]","[]","[]","1","[]","[]","[]","[]","horizontal","","","",""
"","","","","","horizons-trial","77","1847593","0.0-73.0","","","","","","","5","[39,43,50,49,52]","[65,54,74,78,63]","""2023-09-15T20:54:19.481Z""","[0,1,0,0]","1","1","0","60","48","48","60","12","0","0","[""arrowleft"",""arrowright"",""arrowleft"",""arrowleft"",""arrowright""]","[562,285,348,368,1773]","[39,54,50,49,63]","[0,54,0,0,63]","[[79.5528,50]]","[]","[]","[]","1","[]","[]","[]","[]","horizontal","","","",""
"","","","","","horizons-trial","78","1853272","0.0-74.0","","","","","","","5","[27,43,29,30,43]","[56,54,42,63,63]","""2023-09-15T20:54:25.160Z""","[1,0,1,1]","1","0","0","40","52","40","52","12","0","0","[""arrowright"",""arrowleft"",""arrowright"",""arrowright"",""arrowright""]","[792,355,366,417,1293]","[56,43,42,63,63]","[56,0,42,63,63]","[[84.7375,50]]","[]","[]","[]","1","[]","[]","[]","[]","horizontal","","","",""
"","","","","","horizons-trial","79","1858985","0.0-75.0","","","","","","","5","[64,58,57,60,61]","[65,61,57,58,64]","""2023-09-15T20:54:30.873Z""","[1,1,0,0]","0","1","0","60","59","59","60","1","0","0","[""arrowright"",""arrowright"",""arrowleft"",""arrowleft"",""arrowright""]","[578,347,296,458,957]","[65,61,57,60,64]","[65,61,57,60,64]","[[98.7362,50]]","[]","[]","[]","1","[]","[]","[]","[]","horizontal","","","",""
"","","","","","horizons-trial","80","1866240","0.0-76.0","","","","","","","5","[76,66,73,58,72]","[45,42,42,47,34]","""2023-09-15T20:54:38.128Z""","[1,0,1,1]","1","1","0","40","70","70","40","30","0","0","[""arrowright"",""arrowleft"",""arrowright"",""arrowright"",""arrowleft""]","[742,263,290,432,674]","[45,66,42,47,72]","[0,66,0,0,72]","[[75.9235,50]]","[]","[]","[]","1","[]","[]","[]","[]","horizontal","","","",""
"","","","","","horizons-trial","81","1876833","0.0-77.0","","","","","","","10","[31,30,37,42,44,42,51,44,28,39]","[46,26,33,33,33,43,44,27,29,32]","""2023-09-15T20:54:48.721Z""","[1,0,1,1]","1","1","1","40","41","41","40","1","0","0","[""arrowright"",""arrowleft"",""arrowright"",""arrowright"",""arrowright"",""arrowleft"",""arrowleft"",""arrowleft"",""arrowleft"",""arrowleft""]","[668,298,331,453,893,1496,493,188,152,181]","[46,30,33,33,33,42,51,44,28,39]","[46,30,0,0,0,0,51,44,0,39]","[[60.6286,99.387582]]","[]","[]","[]","1","[]","[]","[]","[]","horizontal","","","",""
"","","","","","horizons-trial","82","1882768","0.0-78.0","","","","","","","5","[51,48,66,57,49]","[65,53,51,61,69]","""2023-09-15T20:54:54.656Z""","[1,0,1,1]","1","1","0","60","56","56","60","4","0","0","[""arrowright"",""arrowleft"",""arrowright"",""arrowright"",""arrowright""]","[570,300,314,947,519]","[65,48,51,61,69]","[65,0,0,61,69]","[[97.9585,50]]","[]","[]","[]","1","[]","[]","[]","[]","horizontal","","","",""
"","","","","","horizons-trial","83","1888926","0.0-79.0","","","","","","","5","[57,61,72,57,63]","[63,43,55,64,67]","""2023-09-15T20:55:00.814Z""","[1,1,1,0]","1","0","0","60","52","60","52","8","0","0","[""arrowright"",""arrowright"",""arrowright"",""arrowleft"",""arrowright""]","[530,354,305,1002,960]","[63,43,55,57,67]","[63,0,0,0,67]","[[98.2178,50]]","[]","[]","[]","1","[]","[]","[]","[]","horizontal","","","",""
"","","","","","horizons-trial","84","1896343","0.0-80.0","","","","","","","5","[65,36,58,44,51]","[64,53,62,50,63]","""2023-09-15T20:55:08.231Z""","[1,0,0,1]","0","1","0","60","48","48","60","12","0","0","[""arrowright"",""arrowleft"",""arrowleft"",""arrowright"",""arrowright""]","[559,338,695,954,1919]","[64,36,58,50,63]","[0,0,0,50,63]","[[77.2197,50]]","[]","[]","[]","1","[]","[]","[]","[]","horizontal","","","",""
"","","","","","horizons-trial","85","1918414","0.0-81.0","","","","","","","10","[43,55,61,53,44,48,43,41,65,34]","[36,34,28,33,48,45,26,22,27,41]","""2023-09-15T20:55:30.302Z""","[1,1,0,1]","1","1","1","40","48","48","40","8","0","0","[""arrowright"",""arrowright"",""arrowleft"",""arrowright"",""arrowleft"",""arrowleft"",""arrowleft"",""arrowleft"",""arrowleft"",""arrowleft""]","[703,342,371,486,1472,1529,197,161,167,165]","[36,34,61,33,44,48,43,41,65,34]","[0,0,61,0,0,48,43,41,65,0]","[[100,99.125115]]","[]","[]","[]","1","[]","[]","[]","[]","horizontal","","","",""
"","","","","","horizons-trial","86","1924653","0.0-82.0","","","","","","","5","[55,64,52,54,74]","[27,30,27,18,37]","""2023-09-15T20:55:36.541Z""","[0,0,1,1]","0","0","0","60","30","60","30","30","0","0","[""arrowleft"",""arrowleft"",""arrowright"",""arrowright"",""arrowleft""]","[540,336,469,456,421]","[55,64,27,18,74]","[55,64,0,0,74]","[[99.2547,50]]","[]","[]","[]","1","[]","[]","[]","[]","horizontal","","","",""
"","","","","","horizons-trial","87","1937384","0.0-83.0","","","","","","","10","[53,61,56,57,75,57,66,51,51,68]","[56,61,49,55,65,60,56,63,64,65]","""2023-09-15T20:55:49.271Z""","[1,1,0,1]","1","1","1","60","59","59","60","1","0","0","[""arrowright"",""arrowright"",""arrowleft"",""arrowright"",""arrowright"",""arrowright"",""arrowright"",""arrowleft"",""arrowright"",""arrowright""]","[733,387,552,1106,1208,1026,687,932,675,177]","[56,61,56,55,65,60,56,51,64,65]","[56,61,56,0,0,60,0,0,64,0]","[[62.4433,98.07525]]","[]","[]","[]","1","[]","[]","[]","[]","horizontal","","","",""
"","","","","","horizons-trial","88","1951913","0.0-84.0","","","","","","","10","[34,37,25,31,27,50,31,40,35,35]","[39,34,39,47,38,40,53,36,42,43]","""2023-09-15T20:56:03.801Z""","[0,0,0,1]","1","0","1","40","41","40","41","1","0","0","[""arrowleft"",""arrowleft"",""arrowleft"",""arrowright"",""arrowright"",""arrowright"",""arrowright"",""arrowright"",""arrowright"",""arrowright""]","[557,434,351,386,1451,561,222,168,174,419]","[34,37,25,47,38,40,53,36,42,43]","[0,37,0,47,38,0,53,0,42,43]","[[100,99.387582]]","[]","[]","[]","1","[]","[]","[]","[]","horizontal","","","",""
"","","","","","horizons-trial","89","1956562","0.0-85.0","","","","","","","5","[35,41,42,35,39]","[48,54,66,61,65]","""2023-09-15T20:56:08.450Z""","[0,1,1,1]","1","1","0","60","40","40","60","20","0","0","[""arrowleft"",""arrowright"",""arrowright"",""arrowright"",""arrowright""]","[564,343,347,538,470]","[35,54,66,61,65]","[0,54,66,61,65]","[[98.2178,50]]","[]","[]","[]","1","[]","[]","[]","[]","horizontal","","","",""
"","","","","","horizons-trial","90","1963388","0.0-86.0","","","","","","","10","[42,40,31,37,51,46,38,37,39,34]","[71,58,52,72,62,54,57,66,62,51]","""2023-09-15T20:56:15.276Z""","[1,1,0,0]","0","1","1","60","40","40","60","20","0","0","[""arrowright"",""arrowright"",""arrowleft"",""arrowleft"",""arrowright"",""arrowright"",""arrowright"",""arrowright"",""arrowright"",""arrowright""]","[540,290,465,351,406,542,206,142,176,157]","[71,58,31,37,62,54,57,66,62,51]","[71,58,0,0,62,54,57,66,62,51]","[[66.8503,99.9125163]]","[]","[]","[]","1","[]","[]","[]","[]","horizontal","","","",""
"","","","","","horizons-trial","91","1969660","0.0-87.0","","","","","","","5","[66,50,70,68,45]","[55,51,44,52,44]","""2023-09-15T20:56:21.548Z""","[0,0,1,1]","0","0","0","60","48","60","48","12","0","0","[""arrowleft"",""arrowleft"",""arrowright"",""arrowright"",""arrowleft""]","[789,445,346,1200,1423]","[66,50,44,52,45]","[66,0,0,0,45]","[[68.9242,50]]","[]","[]","[]","1","[]","[]","[]","[]","horizontal","","","",""
"","","","","","horizons-trial","92","1979611","0.0-88.0","","","","","","","10","[68,60,84,75,79,62,64,66,74,61]","[34,55,37,57,31,30,32,41,45,35]","""2023-09-15T20:56:31.499Z""","[1,1,0,1]","1","1","1","40","70","70","40","30","0","0","[""arrowright"",""arrowright"",""arrowleft"",""arrowright"",""arrowleft"",""arrowleft"",""arrowleft"",""arrowleft"",""arrowleft"",""arrowleft""]","[696,453,554,366,701,545,175,155,159,178]","[34,55,84,57,79,62,64,66,74,61]","[0,0,84,0,79,62,64,66,74,61]","[[78.2566,100]]","[]","[]","[]","1","[]","[]","[]","[]","horizontal","","","",""
"","","","","","horizons-trial","93","1989225","0.0-89.0","","","","","","","10","[47,53,58,67,46,38,55,60,60,59]","[71,64,66,49,57,68,57,69,63,70]","""2023-09-15T20:56:41.112Z""","[1,1,0,1]","1","1","1","60","56","56","60","4","0","0","[""arrowright"",""arrowright"",""arrowleft"",""arrowright"",""arrowleft"",""arrowright"",""arrowright"",""arrowright"",""arrowright"",""arrowright""]","[573,421,529,364,1308,861,275,188,134,160]","[71,64,58,49,46,68,57,69,63,70]","[71,64,0,0,0,68,57,69,63,70]","[[45.0745,97.81278]]","[]","[]","[]","1","[]","[]","[]","[]","horizontal","","","",""
"","","","","","horizons-trial","94","1998373","0.0-90.0","","","","","","","5","[39,60,53,47,55]","[57,38,36,31,47]","""2023-09-15T20:56:50.261Z""","[0,1,1,0]","0","1","0","40","44","44","40","4","0","0","[""arrowleft"",""arrowright"",""arrowright"",""arrowleft"",""arrowleft""]","[603,349,1812,998,2612]","[39,38,36,47,55]","[0,0,0,47,55]","[[85.7745,50]]","[]","[]","[]","1","[]","[]","[]","[]","horizontal","","","",""
"","","","","","horizons-trial","95","2009040","0.0-91.0","","","","","","","10","[41,40,65,32,32,46,39,44,39,38]","[26,37,45,52,43,34,36,51,36,44]","""2023-09-15T20:57:00.928Z""","[0,1,1,0]","0","1","1","40","42","42","40","2","0","0","[""arrowleft"",""arrowright"",""arrowright"",""arrowleft"",""arrowright"",""arrowright"",""arrowright"",""arrowright"",""arrowright"",""arrowright""]","[591,360,604,379,4718,546,189,117,164,179]","[41,37,45,32,43,34,36,51,36,44]","[41,0,0,0,43,0,0,51,0,44]","[[88.6261,100]]","[]","[]","[]","1","[]","[]","[]","[]","horizontal","","","",""
"","","","","","horizons-trial","96","2016749","0.0-92.0","","","","","","","10","[68,63,53,67,47,63,61,52,51,54]","[64,75,59,54,70,68,66,57,61,72]","""2023-09-15T20:57:08.637Z""","[0,0,1,0]","1","1","1","60","58","58","60","2","0","0","[""arrowleft"",""arrowleft"",""arrowright"",""arrowleft"",""arrowleft"",""arrowleft"",""arrowleft"",""arrowleft"",""arrowleft"",""arrowleft""]","[524,401,341,535,474,472,169,144,149,151]","[68,63,59,67,47,63,61,52,51,54]","[68,0,59,67,0,0,0,0,0,0]","[[97.6993,99.9125163]]","[]","[]","[]","1","[]","[]","[]","[]","horizontal","","","",""
"","","","","","horizons-trial","97","2028851","0.0-93.0","","","","","","","10","[70,71,74,64,57,62,56,66,55,55]","[34,49,44,49,46,34,28,37,48,28]","""2023-09-15T20:57:20.738Z""","[1,1,1,0]","1","1","1","40","60","60","40","20","0","0","[""arrowright"",""arrowright"",""arrowright"",""arrowleft"",""arrowleft"",""arrowleft"",""arrowleft"",""arrowleft"",""arrowleft"",""arrowleft""]","[892,1798,1870,569,604,587,183,182,176,273]","[34,49,44,64,57,62,56,66,55,55]","[0,0,0,64,57,62,56,66,55,55]","[[47.4076,100]]","[]","[]","[]","1","[]","[]","[]","[]","horizontal","","","",""
"","","","","","horizons-trial","98","2033895","0.0-94.0","","","","","","","5","[47,67,65,55,54]","[37,42,38,49,41]","""2023-09-15T20:57:25.782Z""","[0,0,1,0]","1","0","0","60","40","60","40","20","0","0","[""arrowleft"",""arrowleft"",""arrowright"",""arrowleft"",""arrowleft""]","[477,329,433,351,399]","[47,67,38,55,54]","[47,67,0,55,54]","[[97.6993,50]]","[]","[]","[]","1","[]","[]","[]","[]","horizontal","","","",""
"","","","","","horizons-trial","99","2044864","0.0-95.0","","","","","","","10","[52,35,34,44,44,44,42,36,34,47]","[32,57,40,45,41,34,38,48,44,47]","""2023-09-15T20:57:36.752Z""","[1,0,0,0]","1","1","1","40","44","44","40","4","0","0","[""arrowright"",""arrowleft"",""arrowleft"",""arrowleft"",""arrowright"",""arrowleft"",""arrowleft"",""arrowleft"",""arrowleft"",""arrowleft""]","[535,431,351,632,1266,1580,295,154,173,166]","[32,35,34,44,41,44,42,36,34,47]","[0,0,0,0,0,44,42,0,0,47]","[[25.6319,99.387582]]","[]","[]","[]","1","[]","[]","[]","[]","horizontal","","","",""
"","","","","","horizons-trial","100","2050486","0.0-96.0","","","","","","","5","[70,65,59,68,61]","[42,41,50,27,43]","""2023-09-15T20:57:42.374Z""","[1,0,0,1]","0","1","0","40","60","60","40","20","0","0","[""arrowright"",""arrowleft"",""arrowleft"",""arrowright"",""arrowleft""]","[756,375,328,464,390]","[42,65,59,27,61]","[0,65,59,0,61]","[[98.2178,50]]","[]","[]","[]","1","[]","[]","[]","[]","horizontal","","","",""
"","","","","","horizons-trial","101","2055965","0.0-97.0","","","","","","","5","[60,57,44,58,66]","[63,56,61,56,61]","""2023-09-15T20:57:47.853Z""","[1,0,1,0]","0","1","0","60","52","52","60","8","0","0","[""arrowright"",""arrowleft"",""arrowright"",""arrowleft"",""arrowright""]","[599,306,285,378,730]","[63,57,61,58,61]","[63,57,61,58,0]","[[98.7362,50]]","[]","[]","[]","1","[]","[]","[]","[]","horizontal","","","",""
"","","","","","horizons-trial","102","2062239","0.0-98.0","","","","","","","10","[64,70,66,80,67,84,89,70,73,71]","[44,28,37,39,32,45,44,42,34,34]","""2023-09-15T20:57:54.127Z""","[1,0,0,1]","0","1","1","40","70","70","40","30","0","0","[""arrowright"",""arrowleft"",""arrowleft"",""arrowright"",""arrowleft"",""arrowleft"",""arrowleft"",""arrowleft"",""arrowleft"",""arrowleft""]","[565,263,388,322,360,642,178,180,171,272]","[44,70,66,39,67,84,89,70,73,71]","[0,70,66,0,67,84,89,70,73,71]","[[98.9955,100]]","[]","[]","[]","1","[]","[]","[]","[]","horizontal","","","",""
"","","","","","horizons-trial","103","2069707","0.0-99.0","","","","","","","5","[59,52,68,60,62]","[44,52,56,62,48]","""2023-09-15T20:58:01.595Z""","[1,0,0,1]","0","0","0","60","52","60","52","8","0","0","[""arrowright"",""arrowleft"",""arrowleft"",""arrowright"",""arrowleft""]","[593,290,358,467,2293]","[44,52,68,62,62]","[0,52,68,62,62]","[[73.3312,50]]","[]","[]","[]","1","[]","[]","[]","[]","horizontal","","","",""
"","","","","","horizons-trial","104","2076500","0.0-100.0","","","","","","","5","[60,48,64,69,60]","[60,71,66,48,66]","""2023-09-15T20:58:08.387Z""","[1,0,0,1]","0","1","0","60","58","58","60","2","0","0","[""arrowright"",""arrowleft"",""arrowleft"",""arrowright"",""arrowleft""]","[549,281,369,1552,1559]","[60,48,64,48,60]","[60,0,0,0,0]","[[77.4789,50]]","[]","[]","[]","1","[]","[]","[]","[]","horizontal","","","",""
"","","","","","horizons-trial","105","2082551","0.0-101.0","","","","","","","5","[56,78,54,62,45]","[70,37,42,36,46]","""2023-09-15T20:58:14.439Z""","[1,0,0,1]","0","0","0","60","40","60","40","20","0","0","[""arrowright"",""arrowleft"",""arrowleft"",""arrowright"",""arrowleft""]","[506,233,330,1804,650]","[70,78,54,36,45]","[70,78,54,0,0]","[[90.6999,50]]","[]","[]","[]","1","[]","[]","[]","[]","horizontal","","","",""
"","","","","","horizons-trial","106","2088593","0.0-102.0","","","","","","","5","[59,37,28,45,48]","[38,33,37,43,44]","""2023-09-15T20:58:20.480Z""","[0,1,1,0]","0","1","0","40","41","41","40","1","0","0","[""arrowleft"",""arrowright"",""arrowright"",""arrowleft"",""arrowleft""]","[572,324,533,374,1207]","[59,33,37,45,48]","[59,0,37,45,48]","[[97.6993,50]]","[]","[]","[]","1","[]","[]","[]","[]","horizontal","","","",""
"","","","","","horizons-trial","107","2095091","0.0-103.0","","","","","","","5","[26,36,33,46,55]","[40,36,40,39,32]","""2023-09-15T20:58:26.979Z""","[1,1,0,1]","1","1","0","40","42","42","40","2","0","0","[""arrowright"",""arrowright"",""arrowleft"",""arrowright"",""arrowright""]","[526,319,277,585,1075]","[40,36,33,39,32]","[40,36,0,0,0]","[[98.7362,50]]","[]","[]","[]","1","[]","[]","[]","[]","horizontal","","","",""
"","","","","","horizons-trial","108","2104631","0.0-104.0","","","","","","","10","[58,63,61,43,51,75,46,64,49,51]","[40,33,35,41,28,36,29,29,24,40]","""2023-09-15T20:58:36.519Z""","[0,1,0,0]","1","0","1","60","40","60","40","20","0","0","[""arrowleft"",""arrowright"",""arrowleft"",""arrowleft"",""arrowright"",""arrowleft"",""arrowleft"",""arrowleft"",""arrowleft"",""arrowleft""]","[651,343,161,579,1521,684,379,180,165,192]","[58,33,61,43,28,75,46,64,49,51]","[58,0,61,43,0,75,46,64,49,51]","[[26.1504,98.86265]]","[]","[]","[]","1","[]","[]","[]","[]","horizontal","","","",""
"","","","","","horizons-trial","109","2111958","0.0-105.0","","","","","","","5","[46,50,46,58,57]","[30,35,38,30,30]","""2023-09-15T20:58:43.846Z""","[1,0,1,0]","0","1","0","40","52","52","40","12","0","0","[""arrowright"",""arrowleft"",""arrowright"",""arrowleft"",""arrowleft""]","[574,311,294,495,679]","[30,50,38,58,57]","[0,50,0,58,57]","[[99.2547,50]]","[]","[]","[]","1","[]","[]","[]","[]","horizontal","","","",""
"","","","","","horizons-trial","110","2116419","0.0-106.0","","","","","","","5","[39,59,47,38,47]","[60,63,71,63,55]","""2023-09-15T20:58:48.307Z""","[0,0,1,1]","0","1","0","60","40","40","60","20","0","0","[""arrowleft"",""arrowleft"",""arrowright"",""arrowright"",""arrowright""]","[499,322,386,556,459]","[39,59,71,63,55]","[0,0,71,63,55]","[[98.9955,50]]","[]","[]","[]","1","[]","[]","[]","[]","horizontal","","","",""
"","","","","","horizons-trial","111","2121876","0.0-107.0","","","","","","","5","[87,77,70,65,58]","[29,24,31,48,48]","""2023-09-15T20:58:53.764Z""","[0,0,1,1]","0","1","0","40","70","70","40","30","0","0","[""arrowleft"",""arrowleft"",""arrowright"",""arrowright"",""arrowleft""]","[469,267,393,581,434]","[87,77,31,48,58]","[87,77,0,0,58]","[[98.7362,50]]","[]","[]","[]","1","[]","[]","[]","[]","horizontal","","","",""
"","","","","","horizons-trial","112","2129940","0.0-108.0","","","","","","","10","[47,45,35,42,28,30,45,33,44,58]","[43,49,36,40,58,47,23,47,44,34]","""2023-09-15T20:59:01.828Z""","[1,1,0,0]","0","0","1","40","42","40","42","2","0","0","[""arrowright"",""arrowright"",""arrowleft"",""arrowleft"",""arrowright"",""arrowright"",""arrowright"",""arrowright"",""arrowright"",""arrowright""]","[681,449,321,296,1110,405,199,162,132,166]","[43,49,35,42,58,47,23,47,44,34]","[0,49,0,42,58,47,0,47,44,0]","[[44.2968,100]]","[]","[]","[]","1","[]","[]","[]","[]","horizontal","","","",""
"","","","","","horizons-trial","113","2137504","0.0-109.0","","","","","","","10","[65,52,51,67,46,48,69,48,62,57]","[45,61,47,53,73,57,31,60,56,43]","""2023-09-15T20:59:09.392Z""","[1,0,1,0]","0","0","1","60","58","60","58","2","0","0","[""arrowright"",""arrowleft"",""arrowright"",""arrowleft"",""arrowright"",""arrowright"",""arrowright"",""arrowright"",""arrowright"",""arrowright""]","[577,371,299,292,340,1725,198,157,177,161]","[45,52,47,67,73,57,31,60,56,43]","[0,0,0,67,73,57,0,60,0,0]","[[25.6319,100]]","[]","[]","[]","1","[]","[]","[]","[]","horizontal","","","",""
"","","","","","horizons-trial","114","2143162","0.0-110.0","","","","","","","5","[30,27,38,43,26]","[22,33,35,45,48]","""2023-09-15T20:59:15.050Z""","[1,1,0,0]","0","0","0","40","44","40","44","4","0","0","[""arrowright"",""arrowright"",""arrowleft"",""arrowleft"",""arrowleft""]","[525,396,497,468,913]","[22,33,38,43,26]","[0,33,38,0,0]","[[84.4783,50]]","[]","[]","[]","1","[]","[]","[]","[]","horizontal","","","",""
"","","","","","horizons-trial","115","2151349","0.0-111.0","","","","","","","10","[27,56,31,29,21,21,25,33,39,32]","[68,65,63,39,56,59,48,46,48,55]","""2023-09-15T20:59:23.237Z""","[1,1,0,0]","0","1","1","60","30","30","60","30","0","0","[""arrowright"",""arrowright"",""arrowleft"",""arrowleft"",""arrowright"",""arrowright"",""arrowright"",""arrowright"",""arrowright"",""arrowright""]","[1484,538,897,747,625,426,182,158,156,154]","[68,65,31,29,56,59,48,46,48,55]","[68,65,0,0,56,59,48,46,48,55]","[[98.9955,100]]","[]","[]","[]","1","[]","[]","[]","[]","horizontal","","","",""
"","","","","","horizons-trial","116","2156365","0.0-112.0","","","","","","","5","[33,28,38,17,29]","[63,78,56,54,65]","""2023-09-15T20:59:28.252Z""","[1,1,0,1]","1","1","0","60","30","30","60","30","0","0","[""arrowright"",""arrowright"",""arrowleft"",""arrowright"",""arrowright""]","[490,941,556,401,843]","[63,78,38,54,65]","[63,78,0,54,65]","[[98.9955,50]]","[]","[]","[]","1","[]","[]","[]","[]","horizontal","","","",""
"","","","","","horizons-trial","117","2165234","0.0-113.0","","","","","","","10","[53,47,49,44,44,38,42,45,47,45]","[59,43,34,26,45,25,35,36,35,37]","""2023-09-15T20:59:37.122Z""","[1,1,0,0]","0","1","1","40","41","41","40","1","0","0","[""arrowright"",""arrowright"",""arrowleft"",""arrowleft"",""arrowright"",""arrowright"",""arrowright"",""arrowright"",""arrowright"",""arrowright""]","[571,269,389,448,1794,547,211,232,198,175]","[59,43,49,44,45,25,35,36,35,37]","[59,0,49,44,45,0,0,0,0,0]","[[66.8503,99.9125163]]","[]","[]","[]","1","[]","[]","[]","[]","horizontal","","","",""
"","","","","","horizons-trial","118","2183451","0.0-114.0","","","","","","","10","[80,59,50,53,75,49,58,63,61,65]","[64,50,72,66,52,57,61,56,48,53]","""2023-09-15T20:59:55.339Z""","[0,1,0,1]","0","0","1","60","56","60","56","4","0","0","[""arrowleft"",""arrowright"",""arrowleft"",""arrowright"",""arrowleft"",""arrowright"",""arrowleft"",""arrowleft"",""arrowleft"",""arrowleft""]","[657,306,500,398,1121,8477,857,2223,253,233]","[80,50,50,66,75,57,58,63,61,65]","[80,0,0,66,75,57,0,63,61,65]","[[48.4446,100]]","[]","[]","[]","1","[]","[]","[]","[]","horizontal","","","",""
"","","","","","horizons-trial","119","2189697","0.0-115.0","","","","","","","5","[56,50,58,54,43]","[51,61,56,63,62]","""2023-09-15T21:00:01.584Z""","[1,0,0,0]","1","0","0","60","58","60","58","2","0","0","[""arrowright"",""arrowleft"",""arrowleft"",""arrowleft"",""arrowleft""]","[624,364,1222,585,769]","[51,50,58,54,43]","[0,0,58,0,0]","[[85.7745,50]]","[]","[]","[]","1","[]","[]","[]","[]","horizontal","","","",""
"","","","","","horizons-trial","120","2215228","0.0-116.0","","","","","","","10","[61,63,56,52,69,58,50,63,50,61]","[44,62,60,57,59,42,32,44,64,49]","""2023-09-15T21:00:27.116Z""","[1,0,0,1]","0","0","1","60","48","60","48","12","0","0","[""arrowright"",""arrowleft"",""arrowleft"",""arrowright"",""arrowleft"",""arrowleft"",""arrowleft"",""arrowleft"",""arrowleft"",""arrowleft""]","[784,518,396,584,775,875,191,176,167,174]","[44,63,56,57,69,58,50,63,50,61]","[0,63,0,57,69,58,50,63,0,61]","[[15.0032,99.125115]]","[]","[]","[]","1","[]","[]","[]","[]","horizontal","","","",""
"","","","","","horizons-trial","121","2224402","0.0-117.0","","","","","","","10","[53,68,68,65,49,50,46,53,64,55]","[48,66,52,60,69,55,62,51,56,53]","""2023-09-15T21:00:36.290Z""","[0,0,1,1]","0","0","1","60","59","60","59","1","0","0","[""arrowleft"",""arrowleft"",""arrowright"",""arrowright"",""arrowleft"",""arrowleft"",""arrowleft"",""arrowleft"",""arrowleft"",""arrowleft""]","[952,326,345,584,1881,757,177,169,171,144]","[53,68,52,60,49,50,46,53,64,55]","[53,68,0,0,0,0,0,53,64,55]","[[34.9644,99.387582]]","[]","[]","[]","1","[]","[]","[]","[]","horizontal","","","",""
"","","","","","horizons-trial","122","2232087","0.0-118.0","","","","","","","5","[46,41,51,60,42]","[48,41,39,45,42]","""2023-09-15T21:00:43.975Z""","[1,0,0,0]","1","1","0","40","44","44","40","4","0","0","[""arrowright"",""arrowleft"",""arrowleft"",""arrowleft"",""arrowleft""]","[956,240,563,454,2817]","[48,41,51,60,42]","[48,41,51,60,42]","[[78.2566,50]]","[]","[]","[]","1","[]","[]","[]","[]","horizontal","","","",""
"","","","","","horizons-trial","123","2236955","0.0-119.0","","","","","","","5","[43,38,47,35,52]","[33,44,45,56,52]","""2023-09-15T21:00:48.843Z""","[1,1,1,0]","1","0","0","40","48","40","48","8","0","0","[""arrowright"",""arrowright"",""arrowright"",""arrowleft"",""arrowright""]","[613,315,322,550,836]","[33,44,45,35,52]","[0,44,0,0,52]","[[97.1808,50]]","[]","[]","[]","1","[]","[]","[]","[]","horizontal","","","",""
"","","","","","survey-html-form","124","2297649","0.0-120.0","60689","{""comments"":"" yes, i made sure to find the rough average with the 5 choice. then with the 10 choices I felt like i guessed more as it was harder to determine which bandits had a greater average""}","","","","","","","","","","","","","","","","","","","","","","","","","","","","","","","","","","","","",""
"","","","","","survey-html-form","125","2342910","0.0-121.0","45260","{""comments"":"" made sure to find the rough sum estimate which made me more confident in my decisions\n""}","","","","","","","","","","","","","","","","","","","","","","","","","","","","","","","","","","","","",""
"","","","","","survey-html-form","126","2417568","0.0-122.0","74657","{""comments"":"" just making sure i had chosen the right bandit with the greater amount\n""}","","","","","","","","","","","","","","","","","","","","","","","","","","","","","","","","","","","","",""
"","","","","","survey-html-form","127","2421054","0.0-123.0","3485","{""comments"":"" ""}","","","","","","","","","","","","","","","","","","","","","","","","","","","","","","","","","","","","","[{""event"":""fullscreenenter"",""trial"":2,""time"":7205},{""event"":""blur"",""trial"":5,""time"":348522},{""event"":""focus"",""trial"":5,""time"":365895},{""event"":""fullscreenexit"",""trial"":5,""time"":365900},{""event"":""blur"",""trial"":6,""time"":483190},{""event"":""focus"",""trial"":6,""time"":485009}]"
