"success","timeout","failed_images","failed_audio","failed_video","trial_type","trial_index","time_elapsed","internal_node_id","rt","response","stimulus","view_history","horizon","rewards_L","rewards_R","date","forced_choices","r_info","r_side","r_h","r_mean","r_otherMean","r_mean_L","r_mean_R","r_difference","confidence_immediate_overall","confidence_question_order","key_presses","response_times","outcomes","outcomes_counted_points","confidence","confidence_rt","confidence_2","confidence_2_rt","screen_resolution","belief_confidence_1","belief_confidence_2","belief_confidence_3","belief_confidence_4","immediate_judgement_orientation","phase","responses","num_errors","interactions"
"true","false","[]","[]","[]","preload","0","703","0.0-0.0","","","","","","","","","","","","","","","","","","","","","","","","","","","","","","","","","","","","",""
"","","","","","survey-html-form","1","4543","0.0-1.0","3838","{""comments"":"" 63db6fc95731ea1965e7efeb""}","","","","","","","","","","","","","","","","","","","","","","","","","","","","","","","","","","",""
"true","","","","","fullscreen","2","9194","0.0-2.0","","","","","","","","","","","","","","","","","","","","","","","","","","","","","","","","","","","","",""
"","","","","","html-button-response","3","18835","0.0-3.0","9638","0","
      <h1>Consent to Participate in the Learning and Cognitive Control Study</h1>

      <p>This is a psychology experiment being conducted by Dr. Peter Dayan, 
      director of the Max Planck Institute for Biological Cybernetics, and the 
      members of his lab. In order to consent to participate, you MUST meet the 
      following criteria:</p>

      <p>
      - 18 years of age or older<br>
      - Fluent speaker of English<br>
      - Have not previously participated in this experiment<br></p>

      <p>This study is designed to look at how people learn how to make decisions 
      to accomplish their goals. In this task, you will be asked to make choices, 
      play games, and answer questions related to those games. The study will take 
      about 45 minutes. </p> 

      <p>Your participation in this research is voluntary. You may refrain from 
      answering any questions that make you uncomfortable and may withdraw your 
      participation at any time without penalty by exiting this task and alerting 
      the experimenter. You may choose not to complete certain parts of the task 
      or answer certain questions. You may contact us at the address provided 
      below if you have additional questions or concerns.</p> 

      <p>Other than monetary compensation, participating in this study will 
      provide no direct benefits to you. But we hope that this research will 
      benefit society at large by contributing towards establishing a scientific 
      foundation for improving people's learning and cognitive control abilities.</p>

      <p>Your online username may be connected to your individual responses, but 
      we will not be asking for any additional personally identifying information, 
      and we will handle responses as confidentially as possible. We cannot however 
      guarantee the confidentiality of information transmitted over the Internet. 
      We will be keeping de-identified data collected as part of this experiment 
      indefinitely. Data used in scientific publications will remain completely 
      anonymous.</p>

      <p>If you have any questions about the study, feel free to contact our lab. 
      Dr. Dayan and his lab members can be reached at <a href='mailto:kyblab.tuebingen@gmail.com'>kyblab.tuebingen@gmail.com</a></p>
      
      <p>By selecting the â€œconsentâ€ option below, I acknowledge that I am 18 or older, that I am a fluent speaker of
            English, that I have read this consent form, and that I agree to take part in the research.</p>","","","","","","","","","","","","","","","","","","","","","","","","","","","","","","","","","",""
"","","","","","html-button-response","4","25080","0.0-4.0","6243","0","<h1>Legal Declaration of Consent under Data Protection Law</h1>
    <p><a target=""_blank"" rel=""noopener noreferrer"" href=""https://kyblab.tuebingen.mpg.de/fma/dataprotection.pdf"">Please click here to view our Data Protection Information Sheet, yours to keep.</a></p>
    <p>I have received and took note of the written Data Protection Information Sheet for this study. In doing so, I had sufficient time and opportunity to ask questions about data protection and reconsider my participation in the study. </p>
    <p>I am aware that:</p>
    <ul>
        <li>the processing and use of the collected data occur in a pseudonymized form within the scope of the legally prescribed provisions.
            As a general rule, the storage occurs in the form of questionnaires, as well as on electronic data media, for 10 years
            or longer, if this is required by the purpose of the study.</li>
        <li>by providing further personal data in pseudonymized form, collected personal data may be used for the preparation of anonymized
            scientific research work and may also be published and used in an anonymized form in medical journals, scientific publications
            and publicly accessible scientific databases, so that a direct assignment to my person cannot be established.</li>
        <li>the information obtained during this study may also be sent in an anonymized form to cooperation partners within the
            scope of the European General Data Protection Regulation for scientific purposes and to cooperation partners outside of the
            European Union, i.e. to countries with a lower data protection level (this also applies to the USA).</li>
        <li>the data collected within the scope of the study can also be used and processed in the future inside of the Institute.</li>
    </ul>
    <p>I was informed about my rights, that at any time:</p>
    <ul>
          <li>I can withdraw this declaration of consent.</li>
          <li>I can request information about my stored data and request the correction or blocking of data.</li>
          <li>by cancellation of my participation in the study, I can request that my personal data collected until that time are immediately deleted or anonymized.</li>
          <li>I can request that my data are handed out to me or to third parties (if technically feasible).</li>
    </ul>

    <p>I herewith declare that:</p>
    <ul>
          <li>I have been adequately informed about the collection and processing of my data and rights.</li>
          <li>I consent to the collection and processing of personal data within the scope of the study and its pseudonymized disclosure so that
            only the persons conducting the study can establish a link between the data and my person.</li>
    </ul>
    <p>By selecting the consent option below, I agree to participate in online studies or experiments using learning, and I consent to the use of my data described in the Data Protection Information Sheet and confirm having received a copy of the Data Protection Sheet.</p>
    <p>Note: If you do not consent to participate in this study or have your data used as outlined in the Data Protection Information Sheet, then this experiment will now close and you will not proceed any further. No information about you will be retained. </p>
    <br><br>","","","","","","","","","","","","","","","","","","","","","","","","","","","","","","","","","",""
"","","","","","instructions","5","216813","0.0-5.0-0.0","191731","","","[{""page_index"":0,""viewing_time"":3855},{""page_index"":1,""viewing_time"":9360},{""page_index"":2,""viewing_time"":10979},{""page_index"":3,""viewing_time"":18229},{""page_index"":4,""viewing_time"":42620},{""page_index"":5,""viewing_time"":4888},{""page_index"":6,""viewing_time"":6301},{""page_index"":7,""viewing_time"":12263},{""page_index"":8,""viewing_time"":7035},{""page_index"":9,""viewing_time"":24622},{""page_index"":10,""viewing_time"":42505},{""page_index"":11,""viewing_time"":9072}]","","","","","","","","","","","","","","","","","","","","","","","","","","","","","","","","",""
"","","","","","horizons-trial","6","251044","0.0-5.0-1.0","","","","","5","[44,57,74,72,62]","[31,33,24,39,29]","""2023-06-15T17:20:05.376Z""","[1,0,1,1]","","","","","","","","","0","","[""arrowright"",""arrowleft"",""arrowright"",""arrowright"",""arrowleft""]","[5873,7301,1510,2846,4506]","[31,57,24,39,62]","[0,57,0,0,62]","[[50,68.40129999999999]]","[]","[]","[]","1","[]","[]","[]","[]","vertical","practice","","",""
"","","","","","horizons-trial","7","298874","0.0-5.0-2.0","","","","","10","[64,50,57,35,52,38,44,61,39,38]","[70,69,76,71,75,58,81,84,57,61]","""2023-06-15T17:20:53.207Z""","[0,0,1,1]","","","","","","","","","1","","[""arrowleft"",""arrowleft"",""arrowright"",""arrowright"",""arrowleft"",""arrowright"",""arrowright"",""arrowright"",""arrowright"",""arrowright""]","[3343,1994,1671,2973,2515,7452,1503,1330,1917,2261]","[64,50,76,71,52,58,81,84,57,61]","[0,0,76,71,0,58,81,84,57,61]","[[57.8087,97.33702]]","[]","[]","[]","1","[]","[]","[]","[]","vertical","practice","","",""
"","","","","","instructions","8","333398","0.0-5.0-3.0","34519","","","[{""page_index"":0,""viewing_time"":4238},{""page_index"":1,""viewing_time"":21639},{""page_index"":2,""viewing_time"":5130},{""page_index"":3,""viewing_time"":3513}]","","","","","","","","","","","","","","","","","","","","","","","","","","","","","","","","",""
"","","","","","horizons-comprehension","9","348327","0.0-5.0-4.0","14925.5","","","","","","","","","","","","","","","","","","","","","","","","","","","","","","","","","","[""true"",""false"",""false"",""true""]","0",""
"","","","","","instructions","10","357142","0.0-6.0","8807","","","[{""page_index"":0,""viewing_time"":8807}]","","","","","","","","","","","","","","","","","","","","","","","","","","","","","","","","",""
"","","","","","horizons-trial","11","390080","0.0-7.0","","","","","10","[43,74,65,80,58,60,43,44,63,47]","[58,60,53,45,71,55,65,49,55,69]","""2023-06-15T17:22:24.412Z""","[1,1,0,1]","1","1","1","60","59","59","60","1","0","0","[""arrowright"",""arrowright"",""arrowleft"",""arrowright"",""arrowleft"",""arrowleft"",""arrowleft"",""arrowright"",""arrowright"",""arrowright""]","[1699,1065,6869,1825,3155,5793,1916,1186,1091,2543]","[58,60,65,45,58,60,43,49,55,69]","[58,0,65,0,0,60,0,49,0,69]","[[0.219615,85.7627]]","[]","[]","[]","1","[]","[]","[]","[]","vertical","","","",""
"","","","","","horizons-trial","12","407653","0.0-8.0","","","","","5","[48,60,58,62,57]","[49,57,66,64,63]","""2023-06-15T17:22:41.986Z""","[0,0,1,0]","1","1","0","60","56","56","60","4","0","0","[""arrowleft"",""arrowleft"",""arrowright"",""arrowleft"",""arrowleft""]","[1276,879,902,942,2239]","[48,60,66,62,57]","[0,60,66,0,0]","[[50,72.0183]]","[]","[]","[]","1","[]","[]","[]","[]","vertical","","","",""
"","","","","","horizons-trial","13","425376","0.0-9.0","","","","","10","[63,46,68,44,45,44,39,55,50,52]","[72,62,60,54,56,63,74,76,53,65]","""2023-06-15T17:22:59.709Z""","[1,0,1,0]","0","1","1","60","52","52","60","8","0","0","[""arrowright"",""arrowleft"",""arrowright"",""arrowleft"",""arrowright"",""arrowright"",""arrowright"",""arrowright"",""arrowright"",""arrowleft""]","[1325,911,990,756,1152,2828,884,663,690,1160]","[72,46,60,44,56,63,74,76,53,52]","[72,0,0,0,56,63,74,76,53,0]","[[0,23.9127]]","[]","[]","[]","1","[]","[]","[]","[]","vertical","","","",""
"","","","","","horizons-trial","14","448969","0.0-10.0","","","","","10","[49,54,57,50,56,39,50,51,53,61]","[59,57,53,74,43,54,51,55,56,60]","""2023-06-15T17:23:23.302Z""","[0,0,0,1]","1","1","1","60","52","52","60","8","0","0","[""arrowleft"",""arrowleft"",""arrowleft"",""arrowright"",""arrowright"",""arrowright"",""arrowright"",""arrowleft"",""arrowleft"",""arrowleft""]","[1567,489,597,1402,975,3870,787,910,1242,801]","[49,54,57,74,43,54,51,51,53,61]","[0,0,57,74,0,54,51,0,0,61]","[[21.0428,0]]","[]","[]","[]","1","[]","[]","[]","[]","vertical","","","",""
"","","","","","horizons-trial","15","462571","0.0-11.0","","","","","5","[39,40,37,32,25]","[44,66,45,48,45]","""2023-06-15T17:23:36.903Z""","[0,1,1,1]","1","0","0","40","52","40","52","12","0","0","[""arrowleft"",""arrowright"",""arrowright"",""arrowright"",""arrowleft""]","[1433,902,811,706,1332]","[39,66,45,48,25]","[0,66,45,48,0]","[[50,45.6144]]","[]","[]","[]","1","[]","[]","[]","[]","vertical","","","",""
"","","","","","horizons-trial","16","472897","0.0-12.0","","","","","5","[47,39,40,48,49]","[48,42,42,38,30]","""2023-06-15T17:23:47.230Z""","[0,0,1,0]","1","1","0","40","48","48","40","8","0","0","[""arrowleft"",""arrowleft"",""arrowright"",""arrowleft"",""arrowright""]","[2135,537,1071,720,540]","[47,39,42,48,30]","[0,0,42,48,0]","[[50,64.061]]","[]","[]","[]","1","[]","[]","[]","[]","vertical","","","",""
"","","","","","horizons-trial","17","493180","0.0-13.0","","","","","10","[56,62,64,68,52,64,49,49,60,55]","[51,65,57,56,46,43,65,51,39,53]","""2023-06-15T17:24:07.513Z""","[1,0,0,0]","1","0","1","60","52","60","52","8","0","0","[""arrowright"",""arrowleft"",""arrowleft"",""arrowleft"",""arrowleft"",""arrowright"",""arrowright"",""arrowright"",""arrowright"",""arrowright""]","[1515,828,805,1038,1089,2944,708,676,1143,1057]","[51,62,64,68,52,43,65,51,39,53]","[0,0,64,68,52,0,65,51,0,0]","[[25.9232,0]]","[]","[]","[]","1","[]","[]","[]","[]","vertical","","","",""
"","","","","","horizons-trial","18","512048","0.0-14.0","","","","","10","[54,51,59,44,53,48,55,46,51,61]","[32,44,32,48,39,35,38,36,48,37]","""2023-06-15T17:24:26.380Z""","[1,1,1,0]","1","1","1","40","52","52","40","12","0","0","[""arrowright"",""arrowright"",""arrowright"",""arrowleft"",""arrowright"",""arrowleft"",""arrowleft"",""arrowleft"",""arrowleft"",""arrowleft""]","[2703,2400,849,1265,1342,2744,707,637,859,592]","[32,44,32,44,39,48,55,46,51,61]","[0,0,0,0,0,48,55,46,51,61]","[[28.2007,0]]","[]","[]","[]","1","[]","[]","[]","[]","vertical","","","",""
"","","","","","horizons-trial","19","525881","0.0-15.0","","","","","10","[33,39,52,37,42,24,36,45,27,48]","[63,56,64,57,55,53,45,50,57,62]","""2023-06-15T17:24:40.214Z""","[0,0,0,1]","1","0","1","40","52","40","52","12","0","0","[""arrowleft"",""arrowleft"",""arrowleft"",""arrowright"",""arrowleft"",""arrowright"",""arrowright"",""arrowright"",""arrowright"",""arrowright""]","[1074,651,919,1230,982,1043,879,741,619,1101]","[33,39,52,57,42,53,45,50,57,62]","[0,0,0,57,0,53,45,50,57,62]","[[28.2007,0]]","[]","[]","[]","1","[]","[]","[]","[]","vertical","","","",""
"","","","","","horizons-trial","20","541826","0.0-16.0","","","","","10","[63,50,41,43,46,51,50,48,53,47]","[35,40,49,33,24,52,29,43,36,40]","""2023-06-15T17:24:56.158Z""","[1,1,1,0]","1","1","1","40","48","48","40","8","0","0","[""arrowright"",""arrowright"",""arrowright"",""arrowleft"",""arrowleft"",""arrowleft"",""arrowleft"",""arrowleft"",""arrowleft"",""arrowleft""]","[1095,383,450,920,1699,2711,688,725,704,532]","[35,40,49,43,46,51,50,48,53,47]","[0,0,49,43,46,0,50,48,53,47]","[[0.544977,36.572]]","[]","[]","[]","1","[]","[]","[]","[]","vertical","","","",""
"","","","","","horizons-trial","21","558946","0.0-17.0","","","","","10","[34,31,56,33,47,34,37,31,33,46]","[51,60,68,56,54,49,64,60,53,54]","""2023-06-15T17:25:13.279Z""","[1,0,1,1]","1","1","1","60","40","40","60","20","0","0","[""arrowright"",""arrowleft"",""arrowright"",""arrowright"",""arrowleft"",""arrowright"",""arrowright"",""arrowright"",""arrowright"",""arrowright""]","[1120,1004,732,789,1131,2300,635,558,715,834]","[51,31,68,56,47,49,64,60,53,54]","[51,0,68,56,0,49,64,60,53,54]","[[61.0623,0.4024000000000001]]","[]","[]","[]","1","[]","[]","[]","[]","vertical","","","",""
"","","","","","horizons-trial","22","570941","0.0-18.0","","","","","5","[52,58,62,58,54]","[64,52,63,55,49]","""2023-06-15T17:25:25.274Z""","[0,1,0,1]","0","1","0","60","59","59","60","1","0","0","[""arrowleft"",""arrowright"",""arrowleft"",""arrowright"",""arrowleft""]","[1409,940,885,733,2647]","[52,52,62,55,54]","[0,0,0,0,54]","[[50,69.8481]]","[]","[]","[]","1","[]","[]","[]","[]","vertical","","","",""
"","","","","","horizons-trial","23","580059","0.0-19.0","","","","","5","[53,68,46,60,50]","[54,61,48,69,49]","""2023-06-15T17:25:34.392Z""","[0,1,1,1]","1","1","0","60","58","58","60","2","0","0","[""arrowleft"",""arrowright"",""arrowright"",""arrowright"",""arrowleft""]","[1131,810,537,495,930]","[53,61,48,69,50]","[0,0,48,69,50]","[[50,69.1247]]","[]","[]","[]","1","[]","[]","[]","[]","vertical","","","",""
"","","","","","horizons-trial","24","591954","0.0-20.0","","","","","10","[57,57,60,57,57,52,73,61,57,60]","[74,62,53,72,57,42,63,57,66,65]","""2023-06-15T17:25:46.287Z""","[0,1,1,0]","0","0","1","60","59","60","59","1","0","0","[""arrowleft"",""arrowright"",""arrowright"",""arrowleft"",""arrowright"",""arrowright"",""arrowright"",""arrowright"",""arrowright"",""arrowright""]","[1419,941,486,822,1077,943,592,428,416,532]","[57,62,53,57,57,42,63,57,66,65]","[0,62,0,0,57,0,0,0,66,65]","[[35.6841,0]]","[]","[]","[]","1","[]","[]","[]","[]","vertical","","","",""
"","","","","","horizons-trial","25","606847","0.0-21.0","","","","","10","[32,41,51,30,37,32,47,34,50,45]","[52,50,62,59,53,59,60,61,58,73]","""2023-06-15T17:26:01.179Z""","[0,0,1,1]","0","0","1","40","60","40","60","20","0","0","[""arrowleft"",""arrowleft"",""arrowright"",""arrowright"",""arrowleft"",""arrowright"",""arrowright"",""arrowright"",""arrowright"",""arrowright""]","[1121,484,1274,450,984,992,612,534,485,1012]","[32,41,62,59,37,59,60,61,58,73]","[0,0,62,59,0,59,60,61,58,73]","[[25.2725,0]]","[]","[]","[]","1","[]","[]","[]","[]","vertical","","","",""
"","","","","","horizons-trial","26","619242","0.0-22.0","","","","","10","[67,64,66,77,70,63,83,78,64,64]","[36,46,39,45,38,29,34,50,40,29]","""2023-06-15T17:26:13.575Z""","[0,0,1,1]","0","1","1","40","70","70","40","30","0","0","[""arrowleft"",""arrowleft"",""arrowright"",""arrowright"",""arrowright"",""arrowright"",""arrowright"",""arrowright"",""arrowright"",""arrowright""]","[1442,382,2136,486,473,983,439,416,374,549]","[67,64,39,45,38,29,34,50,40,29]","[67,64,0,0,0,0,0,0,0,0]","[[21.0428,0]]","[]","[]","[]","1","[]","[]","[]","[]","vertical","","","",""
"","","","","","horizons-trial","27","634461","0.0-23.0","","","","","10","[45,44,42,42,46,45,33,55,44,48]","[43,59,66,62,62,48,64,58,42,55]","""2023-06-15T17:26:28.794Z""","[1,0,1,1]","1","1","1","60","48","48","60","12","0","0","[""arrowright"",""arrowleft"",""arrowright"",""arrowright"",""arrowright"",""arrowleft"",""arrowleft"",""arrowright"",""arrowright"",""arrowleft""]","[1018,1171,519,743,590,1108,1575,924,563,961]","[43,44,66,62,62,45,33,58,42,48]","[0,0,66,62,62,0,0,58,0,0]","[[5.10004,1.4874999999999972]]","[]","[]","[]","1","[]","[]","[]","[]","vertical","","","",""
"","","","","","horizons-trial","28","644807","0.0-24.0","","","","","5","[63,72,60,55,45]","[60,83,58,60,42]","""2023-06-15T17:26:39.139Z""","[1,0,1,1]","1","0","0","60","59","60","59","1","0","0","[""arrowright"",""arrowleft"",""arrowright"",""arrowright"",""arrowleft""]","[1401,670,676,754,1118]","[60,72,58,60,45]","[0,0,0,60,45]","[[50,74.5501]]","[]","[]","[]","1","[]","[]","[]","[]","vertical","","","",""
"","","","","","horizons-trial","29","657151","0.0-25.0","","","","","5","[50,42,57,40,36]","[64,52,51,56,54]","""2023-06-15T17:26:51.484Z""","[0,1,0,1]","0","1","0","60","48","48","60","12","0","0","[""arrowleft"",""arrowright"",""arrowleft"",""arrowright"",""arrowleft""]","[1674,713,1181,559,592]","[50,52,57,56,36]","[0,52,57,56,0]","[[50,66.5928]]","[]","[]","[]","1","[]","[]","[]","[]","vertical","","","",""
"","","","","","horizons-trial","30","670614","0.0-26.0","","","","","5","[69,57,66,55,45]","[74,59,60,73,60]","""2023-06-15T17:27:04.947Z""","[1,0,0,1]","0","1","0","60","56","56","60","4","0","0","[""arrowright"",""arrowleft"",""arrowleft"",""arrowright"",""arrowleft""]","[1256,849,638,552,2010]","[74,57,66,73,45]","[74,0,66,73,0]","[[50,21.742500000000007]]","[]","[]","[]","1","[]","[]","[]","[]","vertical","","","",""
"","","","","","horizons-trial","31","679932","0.0-27.0","","","","","5","[46,41,38,35,47]","[50,50,74,52,69]","""2023-06-15T17:27:14.264Z""","[1,1,0,0]","0","0","0","40","60","40","60","20","0","0","[""arrowright"",""arrowright"",""arrowleft"",""arrowleft"",""arrowright""]","[1163,745,916,698,1706]","[50,50,38,35,69]","[50,50,0,0,69]","[[50,16.316999999999993]]","[]","[]","[]","1","[]","[]","[]","[]","vertical","","","",""
"","","","","","horizons-trial","32","687905","0.0-28.0","","","","","5","[67,54,76,62,55]","[50,61,51,59,49]","""2023-06-15T17:27:22.238Z""","[0,1,1,1]","1","0","0","60","52","60","52","8","0","0","[""arrowleft"",""arrowright"",""arrowright"",""arrowright"",""arrowleft""]","[1453,862,517,386,1013]","[67,61,51,59,55]","[67,61,0,0,55]","[[50,16.316999999999993]]","[]","[]","[]","1","[]","[]","[]","[]","vertical","","","",""
"","","","","","horizons-trial","33","709480","0.0-29.0","","","","","10","[53,65,76,52,59,58,57,55,71,58]","[39,29,43,30,29,29,26,38,29,31]","""2023-06-15T17:27:43.812Z""","[0,0,0,1]","1","0","1","60","30","60","30","30","0","0","[""arrowleft"",""arrowleft"",""arrowleft"",""arrowright"",""arrowleft"",""arrowleft"",""arrowleft"",""arrowleft"",""arrowleft"",""arrowleft""]","[2246,525,431,1025,939,3918,1665,812,712,1813]","[53,65,76,30,59,58,57,55,71,58]","[53,65,76,0,59,58,57,55,71,58]","[[36.9855,62.6142]]","[]","[]","[]","1","[]","[]","[]","[]","vertical","","","",""
"","","","","","horizons-trial","34","719604","0.0-30.0","","","","","5","[32,38,40,34,34]","[66,42,64,47,60]","""2023-06-15T17:27:53.936Z""","[1,0,0,0]","1","0","0","40","60","40","60","20","0","0","[""arrowright"",""arrowleft"",""arrowleft"",""arrowleft"",""arrowright""]","[1359,833,840,491,1089]","[66,38,40,34,60]","[66,0,0,0,60]","[[50,52.4867]]","[]","[]","[]","1","[]","[]","[]","[]","vertical","","","",""
"","","","","","horizons-trial","35","728165","0.0-31.0","","","","","5","[52,47,47,53,48]","[47,57,57,43,71]","""2023-06-15T17:28:02.498Z""","[0,0,0,1]","1","1","0","60","52","52","60","8","0","0","[""arrowleft"",""arrowleft"",""arrowleft"",""arrowright"",""arrowleft""]","[1849,460,421,1355,1115]","[52,47,47,43,48]","[52,0,0,0,0]","[[50,52.4867]]","[]","[]","[]","1","[]","[]","[]","[]","vertical","","","",""
"","","","","","horizons-trial","36","740312","0.0-32.0","","","","","5","[80,69,76,69,57]","[47,32,28,38,51]","""2023-06-15T17:28:14.645Z""","[0,1,0,0]","1","1","0","40","70","70","40","30","0","0","[""arrowleft"",""arrowright"",""arrowleft"",""arrowleft"",""arrowleft""]","[1308,1379,1076,635,1211]","[80,32,76,69,57]","[80,0,76,69,57]","[[50,68.03960000000001]]","[]","[]","[]","1","[]","[]","[]","[]","vertical","","","",""
"","","","","","horizons-trial","37","753911","0.0-33.0","","","","","10","[54,67,68,73,74,58,58,53,56,59]","[44,44,34,46,40,38,43,40,38,44]","""2023-06-15T17:28:28.244Z""","[0,1,1,1]","1","0","1","60","40","60","40","20","0","0","[""arrowleft"",""arrowright"",""arrowright"",""arrowright"",""arrowleft"",""arrowright"",""arrowleft"",""arrowleft"",""arrowleft"",""arrowleft""]","[1735,664,571,427,984,2415,1038,649,679,658]","[54,44,34,46,74,38,58,53,56,59]","[54,0,0,0,74,0,58,53,56,59]","[[37.3109,69.4864]]","[]","[]","[]","1","[]","[]","[]","[]","vertical","","","",""
"","","","","","horizons-trial","38","765500","0.0-34.0","","","","","10","[42,41,25,47,51,36,36,43,34,26]","[49,45,33,49,49,48,57,56,56,52]","""2023-06-15T17:28:39.832Z""","[1,0,0,1]","0","0","1","40","52","40","52","12","0","0","[""arrowright"",""arrowleft"",""arrowleft"",""arrowright"",""arrowleft"",""arrowleft"",""arrowright"",""arrowright"",""arrowright"",""arrowright""]","[1078,679,599,960,617,1866,1236,589,513,561]","[49,41,25,49,51,36,57,56,56,52]","[49,0,0,49,51,0,57,56,56,52]","[[37.3109,69.4864]]","[]","[]","[]","1","[]","[]","[]","[]","vertical","","","",""
"","","","","","horizons-trial","39","778917","0.0-35.0","","","","","5","[42,40,51,39,36]","[47,43,46,32,46]","""2023-06-15T17:28:53.250Z""","[0,0,1,1]","0","1","0","40","42","42","40","2","0","0","[""arrowleft"",""arrowleft"",""arrowright"",""arrowright"",""arrowleft""]","[2592,522,568,630,1456]","[42,40,46,32,36]","[0,0,0,0,0]","[[50,56.827]]","[]","[]","[]","1","[]","[]","[]","[]","vertical","","","",""
"","","","","","horizons-trial","40","788645","0.0-36.0","","","","","5","[33,41,38,47,37]","[48,38,29,22,39]","""2023-06-15T17:29:02.977Z""","[0,1,1,0]","0","0","0","40","42","40","42","2","0","0","[""arrowleft"",""arrowright"",""arrowright"",""arrowleft"",""arrowright""]","[1095,1712,494,880,1230]","[33,38,29,47,39]","[0,0,0,47,39]","[[50,56.827]]","[]","[]","[]","1","[]","[]","[]","[]","vertical","","","",""
"","","","","","horizons-trial","41","795916","0.0-37.0","","","","","5","[71,71,70,63,67]","[65,71,59,73,40]","""2023-06-15T17:29:10.248Z""","[1,0,1,0]","0","0","0","60","56","60","56","4","0","0","[""arrowright"",""arrowleft"",""arrowright"",""arrowleft"",""arrowright""]","[1002,882,552,525,378]","[65,71,59,63,40]","[0,71,0,0,0]","[[50,56.827]]","[]","[]","[]","1","[]","[]","[]","[]","vertical","","","",""
"","","","","","horizons-trial","42","810215","0.0-38.0","","","","","10","[34,47,45,32,46,47,39,24,36,42]","[52,34,54,48,40,54,54,48,52,51]","""2023-06-15T17:29:24.548Z""","[0,1,1,0]","0","0","1","40","48","40","48","8","0","0","[""arrowleft"",""arrowright"",""arrowright"",""arrowleft"",""arrowright"",""arrowleft"",""arrowleft"",""arrowright"",""arrowright"",""arrowright""]","[1143,481,557,655,2557,1121,1046,1133,482,433]","[34,34,54,32,40,47,39,48,52,51]","[0,0,54,0,0,0,0,48,52,51]","[[60.4116,22.827600000000004]]","[]","[]","[]","1","[]","[]","[]","[]","vertical","","","",""
"","","","","","horizons-trial","43","819593","0.0-39.0","","","","","10","[51,36,42,38,34,39,38,51,47,30]","[48,40,45,33,56,49,42,35,56,37]","""2023-06-15T17:29:33.926Z""","[1,0,0,0]","1","0","1","40","42","40","42","2","0","0","[""arrowright"",""arrowleft"",""arrowleft"",""arrowleft"",""arrowright"",""arrowright"",""arrowright"",""arrowright"",""arrowright"",""arrowright""]","[1095,659,892,466,595,878,450,426,418,628]","[48,36,42,38,56,49,42,35,56,37]","[0,0,0,38,56,49,42,0,56,37]","[[60.4116,22.827600000000004]]","[]","[]","[]","1","[]","[]","[]","[]","vertical","","","",""
"","","","","","horizons-trial","44","828512","0.0-40.0","","","","","5","[50,45,53,63,76]","[30,33,43,43,36]","""2023-06-15T17:29:42.844Z""","[1,1,0,1]","1","0","0","60","40","60","40","20","0","0","[""arrowright"",""arrowright"",""arrowleft"",""arrowright"",""arrowleft""]","[970,395,828,542,1424]","[30,33,53,43,76]","[0,0,53,0,76]","[[50,63.6993]]","[]","[]","[]","1","[]","[]","[]","[]","vertical","","","",""
"","","","","","horizons-trial","45","840045","0.0-41.0","","","","","5","[46,63,46,43,59]","[36,23,51,42,40]","""2023-06-15T17:29:54.377Z""","[1,0,0,1]","0","1","0","40","52","52","40","12","0","0","[""arrowright"",""arrowleft"",""arrowleft"",""arrowright"",""arrowleft""]","[1839,2910,476,563,487]","[36,63,46,42,59]","[0,63,0,0,59]","[[50,70.2098]]","[]","[]","[]","1","[]","[]","[]","[]","vertical","","","",""
"","","","","","horizons-trial","46","849743","0.0-42.0","","","","","5","[61,54,68,44,62]","[29,36,32,32,17]","""2023-06-15T17:30:04.076Z""","[0,1,0,0]","1","0","0","60","30","60","30","30","0","0","[""arrowleft"",""arrowright"",""arrowleft"",""arrowleft"",""arrowright""]","[1509,970,517,480,2348]","[61,36,68,44,17]","[61,0,68,44,0]","[[50,70.2098]]","[]","[]","[]","1","[]","[]","[]","[]","vertical","","","",""
"","","","","","horizons-trial","47","856387","0.0-43.0","","","","","5","[39,31,28,26,29]","[56,60,55,64,76]","""2023-06-15T17:30:10.720Z""","[0,0,0,1]","1","1","0","60","30","30","60","30","0","0","[""arrowleft"",""arrowleft"",""arrowleft"",""arrowright"",""arrowright""]","[1727,379,298,582,477]","[39,31,28,64,76]","[0,0,0,64,76]","[[50,70.2098]]","[]","[]","[]","1","[]","[]","[]","[]","vertical","","","",""
"","","","","","horizons-trial","48","864297","0.0-44.0","","","","","5","[53,39,45,38,47]","[57,56,58,52,71]","""2023-06-15T17:30:18.630Z""","[1,1,0,1]","1","1","0","60","48","48","60","12","0","0","[""arrowright"",""arrowright"",""arrowleft"",""arrowright"",""arrowright""]","[943,328,856,1009,1762]","[57,56,45,52,71]","[57,56,0,52,71]","[[50,70.2098]]","[]","[]","[]","1","[]","[]","[]","[]","vertical","","","",""
"","","","","","horizons-trial","49","873638","0.0-45.0","","","","","10","[55,28,33,46,30,35,48,40,44,26]","[46,57,29,26,59,45,46,44,39,48]","""2023-06-15T17:30:27.970Z""","[0,0,1,1]","0","0","1","40","42","40","42","2","0","0","[""arrowleft"",""arrowleft"",""arrowright"",""arrowright"",""arrowright"",""arrowright"",""arrowright"",""arrowright"",""arrowright"",""arrowright""]","[1790,366,573,351,525,869,397,383,375,504]","[55,28,29,26,59,45,46,44,39,48]","[55,0,0,0,59,45,0,44,0,48]","[[49.6746,70.2098]]","[]","[]","[]","1","[]","[]","[]","[]","vertical","","","",""
"","","","","","horizons-trial","50","882836","0.0-46.0","","","","","5","[63,58,58,53,69]","[67,54,56,46,37]","""2023-06-15T17:30:37.168Z""","[1,0,0,1]","0","0","0","60","48","60","48","12","0","0","[""arrowright"",""arrowleft"",""arrowleft"",""arrowright"",""arrowright""]","[847,1201,271,679,508]","[67,58,58,46,37]","[67,58,58,0,0]","[[50,70.2098]]","[]","[]","[]","1","[]","[]","[]","[]","vertical","","","",""
"","","","","","horizons-trial","51","894443","0.0-47.0","","","","","10","[39,45,25,24,46,44,47,38,46,36]","[42,41,35,34,39,38,44,33,20,36]","""2023-06-15T17:30:48.776Z""","[0,0,1,1]","0","0","1","40","41","40","41","1","0","0","[""arrowleft"",""arrowleft"",""arrowright"",""arrowright"",""arrowright"",""arrowright"",""arrowright"",""arrowright"",""arrowright"",""arrowright""]","[2948,309,546,432,409,2007,457,437,448,504]","[39,45,35,34,39,38,44,33,20,36]","[0,45,35,34,0,0,0,0,0,36]","[[49.6746,70.2098]]","[]","[]","[]","1","[]","[]","[]","[]","vertical","","","",""
"","","","","","horizons-trial","52","905295","0.0-48.0","","","","","10","[53,58,43,41,47,54,50,53,38,60]","[28,18,38,38,38,31,38,49,41,33]","""2023-06-15T17:30:59.628Z""","[1,1,0,0]","0","1","1","40","52","52","40","12","0","0","[""arrowright"",""arrowright"",""arrowleft"",""arrowleft"",""arrowleft"",""arrowright"",""arrowright"",""arrowright"",""arrowright"",""arrowright""]","[935,383,843,430,549,828,437,356,357,396]","[28,18,43,41,47,31,38,49,41,33]","[0,0,43,41,47,0,0,0,41,0]","[[49.6746,70.2098]]","[]","[]","[]","1","[]","[]","[]","[]","vertical","","","",""
"","","","","","horizons-trial","53","915484","0.0-49.0","","","","","5","[43,46,51,48,33]","[51,39,39,34,50]","""2023-06-15T17:31:09.817Z""","[1,0,1,0]","0","0","0","40","44","40","44","4","0","0","[""arrowright"",""arrowleft"",""arrowright"",""arrowleft"",""arrowright""]","[988,1294,703,1011,1713]","[51,46,39,48,50]","[51,46,0,48,50]","[[50,70.2098]]","[]","[]","[]","1","[]","[]","[]","[]","vertical","","","",""
"","","","","","horizons-trial","54","921958","0.0-50.0","","","","","5","[30,43,41,39,29]","[70,65,72,79,64]","""2023-06-15T17:31:16.291Z""","[1,1,1,0]","1","0","0","40","70","40","70","30","0","0","[""arrowright"",""arrowright"",""arrowright"",""arrowleft"",""arrowright""]","[1032,355,298,1416,479]","[70,65,72,39,64]","[70,65,72,0,64]","[[50,69.8481]]","[]","[]","[]","1","[]","[]","[]","[]","vertical","","","",""
"","","","","","horizons-trial","55","933098","0.0-51.0","","","","","10","[30,42,48,39,25,35,41,38,36,41]","[34,45,29,36,22,48,39,49,39,31]","""2023-06-15T17:31:27.431Z""","[0,0,1,0]","1","0","1","40","41","40","41","1","0","0","[""arrowleft"",""arrowleft"",""arrowright"",""arrowleft"",""arrowleft"",""arrowright"",""arrowright"",""arrowright"",""arrowright"",""arrowright""]","[1706,377,596,645,510,959,372,306,302,2318]","[30,42,29,39,25,48,39,49,39,31]","[0,0,0,39,25,48,0,49,39,0]","[[49.3493,69.8481]]","[]","[]","[]","1","[]","[]","[]","[]","vertical","","","",""
"","","","","","horizons-trial","56","944073","0.0-52.0","","","","","10","[49,58,40,50,63,53,55,59,51,39]","[55,60,55,55,64,64,59,53,70,70]","""2023-06-15T17:31:38.405Z""","[1,0,0,1]","0","1","1","60","48","48","60","12","0","0","[""arrowright"",""arrowleft"",""arrowleft"",""arrowright"",""arrowleft"",""arrowright"",""arrowright"",""arrowright"",""arrowright"",""arrowleft""]","[952,887,528,528,478,1116,559,406,976,1513]","[55,58,40,55,63,64,59,53,70,39]","[55,0,0,55,0,64,59,0,70,0]","[[49.3493,69.8481]]","[]","[]","[]","1","[]","[]","[]","[]","vertical","","","",""
"","","","","","horizons-trial","57","957394","0.0-53.0","","","","","5","[38,38,44,51,36]","[34,46,39,58,57]","""2023-06-15T17:31:51.727Z""","[1,1,0,0]","0","1","0","40","41","41","40","1","0","0","[""arrowright"",""arrowright"",""arrowleft"",""arrowleft"",""arrowright""]","[1790,441,1268,668,750]","[34,46,44,51,57]","[0,46,44,0,57]","[[50,72.74170000000001]]","[]","[]","[]","1","[]","[]","[]","[]","vertical","","","",""
"","","","","","horizons-trial","58","965433","0.0-54.0","","","","","5","[39,32,23,38,24]","[61,59,58,73,72]","""2023-06-15T17:31:59.766Z""","[0,1,1,0]","0","1","0","60","30","30","60","30","0","0","[""arrowleft"",""arrowright"",""arrowright"",""arrowleft"",""arrowright""]","[1202,782,631,624,1099]","[39,59,58,38,72]","[0,59,58,0,72]","[[50,72.74170000000001]]","[]","[]","[]","1","[]","[]","[]","[]","vertical","","","",""
"","","","","","horizons-trial","59","972487","0.0-55.0","","","","","5","[62,66,50,45,50]","[59,75,48,53,48]","""2023-06-15T17:32:06.819Z""","[0,0,1,1]","0","0","0","60","58","60","58","2","0","0","[""arrowleft"",""arrowleft"",""arrowright"",""arrowright"",""arrowright""]","[1951,350,746,419,440]","[62,66,48,53,48]","[62,0,0,53,0]","[[50,72.74170000000001]]","[]","[]","[]","1","[]","[]","[]","[]","vertical","","","",""
"","","","","","horizons-trial","60","980470","0.0-56.0","","","","","10","[47,68,57,47,71,57,59,51,68,60]","[27,46,37,51,43,57,33,47,36,43]","""2023-06-15T17:32:14.803Z""","[0,0,1,1]","0","1","1","40","60","60","40","20","0","0","[""arrowleft"",""arrowleft"",""arrowright"",""arrowright"",""arrowright"",""arrowright"",""arrowright"",""arrowright"",""arrowright"",""arrowright""]","[1271,330,509,246,330,867,309,310,281,514]","[47,68,37,51,43,57,33,47,36,43]","[47,68,0,51,0,57,0,0,0,0]","[[49.6746,72.74170000000001]]","[]","[]","[]","1","[]","[]","[]","[]","vertical","","","",""
"","","","","","horizons-trial","61","988389","0.0-57.0","","","","","5","[41,53,38,55,60]","[43,56,50,49,33]","""2023-06-15T17:32:22.722Z""","[0,1,0,1]","0","1","0","40","44","44","40","4","0","0","[""arrowleft"",""arrowright"",""arrowleft"",""arrowright"",""arrowright""]","[1402,1504,1066,595,331]","[41,56,38,49,33]","[0,56,0,0,0]","[[50,72.74170000000001]]","[]","[]","[]","1","[]","[]","[]","[]","vertical","","","",""
"","","","","","horizons-trial","62","996463","0.0-58.0","","","","","10","[36,43,51,47,53,43,56,42,45,47]","[68,54,54,71,59,72,67,48,64,72]","""2023-06-15T17:32:30.795Z""","[1,0,0,0]","1","0","1","40","60","40","60","20","0","0","[""arrowright"",""arrowleft"",""arrowleft"",""arrowleft"",""arrowleft"",""arrowright"",""arrowright"",""arrowright"",""arrowright"",""arrowright""]","[507,1154,228,221,195,866,353,292,338,465]","[68,43,51,47,53,72,67,48,64,72]","[68,0,0,0,0,72,67,48,64,72]","[[49.6746,72.74170000000001]]","[]","[]","[]","1","[]","[]","[]","[]","vertical","","","",""
"","","","","","horizons-trial","63","1005056","0.0-59.0","","","","","10","[42,38,34,41,55,35,42,47,34,45]","[42,47,60,55,50,50,51,36,44,45]","""2023-06-15T17:32:39.388Z""","[0,0,1,1]","0","0","1","40","44","40","44","4","0","0","[""arrowleft"",""arrowleft"",""arrowright"",""arrowright"",""arrowright"",""arrowleft"",""arrowleft"",""arrowleft"",""arrowleft"",""arrowleft""]","[1967,305,472,582,292,951,446,313,273,267]","[42,38,60,55,50,35,42,47,34,45]","[42,0,60,55,0,0,0,47,0,45]","[[49.6746,72.74170000000001]]","[]","[]","[]","1","[]","[]","[]","[]","vertical","","","",""
"","","","","","horizons-trial","64","1014128","0.0-60.0","","","","","5","[28,39,40,24,27]","[52,59,52,41,39]","""2023-06-15T17:32:48.460Z""","[0,1,1,0]","0","0","0","40","52","40","52","12","0","0","[""arrowleft"",""arrowright"",""arrowright"",""arrowleft"",""arrowleft""]","[1153,737,336,1114,266]","[28,59,52,24,27]","[0,59,52,0,0]","[[50,72.74170000000001]]","[]","[]","[]","1","[]","[]","[]","[]","vertical","","","",""
"","","","","","horizons-trial","65","1020476","0.0-61.0","","","","","5","[37,51,45,45,67]","[27,49,42,51,42]","""2023-06-15T17:32:54.808Z""","[1,0,0,0]","1","1","0","40","52","52","40","12","0","0","[""arrowright"",""arrowleft"",""arrowleft"",""arrowleft"",""arrowleft""]","[740,1300,273,249,236]","[27,51,45,45,67]","[0,51,45,0,67]","[[50,72.74170000000001]]","[]","[]","[]","1","[]","[]","[]","[]","vertical","","","",""
"","","","","","horizons-trial","66","1028757","0.0-62.0","","","","","10","[50,57,59,57,56,52,61,53,67,41]","[53,83,60,66,53,64,64,48,69,52]","""2023-06-15T17:33:03.090Z""","[0,0,0,1]","1","1","1","60","58","58","60","2","0","0","[""arrowleft"",""arrowleft"",""arrowleft"",""arrowright"",""arrowright"",""arrowleft"",""arrowleft"",""arrowleft"",""arrowleft"",""arrowleft""]","[1227,259,210,840,357,1005,345,276,247,242]","[50,57,59,66,53,52,61,53,67,41]","[0,0,0,66,0,0,0,53,0,0]","[[49.6746,72.0183]]","[]","[]","[]","1","[]","[]","[]","[]","vertical","","","",""
"","","","","","horizons-trial","67","1036628","0.0-63.0","","","","","10","[40,51,40,49,41,45,48,38,47,35]","[40,45,43,30,32,33,54,43,36,42]","""2023-06-15T17:33:10.961Z""","[0,0,1,1]","0","1","1","40","41","41","40","1","0","0","[""arrowleft"",""arrowleft"",""arrowright"",""arrowright"",""arrowright"",""arrowleft"",""arrowleft"",""arrowleft"",""arrowleft"",""arrowleft""]","[1035,251,689,323,290,968,296,236,219,216]","[40,51,43,30,32,45,48,38,47,35]","[40,51,43,0,0,45,0,0,47,0]","[[47.7225,64.4226]]","[]","[]","[]","1","[]","[]","[]","[]","vertical","","","",""
"","","","","","horizons-trial","68","1045718","0.0-64.0","","","","","10","[33,52,58,42,55,33,44,41,41,47]","[28,35,52,40,39,34,38,38,34,47]","""2023-06-15T17:33:20.051Z""","[0,0,1,0]","1","1","1","40","42","42","40","2","0","0","[""arrowleft"",""arrowleft"",""arrowright"",""arrowleft"",""arrowleft"",""arrowleft"",""arrowleft"",""arrowleft"",""arrowleft"",""arrowleft""]","[1002,276,704,1597,252,1237,313,209,244,269]","[33,52,52,42,55,33,44,41,41,47]","[33,52,0,42,55,0,44,41,41,47]","[[47.7225,64.4226]]","[]","[]","[]","1","[]","[]","[]","[]","vertical","","","",""
"","","","","","horizons-trial","69","1053294","0.0-65.0","","","","","10","[71,60,64,42,65,62,51,65,72,63]","[51,50,68,52,63,61,58,54,56,63]","""2023-06-15T17:33:27.627Z""","[0,0,1,1]","0","0","1","60","58","60","58","2","0","0","[""arrowleft"",""arrowleft"",""arrowright"",""arrowright"",""arrowright"",""arrowleft"",""arrowleft"",""arrowleft"",""arrowleft"",""arrowleft""]","[964,293,671,292,255,1121,279,213,218,527]","[71,60,68,52,63,62,51,65,72,63]","[71,60,68,52,0,62,0,65,72,63]","[[47.7225,64.4226]]","[]","[]","[]","1","[]","[]","[]","[]","vertical","","","",""
"","","","","","horizons-trial","70","1064384","0.0-66.0","","","","","10","[42,48,55,62,64,73,43,76,60,60]","[44,45,49,48,50,48,27,42,57,54]","""2023-06-15T17:33:38.716Z""","[1,0,1,1]","1","0","1","60","48","60","48","12","0","0","[""arrowright"",""arrowleft"",""arrowright"",""arrowright"",""arrowright"",""arrowleft"",""arrowleft"",""arrowright"",""arrowright"",""arrowright""]","[1122,944,653,715,491,1222,683,1236,777,505]","[44,48,49,48,50,73,43,42,57,54]","[44,48,0,0,0,73,43,0,0,0]","[[47.7225,64.4226]]","[]","[]","[]","1","[]","[]","[]","[]","vertical","","","",""
"","","","","","horizons-trial","71","1077392","0.0-67.0","","","","","10","[34,31,45,42,45,35,40,16,47,45]","[76,71,61,64,86,76,60,68,61,59]","""2023-06-15T17:33:51.725Z""","[1,0,1,1]","1","0","1","40","70","40","70","30","0","0","[""arrowright"",""arrowleft"",""arrowright"",""arrowright"",""arrowleft"",""arrowleft"",""arrowleft"",""arrowleft"",""arrowleft"",""arrowleft""]","[1568,1720,639,718,986,898,848,574,505,1435]","[76,31,61,64,45,35,40,16,47,45]","[76,0,61,64,0,0,0,0,0,0]","[[47.7225,64.4226]]","[]","[]","[]","1","[]","[]","[]","[]","vertical","","","",""
"","","","","","horizons-trial","72","1094396","0.0-68.0","","","","","10","[48,70,66,56,64,58,58,52,65,61]","[54,49,67,56,69,70,68,68,50,66]","""2023-06-15T17:34:08.729Z""","[1,0,0,1]","0","1","1","60","58","58","60","2","0","0","[""arrowright"",""arrowleft"",""arrowleft"",""arrowright"",""arrowleft"",""arrowright"",""arrowright"",""arrowright"",""arrowright"",""arrowleft""]","[2604,1122,724,751,508,1050,887,847,649,2930]","[54,70,66,56,64,70,68,68,50,61]","[54,70,0,56,0,70,68,68,0,0]","[[10.6312,95.52853]]","[]","[]","[]","1","[]","[]","[]","[]","vertical","","","",""
"","","","","","horizons-trial","73","1103966","0.0-69.0","","","","","5","[40,35,29,50,49]","[40,52,46,52,54]","""2023-06-15T17:34:18.299Z""","[0,1,1,1]","1","0","0","40","48","40","48","8","0","0","[""arrowleft"",""arrowright"",""arrowright"",""arrowright"",""arrowleft""]","[1203,585,528,585,1109]","[40,52,46,52,49]","[40,52,46,52,0]","[[50,89.3797]]","[]","[]","[]","1","[]","[]","[]","[]","vertical","","","",""
"","","","","","horizons-trial","74","1114083","0.0-70.0","","","","","10","[61,69,75,65,58,66,62,71,55,51]","[53,39,43,49,43,59,49,52,60,52]","""2023-06-15T17:34:28.415Z""","[1,0,1,0]","0","0","1","60","52","60","52","8","0","0","[""arrowright"",""arrowleft"",""arrowright"",""arrowleft"",""arrowleft"",""arrowleft"",""arrowleft"",""arrowleft"",""arrowleft"",""arrowleft""]","[1526,1032,1223,796,336,963,398,390,354,407]","[53,69,43,65,58,66,62,71,55,51]","[0,69,0,65,58,66,62,71,0,0]","[[49.0239,89.3797]]","[]","[]","[]","1","[]","[]","[]","[]","vertical","","","",""
"","","","","","horizons-trial","75","1119359","0.0-71.0","","","","","5","[48,44,56,47,70]","[44,36,41,51,34]","""2023-06-15T17:34:33.692Z""","[0,0,1,1]","0","1","0","40","48","48","40","8","0","0","[""arrowleft"",""arrowleft"",""arrowright"",""arrowright"",""arrowright""]","[988,301,739,281,365]","[48,44,41,51,34]","[48,44,0,51,0]","[[50,89.3797]]","[]","[]","[]","1","[]","[]","[]","[]","vertical","","","",""
"","","","","","horizons-trial","76","1125892","0.0-72.0","","","","","5","[43,41,30,36,40]","[50,60,56,65,70]","""2023-06-15T17:34:40.225Z""","[0,0,1,1]","0","1","0","60","40","40","60","20","0","0","[""arrowleft"",""arrowleft"",""arrowright"",""arrowright"",""arrowright""]","[1251,247,615,304,232]","[43,41,56,65,70]","[0,0,56,65,70]","[[50,89.3797]]","[]","[]","[]","1","[]","[]","[]","[]","vertical","","","",""
"","","","","","horizons-trial","77","1137641","0.0-73.0","","","","","5","[30,39,49,39,30]","[40,34,34,49,49]","""2023-06-15T17:34:51.973Z""","[0,0,1,0]","1","0","0","40","41","40","41","1","0","0","[""arrowleft"",""arrowleft"",""arrowright"",""arrowleft"",""arrowright""]","[1034,372,847,1116,1703]","[30,39,34,39,49]","[0,39,0,0,49]","[[50,89.3797]]","[]","[]","[]","1","[]","[]","[]","[]","vertical","","","",""
"","","","","","horizons-trial","78","1147882","0.0-74.0","","","","","10","[37,54,27,45,39,48,51,42,46,34]","[45,35,22,29,49,40,42,48,43,33]","""2023-06-15T17:35:02.215Z""","[1,0,1,1]","1","1","1","40","41","41","40","1","0","0","[""arrowright"",""arrowleft"",""arrowright"",""arrowright"",""arrowright"",""arrowleft"",""arrowleft"",""arrowleft"",""arrowleft"",""arrowleft""]","[1355,825,871,562,478,1076,676,522,452,452]","[45,54,22,29,49,48,51,42,46,34]","[45,54,0,0,49,48,51,0,46,34]","[[49.0239,89.3797]]","[]","[]","[]","1","[]","[]","[]","[]","vertical","","","",""
"","","","","","horizons-trial","79","1154909","0.0-75.0","","","","","5","[73,65,70,47,61]","[37,38,48,34,55]","""2023-06-15T17:35:09.242Z""","[0,0,1,0]","1","1","0","40","60","60","40","20","0","0","[""arrowleft"",""arrowleft"",""arrowright"",""arrowleft"",""arrowright""]","[1115,389,502,1046,1434]","[73,65,48,47,55]","[73,65,0,47,0]","[[50,89.018]]","[]","[]","[]","1","[]","[]","[]","[]","vertical","","","",""
"","","","","","horizons-trial","80","1165269","0.0-76.0","","","","","10","[64,59,48,53,60,62,58,41,73,62]","[70,59,63,61,56,48,56,57,63,68]","""2023-06-15T17:35:19.602Z""","[1,0,0,1]","0","1","1","60","56","56","60","4","0","0","[""arrowright"",""arrowleft"",""arrowleft"",""arrowright"",""arrowleft"",""arrowright"",""arrowright"",""arrowright"",""arrowright"",""arrowright""]","[1878,795,441,604,498,1614,514,433,373,522]","[70,59,48,61,60,48,56,57,63,68]","[70,59,0,61,60,0,0,57,0,68]","[[49.0239,89.018]]","[]","[]","[]","1","[]","[]","[]","[]","vertical","","","",""
"","","","","","horizons-trial","81","1174510","0.0-77.0","","","","","10","[42,45,41,50,49,47,44,33,48,56]","[35,37,41,43,27,55,40,37,51,40]","""2023-06-15T17:35:28.842Z""","[1,0,1,0]","0","1","1","40","42","42","40","2","0","0","[""arrowright"",""arrowleft"",""arrowright"",""arrowleft"",""arrowright"",""arrowleft"",""arrowleft"",""arrowright"",""arrowright"",""arrowright""]","[858,905,633,522,388,1210,503,928,419,449]","[35,45,41,50,27,47,44,37,51,40]","[0,45,41,50,0,0,44,37,51,0]","[[44.1435,70.5715]]","[]","[]","[]","1","[]","[]","[]","[]","vertical","","","",""
"","","","","","horizons-trial","82","1187440","0.0-78.0","","","","","10","[56,64,60,44,41,49,49,58,60,44]","[69,67,61,65,50,55,57,55,59,53]","""2023-06-15T17:35:41.773Z""","[0,1,1,0]","0","1","1","60","59","59","60","1","0","0","[""arrowleft"",""arrowright"",""arrowright"",""arrowleft"",""arrowleft"",""arrowright"",""arrowright"",""arrowright"",""arrowright"",""arrowright""]","[2039,1203,2666,1032,873,1079,410,331,320,355]","[56,67,61,44,41,55,57,55,59,53]","[0,67,61,0,0,55,57,0,0,53]","[[44.1435,70.2098]]","[]","[]","[]","1","[]","[]","[]","[]","vertical","","","",""
"","","","","","horizons-trial","83","1205709","0.0-79.0","","","","","10","[58,66,71,52,71,67,59,64,46,43]","[55,60,61,50,59,49,49,54,63,49]","""2023-06-15T17:36:00.042Z""","[0,1,0,0]","1","0","1","60","56","60","56","4","0","0","[""arrowleft"",""arrowright"",""arrowleft"",""arrowleft"",""arrowleft"",""arrowright"",""arrowright"",""arrowright"",""arrowright"",""arrowleft""]","[1157,628,1074,264,251,1167,403,349,341,7598]","[58,60,71,52,71,49,49,54,63,43]","[58,0,71,52,71,0,0,0,63,0]","[[44.1435,68.40129999999999]]","[]","[]","[]","1","[]","[]","[]","[]","vertical","","","",""
"","","","","","horizons-trial","84","1214059","0.0-80.0","","","","","5","[46,51,66,57,60]","[71,62,62,55,59]","""2023-06-15T17:36:08.392Z""","[0,0,0,1]","1","0","0","60","58","60","58","2","0","0","[""arrowleft"",""arrowleft"",""arrowleft"",""arrowright"",""arrowright""]","[1118,354,284,1100,252]","[46,51,66,55,59]","[0,0,66,0,0]","[[50,69.4864]]","[]","[]","[]","1","[]","[]","[]","[]","vertical","","","",""
"","","","","","horizons-trial","85","1230804","0.0-81.0","","","","","5","[66,55,56,58,65]","[65,62,52,74,55]","""2023-06-15T17:36:25.137Z""","[0,1,1,0]","0","1","0","60","58","58","60","2","0","0","[""arrowleft"",""arrowright"",""arrowright"",""arrowleft"",""arrowright""]","[372,1116,270,1766,1979]","[66,62,52,58,55]","[66,62,0,0,0]","[[50,68.763]]","[]","[]","[]","1","[]","[]","[]","[]","vertical","","","",""
"","","","","","horizons-trial","86","1241819","0.0-82.0","","","","","10","[56,47,46,54,50,56,53,49,58,39]","[39,31,52,34,43,38,31,42,53,49]","""2023-06-15T17:36:36.152Z""","[1,0,0,1]","0","1","1","40","48","48","40","8","0","0","[""arrowright"",""arrowleft"",""arrowleft"",""arrowright"",""arrowleft"",""arrowright"",""arrowright"",""arrowright"",""arrowright"",""arrowleft""]","[2080,636,727,345,517,882,342,284,254,1367]","[39,47,46,34,50,38,31,42,53,39]","[0,47,0,0,50,0,0,0,0,0]","[[11.9326,56.827]]","[]","[]","[]","1","[]","[]","[]","[]","vertical","","","",""
"","","","","","horizons-trial","87","1250040","0.0-83.0","","","","","10","[27,25,26,31,29,32,26,23,32,29]","[57,43,51,52,42,75,46,68,63,60]","""2023-06-15T17:36:44.373Z""","[0,1,1,0]","0","1","1","60","30","30","60","30","0","0","[""arrowleft"",""arrowright"",""arrowright"",""arrowleft"",""arrowright"",""arrowright"",""arrowright"",""arrowright"",""arrowright"",""arrowright""]","[1719,447,713,485,311,877,337,320,290,344]","[27,43,51,31,42,75,46,68,63,60]","[0,43,51,0,42,75,46,68,63,60]","[[11.9326,56.827]]","[]","[]","[]","1","[]","[]","[]","[]","vertical","","","",""
"","","","","","horizons-trial","88","1259484","0.0-84.0","","","","","10","[36,35,49,47,46,47,43,40,36,43]","[40,38,26,48,51,33,34,59,37,43]","""2023-06-15T17:36:53.816Z""","[0,0,1,0]","1","1","1","40","44","44","40","4","0","0","[""arrowleft"",""arrowleft"",""arrowright"",""arrowleft"",""arrowright"",""arrowright"",""arrowright"",""arrowright"",""arrowright"",""arrowleft""]","[1034,466,497,449,639,662,554,548,545,1291]","[36,35,26,47,51,33,34,59,37,43]","[0,0,0,0,51,0,0,59,37,43]","[[11.9326,56.827]]","[]","[]","[]","1","[]","[]","[]","[]","vertical","","","",""
"","","","","","horizons-trial","89","1270092","0.0-85.0","","","","","10","[40,28,44,33,32,37,43,37,40,37]","[41,45,44,58,42,52,50,47,58,30]","""2023-06-15T17:37:04.425Z""","[0,0,1,0]","1","0","1","40","48","40","48","8","0","0","[""arrowleft"",""arrowleft"",""arrowright"",""arrowleft"",""arrowright"",""arrowleft"",""arrowright"",""arrowright"",""arrowleft"",""arrowright""]","[1574,662,438,509,362,823,834,660,596,1473]","[40,28,44,33,42,37,50,47,40,30]","[0,0,44,0,42,0,50,47,0,0]","[[11.9326,56.827]]","[]","[]","[]","1","[]","[]","[]","[]","vertical","","","",""
"","","","","","horizons-trial","90","1280019","0.0-86.0","","","","","10","[87,70,66,69,84,65,60,70,68,81]","[43,33,35,35,39,24,42,45,40,35]","""2023-06-15T17:37:14.351Z""","[1,1,1,0]","1","1","1","40","70","70","40","30","0","0","[""arrowright"",""arrowright"",""arrowright"",""arrowleft"",""arrowright"",""arrowright"",""arrowright"",""arrowright"",""arrowright"",""arrowright""]","[1624,357,332,895,1237,816,476,422,392,544]","[43,33,35,69,39,24,42,45,40,35]","[0,0,0,69,0,0,0,0,0,0]","[[11.9326,56.827]]","[]","[]","[]","1","[]","[]","[]","[]","vertical","","","",""
"","","","","","horizons-trial","91","1290696","0.0-87.0","","","","","5","[72,87,64,49,65]","[49,55,70,48,60]","""2023-06-15T17:37:25.029Z""","[0,0,1,0]","1","0","0","60","56","60","56","4","0","0","[""arrowleft"",""arrowleft"",""arrowright"",""arrowleft"",""arrowleft""]","[1459,281,536,2235,280]","[72,87,70,49,65]","[72,87,70,49,65]","[[50,73.82679999999999]]","[]","[]","[]","1","[]","[]","[]","[]","vertical","","","",""
"","","","","","horizons-trial","92","1297807","0.0-88.0","","","","","5","[48,48,50,47,42]","[32,49,37,51,48]","""2023-06-15T17:37:32.139Z""","[1,1,0,1]","1","1","0","40","44","44","40","4","0","0","[""arrowright"",""arrowright"",""arrowleft"",""arrowright"",""arrowleft""]","[933,342,911,725,402]","[32,49,50,51,42]","[0,49,50,51,0]","[[50,73.82679999999999]]","[]","[]","[]","1","[]","[]","[]","[]","vertical","","","",""
"","","","","","horizons-trial","93","1306991","0.0-89.0","","","","","10","[33,49,44,35,45,39,41,41,37,52]","[65,66,68,73,66,77,62,69,59,71]","""2023-06-15T17:37:41.323Z""","[1,1,0,0]","0","0","1","40","70","40","70","30","0","0","[""arrowright"",""arrowright"",""arrowleft"",""arrowleft"",""arrowright"",""arrowright"",""arrowright"",""arrowright"",""arrowright"",""arrowright""]","[1004,351,811,424,1090,767,395,424,403,457]","[65,66,44,35,66,77,62,69,59,71]","[65,66,0,0,66,77,62,69,59,71]","[[49.0239,74.9118]]","[]","[]","[]","1","[]","[]","[]","[]","vertical","","","",""
"","","","","","horizons-trial","94","1314423","0.0-90.0","","","","","5","[50,33,37,35,44]","[57,78,66,48,48]","""2023-06-15T17:37:48.756Z""","[0,1,0,0]","1","1","0","60","40","40","60","20","0","0","[""arrowleft"",""arrowright"",""arrowleft"",""arrowleft"",""arrowleft""]","[1180,685,451,796,413]","[50,78,37,35,44]","[0,78,0,0,0]","[[50,74.9118]]","[]","[]","[]","1","[]","[]","[]","[]","vertical","","","",""
"","","","","","horizons-trial","95","1322122","0.0-91.0","","","","","5","[28,32,32,39,31]","[34,37,33,43,34]","""2023-06-15T17:37:56.455Z""","[0,1,1,1]","1","1","0","40","42","42","40","2","0","0","[""arrowleft"",""arrowright"",""arrowright"",""arrowright"",""arrowleft""]","[1243,665,537,374,1276]","[28,37,33,43,31]","[0,37,33,43,0]","[[50,74.9118]]","[]","[]","[]","1","[]","[]","[]","[]","vertical","","","",""
"","","","","","horizons-trial","96","1332082","0.0-92.0","","","","","10","[71,49,62,66,68,66,60,55,63,63]","[60,42,48,53,50,63,64,41,44,68]","""2023-06-15T17:38:06.414Z""","[1,1,0,0]","0","0","1","60","56","60","56","4","0","0","[""arrowright"",""arrowright"",""arrowleft"",""arrowleft"",""arrowleft"",""arrowright"",""arrowright"",""arrowright"",""arrowright"",""arrowright""]","[1044,431,1123,410,334,1082,434,532,437,472]","[60,42,62,66,68,63,64,41,44,68]","[0,0,62,66,68,0,64,0,0,68]","[[48.6985,74.9118]]","[]","[]","[]","1","[]","[]","[]","[]","vertical","","","",""
"","","","","","horizons-trial","97","1348696","0.0-93.0","","","","","5","[38,41,47,28,40]","[55,57,43,57,47]","""2023-06-15T17:38:23.029Z""","[0,1,1,0]","0","0","0","40","48","40","48","8","0","0","[""arrowleft"",""arrowright"",""arrowright"",""arrowleft"",""arrowleft""]","[5160,552,815,3460,790]","[38,57,43,28,40]","[0,57,0,0,0]","[[50,82.8692]]","[]","[]","[]","1","[]","[]","[]","[]","vertical","","","",""
"","","","","","horizons-trial","98","1355940","0.0-94.0","","","","","10","[80,49,62,63,42,59,58,51,69,59]","[39,46,43,43,34,39,63,50,27,36]","""2023-06-15T17:38:30.273Z""","[0,1,1,0]","0","0","1","60","40","60","40","20","0","0","[""arrowleft"",""arrowright"",""arrowright"",""arrowleft"",""arrowleft"",""arrowright"",""arrowright"",""arrowright"",""arrowright"",""arrowright""]","[1105,729,312,604,255,820,340,290,287,263]","[80,46,43,63,42,39,63,50,27,36]","[80,0,0,63,42,0,63,0,0,0]","[[50,82.8692]]","[]","[]","[]","1","[]","[]","[]","[]","vertical","","","",""
"","","","","","horizons-trial","99","1362323","0.0-95.0","","","","","10","[42,51,45,58,56,54,63,52,47,69]","[60,59,67,57,61,65,61,65,61,59]","""2023-06-15T17:38:36.656Z""","[0,1,1,1]","1","1","1","60","56","56","60","4","0","0","[""arrowleft"",""arrowright"",""arrowright"",""arrowright"",""arrowright"",""arrowright"",""arrowright"",""arrowright"",""arrowright"",""arrowright""]","[1061,574,362,278,259,584,317,265,246,297]","[42,59,67,57,61,65,61,65,61,59]","[0,59,67,0,61,65,0,65,61,0]","[[50,82.8692]]","[]","[]","[]","1","[]","[]","[]","[]","vertical","","","",""
"","","","","","horizons-trial","100","1369190","0.0-96.0","","","","","5","[49,43,53,45,38]","[72,58,62,68,83]","""2023-06-15T17:38:43.523Z""","[1,0,0,1]","0","0","0","40","70","40","70","30","0","0","[""arrowright"",""arrowleft"",""arrowleft"",""arrowright"",""arrowright""]","[609,1344,241,574,301]","[72,43,53,68,83]","[72,0,0,68,83]","[[50,82.8692]]","[]","[]","[]","1","[]","[]","[]","[]","vertical","","","",""
"","","","","","horizons-trial","101","1374103","0.0-97.0","","","","","5","[55,55,78,48,48]","[12,18,36,25,37]","""2023-06-15T17:38:48.436Z""","[1,0,0,1]","0","0","0","60","30","60","30","30","0","0","[""arrowright"",""arrowleft"",""arrowleft"",""arrowright"",""arrowright""]","[490,1110,309,504,326]","[12,55,78,25,37]","[0,55,78,0,0]","[[50,82.8692]]","[]","[]","[]","1","[]","[]","[]","[]","vertical","","","",""
"","","","","","horizons-trial","102","1380974","0.0-98.0","","","","","5","[50,55,39,29,31]","[33,40,32,42,36]","""2023-06-15T17:38:55.307Z""","[0,1,0,0]","1","0","0","40","44","40","44","4","0","0","[""arrowleft"",""arrowright"",""arrowleft"",""arrowleft"",""arrowright""]","[1927,731,604,738,459]","[50,40,39,29,36]","[50,0,39,0,36]","[[50,82.8692]]","[]","[]","[]","1","[]","[]","[]","[]","vertical","","","",""
"","","","","","horizons-trial","103","1387960","0.0-99.0","","","","","5","[52,70,58,67,64]","[49,58,52,47,58]","""2023-06-15T17:39:02.293Z""","[0,1,1,0]","0","0","0","60","52","60","52","8","0","0","[""arrowleft"",""arrowright"",""arrowright"",""arrowleft"",""arrowright""]","[2078,523,560,870,431]","[52,58,52,67,58]","[52,0,0,67,0]","[[50,82.8692]]","[]","[]","[]","1","[]","[]","[]","[]","vertical","","","",""
"","","","","","horizons-trial","104","1400968","0.0-100.0","","","","","10","[14,31,26,29,27,34,23,25,38,26]","[63,49,60,66,74,54,61,63,52,46]","""2023-06-15T17:39:15.301Z""","[0,1,1,1]","1","1","1","60","30","30","60","30","0","0","[""arrowleft"",""arrowright"",""arrowright"",""arrowright"",""arrowright"",""arrowleft"",""arrowleft"",""arrowleft"",""arrowright"",""arrowright""]","[1155,426,578,364,635,1004,679,966,554,502]","[14,49,60,66,74,34,23,25,52,46]","[0,49,60,66,74,0,0,0,52,46]","[[34.3826,58.6355]]","[]","[]","[]","1","[]","[]","[]","[]","vertical","","","",""
"","","","","","horizons-trial","105","1411945","0.0-101.0","","","","","5","[61,57,71,54,77]","[52,46,41,44,42]","""2023-06-15T17:39:26.278Z""","[0,1,0,1]","0","1","0","40","60","60","40","20","0","0","[""arrowleft"",""arrowright"",""arrowleft"",""arrowright"",""arrowleft""]","[1033,479,1497,697,1488]","[61,46,71,44,77]","[61,0,71,0,77]","[[50,74.9118]]","[]","[]","[]","1","[]","[]","[]","[]","vertical","","","",""
"","","","","","horizons-trial","106","1420372","0.0-102.0","","","","","5","[59,58,53,70,63]","[61,38,53,44,49]","""2023-06-15T17:39:34.705Z""","[0,1,1,1]","1","0","0","60","48","60","48","12","0","0","[""arrowleft"",""arrowright"",""arrowright"",""arrowright"",""arrowleft""]","[1907,1555,566,336,945]","[59,38,53,44,63]","[0,0,53,0,63]","[[50,74.9118]]","[]","[]","[]","1","[]","[]","[]","[]","vertical","","","",""
"","","","","","horizons-trial","107","1430391","0.0-103.0","","","","","10","[53,54,61,58,67,65,54,63,62,66]","[55,57,62,58,66,68,58,63,51,61]","""2023-06-15T17:39:44.723Z""","[0,1,1,1]","1","0","1","60","59","60","59","1","0","0","[""arrowleft"",""arrowright"",""arrowright"",""arrowright"",""arrowleft"",""arrowright"",""arrowright"",""arrowright"",""arrowright"",""arrowright""]","[1561,872,506,327,1065,945,506,566,415,394]","[53,57,62,58,67,68,58,63,51,61]","[0,57,62,58,67,68,58,63,0,0]","[[49.3493,74.9118]]","[]","[]","[]","1","[]","[]","[]","[]","vertical","","","",""
"","","","","","horizons-trial","108","1437241","0.0-104.0","","","","","5","[29,44,51,29,42]","[55,29,35,37,38]","""2023-06-15T17:39:51.574Z""","[1,0,0,1]","0","0","0","40","41","40","41","1","0","0","[""arrowright"",""arrowleft"",""arrowleft"",""arrowright"",""arrowright""]","[1036,625,965,480,667]","[55,44,51,37,38]","[55,44,51,37,0]","[[50,74.9118]]","[]","[]","[]","1","[]","[]","[]","[]","vertical","","","",""
"","","","","","horizons-trial","109","1449374","0.0-105.0","","","","","10","[66,62,47,53,70,61,42,63,70,64]","[34,49,36,49,50,29,42,55,53,43]","""2023-06-15T17:40:03.706Z""","[0,1,1,0]","0","0","1","60","48","60","48","12","0","0","[""arrowleft"",""arrowright"",""arrowright"",""arrowleft"",""arrowright"",""arrowleft"",""arrowleft"",""arrowleft"",""arrowleft"",""arrowleft""]","[1039,642,381,820,443,2339,547,389,308,284]","[66,49,36,53,50,61,42,63,70,64]","[66,0,0,53,0,61,42,63,70,64]","[[27.8754,78.5288]]","[]","[]","[]","1","[]","[]","[]","[]","vertical","","","",""
"","","","","","horizons-trial","110","1460114","0.0-106.0","","","","","10","[44,37,27,32,41,34,38,56,51,42]","[41,38,44,40,43,32,42,32,42,39]","""2023-06-15T17:40:14.447Z""","[1,0,1,0]","0","1","1","40","44","44","40","4","0","0","[""arrowright"",""arrowleft"",""arrowright"",""arrowleft"",""arrowleft"",""arrowright"",""arrowright"",""arrowright"",""arrowright"",""arrowright""]","[936,991,1966,1051,518,992,381,299,277,379]","[41,37,44,32,41,32,42,32,42,39]","[0,0,44,0,0,0,42,0,0,0]","[[44.7942,77.082]]","[]","[]","[]","1","[]","[]","[]","[]","vertical","","","",""
"","","","","","horizons-trial","111","1470215","0.0-107.0","","","","","5","[67,72,55,53,70]","[71,62,51,54,61]","""2023-06-15T17:40:24.548Z""","[0,0,1,1]","0","0","0","60","59","60","59","1","0","0","[""arrowleft"",""arrowleft"",""arrowright"",""arrowright"",""arrowright""]","[1597,292,545,256,337]","[67,72,51,54,61]","[0,72,0,54,0]","[[50,88.6563]]","[]","[]","[]","1","[]","[]","[]","[]","vertical","","","",""
"","","","","","horizons-trial","112","1477473","0.0-108.0","","","","","5","[49,18,37,47,47]","[44,41,51,34,61]","""2023-06-15T17:40:31.805Z""","[1,0,1,1]","1","1","0","40","41","41","40","1","0","0","[""arrowright"",""arrowleft"",""arrowright"",""arrowright"",""arrowright""]","[992,1003,655,753,463]","[44,18,51,34,61]","[0,0,51,0,61]","[[50,88.6563]]","[]","[]","[]","1","[]","[]","[]","[]","vertical","","","",""
"","","","","","horizons-trial","113","1485491","0.0-109.0","","","","","10","[47,33,48,27,34,43,44,47,49,37]","[50,66,58,63,47,70,61,59,53,65]","""2023-06-15T17:40:39.823Z""","[0,1,1,0]","0","1","1","60","40","40","60","20","0","0","[""arrowleft"",""arrowright"",""arrowright"",""arrowleft"",""arrowleft"",""arrowright"",""arrowright"",""arrowright"",""arrowright"",""arrowright""]","[1146,1206,271,1069,206,822,317,266,224,178]","[47,66,58,27,34,70,61,59,53,65]","[0,66,58,0,0,70,61,59,53,65]","[[48.6985,88.6563]]","[]","[]","[]","1","[]","[]","[]","[]","vertical","","","",""
"","","","","","horizons-trial","114","1492616","0.0-110.0","","","","","5","[44,35,36,22,30]","[57,44,40,44,39]","""2023-06-15T17:40:46.949Z""","[0,1,1,1]","1","0","0","40","42","40","42","2","0","0","[""arrowleft"",""arrowright"",""arrowright"",""arrowright"",""arrowright""]","[1151,605,275,241,201]","[44,44,40,44,39]","[0,44,40,44,39]","[[50,88.6563]]","[]","[]","[]","1","[]","[]","[]","[]","vertical","","","",""
"","","","","","horizons-trial","115","1499832","0.0-111.0","","","","","10","[63,69,59,63,57,62,56,49,49,65]","[59,53,47,59,61,59,55,61,50,65]","""2023-06-15T17:40:54.165Z""","[0,0,1,0]","1","0","1","60","58","60","58","2","0","0","[""arrowleft"",""arrowleft"",""arrowright"",""arrowleft"",""arrowleft"",""arrowright"",""arrowright"",""arrowright"",""arrowright"",""arrowright""]","[1032,319,587,678,312,815,311,237,267,317]","[63,69,47,63,57,59,55,61,50,65]","[63,69,0,63,0,0,0,61,50,65]","[[48.6985,88.6563]]","[]","[]","[]","1","[]","[]","[]","[]","vertical","","","",""
"","","","","","horizons-trial","116","1507399","0.0-112.0","","","","","10","[33,38,38,36,35,39,35,53,25,36]","[28,30,44,25,37,40,46,52,57,49]","""2023-06-15T17:41:01.731Z""","[1,0,1,1]","1","0","1","40","44","40","44","4","0","0","[""arrowright"",""arrowleft"",""arrowright"",""arrowright"",""arrowright"",""arrowleft"",""arrowleft"",""arrowleft"",""arrowleft"",""arrowleft""]","[831,926,703,448,318,816,274,266,256,248]","[28,38,44,25,37,39,35,53,25,36]","[0,38,44,0,37,0,0,53,0,0]","[[48.6985,88.6563]]","[]","[]","[]","1","[]","[]","[]","[]","vertical","","","",""
"","","","","","horizons-trial","117","1515253","0.0-113.0","","","","","5","[76,65,70,67,73]","[42,29,44,42,33]","""2023-06-15T17:41:09.586Z""","[1,1,0,0]","0","1","0","40","70","70","40","30","0","0","[""arrowright"",""arrowright"",""arrowleft"",""arrowleft"",""arrowleft""]","[828,259,876,230,275]","[42,29,70,67,73]","[0,0,70,67,73]","[[50,88.6563]]","[]","[]","[]","1","[]","[]","[]","[]","vertical","","","",""
"","","","","","horizons-trial","118","1521538","0.0-114.0","","","","","5","[60,56,63,52,62]","[52,51,53,65,61]","""2023-06-15T17:41:15.871Z""","[0,1,1,0]","0","1","0","60","52","52","60","8","0","0","[""arrowleft"",""arrowright"",""arrowright"",""arrowleft"",""arrowright""]","[881,750,642,918,351]","[60,51,53,52,61]","[60,0,0,0,0]","[[50,88.6563]]","[]","[]","[]","1","[]","[]","[]","[]","vertical","","","",""
"","","","","","horizons-trial","119","1530218","0.0-115.0","","","","","5","[64,64,56,60,63]","[38,50,33,31,40]","""2023-06-15T17:41:24.551Z""","[0,0,1,1]","0","0","0","60","40","60","40","20","0","0","[""arrowleft"",""arrowleft"",""arrowright"",""arrowright"",""arrowright""]","[502,306,3097,334,287]","[64,64,33,31,40]","[64,64,0,0,0]","[[50,88.6563]]","[]","[]","[]","1","[]","[]","[]","[]","vertical","","","",""
"","","","","","horizons-trial","120","1538855","0.0-116.0","","","","","10","[64,59,64,63,72,67,65,67,56,52]","[34,25,17,19,32,19,32,22,34,41]","""2023-06-15T17:41:33.188Z""","[0,0,1,1]","0","0","1","60","30","60","30","30","0","0","[""arrowleft"",""arrowleft"",""arrowright"",""arrowright"",""arrowright"",""arrowright"",""arrowleft"",""arrowleft"",""arrowleft"",""arrowleft""]","[1297,314,1277,280,244,782,925,364,328,271]","[64,59,17,19,32,19,65,67,56,52]","[64,59,0,0,0,0,65,67,56,52]","[[48.6985,88.6563]]","[]","[]","[]","1","[]","[]","[]","[]","vertical","","","",""
"","","","","","horizons-trial","121","1545155","0.0-117.0","","","","","5","[50,51,66,60,49]","[52,58,72,50,64]","""2023-06-15T17:41:39.488Z""","[0,1,0,0]","1","1","0","60","59","59","60","1","0","0","[""arrowleft"",""arrowright"",""arrowleft"",""arrowleft"",""arrowleft""]","[1043,1034,975,329,397]","[50,58,66,60,49]","[0,58,0,60,0]","[[50,88.6563]]","[]","[]","[]","1","[]","[]","[]","[]","vertical","","","",""
"","","","","","horizons-trial","122","1553728","0.0-118.0","","","","","10","[56,59,68,61,61,51,66,57,56,54]","[44,38,43,37,52,30,41,51,34,36]","""2023-06-15T17:41:48.061Z""","[1,0,0,0]","1","1","1","40","60","60","40","20","0","0","[""arrowright"",""arrowleft"",""arrowleft"",""arrowleft"",""arrowleft"",""arrowleft"",""arrowleft"",""arrowleft"",""arrowleft"",""arrowleft""]","[1814,1076,268,229,223,1127,257,237,217,244]","[44,59,68,61,61,51,66,57,56,54]","[0,59,68,61,61,51,66,57,56,54]","[[48.6985,88.6563]]","[]","[]","[]","1","[]","[]","[]","[]","vertical","","","",""
"","","","","","survey-html-form","123","1583993","0.0-119.0","30260","{""comments"":""I made it up as I went along.""}","","","","","","","","","","","","","","","","","","","","","","","","","","","","","","","","","","",""
"","","","","","survey-html-form","124","1596133","0.0-120.0","12136","{""comments"":"" ""}","","","","","","","","","","","","","","","","","","","","","","","","","","","","","","","","","","",""
"","","","","","survey-html-form","125","1597539","0.0-121.0","1405","{""comments"":"" ""}","","","","","","","","","","","","","","","","","","","","","","","","","","","","","","","","","","","[{""event"":""fullscreenenter"",""trial"":2,""time"":8225}]"
