"success","timeout","failed_images","failed_audio","failed_video","trial_type","trial_index","time_elapsed","internal_node_id","rt","response","view_history","task","stimulus","question_order","horizon","rewards_L","rewards_R","date","forced_choices","r_info","r_side","r_h","r_mean","r_otherMean","r_mean_L","r_mean_R","r_difference","confidence_immediate_overall","confidence_question_order","key_presses","response_times","outcomes","outcomes_counted_points","confidence","confidence_rt","confidence_2","confidence_2_rt","screen_resolution","belief_confidence_1","belief_confidence_2","belief_confidence_3","belief_confidence_4","immediate_judgement_orientation","phase","responses","num_errors","interactions"
"true","false","[]","[]","[]","preload","0","429","0.0-0.0","","","","","","","","","","","","","","","","","","","","","","","","","","","","","","","","","","","","","","",""
"","","","","","survey-html-form","1","11708","0.0-1.0","11276","{""comments"":""62b4a72f7bad9f1e3babd277""}","","","","","","","","","","","","","","","","","","","","","","","","","","","","","","","","","","","","",""
"true","","","","","fullscreen","2","14205","0.0-2.0","","","","","","","","","","","","","","","","","","","","","","","","","","","","","","","","","","","","","","",""
"","","","","","instructions","3","45023","0.0-3.0","30814","","[{""page_index"":0,""viewing_time"":3049},{""page_index"":1,""viewing_time"":12052},{""page_index"":2,""viewing_time"":6499},{""page_index"":3,""viewing_time"":6468},{""page_index"":4,""viewing_time"":1487},{""page_index"":5,""viewing_time"":1259}]","Consent","","","","","","","","","","","","","","","","","","","","","","","","","","","","","","","","","","",""
"","","","","","html-button-response","4","48542","0.0-4.0","3514","0","","","<p>Declaration of consent for study participation:</p>
            <ul>
                <li> I was informed about the study 'Metacognition in a bandit task', its course, meaning, scope and risks, and I have read and understood the study information.</li>
                <li> I had the opportunity to clarify all open questions. </li>
                <li> I have the right to request further information about the study at any time.</li>
                <li> I voluntarily agree to participate in the study described in the study information provided.</li>
                <li> I have been informed that I may withdraw from this study at any time without incurring any disadvantage.</li>
            </ul>","","","","","","","","","","","","","","","","","","","","","","","","","","","","","","","","","",""
"","","","","","survey-multi-choice","5","56970","0.0-5.0","8418","{""firstDataProtectionQ"":""yes"",""secondDataProtectionQ"":""yes"",""thirdDataProtectionQ"":""yes"",""fourthDataProtectionQ"":""yes""}","","","","[0,1,2,3]","","","","","","","","","","","","","","","","","","","","","","","","","","","","","","","","",""
"","","","","","instructions","6","183441","0.0-6.0-0.0","126461","","[{""page_index"":0,""viewing_time"":2936},{""page_index"":1,""viewing_time"":4644},{""page_index"":2,""viewing_time"":7394},{""page_index"":3,""viewing_time"":10014},{""page_index"":4,""viewing_time"":12870},{""page_index"":5,""viewing_time"":3330},{""page_index"":6,""viewing_time"":6202},{""page_index"":7,""viewing_time"":9156},{""page_index"":8,""viewing_time"":6222},{""page_index"":9,""viewing_time"":18266},{""page_index"":10,""viewing_time"":38189},{""page_index"":11,""viewing_time"":7238}]","","","","","","","","","","","","","","","","","","","","","","","","","","","","","","","","","","","",""
"","","","","","horizons-trial","7","208319","0.0-6.0-1.0","","","","","","","5","[44,57,74,72,62]","[31,33,24,39,29]","""2023-09-16T09:24:26.456Z""","[1,0,1,1]","","","","","","","","","0","","[""arrowright"",""arrowleft"",""arrowright"",""arrowright"",""arrowleft""]","[1811,1708,363,522,575]","[31,57,24,39,62]","[0,57,0,0,62]","[[50,71.05799999999999]]","[]","[]","[]","1","[]","[]","[]","[]","vertical","practice","","",""
"","","","","","horizons-trial","8","234585","0.0-6.0-2.0","","","","","","","10","[64,50,57,35,52,38,44,61,39,38]","[70,69,76,71,75,58,81,84,57,61]","""2023-09-16T09:24:52.721Z""","[0,0,1,1]","","","","","","","","","1","","[""arrowleft"",""arrowleft"",""arrowright"",""arrowright"",""arrowright"",""arrowright"",""arrowleft"",""arrowright"",""arrowright"",""arrowright""]","[1673,449,381,388,1848,2531,1269,1815,988,1023]","[64,50,76,71,75,58,44,84,57,61]","[0,0,76,71,75,58,0,84,57,61]","[[62.6621,62.5127]]","[]","[]","[]","1","[]","[]","[]","[]","vertical","practice","","",""
"","","","","","instructions","9","253849","0.0-6.0-3.0","19257","","[{""page_index"":0,""viewing_time"":1980},{""page_index"":1,""viewing_time"":11031},{""page_index"":2,""viewing_time"":4668},{""page_index"":3,""viewing_time"":1578}]","","","","","","","","","","","","","","","","","","","","","","","","","","","","","","","","","","","",""
"","","","","","horizons-comprehension","10","281672","0.0-6.0-4.0","27816.700000047684","","","","","","","","","","","","","","","","","","","","","","","","","","","","","","","","","","","","[""true"",""false"",""false"",""true""]","1",""
"","","","","","instructions","11","365381","0.0-6.1-0.1","80878","","[{""page_index"":0,""viewing_time"":1716},{""page_index"":1,""viewing_time"":5442},{""page_index"":2,""viewing_time"":3398},{""page_index"":3,""viewing_time"":9440},{""page_index"":4,""viewing_time"":1264},{""page_index"":3,""viewing_time"":32118},{""page_index"":4,""viewing_time"":7698},{""page_index"":5,""viewing_time"":2162},{""page_index"":6,""viewing_time"":2047},{""page_index"":7,""viewing_time"":2316},{""page_index"":8,""viewing_time"":1481},{""page_index"":9,""viewing_time"":6565},{""page_index"":10,""viewing_time"":3546},{""page_index"":11,""viewing_time"":1684}]","","","","","","","","","","","","","","","","","","","","","","","","","","","","","","","","","","","",""
"","","","","","horizons-trial","12","373078","0.0-6.1-1.1","","","","","","","5","[44,57,74,72,62]","[31,33,24,39,29]","""2023-09-16T09:27:11.215Z""","[1,0,1,1]","","","","","","","","","0","","[""arrowright"",""arrowleft"",""arrowright"",""arrowright"",""arrowleft""]","[1186,388,417,402,686]","[31,57,24,39,62]","[0,57,0,0,62]","[[50,64.9462]]","[]","[]","[]","1","[]","[]","[]","[]","vertical","practice","","",""
"","","","","","horizons-trial","13","384104","0.0-6.1-2.1","","","","","","","10","[64,50,57,35,52,38,44,61,39,38]","[70,69,76,71,75,58,81,84,57,61]","""2023-09-16T09:27:22.241Z""","[0,0,1,1]","","","","","","","","","1","","[""arrowleft"",""arrowleft"",""arrowright"",""arrowright"",""arrowleft"",""arrowright"",""arrowright"",""arrowright"",""arrowright"",""arrowright""]","[1291,395,336,378,630,614,707,599,546,515]","[64,50,76,71,52,58,81,84,57,61]","[0,0,76,71,0,58,81,84,57,61]","[[61.3392,69.7615]]","[]","[]","[]","1","[]","[]","[]","[]","vertical","practice","","",""
"","","","","","instructions","14","392422","0.0-6.1-3.1","8311","","[{""page_index"":0,""viewing_time"":1611},{""page_index"":1,""viewing_time"":4058},{""page_index"":2,""viewing_time"":1626},{""page_index"":3,""viewing_time"":1016}]","","","","","","","","","","","","","","","","","","","","","","","","","","","","","","","","","","","",""
"","","","","","horizons-comprehension","15","405901","0.0-6.1-4.1","13475.600000143051","","","","","","","","","","","","","","","","","","","","","","","","","","","","","","","","","","","","[""true"",""true"",""true"",""true""]","1",""
"","","","","","instructions","16","536425","0.0-6.2-0.2","120183","","[{""page_index"":0,""viewing_time"":3982},{""page_index"":1,""viewing_time"":5362},{""page_index"":2,""viewing_time"":6244},{""page_index"":3,""viewing_time"":26650},{""page_index"":4,""viewing_time"":21710},{""page_index"":5,""viewing_time"":3438},{""page_index"":6,""viewing_time"":1624},{""page_index"":7,""viewing_time"":2295},{""page_index"":8,""viewing_time"":2122},{""page_index"":9,""viewing_time"":33148},{""page_index"":10,""viewing_time"":11826},{""page_index"":11,""viewing_time"":1782}]","","","","","","","","","","","","","","","","","","","","","","","","","","","","","","","","","","","",""
"","","","","","horizons-trial","17","543643","0.0-6.2-1.2","","","","","","","5","[44,57,74,72,62]","[31,33,24,39,29]","""2023-09-16T09:30:01.780Z""","[1,0,1,1]","","","","","","","","","0","","[""arrowright"",""arrowleft"",""arrowright"",""arrowright"",""arrowright""]","[1287,391,397,468,641]","[31,57,24,39,29]","[0,57,0,0,0]","[[50,58.6863]]","[]","[]","[]","1","[]","[]","[]","[]","vertical","practice","","",""
"","","","","","horizons-trial","18","553447","0.0-6.2-2.2","","","","","","","10","[64,50,57,35,52,38,44,61,39,38]","[70,69,76,71,75,58,81,84,57,61]","""2023-09-16T09:30:11.584Z""","[0,0,1,1]","","","","","","","","","1","","[""arrowleft"",""arrowleft"",""arrowright"",""arrowright"",""arrowright"",""arrowright"",""arrowright"",""arrowright"",""arrowright"",""arrowright""]","[1260,408,349,407,718,1027,543,468,491,417]","[64,50,76,71,75,58,81,84,57,61]","[0,0,76,71,75,58,81,84,57,61]","[[65.6403,71.6876]]","[]","[]","[]","1","[]","[]","[]","[]","vertical","practice","","",""
"","","","","","instructions","19","569107","0.0-6.2-3.2","15653","","[{""page_index"":0,""viewing_time"":1528},{""page_index"":1,""viewing_time"":12210},{""page_index"":2,""viewing_time"":1050},{""page_index"":3,""viewing_time"":864}]","","","","","","","","","","","","","","","","","","","","","","","","","","","","","","","","","","","",""
"","","","","","horizons-comprehension","20","583794","0.0-6.2-4.2","14679.900000095367","","","","","","","","","","","","","","","","","","","","","","","","","","","","","","","","","","","","[""true"",""true"",""false"",""true""]","0",""
"","","","","","instructions","21","585882","0.0-7.0","2072","","[{""page_index"":0,""viewing_time"":2071}]","","","","","","","","","","","","","","","","","","","","","","","","","","","","","","","","","","","",""
"","","","","","horizons-trial","22","596907","0.0-8.0","","","","","","","5","[29,46,41,37,28]","[61,68,59,48,73]","""2023-09-16T09:30:55.044Z""","[1,0,0,1]","0","1","0","60","30","30","60","30","0","0","[""arrowright"",""arrowleft"",""arrowleft"",""arrowright"",""arrowright""]","[1702,353,611,441,2228]","[61,46,41,48,73]","[61,0,0,48,73]","[[50,71.6876]]","[]","[]","[]","1","[]","[]","[]","[]","vertical","","","",""
"","","","","","horizons-trial","23","606104","0.0-9.0","","","","","","","5","[44,49,56,46,43]","[44,46,38,26,40]","""2023-09-16T09:31:04.241Z""","[0,1,0,0]","1","1","0","40","44","44","40","4","0","0","[""arrowleft"",""arrowright"",""arrowleft"",""arrowleft"",""arrowleft""]","[1751,470,429,413,2689]","[44,46,56,46,43]","[44,0,56,46,43]","[[50,55.3156]]","[]","[]","[]","1","[]","[]","[]","[]","vertical","","","",""
"","","","","","horizons-trial","24","620427","0.0-10.0","","","","","","","10","[39,37,45,48,36,45,37,41,54,35]","[47,30,38,37,41,40,21,21,43,38]","""2023-09-16T09:31:18.564Z""","[1,1,0,1]","1","1","1","40","44","44","40","4","0","0","[""arrowright"",""arrowright"",""arrowleft"",""arrowright"",""arrowleft"",""arrowright"",""arrowright"",""arrowleft"",""arrowright"",""arrowright""]","[1210,374,359,417,386,1599,722,1169,1390,723]","[47,30,45,37,36,40,21,41,43,38]","[47,0,45,0,0,0,0,41,0,38]","[[45.6989,75.5398]]","[]","[]","[]","1","[]","[]","[]","[]","vertical","","","",""
"","","","","","horizons-trial","25","628471","0.0-11.0","","","","","","","5","[63,54,51,63,59]","[55,58,65,53,64]","""2023-09-16T09:31:26.608Z""","[0,0,1,0]","1","0","0","60","59","60","59","1","0","0","[""arrowleft"",""arrowleft"",""arrowright"",""arrowleft"",""arrowleft""]","[918,456,410,425,978]","[63,54,65,63,59]","[63,0,65,63,0]","[[50,75.5398]]","[]","[]","[]","1","[]","[]","[]","[]","vertical","","","",""
"","","","","","horizons-trial","26","640644","0.0-12.0","","","","","","","10","[49,32,34,50,46,33,47,43,47,51]","[49,49,46,42,48,56,44,43,42,52]","""2023-09-16T09:31:38.781Z""","[1,0,0,1]","0","0","1","40","48","40","48","8","0","0","[""arrowright"",""arrowleft"",""arrowleft"",""arrowright"",""arrowright"",""arrowleft"",""arrowright"",""arrowright"",""arrowright"",""arrowright""]","[1002,345,361,381,1896,1913,794,758,1102,420]","[49,32,34,42,48,33,44,43,42,52]","[49,0,0,0,48,0,0,43,0,52]","[[65.6403,73.1322]]","[]","[]","[]","1","[]","[]","[]","[]","vertical","","","",""
"","","","","","horizons-trial","27","648032","0.0-13.0","","","","","","","5","[24,44,40,23,46]","[40,42,53,34,32]","""2023-09-16T09:31:46.169Z""","[0,1,0,1]","0","1","0","40","41","41","40","1","0","0","[""arrowleft"",""arrowright"",""arrowleft"",""arrowright"",""arrowright""]","[931,373,367,406,1671]","[24,42,40,34,32]","[0,0,0,34,0]","[[50,62.5386]]","[]","[]","[]","1","[]","[]","[]","[]","vertical","","","",""
"","","","","","horizons-trial","28","658523","0.0-14.0","","","","","","","10","[35,58,43,33,43,42,42,39,54,56]","[57,62,68,63,59,52,52,57,71,67]","""2023-09-16T09:31:56.660Z""","[0,0,1,1]","0","1","1","60","40","40","60","20","0","0","[""arrowleft"",""arrowleft"",""arrowright"",""arrowright"",""arrowleft"",""arrowright"",""arrowright"",""arrowright"",""arrowright"",""arrowright""]","[546,421,346,398,475,1479,1253,544,544,495]","[35,58,68,63,43,52,52,57,71,67]","[0,0,68,63,0,52,52,57,71,67]","[[57.0381,65.4277]]","[]","[]","[]","1","[]","[]","[]","[]","vertical","","","",""
"","","","","","horizons-trial","29","665192","0.0-15.0","","","","","","","5","[58,60,42,63,47]","[63,60,68,66,79]","""2023-09-16T09:32:03.328Z""","[1,0,1,1]","1","1","0","60","59","59","60","1","0","0","[""arrowright"",""arrowleft"",""arrowright"",""arrowright"",""arrowright""]","[1450,382,337,483,1227]","[63,60,68,66,79]","[63,60,68,66,79]","[[50,68.3169]]","[]","[]","[]","1","[]","[]","[]","[]","vertical","","","",""
"","","","","","horizons-trial","30","671541","0.0-16.0","","","","","","","5","[49,53,44,42,66]","[47,45,59,45,50]","""2023-09-16T09:32:09.678Z""","[0,1,0,1]","0","0","0","60","52","60","52","8","0","0","[""arrowleft"",""arrowright"",""arrowleft"",""arrowright"",""arrowleft""]","[790,380,371,382,1293]","[49,45,44,45,66]","[49,0,0,45,66]","[[50,48.5742]]","[]","[]","[]","1","[]","[]","[]","[]","vertical","","","",""
"","","","","","horizons-trial","31","678578","0.0-17.0","","","","","","","5","[36,53,45,52,27]","[36,33,46,42,52]","""2023-09-16T09:32:16.715Z""","[0,1,1,1]","1","1","0","40","41","41","40","1","0","0","[""arrowleft"",""arrowright"",""arrowright"",""arrowright"",""arrowright""]","[820,445,465,581,1202]","[36,33,46,42,52]","[36,0,46,0,52]","[[50,57.7233]]","[]","[]","[]","1","[]","[]","[]","[]","vertical","","","",""
"","","","","","horizons-trial","32","693105","0.0-18.0","","","","","","","10","[45,32,32,31,35,32,38,34,43,44]","[47,35,48,34,34,19,40,29,26,39]","""2023-09-16T09:32:31.242Z""","[0,0,1,1]","0","1","1","40","41","41","40","1","0","0","[""arrowleft"",""arrowleft"",""arrowright"",""arrowright"",""arrowright"",""arrowleft"",""arrowright"",""arrowright"",""arrowleft"",""arrowleft""]","[558,356,332,417,1737,1197,543,650,681,784]","[45,32,48,34,34,32,40,29,43,44]","[0,0,48,34,0,32,40,0,43,44]","[[28.4946,45.6851]]","[]","[]","[]","1","[]","[]","[]","[]","vertical","","","",""
"","","","","","horizons-trial","33","700297","0.0-19.0","","","","","","","5","[70,59,69,60,50]","[62,57,54,51,38]","""2023-09-16T09:32:38.433Z""","[0,0,0,1]","1","0","0","60","56","60","56","4","0","0","[""arrowleft"",""arrowleft"",""arrowleft"",""arrowright"",""arrowleft""]","[1176,380,590,581,445]","[70,59,69,51,50]","[70,59,69,0,50]","[[50,50.5003]]","[]","[]","[]","1","[]","[]","[]","[]","vertical","","","",""
"","","","","","horizons-trial","34","719766","0.0-20.0","","","","","","","10","[61,74,67,65,66,53,75,50,69,51]","[48,51,53,74,59,59,60,55,55,58]","""2023-09-16T09:32:57.903Z""","[0,1,0,1]","0","0","1","60","56","60","56","4","0","0","[""arrowleft"",""arrowright"",""arrowleft"",""arrowright"",""arrowright"",""arrowleft"",""arrowright"",""arrowright"",""arrowleft"",""arrowright""]","[1044,467,357,398,1372,2429,552,703,1028,626]","[61,51,67,74,59,53,60,55,69,58]","[61,0,67,74,0,0,0,55,69,58]","[[70.7234,66.3908]]","[]","[]","[]","1","[]","[]","[]","[]","vertical","","","",""
"","","","","","horizons-trial","35","725336","0.0-21.0","","","","","","","5","[42,37,46,26,45]","[48,41,43,40,23]","""2023-09-16T09:33:03.473Z""","[1,0,1,1]","1","1","0","40","42","42","40","2","0","0","[""arrowright"",""arrowleft"",""arrowright"",""arrowright"",""arrowright""]","[926,355,367,389,656]","[48,37,43,40,23]","[48,0,0,40,0]","[[50,61.5755]]","[]","[]","[]","1","[]","[]","[]","[]","vertical","","","",""
"","","","","","horizons-trial","36","734886","0.0-22.0","","","","","","","10","[39,57,42,44,36,33,43,47,41,47]","[49,64,62,48,64,71,69,50,67,58]","""2023-09-16T09:33:13.023Z""","[0,1,0,0]","1","1","1","60","40","40","60","20","0","0","[""arrowleft"",""arrowright"",""arrowleft"",""arrowleft"",""arrowright"",""arrowright"",""arrowright"",""arrowright"",""arrowright"",""arrowright""]","[822,348,402,392,402,891,619,590,493,637]","[39,64,42,44,64,71,69,50,67,58]","[0,64,0,0,64,71,69,50,67,58]","[[63.2942,51.9449]]","[]","[]","[]","1","[]","[]","[]","[]","vertical","","","",""
"","","","","","horizons-trial","37","740354","0.0-23.0","","","","","","","5","[44,46,45,34,39]","[57,60,64,60,61]","""2023-09-16T09:33:18.491Z""","[0,1,1,0]","0","1","0","60","48","48","60","12","0","0","[""arrowleft"",""arrowright"",""arrowright"",""arrowleft"",""arrowright""]","[793,406,372,325,824]","[44,60,64,34,61]","[0,60,64,0,61]","[[50,67.3538]]","[]","[]","[]","1","[]","[]","[]","[]","vertical","","","",""
"","","","","","horizons-trial","38","755860","0.0-24.0","","","","","","","10","[44,62,51,52,70,55,48,51,60,56]","[48,57,67,46,36,58,43,61,75,68]","""2023-09-16T09:33:33.997Z""","[1,1,0,0]","0","1","1","60","59","59","60","1","0","0","[""arrowright"",""arrowright"",""arrowleft"",""arrowleft"",""arrowleft"",""arrowleft"",""arrowright"",""arrowleft"",""arrowleft"",""arrowleft""]","[879,794,458,596,1758,1323,509,691,918,582]","[48,57,51,52,70,55,43,51,60,56]","[48,0,0,52,70,0,0,0,0,0]","[[28.1036,60.6124]]","[]","[]","[]","1","[]","[]","[]","[]","vertical","","","",""
"","","","","","horizons-trial","39","767591","0.0-25.0","","","","","","","5","[60,52,68,72,39]","[56,62,67,57,42]","""2023-09-16T09:33:45.728Z""","[1,1,0,0]","0","0","0","60","59","60","59","1","0","0","[""arrowright"",""arrowright"",""arrowleft"",""arrowleft"",""arrowleft""]","[2024,680,535,586,2822]","[56,62,68,72,39]","[0,62,68,72,0]","[[50,63.0201]]","[]","[]","[]","1","[]","[]","[]","[]","vertical","","","",""
"","","","","","horizons-trial","40","778831","0.0-26.0","","","","","","","10","[23,42,35,40,46,39,30,23,36,48]","[67,46,40,43,22,46,40,45,38,44]","""2023-09-16T09:33:56.968Z""","[1,0,0,1]","0","0","1","40","44","40","44","4","0","0","[""arrowright"",""arrowleft"",""arrowleft"",""arrowright"",""arrowright"",""arrowleft"",""arrowleft"",""arrowright"",""arrowright"",""arrowleft""]","[938,385,426,417,1285,927,1047,522,962,789]","[67,42,35,43,22,39,30,45,38,48]","[67,0,0,43,0,0,0,45,38,48]","[[67.9863,53.871]]","[]","[]","[]","1","[]","[]","[]","[]","vertical","","","",""
"","","","","","horizons-trial","41","790668","0.0-27.0","","","","","","","5","[45,49,51,45,36]","[49,37,38,49,42]","""2023-09-16T09:34:08.805Z""","[1,0,1,0]","0","0","0","40","42","40","42","2","0","0","[""arrowright"",""arrowleft"",""arrowright"",""arrowleft"",""arrowleft""]","[926,427,423,452,1106]","[49,49,38,45,36]","[49,49,0,0,0]","[[50,57.2417]]","[]","[]","[]","1","[]","[]","[]","[]","vertical","","","",""
"","","","","","horizons-trial","42","801776","0.0-28.0","","","","","","","10","[44,53,37,41,43,44,50,44,57,44]","[37,46,50,39,38,33,47,37,41,36]","""2023-09-16T09:34:19.913Z""","[0,0,1,1]","0","1","1","40","52","52","40","12","0","0","[""arrowleft"",""arrowleft"",""arrowright"",""arrowright"",""arrowleft"",""arrowright"",""arrowright"",""arrowleft"",""arrowright"",""arrowright""]","[556,488,392,422,368,963,882,665,1467,874]","[44,53,50,39,43,33,47,44,41,36]","[44,53,50,0,43,0,0,44,0,0]","[[62.1212,49.5373]]","[]","[]","[]","1","[]","[]","[]","[]","vertical","","","",""
"","","","","","horizons-trial","43","811643","0.0-29.0","","","","","","","10","[29,30,24,15,39,17,40,23,18,24]","[61,63,62,63,51,68,62,69,53,69]","""2023-09-16T09:34:29.780Z""","[0,0,0,1]","1","1","1","60","30","30","60","30","0","0","[""arrowleft"",""arrowleft"",""arrowleft"",""arrowright"",""arrowright"",""arrowright"",""arrowright"",""arrowright"",""arrowright"",""arrowright""]","[787,365,365,364,1183,800,654,1252,733,524]","[29,30,24,63,51,68,62,69,53,69]","[0,0,0,63,51,68,62,69,53,69]","[[68.7683,61.094]]","[]","[]","[]","1","[]","[]","[]","[]","vertical","","","",""
"","","","","","horizons-trial","44","820119","0.0-30.0","","","","","","","10","[65,63,59,57,57,54,74,58,59,55]","[44,45,33,35,32,35,37,48,38,34]","""2023-09-16T09:34:38.256Z""","[0,1,1,0]","0","1","1","40","60","60","40","20","0","0","[""arrowleft"",""arrowright"",""arrowright"",""arrowleft"",""arrowright"",""arrowleft"",""arrowleft"",""arrowleft"",""arrowleft"",""arrowleft""]","[775,386,402,359,372,675,545,474,369,392]","[65,45,33,57,32,54,74,58,59,55]","[65,0,0,57,0,54,74,58,59,55]","[[55.0831,46.6481]]","[]","[]","[]","1","[]","[]","[]","[]","vertical","","","",""
"","","","","","horizons-trial","45","826539","0.0-31.0","","","","","","","5","[49,49,54,50,38]","[33,50,43,47,34]","""2023-09-16T09:34:44.676Z""","[1,1,0,0]","0","0","0","40","44","40","44","4","0","0","[""arrowright"",""arrowright"",""arrowleft"",""arrowleft"",""arrowleft""]","[1040,389,314,735,1348]","[33,50,54,50,38]","[0,50,54,50,38]","[[50,46.1666]]","[]","[]","[]","1","[]","[]","[]","[]","vertical","","","",""
"","","","","","horizons-trial","46","834468","0.0-32.0","","","","","","","10","[54,85,81,66,59,56,62,64,75,54]","[26,43,42,52,33,46,38,20,32,42]","""2023-09-16T09:34:52.604Z""","[1,0,1,1]","1","1","1","40","70","70","40","30","0","0","[""arrowright"",""arrowleft"",""arrowright"",""arrowright"",""arrowleft"",""arrowleft"",""arrowleft"",""arrowleft"",""arrowleft"",""arrowleft""]","[788,366,375,444,422,908,490,152,158,171]","[26,85,42,52,59,56,62,64,75,54]","[0,85,0,0,59,56,62,64,75,54]","[[58.6022,56.2787]]","[]","[]","[]","1","[]","[]","[]","[]","vertical","","","",""
"","","","","","horizons-trial","47","840783","0.0-33.0","","","","","","","5","[90,52,80,82,56]","[27,38,48,33,52]","""2023-09-16T09:34:58.920Z""","[0,1,0,0]","1","1","0","40","70","70","40","30","0","0","[""arrowleft"",""arrowright"",""arrowleft"",""arrowleft"",""arrowleft""]","[1030,380,479,625,834]","[90,38,80,82,56]","[90,0,80,82,56]","[[50,78.9105]]","[]","[]","[]","1","[]","[]","[]","[]","vertical","","","",""
"","","","","","horizons-trial","48","853292","0.0-34.0","","","","","","","10","[51,68,52,42,50,49,65,59,74,61]","[45,42,49,47,55,53,51,44,46,57]","""2023-09-16T09:35:11.429Z""","[1,0,0,1]","0","0","1","60","48","60","48","12","0","0","[""arrowright"",""arrowleft"",""arrowleft"",""arrowright"",""arrowleft"",""arrowright"",""arrowleft"",""arrowleft"",""arrowleft"",""arrowleft""]","[959,365,355,392,1343,1517,735,749,743,488]","[45,68,52,47,50,53,65,59,74,61]","[0,68,52,47,0,53,65,59,74,61]","[[53.1281,54.8341]]","[]","[]","[]","1","[]","[]","[]","[]","vertical","","","",""
"","","","","","horizons-trial","49","861137","0.0-35.0","","","","","","","5","[38,43,41,45,50]","[68,65,70,71,57]","""2023-09-16T09:35:19.274Z""","[0,0,1,0]","1","1","0","60","48","48","60","12","0","0","[""arrowleft"",""arrowleft"",""arrowright"",""arrowleft"",""arrowright""]","[1172,404,503,510,1080]","[38,43,70,45,57]","[0,0,70,0,57]","[[50,56.7602]]","[]","[]","[]","1","[]","[]","[]","[]","vertical","","","",""
"","","","","","horizons-trial","50","873013","0.0-36.0","","","","","","","5","[42,37,36,41,47]","[61,49,61,76,56]","""2023-09-16T09:35:31.151Z""","[0,1,1,0]","0","1","0","60","40","40","60","20","0","0","[""arrowleft"",""arrowright"",""arrowright"",""arrowleft"",""arrowright""]","[5660,459,904,862,776]","[42,49,61,41,56]","[0,49,61,0,56]","[[50,56.2787]]","[]","[]","[]","1","[]","[]","[]","[]","vertical","","","",""
"","","","","","horizons-trial","51","881287","0.0-37.0","","","","","","","5","[62,61,62,51,47]","[71,49,47,59,63]","""2023-09-16T09:35:39.424Z""","[0,1,1,0]","0","1","0","60","58","58","60","2","0","0","[""arrowleft"",""arrowright"",""arrowright"",""arrowleft"",""arrowleft""]","[691,423,586,522,818]","[62,49,47,51,47]","[0,0,0,0,0]","[[50,63.0201]]","[]","[]","[]","1","[]","[]","[]","[]","vertical","","","",""
"","","","","","horizons-trial","52","890998","0.0-38.0","","","","","","","10","[56,70,58,48,63,57,59,57,71,63]","[51,47,60,60,48,48,64,65,71,59]","""2023-09-16T09:35:49.135Z""","[1,1,0,0]","0","0","1","60","58","60","58","2","0","0","[""arrowright"",""arrowright"",""arrowleft"",""arrowleft"",""arrowright"",""arrowleft"",""arrowleft"",""arrowleft"",""arrowleft"",""arrowleft""]","[996,424,358,447,480,1555,798,443,472,393]","[51,47,58,48,48,57,59,57,71,63]","[0,0,0,0,0,57,0,0,71,63]","[[56.2561,56.2787]]","[]","[]","[]","1","[]","[]","[]","[]","vertical","","","",""
"","","","","","horizons-trial","53","897344","0.0-39.0","","","","","","","5","[49,38,69,49,82]","[68,57,58,59,53]","""2023-09-16T09:35:55.481Z""","[1,1,0,1]","1","1","0","60","58","58","60","2","0","0","[""arrowright"",""arrowright"",""arrowleft"",""arrowright"",""arrowright""]","[759,430,349,478,1334]","[68,57,69,59,53]","[68,57,69,59,0]","[[50,76.5029]]","[]","[]","[]","1","[]","[]","[]","[]","vertical","","","",""
"","","","","","horizons-trial","54","902060","0.0-40.0","","","","","","","5","[51,43,34,28,30]","[58,61,62,56,48]","""2023-09-16T09:36:00.197Z""","[0,1,1,1]","1","0","0","40","60","40","60","20","0","0","[""arrowleft"",""arrowright"",""arrowright"",""arrowright"",""arrowright""]","[774,340,383,484,779]","[51,61,62,56,48]","[0,61,62,56,48]","[[50,76.5029]]","[]","[]","[]","1","[]","[]","[]","[]","vertical","","","",""
"","","","","","horizons-trial","55","910197","0.0-41.0","","","","","","","10","[13,28,53,30,39,45,31,28,39,32]","[37,44,41,43,52,42,60,32,30,44]","""2023-09-16T09:36:08.334Z""","[0,1,1,1]","1","0","1","40","44","40","44","4","0","0","[""arrowleft"",""arrowright"",""arrowright"",""arrowright"",""arrowright"",""arrowright"",""arrowright"",""arrowright"",""arrowright"",""arrowright""]","[736,355,488,475,952,972,470,166,161,154]","[13,44,41,43,52,42,60,32,30,44]","[0,44,0,43,52,0,60,32,0,44]","[[54.3011,52.908]]","[]","[]","[]","1","[]","[]","[]","[]","vertical","","","",""
"","","","","","horizons-trial","56","918497","0.0-42.0","","","","","","","10","[65,88,64,62,72,42,52,65,69,51]","[47,58,53,50,53,41,63,44,46,54]","""2023-09-16T09:36:16.634Z""","[1,1,0,0]","0","0","1","60","52","60","52","8","0","0","[""arrowright"",""arrowright"",""arrowleft"",""arrowleft"",""arrowright"",""arrowleft"",""arrowright"",""arrowright"",""arrowright"",""arrowright""]","[753,387,349,569,484,772,748,1076,275,198]","[47,58,64,62,53,42,63,44,46,54]","[0,0,64,62,0,42,63,0,0,54]","[[56.6471,55.3156]]","[]","[]","[]","1","[]","[]","[]","[]","vertical","","","",""
"","","","","","horizons-trial","57","927060","0.0-43.0","","","","","","","10","[73,57,62,61,53,58,55,37,53,55]","[50,59,60,51,43,72,53,61,58,52]","""2023-09-16T09:36:25.196Z""","[1,0,1,1]","1","0","1","60","52","60","52","8","0","0","[""arrowright"",""arrowleft"",""arrowright"",""arrowright"",""arrowleft"",""arrowright"",""arrowright"",""arrowleft"",""arrowright"",""arrowright""]","[575,312,335,407,428,1195,575,706,566,248]","[50,57,60,51,53,72,53,37,58,52]","[0,0,0,0,53,72,0,0,58,0]","[[44.5259,40.3882]]","[]","[]","[]","1","[]","[]","[]","[]","vertical","","","",""
"","","","","","horizons-trial","58","932950","0.0-44.0","","","","","","","5","[61,61,68,59,50]","[47,37,33,51,43]","""2023-09-16T09:36:31.087Z""","[0,1,0,1]","0","0","0","60","40","60","40","20","0","0","[""arrowleft"",""arrowright"",""arrowleft"",""arrowright"",""arrowleft""]","[860,411,428,423,772]","[61,37,68,51,50]","[61,0,68,0,50]","[[50,61.094]]","[]","[]","[]","1","[]","[]","[]","[]","vertical","","","",""
"","","","","","horizons-trial","59","938554","0.0-45.0","","","","","","","5","[46,23,31,38,40]","[51,15,36,38,61]","""2023-09-16T09:36:36.690Z""","[0,1,0,1]","0","0","0","40","41","40","41","1","0","0","[""arrowleft"",""arrowright"",""arrowleft"",""arrowright"",""arrowleft""]","[641,398,491,477,794]","[46,15,31,38,40]","[0,0,0,38,0]","[[50,69.28]]","[]","[]","[]","1","[]","[]","[]","[]","vertical","","","",""
"","","","","","horizons-trial","60","949722","0.0-46.0","","","","","","","10","[52,48,24,39,24,44,49,35,45,44]","[34,54,42,44,30,43,46,46,38,48]","""2023-09-16T09:36:47.859Z""","[1,0,0,1]","0","0","1","40","41","40","41","1","0","0","[""arrowright"",""arrowleft"",""arrowleft"",""arrowright"",""arrowright"",""arrowright"",""arrowright"",""arrowright"",""arrowright"",""arrowright""]","[875,332,631,529,1979,1460,670,626,443,337]","[34,48,24,44,30,43,46,46,38,48]","[0,0,0,44,30,0,0,46,0,48]","[[61.3392,58.6863]]","[]","[]","[]","1","[]","[]","[]","[]","vertical","","","",""
"","","","","","horizons-trial","61","955442","0.0-47.0","","","","","","","5","[51,55,60,62,63]","[67,62,65,63,57]","""2023-09-16T09:36:53.579Z""","[0,1,0,0]","1","1","0","60","56","56","60","4","0","0","[""arrowleft"",""arrowright"",""arrowleft"",""arrowleft"",""arrowleft""]","[590,363,442,693,973]","[51,62,60,62,63]","[0,62,0,0,63]","[[50,62.5386]]","[]","[]","[]","1","[]","[]","[]","[]","vertical","","","",""
"","","","","","horizons-trial","62","965765","0.0-48.0","","","","","","","10","[40,31,41,40,60,43,31,34,35,42]","[59,64,61,63,54,58,62,36,75,71]","""2023-09-16T09:37:03.902Z""","[1,0,0,0]","1","0","1","40","60","40","60","20","0","0","[""arrowright"",""arrowleft"",""arrowleft"",""arrowleft"",""arrowright"",""arrowright"",""arrowright"",""arrowright"",""arrowright"",""arrowright""]","[529,345,718,606,451,1170,660,162,167,178]","[59,31,41,40,54,58,62,36,75,71]","[59,0,0,0,0,58,62,36,75,71]","[[67.5953,65.4277]]","[]","[]","[]","1","[]","[]","[]","[]","vertical","","","",""
"","","","","","horizons-trial","63","972709","0.0-49.0","","","","","","","5","[43,35,36,54,46]","[37,34,38,35,45]","""2023-09-16T09:37:10.846Z""","[1,0,0,0]","1","1","0","40","48","48","40","8","0","0","[""arrowright"",""arrowleft"",""arrowleft"",""arrowleft"",""arrowleft""]","[883,335,407,564,1048]","[37,35,36,54,46]","[0,35,0,54,46]","[[50,60.6124]]","[]","[]","[]","1","[]","[]","[]","[]","vertical","","","",""
"","","","","","horizons-trial","64","978988","0.0-50.0","","","","","","","5","[38,33,39,31,36]","[74,74,70,63,67]","""2023-09-16T09:37:17.125Z""","[0,0,1,0]","1","0","0","40","70","40","70","30","0","0","[""arrowleft"",""arrowleft"",""arrowright"",""arrowleft"",""arrowright""]","[1014,487,457,447,944]","[38,33,70,31,67]","[0,0,70,0,67]","[[50,70.243]]","[]","[]","[]","1","[]","[]","[]","[]","vertical","","","",""
"","","","","","horizons-trial","65","989981","0.0-51.0","","","","","","","10","[67,55,66,49,40,53,54,57,48,52]","[68,58,60,50,70,73,67,59,50,54]","""2023-09-16T09:37:28.118Z""","[1,0,0,1]","0","1","1","60","58","58","60","2","0","0","[""arrowright"",""arrowleft"",""arrowleft"",""arrowright"",""arrowleft"",""arrowright"",""arrowright"",""arrowright"",""arrowright"",""arrowright""]","[1461,399,464,422,2310,1251,529,439,147,149]","[68,55,66,50,40,73,67,59,50,54]","[68,0,66,50,0,73,67,59,50,54]","[[55.8651,54.8341]]","[]","[]","[]","1","[]","[]","[]","[]","vertical","","","",""
"","","","","","horizons-trial","66","998275","0.0-52.0","","","","","","","10","[52,50,51,52,53,36,45,45,34,32]","[37,33,37,35,39,44,30,49,40,25]","""2023-09-16T09:37:36.412Z""","[0,1,0,1]","0","1","1","40","48","48","40","8","0","0","[""arrowleft"",""arrowright"",""arrowleft"",""arrowright"",""arrowleft"",""arrowleft"",""arrowright"",""arrowleft"",""arrowleft"",""arrowleft""]","[640,326,341,371,401,1001,885,569,362,175]","[52,33,51,35,53,36,30,45,34,32]","[52,0,51,0,53,0,0,0,0,32]","[[57.8201,59.6494]]","[]","[]","[]","1","[]","[]","[]","[]","vertical","","","",""
"","","","","","horizons-trial","67","1005393","0.0-53.0","","","","","","","10","[42,37,40,45,35,40,36,29,54,31]","[36,40,28,37,28,36,31,41,38,49]","""2023-09-16T09:37:43.530Z""","[0,0,1,0]","1","1","1","40","41","41","40","1","0","0","[""arrowleft"",""arrowleft"",""arrowright"",""arrowleft"",""arrowright"",""arrowleft"",""arrowleft"",""arrowleft"",""arrowleft"",""arrowleft""]","[758,379,346,387,456,922,547,179,163,182]","[42,37,28,45,28,40,36,29,54,31]","[42,0,0,45,0,40,36,0,54,0]","[[33.1867,37.9806]]","[]","[]","[]","1","[]","[]","[]","[]","vertical","","","",""
"","","","","","horizons-trial","68","1021201","0.0-54.0","","","","","","","10","[63,44,51,43,60,47,47,48,60,42]","[35,34,40,37,44,47,46,49,35,44]","""2023-09-16T09:37:59.338Z""","[1,0,0,0]","1","1","1","40","48","48","40","8","0","0","[""arrowright"",""arrowleft"",""arrowleft"",""arrowleft"",""arrowleft"",""arrowleft"",""arrowleft"",""arrowleft"",""arrowleft"",""arrowleft""]","[1155,1956,763,772,6607,766,383,172,158,239]","[35,44,51,43,60,47,47,48,60,42]","[0,44,51,43,60,47,47,0,60,0]","[[56.6471,52.908]]","[]","[]","[]","1","[]","[]","[]","[]","vertical","","","",""
"","","","","","horizons-trial","69","1029232","0.0-55.0","","","","","","","10","[34,32,22,29,23,32,25,35,27,25]","[68,57,69,64,37,69,61,55,60,74]","""2023-09-16T09:38:07.369Z""","[0,1,1,0]","0","1","1","60","30","30","60","30","0","0","[""arrowleft"",""arrowright"",""arrowright"",""arrowleft"",""arrowright"",""arrowleft"",""arrowright"",""arrowright"",""arrowright"",""arrowright""]","[544,364,419,349,1305,1121,517,563,159,178]","[34,57,69,29,37,32,61,55,60,74]","[0,57,69,0,37,0,61,55,60,74]","[[57.0381,50.5003]]","[]","[]","[]","1","[]","[]","[]","[]","vertical","","","",""
"","","","","","horizons-trial","70","1034275","0.0-56.0","","","","","","","5","[52,41,38,41,46]","[58,56,55,50,71]","""2023-09-16T09:38:12.412Z""","[1,1,0,0]","0","0","0","40","60","40","60","20","0","0","[""arrowright"",""arrowright"",""arrowleft"",""arrowleft"",""arrowright""]","[544,391,350,550,590]","[58,56,38,41,71]","[58,56,0,0,71]","[[50,60.6124]]","[]","[]","[]","1","[]","[]","[]","[]","vertical","","","",""
"","","","","","horizons-trial","71","1043531","0.0-57.0","","","","","","","10","[72,67,70,78,71,67,72,70,71,72]","[50,43,49,44,48,44,47,45,50,47]","""2023-09-16T09:38:21.668Z""","[0,1,0,1]","0","1","1","40","70","70","40","30","0","0","[""arrowleft"",""arrowright"",""arrowleft"",""arrowright"",""arrowleft"",""arrowleft"",""arrowleft"",""arrowleft"",""arrowleft"",""arrowleft""]","[732,299,295,319,1192,882,241,151,168,179]","[72,43,70,44,71,67,72,70,71,72]","[72,0,70,0,71,67,72,70,71,72]","[[48.045,44.2405]]","[]","[]","[]","1","[]","[]","[]","[]","vertical","","","",""
"","","","","","horizons-trial","72","1052636","0.0-58.0","","","","","","","10","[44,35,38,50,42,45,56,50,50,45]","[45,41,27,35,38,46,36,27,53,41]","""2023-09-16T09:38:30.773Z""","[0,0,1,1]","0","1","1","40","44","44","40","4","0","0","[""arrowleft"",""arrowleft"",""arrowright"",""arrowright"",""arrowleft"",""arrowright"",""arrowleft"",""arrowleft"",""arrowleft"",""arrowleft""]","[1003,601,631,411,377,1338,829,733,238,167]","[44,35,27,35,42,46,56,50,50,45]","[0,0,0,0,42,46,56,50,0,45]","[[41.7889,44.722]]","[]","[]","[]","1","[]","[]","[]","[]","vertical","","","",""
"","","","","","horizons-trial","73","1059471","0.0-59.0","","","","","","","5","[18,35,16,29,27]","[55,49,63,57,63]","""2023-09-16T09:38:37.608Z""","[0,1,1,1]","1","1","0","60","30","30","60","30","0","0","[""arrowleft"",""arrowright"",""arrowright"",""arrowright"",""arrowright""]","[604,365,463,611,1000]","[18,49,63,57,63]","[0,49,63,57,63]","[[50,66.3908]]","[]","[]","[]","1","[]","[]","[]","[]","vertical","","","",""
"","","","","","horizons-trial","74","1065275","0.0-60.0","","","","","","","5","[56,58,75,67,81]","[48,43,48,49,38]","""2023-09-16T09:38:43.412Z""","[0,0,1,0]","1","0","0","60","48","60","48","12","0","0","[""arrowleft"",""arrowleft"",""arrowright"",""arrowleft"",""arrowleft""]","[458,488,385,652,564]","[56,58,48,67,81]","[56,58,0,67,81]","[[50,72.6507]]","[]","[]","[]","1","[]","[]","[]","[]","vertical","","","",""
"","","","","","horizons-trial","75","1070525","0.0-61.0","","","","","","","5","[35,30,26,48,56]","[44,56,37,44,40]","""2023-09-16T09:38:48.662Z""","[0,1,0,0]","1","0","0","40","44","40","44","4","0","0","[""arrowleft"",""arrowright"",""arrowleft"",""arrowleft"",""arrowright""]","[547,343,383,616,392]","[35,56,26,48,40]","[0,56,0,48,0]","[[50,65.4277]]","[]","[]","[]","1","[]","[]","[]","[]","vertical","","","",""
"","","","","","horizons-trial","76","1076768","0.0-62.0","","","","","","","5","[60,68,55,57,60]","[55,58,64,57,50]","""2023-09-16T09:38:54.905Z""","[0,0,0,1]","1","0","0","60","58","60","58","2","0","0","[""arrowleft"",""arrowleft"",""arrowleft"",""arrowright"",""arrowleft""]","[776,495,522,505,370]","[60,68,55,57,60]","[60,68,0,57,60]","[[50,76.9844]]","[]","[]","[]","1","[]","[]","[]","[]","vertical","","","",""
"","","","","","horizons-trial","77","1086952","0.0-63.0","","","","","","","10","[56,73,72,68,67,63,49,63,61,70]","[26,13,29,43,33,33,32,31,28,25]","""2023-09-16T09:39:05.089Z""","[1,0,1,1]","1","0","1","60","30","60","30","30","0","0","[""arrowright"",""arrowleft"",""arrowright"",""arrowright"",""arrowleft"",""arrowright"",""arrowleft"",""arrowleft"",""arrowleft"",""arrowleft""]","[581,347,356,632,1379,1599,674,576,487,264]","[26,73,29,43,67,33,49,63,61,70]","[0,73,0,0,67,0,49,63,61,70]","[[58.2111,68.3169]]","[]","[]","[]","1","[]","[]","[]","[]","vertical","","","",""
"","","","","","horizons-trial","78","1092321","0.0-64.0","","","","","","","5","[64,53,54,46,56]","[59,40,22,41,44]","""2023-09-16T09:39:10.457Z""","[1,0,1,1]","1","0","0","60","40","60","40","20","0","0","[""arrowright"",""arrowleft"",""arrowright"",""arrowright"",""arrowleft""]","[671,335,392,609,605]","[59,53,22,41,56]","[0,53,0,0,56]","[[50,68.7984]]","[]","[]","[]","1","[]","[]","[]","[]","vertical","","","",""
"","","","","","horizons-trial","79","1098101","0.0-65.0","","","","","","","5","[59,58,48,57,52]","[39,30,56,40,33]","""2023-09-16T09:39:16.238Z""","[0,1,1,1]","1","1","0","40","52","52","40","12","0","0","[""arrowleft"",""arrowright"",""arrowright"",""arrowright"",""arrowright""]","[568,326,407,487,1420]","[59,30,56,40,33]","[59,0,56,0,0]","[[50,61.5755]]","[]","[]","[]","1","[]","[]","[]","[]","vertical","","","",""
"","","","","","horizons-trial","80","1104507","0.0-66.0","","","","","","","5","[55,28,51,47,66]","[65,59,63,65,65]","""2023-09-16T09:39:22.644Z""","[1,0,0,1]","0","1","0","60","52","52","60","8","0","0","[""arrowright"",""arrowleft"",""arrowleft"",""arrowright"",""arrowright""]","[1175,290,648,368,1405]","[65,28,51,65,65]","[65,0,0,65,0]","[[50,66.3908]]","[]","[]","[]","1","[]","[]","[]","[]","vertical","","","",""
"","","","","","horizons-trial","81","1113652","0.0-67.0","","","","","","","10","[34,17,39,29,34,29,36,47,48,36]","[55,60,59,38,48,47,63,58,55,65]","""2023-09-16T09:39:31.789Z""","[0,1,0,1]","0","0","1","40","60","40","60","20","0","0","[""arrowleft"",""arrowright"",""arrowleft"",""arrowright"",""arrowright"",""arrowleft"",""arrowright"",""arrowright"",""arrowright"",""arrowright""]","[845,313,407,381,1446,1364,571,479,236,161]","[34,60,39,38,48,29,63,58,55,65]","[0,60,0,38,48,0,63,58,55,65]","[[58.2111,55.7972]]","[]","[]","[]","1","[]","[]","[]","[]","vertical","","","",""
"","","","","","horizons-trial","82","1122861","0.0-68.0","","","","","","","10","[51,55,40,45,46,48,50,53,64,53]","[28,44,46,31,28,52,46,34,49,36]","""2023-09-16T09:39:40.998Z""","[1,1,0,1]","1","0","1","60","40","60","40","20","0","0","[""arrowright"",""arrowright"",""arrowleft"",""arrowright"",""arrowright"",""arrowleft"",""arrowright"",""arrowright"",""arrowright"",""arrowright""]","[554,408,402,400,1312,1144,521,525,241,168]","[28,44,40,31,28,48,46,34,49,36]","[0,0,0,0,0,0,0,0,0,0]","[[58.2111,61.5755]]","[]","[]","[]","1","[]","[]","[]","[]","vertical","","","",""
"","","","","","horizons-trial","83","1128997","0.0-69.0","","","","","","","5","[51,62,54,37,45]","[24,32,31,30,42]","""2023-09-16T09:39:47.134Z""","[0,0,0,1]","1","0","0","60","30","60","30","30","0","0","[""arrowleft"",""arrowleft"",""arrowleft"",""arrowright"",""arrowleft""]","[743,546,499,530,992]","[51,62,54,30,45]","[51,62,54,0,45]","[[50,67.83539999999999]]","[]","[]","[]","1","[]","[]","[]","[]","vertical","","","",""
"","","","","","horizons-trial","84","1133354","0.0-70.0","","","","","","","5","[51,54,36,53,64]","[54,57,50,57,52]","""2023-09-16T09:39:51.490Z""","[1,0,1,1]","1","1","0","60","52","52","60","8","0","0","[""arrowright"",""arrowleft"",""arrowright"",""arrowright"",""arrowright""]","[640,366,382,522,666]","[54,54,50,57,52]","[54,0,50,57,0]","[[50,67.83539999999999]]","[]","[]","[]","1","[]","[]","[]","[]","vertical","","","",""
"","","","","","horizons-trial","85","1143686","0.0-71.0","","","","","","","10","[51,34,45,37,37,33,44,34,33,57]","[40,49,57,45,47,43,50,39,50,51]","""2023-09-16T09:40:01.823Z""","[1,0,1,1]","1","0","1","40","48","40","48","8","0","0","[""arrowright"",""arrowleft"",""arrowright"",""arrowright"",""arrowright"",""arrowright"",""arrowright"",""arrowright"",""arrowright"",""arrowright""]","[784,277,367,558,1451,1190,662,690,501,230]","[40,34,57,45,47,43,50,39,50,51]","[0,0,57,45,47,43,50,39,50,0]","[[46.4809,53.3895]]","[]","[]","[]","1","[]","[]","[]","[]","vertical","","","",""
"","","","","","horizons-trial","86","1150182","0.0-72.0","","","","","","","5","[43,41,43,40,56]","[39,67,40,49,36]","""2023-09-16T09:40:08.319Z""","[0,1,1,0]","0","0","0","40","52","40","52","12","0","0","[""arrowleft"",""arrowright"",""arrowright"",""arrowleft"",""arrowright""]","[677,290,660,539,1497]","[43,67,40,40,36]","[43,67,0,0,0]","[[50,52.4265]]","[]","[]","[]","1","[]","[]","[]","[]","vertical","","","",""
"","","","","","horizons-trial","87","1160007","0.0-73.0","","","","","","","5","[40,33,41,30,47]","[42,42,36,36,58]","""2023-09-16T09:40:18.145Z""","[0,1,0,0]","1","0","0","40","42","40","42","2","0","0","[""arrowleft"",""arrowright"",""arrowleft"",""arrowleft"",""arrowleft""]","[804,361,437,444,5481]","[40,42,41,30,47]","[0,42,41,0,0]","[[50,50.9819]]","[]","[]","[]","1","[]","[]","[]","[]","vertical","","","",""
"","","","","","horizons-trial","88","1167080","0.0-74.0","","","","","","","5","[69,61,66,56,67]","[32,42,18,33,23]","""2023-09-16T09:40:25.217Z""","[0,0,1,1]","0","0","0","60","30","60","30","30","0","0","[""arrowleft"",""arrowleft"",""arrowright"",""arrowright"",""arrowleft""]","[1059,374,468,685,886]","[69,61,18,33,67]","[69,61,0,0,67]","[[50,62.057]]","[]","[]","[]","1","[]","[]","[]","[]","vertical","","","",""
"","","","","","horizons-trial","89","1176709","0.0-75.0","","","","","","","10","[51,59,56,53,57,63,43,43,39,43]","[59,45,60,60,51,60,70,59,60,68]","""2023-09-16T09:40:34.846Z""","[0,1,1,0]","0","1","1","60","52","52","60","8","0","0","[""arrowleft"",""arrowright"",""arrowright"",""arrowleft"",""arrowright"",""arrowright"",""arrowright"",""arrowright"",""arrowright"",""arrowright""]","[904,419,454,421,1772,1473,525,538,181,155]","[51,45,60,53,51,60,70,59,60,68]","[0,0,60,0,0,0,70,59,60,68]","[[39.8338,50.0188]]","[]","[]","[]","1","[]","[]","[]","[]","vertical","","","",""
"","","","","","horizons-trial","90","1190864","0.0-76.0","","","","","","","10","[49,29,33,34,52,39,38,44,33,59]","[49,42,53,46,25,44,42,35,49,37]","""2023-09-16T09:40:49.001Z""","[0,1,1,1]","1","0","1","40","41","40","41","1","0","0","[""arrowleft"",""arrowright"",""arrowright"",""arrowright"",""arrowleft"",""arrowleft"",""arrowright"",""arrowleft"",""arrowright"",""arrowleft""]","[595,345,410,452,5748,1583,684,512,601,413]","[49,42,53,46,52,39,42,44,49,59]","[49,42,53,46,52,0,42,44,49,59]","[[39.4428,48.0927]]","[]","[]","[]","1","[]","[]","[]","[]","vertical","","","",""
"","","","","","horizons-trial","91","1197923","0.0-77.0","","","","","","","5","[46,57,46,57,67]","[40,32,36,60,30]","""2023-09-16T09:40:56.060Z""","[0,1,0,1]","0","1","0","40","48","48","40","8","0","0","[""arrowleft"",""arrowright"",""arrowleft"",""arrowright"",""arrowleft""]","[532,371,481,468,1435]","[46,32,46,60,67]","[46,0,46,60,67]","[[50,51.9449]]","[]","[]","[]","1","[]","[]","[]","[]","vertical","","","",""
"","","","","","horizons-trial","92","1204068","0.0-78.0","","","","","","","5","[41,47,26,28,41]","[53,61,40,42,57]","""2023-09-16T09:41:02.205Z""","[1,0,1,1]","1","0","0","40","48","40","48","8","0","0","[""arrowright"",""arrowleft"",""arrowright"",""arrowright"",""arrowright""]","[594,364,387,541,1385]","[53,47,40,42,57]","[53,0,40,42,57]","[[50,57.2417]]","[]","[]","[]","1","[]","[]","[]","[]","vertical","","","",""
"","","","","","horizons-trial","93","1213885","0.0-79.0","","","","","","","10","[58,58,68,56,57,53,63,73,52,65]","[24,35,34,42,33,38,24,27,19,27]","""2023-09-16T09:41:12.022Z""","[1,1,0,0]","0","0","1","60","30","60","30","30","0","0","[""arrowright"",""arrowright"",""arrowleft"",""arrowleft"",""arrowleft"",""arrowleft"",""arrowleft"",""arrowleft"",""arrowleft"",""arrowleft""]","[1286,414,494,788,1338,828,579,182,158,194]","[24,35,68,56,57,53,63,73,52,65]","[0,0,68,56,57,53,63,73,52,65]","[[60.9482,63.9831]]","[]","[]","[]","1","[]","[]","[]","[]","vertical","","","",""
"","","","","","horizons-trial","94","1219100","0.0-80.0","","","","","","","5","[59,52,58,53,65]","[70,65,61,40,58]","""2023-09-16T09:41:17.237Z""","[1,0,1,0]","0","1","0","60","59","59","60","1","0","0","[""arrowright"",""arrowleft"",""arrowright"",""arrowleft"",""arrowright""]","[529,300,292,339,1156]","[70,52,61,53,58]","[70,0,61,53,0]","[[50,63.5016]]","[]","[]","[]","1","[]","[]","[]","[]","vertical","","","",""
"","","","","","horizons-trial","95","1224757","0.0-81.0","","","","","","","5","[60,53,55,56,60]","[50,44,34,40,29]","""2023-09-16T09:41:22.894Z""","[0,0,1,0]","1","1","0","40","60","60","40","20","0","0","[""arrowleft"",""arrowleft"",""arrowright"",""arrowleft"",""arrowleft""]","[629,366,318,426,635]","[60,53,34,56,60]","[60,53,0,56,60]","[[50,73.1322]]","[]","[]","[]","1","[]","[]","[]","[]","vertical","","","",""
"","","","","","horizons-trial","96","1232212","0.0-82.0","","","","","","","10","[66,65,62,77,52,52,57,64,48,40]","[57,68,63,69,55,58,58,48,59,70]","""2023-09-16T09:41:30.349Z""","[0,0,1,0]","1","1","1","60","56","56","60","4","0","0","[""arrowleft"",""arrowleft"",""arrowright"",""arrowleft"",""arrowleft"",""arrowright"",""arrowleft"",""arrowleft"",""arrowleft"",""arrowleft""]","[544,422,340,387,1392,1098,453,359,219,167]","[66,65,63,77,52,58,57,64,48,40]","[66,0,63,77,0,58,0,64,0,0]","[[62.5122,64.9462]]","[]","[]","[]","1","[]","[]","[]","[]","vertical","","","",""
"","","","","","horizons-trial","97","1240014","0.0-83.0","","","","","","","10","[34,32,35,38,38,40,34,47,29,48]","[40,60,41,66,55,66,60,52,67,46]","""2023-09-16T09:41:38.151Z""","[0,0,1,0]","1","0","1","40","52","40","52","12","0","0","[""arrowleft"",""arrowleft"",""arrowright"",""arrowleft"",""arrowright"",""arrowright"",""arrowright"",""arrowright"",""arrowright"",""arrowright""]","[457,374,357,502,1612,802,260,155,144,137]","[34,32,41,38,55,66,60,52,67,46]","[0,0,41,0,55,66,60,52,67,0]","[[30.8407,40.3882]]","[]","[]","[]","1","[]","[]","[]","[]","vertical","","","",""
"","","","","","horizons-trial","98","1247889","0.0-84.0","","","","","","","5","[43,27,46,45,29]","[47,57,44,26,27]","""2023-09-16T09:41:46.026Z""","[0,1,0,0]","1","0","0","40","41","40","41","1","0","0","[""arrowleft"",""arrowright"",""arrowleft"",""arrowleft"",""arrowleft""]","[754,338,408,606,2077]","[43,57,46,45,29]","[0,57,46,45,29]","[[50,54.8341]]","[]","[]","[]","1","[]","[]","[]","[]","vertical","","","",""
"","","","","","horizons-trial","99","1279487","0.0-85.0","","","","","","","5","[55,43,61,32,45]","[33,41,45,45,46]","""2023-09-16T09:42:17.623Z""","[0,1,1,0]","0","1","0","40","44","44","40","4","0","0","[""arrowleft"",""arrowright"",""arrowright"",""arrowleft"",""arrowleft""]","[1465,509,756,923,1955]","[55,41,45,32,45]","[55,0,0,0,0]","[[50,60.6124]]","[]","[]","[]","1","[]","[]","[]","[]","vertical","","","",""
"","","","","","horizons-trial","100","1287415","0.0-86.0","","","","","","","5","[47,53,60,52,51]","[64,69,45,69,57]","""2023-09-16T09:42:25.551Z""","[1,1,0,0]","0","1","0","60","56","56","60","4","0","0","[""arrowright"",""arrowright"",""arrowleft"",""arrowleft"",""arrowright""]","[846,488,453,744,499]","[64,69,60,52,57]","[64,69,60,0,57]","[[50,69.7615]]","[]","[]","[]","1","[]","[]","[]","[]","vertical","","","",""
"","","","","","horizons-trial","101","1295039","0.0-87.0","","","","","","","10","[48,64,60,67,53,52,71,55,68,61]","[40,42,46,30,41,48,41,42,45,45]","""2023-09-16T09:42:33.176Z""","[0,0,1,0]","1","1","1","40","60","60","40","20","0","0","[""arrowleft"",""arrowleft"",""arrowright"",""arrowleft"",""arrowleft"",""arrowleft"",""arrowleft"",""arrowleft"",""arrowleft"",""arrowleft""]","[709,476,387,468,1184,752,199,184,161,173]","[48,64,46,67,53,52,71,55,68,61]","[48,64,0,67,53,52,71,55,68,61]","[[65.2493,64.9462]]","[]","[]","[]","1","[]","[]","[]","[]","vertical","","","",""
"","","","","","horizons-trial","102","1301123","0.0-88.0","","","","","","","5","[31,44,25,41,30]","[74,56,63,63,79]","""2023-09-16T09:42:39.260Z""","[0,0,1,1]","0","0","0","40","70","40","70","30","0","0","[""arrowleft"",""arrowleft"",""arrowright"",""arrowright"",""arrowright""]","[559,377,338,554,1284]","[31,44,63,63,79]","[0,0,63,63,79]","[[50,61.5755]]","[]","[]","[]","1","[]","[]","[]","[]","vertical","","","",""
"","","","","","horizons-trial","103","1308741","0.0-89.0","","","","","","","10","[52,59,57,63,64,53,54,63,76,73]","[44,54,56,58,43,40,51,58,42,40]","""2023-09-16T09:42:46.878Z""","[0,0,1,0]","1","0","1","60","48","60","48","12","0","0","[""arrowleft"",""arrowleft"",""arrowright"",""arrowleft"",""arrowleft"",""arrowleft"",""arrowleft"",""arrowleft"",""arrowleft"",""arrowleft""]","[746,432,447,524,1094,756,275,183,166,158]","[52,59,56,63,64,53,54,63,76,73]","[52,59,0,63,64,53,54,63,76,73]","[[61.3392,62.057]]","[]","[]","[]","1","[]","[]","[]","[]","vertical","","","",""
"","","","","","horizons-trial","104","1321221","0.0-90.0","","","","","","","10","[52,40,38,42,26,40,34,37,28,33]","[37,47,51,26,33,31,36,33,48,47]","""2023-09-16T09:42:59.358Z""","[0,0,1,1]","0","0","1","40","42","40","42","2","0","0","[""arrowleft"",""arrowleft"",""arrowright"",""arrowright"",""arrowleft"",""arrowright"",""arrowleft"",""arrowleft"",""arrowleft"",""arrowleft""]","[796,366,557,919,1820,1045,1165,224,167,168]","[52,40,51,26,26,31,34,37,28,33]","[52,0,51,0,0,0,0,37,0,0]","[[58.2111,57.2417]]","[]","[]","[]","1","[]","[]","[]","[]","vertical","","","",""
"","","","","","horizons-trial","105","1327003","0.0-91.0","","","","","","","5","[71,44,53,46,44]","[62,45,41,57,50]","""2023-09-16T09:43:05.140Z""","[0,1,0,0]","1","0","0","60","52","60","52","8","0","0","[""arrowleft"",""arrowright"",""arrowleft"",""arrowleft"",""arrowleft""]","[466,367,374,508,799]","[71,45,53,46,44]","[71,45,53,0,0]","[[50,64.4647]]","[]","[]","[]","1","[]","[]","[]","[]","vertical","","","",""
"","","","","","horizons-trial","106","1343646","0.0-92.0","","","","","","","10","[41,51,40,45,38,49,46,32,53,46]","[56,70,67,67,61,69,67,83,66,60]","""2023-09-16T09:43:21.783Z""","[1,0,1,1]","1","0","1","40","70","40","70","30","0","0","[""arrowright"",""arrowleft"",""arrowright"",""arrowright"",""arrowright"",""arrowright"",""arrowright"",""arrowright"",""arrowright"",""arrowright""]","[936,538,8758,508,1200,805,333,174,181,157]","[56,51,67,67,61,69,67,83,66,60]","[56,0,67,67,61,69,67,83,66,60]","[[43.3529,50.5003]]","[]","[]","[]","1","[]","[]","[]","[]","vertical","","","",""
"","","","","","horizons-trial","107","1350202","0.0-93.0","","","","","","","5","[60,60,53,39,57]","[42,52,33,47,34]","""2023-09-16T09:43:28.339Z""","[0,1,1,0]","0","1","0","40","52","52","40","12","0","0","[""arrowleft"",""arrowright"",""arrowright"",""arrowleft"",""arrowleft""]","[557,427,499,428,1905]","[60,52,33,39,57]","[60,0,0,0,57]","[[50,52.908]]","[]","[]","[]","1","[]","[]","[]","[]","vertical","","","",""
"","","","","","horizons-trial","108","1355206","0.0-94.0","","","","","","","5","[61,49,56,47,60]","[52,47,65,59,56]","""2023-09-16T09:43:33.343Z""","[0,1,0,1]","0","0","0","60","58","60","58","2","0","0","[""arrowleft"",""arrowright"",""arrowleft"",""arrowright"",""arrowleft""]","[693,396,387,417,891]","[61,47,56,59,60]","[61,0,0,59,60]","[[50,62.5386]]","[]","[]","[]","1","[]","[]","[]","[]","vertical","","","",""
"","","","","","horizons-trial","109","1360106","0.0-95.0","","","","","","","5","[71,69,65,75,72]","[31,40,46,34,45]","""2023-09-16T09:43:38.243Z""","[1,0,1,0]","0","1","0","40","70","70","40","30","0","0","[""arrowright"",""arrowleft"",""arrowright"",""arrowleft"",""arrowleft""]","[519,350,345,434,726]","[31,69,46,75,72]","[0,69,0,75,72]","[[50,58.6863]]","[]","[]","[]","1","[]","[]","[]","[]","vertical","","","",""
"","","","","","horizons-trial","110","1367842","0.0-96.0","","","","","","","10","[61,43,34,35,51,40,37,26,33,42]","[44,34,43,34,30,40,63,44,33,30]","""2023-09-16T09:43:45.979Z""","[0,1,0,0]","1","0","1","40","42","40","42","2","0","0","[""arrowleft"",""arrowright"",""arrowleft"",""arrowleft"",""arrowleft"",""arrowleft"",""arrowleft"",""arrowleft"",""arrowleft"",""arrowleft""]","[707,405,362,673,1293,924,229,178,162,202]","[61,34,34,35,51,40,37,26,33,42]","[61,0,0,35,51,40,0,0,33,42]","[[31.2317,48.0927]]","[]","[]","[]","1","[]","[]","[]","[]","vertical","","","",""
"","","","","","horizons-trial","111","1375508","0.0-97.0","","","","","","","10","[37,41,46,44,31,44,45,47,32,46]","[44,42,46,50,37,35,33,39,31,45]","""2023-09-16T09:43:53.645Z""","[0,1,1,1]","1","1","1","40","42","42","40","2","0","0","[""arrowleft"",""arrowright"",""arrowright"",""arrowright"",""arrowright"",""arrowleft"",""arrowright"",""arrowright"",""arrowright"",""arrowright""]","[497,319,668,397,895,901,414,361,163,170]","[37,42,46,50,37,44,33,39,31,45]","[0,42,46,50,37,44,0,0,0,0]","[[44.5259,56.2787]]","[]","[]","[]","1","[]","[]","[]","[]","vertical","","","",""
"","","","","","horizons-trial","112","1384170","0.0-98.0","","","","","","","10","[30,51,37,43,46,49,30,51,54,48]","[50,27,34,40,36,53,45,43,40,37]","""2023-09-16T09:44:02.307Z""","[0,1,0,1]","0","1","1","40","42","42","40","2","0","0","[""arrowleft"",""arrowright"",""arrowleft"",""arrowright"",""arrowleft"",""arrowleft"",""arrowright"",""arrowleft"",""arrowleft"",""arrowleft""]","[564,319,362,407,1799,675,705,568,487,152]","[30,27,37,40,46,49,45,51,54,48]","[0,0,37,0,46,0,45,51,54,48]","[[30.0587,40.3882]]","[]","[]","[]","1","[]","[]","[]","[]","vertical","","","",""
"","","","","","horizons-trial","113","1392210","0.0-99.0","","","","","","","10","[58,52,64,64,62,75,65,54,50,39]","[64,65,59,67,76,63,70,59,60,55]","""2023-09-16T09:44:10.347Z""","[0,1,1,1]","1","1","1","60","59","59","60","1","0","0","[""arrowleft"",""arrowright"",""arrowright"",""arrowright"",""arrowleft"",""arrowright"",""arrowright"",""arrowright"",""arrowright"",""arrowright""]","[676,333,565,654,399,787,258,152,148,304]","[58,65,59,67,62,63,70,59,60,55]","[0,65,0,67,0,0,70,59,60,55]","[[19.5015,22.090100000000007]]","[]","[]","[]","1","[]","[]","[]","[]","vertical","","","",""
"","","","","","horizons-trial","114","1398857","0.0-100.0","","","","","","","5","[47,35,34,43,27]","[37,31,51,35,32]","""2023-09-16T09:44:16.994Z""","[0,1,1,0]","0","1","0","40","42","42","40","2","0","0","[""arrowleft"",""arrowright"",""arrowright"",""arrowleft"",""arrowright""]","[678,313,402,315,1069]","[47,31,51,43,32]","[47,0,51,43,32]","[[50,36.0545]]","[]","[]","[]","1","[]","[]","[]","[]","vertical","","","",""
"","","","","","horizons-trial","115","1406129","0.0-101.0","","","","","","","10","[43,57,49,64,56,53,55,68,64,43]","[65,41,57,47,60,59,64,50,51,42]","""2023-09-16T09:44:24.265Z""","[0,0,0,1]","1","0","1","60","56","60","56","4","0","0","[""arrowleft"",""arrowleft"",""arrowleft"",""arrowright"",""arrowleft"",""arrowright"",""arrowleft"",""arrowleft"",""arrowleft"",""arrowleft""]","[521,389,598,353,522,845,446,362,170,163]","[43,57,49,47,56,59,55,68,64,43]","[0,57,0,0,0,59,0,68,64,43]","[[57.8201,58.2048]]","[]","[]","[]","1","[]","[]","[]","[]","vertical","","","",""
"","","","","","horizons-trial","116","1412214","0.0-102.0","","","","","","","10","[62,64,50,67,66,62,46,57,63,66]","[50,51,59,54,57,47,56,65,51,61]","""2023-09-16T09:44:30.350Z""","[1,0,0,0]","1","0","1","60","59","60","59","1","0","0","[""arrowright"",""arrowleft"",""arrowleft"",""arrowleft"",""arrowright"",""arrowleft"",""arrowleft"",""arrowleft"",""arrowleft"",""arrowleft""]","[521,339,591,407,359,436,238,173,167,172]","[50,64,50,67,57,62,46,57,63,66]","[0,64,0,67,0,62,0,0,63,66]","[[27.3216,30.2761]]","[]","[]","[]","1","[]","[]","[]","[]","vertical","","","",""
"","","","","","horizons-trial","117","1417798","0.0-103.0","","","","","","","5","[51,50,30,31,47]","[54,63,68,56,64]","""2023-09-16T09:44:35.935Z""","[1,1,0,1]","1","1","0","60","40","40","60","20","0","0","[""arrowright"",""arrowright"",""arrowleft"",""arrowright"",""arrowright""]","[1042,497,365,360,632]","[54,63,30,56,64]","[54,63,0,56,64]","[[50,65.9093]]","[]","[]","[]","1","[]","[]","[]","[]","vertical","","","",""
"","","","","","horizons-trial","118","1424725","0.0-104.0","","","","","","","10","[58,47,40,45,59,65,49,49,55,57]","[29,46,32,32,39,50,24,28,36,41]","""2023-09-16T09:44:42.862Z""","[1,0,0,0]","1","1","1","40","52","52","40","12","0","0","[""arrowright"",""arrowleft"",""arrowleft"",""arrowleft"",""arrowleft"",""arrowleft"",""arrowleft"",""arrowleft"",""arrowleft"",""arrowleft""]","[510,270,558,479,1025,831,260,168,141,151]","[29,47,40,45,59,65,49,49,55,57]","[0,47,40,45,59,65,49,49,55,57]","[[42.5709,49.0558]]","[]","[]","[]","1","[]","[]","[]","[]","vertical","","","",""
"","","","","","horizons-trial","119","1431860","0.0-105.0","","","","","","","10","[39,40,41,43,42,46,42,37,38,39]","[62,70,69,55,66,64,60,66,74,44]","""2023-09-16T09:44:49.996Z""","[1,0,1,0]","0","1","1","60","48","48","60","12","0","0","[""arrowright"",""arrowleft"",""arrowright"",""arrowleft"",""arrowright"",""arrowright"",""arrowright"",""arrowright"",""arrowright"",""arrowright""]","[564,264,301,279,296,691,202,106,172,139]","[62,40,69,43,66,64,60,66,74,44]","[62,0,69,0,66,64,60,66,74,44]","[[63.2942,62.5386]]","[]","[]","[]","1","[]","[]","[]","[]","vertical","","","",""
"","","","","","horizons-trial","120","1438679","0.0-106.0","","","","","","","10","[59,38,55,61,51,61,47,49,64,51]","[65,59,62,40,68,58,73,72,66,70]","""2023-09-16T09:44:56.815Z""","[1,1,0,0]","0","1","1","60","56","56","60","4","0","0","[""arrowright"",""arrowright"",""arrowleft"",""arrowleft"",""arrowright"",""arrowright"",""arrowright"",""arrowright"",""arrowright"",""arrowright""]","[559,370,335,479,434,685,327,166,144,124]","[65,59,55,61,68,58,73,72,66,70]","[65,59,0,61,68,0,73,72,66,70]","[[34.3597,39.9067]]","[]","[]","[]","1","[]","[]","[]","[]","vertical","","","",""
"","","","","","horizons-trial","121","1446184","0.0-107.0","","","","","","","10","[47,57,53,41,41,43,46,36,46,46]","[62,52,56,62,53,61,62,71,56,55]","""2023-09-16T09:45:04.320Z""","[0,1,1,1]","1","1","1","60","48","48","60","12","0","0","[""arrowleft"",""arrowright"",""arrowright"",""arrowright"",""arrowright"",""arrowright"",""arrowright"",""arrowright"",""arrowright"",""arrowright""]","[470,308,455,778,1497,857,183,152,153,137]","[47,52,56,62,53,61,62,71,56,55]","[0,0,56,62,53,61,62,71,56,55]","[[35.9238,45.6851]]","[]","[]","[]","1","[]","[]","[]","[]","vertical","","","",""
"","","","","","horizons-trial","122","1451433","0.0-108.0","","","","","","","5","[50,49,62,61,52]","[45,62,30,43,45]","""2023-09-16T09:45:09.569Z""","[0,1,1,0]","0","0","0","60","48","60","48","12","0","0","[""arrowleft"",""arrowright"",""arrowright"",""arrowleft"",""arrowleft""]","[452,296,351,342,927]","[50,62,30,61,52]","[50,62,0,61,52]","[[50,35.572900000000004]]","[]","[]","[]","1","[]","[]","[]","[]","vertical","","","",""
"","","","","","horizons-trial","123","1459096","0.0-109.0","","","","","","","10","[63,59,58,49,63,56,67,53,61,52]","[74,65,59,53,45,49,60,60,50,54]","""2023-09-16T09:45:17.232Z""","[1,0,1,1]","1","0","1","60","58","60","58","2","0","0","[""arrowright"",""arrowleft"",""arrowright"",""arrowright"",""arrowright"",""arrowleft"",""arrowright"",""arrowright"",""arrowright"",""arrowright""]","[652,318,252,685,1028,833,659,693,160,145]","[74,59,59,53,45,56,60,60,50,54]","[74,0,59,53,0,56,0,60,0,54]","[[32.0137,34.609899999999996]]","[]","[]","[]","1","[]","[]","[]","[]","vertical","","","",""
"","","","","","horizons-trial","124","1465277","0.0-110.0","","","","","","","5","[67,50,73,51,76]","[54,52,62,36,35]","""2023-09-16T09:45:23.413Z""","[0,1,1,0]","0","0","0","60","56","60","56","4","0","0","[""arrowleft"",""arrowright"",""arrowright"",""arrowleft"",""arrowleft""]","[503,243,375,371,2083]","[67,52,62,51,76]","[67,52,0,51,76]","[[50,27.868499999999997]]","[]","[]","[]","1","[]","[]","[]","[]","vertical","","","",""
"","","","","","horizons-trial","125","1470794","0.0-111.0","","","","","","","5","[63,53,66,55,47]","[38,33,40,40,53]","""2023-09-16T09:45:28.931Z""","[0,0,1,1]","0","1","0","40","60","60","40","20","0","0","[""arrowleft"",""arrowleft"",""arrowright"",""arrowright"",""arrowleft""]","[492,329,300,382,728]","[63,53,40,40,47]","[63,53,0,0,0]","[[50,50.9819]]","[]","[]","[]","1","[]","[]","[]","[]","vertical","","","",""
"","","","","","horizons-trial","126","1478035","0.0-112.0","","","","","","","10","[25,41,45,45,46,44,44,43,36,40]","[72,83,85,79,74,72,57,70,62,74]","""2023-09-16T09:45:36.172Z""","[1,0,0,1]","0","0","1","40","70","40","70","30","0","0","[""arrowright"",""arrowleft"",""arrowleft"",""arrowright"",""arrowleft"",""arrowright"",""arrowright"",""arrowright"",""arrowright"",""arrowright""]","[508,279,550,326,508,894,545,447,145,145]","[72,41,45,79,46,72,57,70,62,74]","[72,0,0,79,0,72,57,70,62,74]","[[28.8856,53.3895]]","[]","[]","[]","1","[]","[]","[]","[]","vertical","","","",""
"","","","","","horizons-trial","127","1483124","0.0-113.0","","","","","","","5","[36,57,45,44,38]","[44,64,53,56,45]","""2023-09-16T09:45:41.260Z""","[1,1,1,0]","1","0","0","40","52","40","52","12","0","0","[""arrowright"",""arrowright"",""arrowright"",""arrowleft"",""arrowright""]","[504,555,599,466,385]","[44,64,53,44,45]","[44,64,53,0,45]","[[50,75.0583]]","[]","[]","[]","1","[]","[]","[]","[]","vertical","","","",""
"","","","","","horizons-trial","128","1489288","0.0-114.0","","","","","","","5","[38,38,37,31,52]","[38,54,58,49,46]","""2023-09-16T09:45:47.425Z""","[1,1,0,0]","0","0","0","40","48","40","48","8","0","0","[""arrowright"",""arrowright"",""arrowleft"",""arrowleft"",""arrowright""]","[467,307,353,701,1021]","[38,54,37,31,46]","[38,54,0,0,0]","[[50,60.6124]]","[]","[]","[]","1","[]","[]","[]","[]","vertical","","","",""
"","","","","","horizons-trial","129","1497340","0.0-115.0","","","","","","","10","[41,45,28,35,32,28,28,43,38,34]","[46,41,40,49,38,43,51,61,46,52]","""2023-09-16T09:45:55.477Z""","[0,1,0,1]","0","0","1","40","52","40","52","12","0","0","[""arrowleft"",""arrowright"",""arrowleft"",""arrowright"",""arrowleft"",""arrowright"",""arrowleft"",""arrowright"",""arrowright"",""arrowright""]","[625,309,393,373,412,751,960,657,402,157]","[41,41,28,49,32,43,28,61,46,52]","[0,0,0,49,0,43,0,61,46,52]","[[29.6676,47.1296]]","[]","[]","[]","1","[]","[]","[]","[]","vertical","","","",""
"","","","","","horizons-trial","130","1504453","0.0-116.0","","","","","","","10","[53,56,66,59,74,85,54,58,43,48]","[59,57,72,55,58,68,58,65,65,57]","""2023-09-16T09:46:02.590Z""","[0,1,0,0]","1","1","1","60","58","58","60","2","0","0","[""arrowleft"",""arrowright"",""arrowleft"",""arrowleft"",""arrowleft"",""arrowleft"",""arrowleft"",""arrowleft"",""arrowleft"",""arrowleft""]","[693,290,329,592,1148,655,177,173,163,157]","[53,57,66,59,74,85,54,58,43,48]","[0,57,0,59,74,85,0,0,0,0]","[[46.8719,59.1679]]","[]","[]","[]","1","[]","[]","[]","[]","vertical","","","",""
"","","","","","horizons-trial","131","1511968","0.0-117.0","","","","","","","10","[60,69,54,62,59,75,56,53,65,55]","[65,50,64,60,65,57,49,72,54,55]","""2023-09-16T09:46:10.104Z""","[0,1,0,1]","0","0","1","60","59","60","59","1","0","0","[""arrowleft"",""arrowright"",""arrowleft"",""arrowright"",""arrowleft"",""arrowright"",""arrowleft"",""arrowleft"",""arrowleft"",""arrowleft""]","[462,285,509,311,344,959,470,390,178,160]","[60,50,54,60,59,57,56,53,65,55]","[0,0,0,0,0,0,56,0,65,55]","[[70.3324,40.8698]]","[]","[]","[]","1","[]","[]","[]","[]","vertical","","","",""
"","","","","","horizons-trial","132","1518009","0.0-118.0","","","","","","","10","[52,46,51,43,67,41,62,58,43,61]","[74,70,69,56,58,47,54,63,76,59]","""2023-09-16T09:46:16.146Z""","[1,1,1,0]","1","1","1","60","52","52","60","8","0","0","[""arrowright"",""arrowright"",""arrowright"",""arrowleft"",""arrowright"",""arrowright"",""arrowright"",""arrowright"",""arrowright"",""arrowright""]","[850,542,496,304,370,569,175,156,174,153]","[74,70,69,43,58,47,54,63,76,59]","[74,70,69,0,0,47,0,63,76,0]","[[64.8583,62.5386]]","[]","[]","[]","1","[]","[]","[]","[]","vertical","","","",""
"","","","","","horizons-trial","133","1529181","0.0-119.0","","","","","","","10","[55,55,54,64,49,65,73,57,76,61]","[40,44,44,40,37,41,43,32,49,49]","""2023-09-16T09:46:27.318Z""","[1,0,1,0]","0","0","1","60","40","60","40","20","0","0","[""arrowright"",""arrowleft"",""arrowright"",""arrowleft"",""arrowright"",""arrowleft"",""arrowleft"",""arrowleft"",""arrowleft"",""arrowleft""]","[360,295,257,392,437,663,1905,582,454,374]","[40,55,44,64,37,65,73,57,76,61]","[0,55,0,64,0,65,73,57,76,61]","[[66.8133,76.5029]]","[]","[]","[]","1","[]","[]","[]","[]","vertical","","","",""
"","","","","","survey-html-form","134","1611452","0.0-120.0","82250","{""comments"":""I typically chose between left or right when given the first option depending on what was the highest value already provided and then carried on down that side if the numbers were still fairly high. I would sometimes differ between the choices if I felt other ways would produce better results.""}","","","","","","","","","","","","","","","","","","","","","","","","","","","","","","","","","","","","",""
"","","","","","survey-html-form","135","1666382","0.0-121.0","54928","{""comments"":"" Whether the numbers already produced were significantly higher in the particular column already, which would give me higher confidence or if they were similar which would give me lower confidence.""}","","","","","","","","","","","","","","","","","","","","","","","","","","","","","","","","","","","","",""
"","","","","","survey-html-form","136","1727092","0.0-122.0","60706","{""comments"":"" Whether my pick 5 was a decent number compared to what has already been produced - if it was, I would typically stay within the same column but if the number was lower/more consistent then I would switch it up.""}","","","","","","","","","","","","","","","","","","","","","","","","","","","","","","","","","","","","",""
"","","","","","survey-html-form","137","1733505","0.0-123.0","6410","{""comments"":"" None.""}","","","","","","","","","","","","","","","","","","","","","","","","","","","","","","","","","","","","","[{""event"":""blur"",""trial"":1,""time"":6912},{""event"":""focus"",""trial"":1,""time"":9164},{""event"":""fullscreenenter"",""trial"":2,""time"":13261},{""event"":""blur"",""trial"":11,""time"":284520},{""event"":""focus"",""trial"":11,""time"":284520},{""event"":""fullscreenexit"",""trial"":11,""time"":284544},{""event"":""blur"",""trial"":16,""time"":416248},{""event"":""focus"",""trial"":16,""time"":416249}]"
