"success","timeout","failed_images","failed_audio","failed_video","trial_type","trial_index","time_elapsed","internal_node_id","rt","response","view_history","task","stimulus","question_order","horizon","rewards_L","rewards_R","date","forced_choices","r_info","r_side","r_h","r_mean","r_otherMean","r_mean_L","r_mean_R","r_difference","confidence_immediate_overall","confidence_question_order","key_presses","response_times","outcomes","outcomes_counted_points","confidence","confidence_rt","confidence_2","confidence_2_rt","screen_resolution","belief_confidence_1","belief_confidence_2","belief_confidence_3","belief_confidence_4","immediate_judgement_orientation","phase","responses","num_errors","interactions"
"true","false","[]","[]","[]","preload","0","687","0.0-0.0","","","","","","","","","","","","","","","","","","","","","","","","","","","","","","","","","","","","","","",""
"","","","","","survey-html-form","1","5634","0.0-1.0","4945","{""comments"":""60a4da8d76b10c765fe2ad07""}","","","","","","","","","","","","","","","","","","","","","","","","","","","","","","","","","","","","",""
"true","","","","","fullscreen","2","8611","0.0-2.0","","","","","","","","","","","","","","","","","","","","","","","","","","","","","","","","","","","","","","",""
"","","","","","instructions","3","110907","0.0-3.0","102293","","[{""page_index"":0,""viewing_time"":23170},{""page_index"":1,""viewing_time"":54275},{""page_index"":2,""viewing_time"":10068},{""page_index"":3,""viewing_time"":8439},{""page_index"":4,""viewing_time"":3064},{""page_index"":5,""viewing_time"":3276}]","Consent","","","","","","","","","","","","","","","","","","","","","","","","","","","","","","","","","","",""
"","","","","","html-button-response","4","112654","0.0-4.0","1745","0","","","<p>Declaration of consent for study participation:</p>
            <ul>
                <li> I was informed about the study 'Metacognition in a bandit task', its course, meaning, scope and risks, and I have read and understood the study information.</li>
                <li> I had the opportunity to clarify all open questions. </li>
                <li> I have the right to request further information about the study at any time.</li>
                <li> I voluntarily agree to participate in the study described in the study information provided.</li>
                <li> I have been informed that I may withdraw from this study at any time without incurring any disadvantage.</li>
            </ul>","","","","","","","","","","","","","","","","","","","","","","","","","","","","","","","","","",""
"","","","","","survey-multi-choice","5","122939","0.0-5.0","10282","{""firstDataProtectionQ"":""yes"",""secondDataProtectionQ"":""yes"",""thirdDataProtectionQ"":""yes"",""fourthDataProtectionQ"":""yes""}","","","","[0,1,2,3]","","","","","","","","","","","","","","","","","","","","","","","","","","","","","","","","",""
"","","","","","instructions","6","260444","0.0-6.0-0.0","137499","","[{""page_index"":0,""viewing_time"":2216},{""page_index"":1,""viewing_time"":5498},{""page_index"":2,""viewing_time"":10217},{""page_index"":3,""viewing_time"":19098},{""page_index"":4,""viewing_time"":11426},{""page_index"":5,""viewing_time"":3336},{""page_index"":6,""viewing_time"":6957},{""page_index"":7,""viewing_time"":9910},{""page_index"":8,""viewing_time"":4994},{""page_index"":9,""viewing_time"":22253},{""page_index"":10,""viewing_time"":33111},{""page_index"":11,""viewing_time"":8484}]","","","","","","","","","","","","","","","","","","","","","","","","","","","","","","","","","","","",""
"","","","","","horizons-trial","7","274752","0.0-6.0-1.0","","","","","","","5","[44,57,74,72,62]","[31,33,24,39,29]","""2023-10-26T10:55:32.795Z""","[1,0,1,1]","","","","","","","","","0","","[""arrowright"",""arrowleft"",""arrowright"",""arrowright"",""arrowleft""]","[795,701,472,671,2570]","[31,57,24,39,62]","[0,57,0,0,62]","[[56.5068,50]]","[6517]","[]","[]","1","[]","[]","[]","[]","horizontal","practice","","",""
"","","","","","horizons-trial","8","295105","0.0-6.0-2.0","","","","","","","10","[64,50,57,35,52,38,44,61,39,38]","[70,69,76,71,75,58,81,84,57,61]","""2023-10-26T10:55:53.147Z""","[0,0,1,1]","","","","","","","","","1","","[""arrowleft"",""arrowleft"",""arrowright"",""arrowright"",""arrowright"",""arrowright"",""arrowright"",""arrowright"",""arrowright"",""arrowright""]","[751,464,548,357,2641,2335,1434,682,919,1201]","[64,50,76,71,75,58,81,84,57,61]","[0,0,76,71,75,58,81,84,57,61]","[[75.3425,100]]","[7680]","[]","[]","1","[]","[]","[]","[]","horizontal","practice","","",""
"","","","","","instructions","9","323871","0.0-6.0-3.0","28764","","[{""page_index"":0,""viewing_time"":1738},{""page_index"":1,""viewing_time"":20888},{""page_index"":2,""viewing_time"":4552},{""page_index"":3,""viewing_time"":1585}]","","","","","","","","","","","","","","","","","","","","","","","","","","","","","","","","","","","",""
"","","","","","horizons-comprehension","10","345991","0.0-6.0-4.0","22117.200000000186","","","","","","","","","","","","","","","","","","","","","","","","","","","","","","","","","","","","[""true"",""true"",""false"",""true""]","0",""
"","","","","","instructions","11","347283","0.0-7.0","1288","","[{""page_index"":0,""viewing_time"":1288}]","","","","","","","","","","","","","","","","","","","","","","","","","","","","","","","","","","","",""
"","","","","","horizons-trial","12","362942","0.0-8.0","","","","","","","5","[54,67,50,48,49]","[55,49,67,60,58]","""2023-10-26T10:57:00.984Z""","[1,0,0,0]","1","1","0","60","59","59","60","1","0","0","[""arrowright"",""arrowleft"",""arrowleft"",""arrowleft"",""arrowleft""]","[1255,991,383,499,4526]","[55,67,50,48,49]","[55,67,0,0,0]","[[30.4795,50]]","[4476]","[]","[]","1","[]","[]","[]","[]","horizontal","","","",""
"","","","","","horizons-trial","13","370680","0.0-9.0","","","","","","","5","[42,25,38,44,39]","[37,40,39,61,50]","""2023-10-26T10:57:08.723Z""","[1,0,1,0]","0","0","0","40","48","40","48","8","0","0","[""arrowright"",""arrowleft"",""arrowright"",""arrowleft"",""arrowright""]","[928,518,428,464,2502]","[37,25,39,44,50]","[0,0,39,0,50]","[[30.4795,50]]","[1879]","[]","[]","1","[]","[]","[]","[]","horizontal","","","",""
"","","","","","horizons-trial","14","383228","0.0-10.0","","","","","","","10","[52,31,36,26,24,24,25,35,36,48]","[49,57,55,61,65,43,60,64,57,69]","""2023-10-26T10:57:21.271Z""","[0,0,1,0]","1","1","1","60","30","30","60","30","0","0","[""arrowleft"",""arrowleft"",""arrowright"",""arrowleft"",""arrowright"",""arrowright"",""arrowright"",""arrowright"",""arrowright"",""arrowright""]","[898,386,656,597,2549,1533,813,670,571,579]","[52,31,55,26,65,43,60,64,57,69]","[52,0,55,0,65,43,60,64,57,69]","[[78.4247,100]]","[2177]","[]","[]","1","[]","[]","[]","[]","horizontal","","","",""
"","","","","","horizons-trial","15","390363","0.0-11.0","","","","","","","5","[72,61,65,48,56]","[41,38,19,43,33]","""2023-10-26T10:57:28.406Z""","[0,1,0,0]","1","0","0","60","40","60","40","20","0","0","[""arrowleft"",""arrowright"",""arrowleft"",""arrowleft"",""arrowleft""]","[770,392,372,631,2209]","[72,38,65,48,56]","[72,0,65,48,56]","[[72.9452,50]]","[1760]","[]","[]","1","[]","[]","[]","[]","horizontal","","","",""
"","","","","","horizons-trial","16","405133","0.0-12.0","","","","","","","10","[41,46,45,33,50,34,28,52,37,43]","[40,28,38,50,46,49,54,37,40,33]","""2023-10-26T10:57:43.176Z""","[0,1,0,0]","1","1","1","40","42","42","40","2","0","0","[""arrowleft"",""arrowright"",""arrowleft"",""arrowleft"",""arrowleft"",""arrowleft"",""arrowright"",""arrowright"",""arrowright"",""arrowright""]","[608,429,464,470,2979,2560,900,883,731,1280]","[41,28,45,33,50,34,54,37,40,33]","[41,0,45,0,50,0,54,0,40,0]","[[56.1644,100]]","[2505]","[]","[]","1","[]","[]","[]","[]","horizontal","","","",""
"","","","","","horizons-trial","17","411892","0.0-13.0","","","","","","","5","[60,37,44,53,58]","[62,50,58,61,61]","""2023-10-26T10:57:49.935Z""","[1,0,1,1]","1","1","0","60","52","52","60","8","0","0","[""arrowright"",""arrowleft"",""arrowright"",""arrowright"",""arrowright""]","[794,356,306,536,1067]","[62,37,58,61,61]","[62,0,58,61,61]","[[82.8767,50]]","[2147]","[]","[]","1","[]","[]","[]","[]","horizontal","","","",""
"","","","","","horizons-trial","18","424176","0.0-14.0","","","","","","","10","[41,41,31,20,40,33,39,38,50,54]","[46,33,54,40,42,36,48,40,44,56]","""2023-10-26T10:58:02.219Z""","[0,0,0,1]","1","0","1","40","48","40","48","8","0","0","[""arrowleft"",""arrowleft"",""arrowleft"",""arrowright"",""arrowleft"",""arrowleft"",""arrowright"",""arrowright"",""arrowright"",""arrowright""]","[594,1152,412,498,2677,1052,732,549,831,545]","[41,41,31,40,40,33,48,40,44,56]","[0,41,0,40,0,0,48,40,0,56]","[[67.8082,100]]","[2463]","[]","[]","1","[]","[]","[]","[]","horizontal","","","",""
"","","","","","horizons-trial","19","431002","0.0-15.0","","","","","","","5","[32,49,49,50,52]","[41,23,39,33,47]","""2023-10-26T10:58:09.044Z""","[0,1,0,1]","0","1","0","40","48","48","40","8","0","0","[""arrowleft"",""arrowright"",""arrowleft"",""arrowright"",""arrowleft""]","[717,362,366,370,1947]","[32,23,49,33,52]","[0,0,49,0,52]","[[66.4384,50]]","[1975]","[]","[]","1","[]","[]","[]","[]","horizontal","","","",""
"","","","","","horizons-trial","20","437906","0.0-16.0","","","","","","","5","[58,61,75,57,60]","[52,53,56,48,55]","""2023-10-26T10:58:15.948Z""","[0,1,0,0]","1","0","0","60","59","60","59","1","0","0","[""arrowleft"",""arrowright"",""arrowleft"",""arrowleft"",""arrowleft""]","[530,376,332,505,1273]","[58,53,75,57,60]","[58,0,75,57,60]","[[72.2603,50]]","[2450]","[]","[]","1","[]","[]","[]","[]","horizontal","","","",""
"","","","","","horizons-trial","21","451653","0.0-17.0","","","","","","","10","[44,43,51,45,61,48,42,35,33,37]","[40,38,36,47,48,40,39,55,33,34]","""2023-10-26T10:58:29.696Z""","[0,1,0,0]","1","1","1","40","48","48","40","8","0","0","[""arrowleft"",""arrowright"",""arrowleft"",""arrowleft"",""arrowleft"",""arrowleft"",""arrowleft"",""arrowleft"",""arrowleft"",""arrowleft""]","[683,280,576,477,1143,3578,2777,463,415,737]","[44,38,51,45,61,48,42,35,33,37]","[44,0,51,0,61,48,42,0,33,37]","[[75.6849,96.48438]]","[1838]","[]","[]","1","[]","[]","[]","[]","horizontal","","","",""
"","","","","","horizons-trial","22","460083","0.0-18.0","","","","","","","5","[39,34,56,45,53]","[48,39,48,49,39]","""2023-10-26T10:58:38.126Z""","[1,0,0,0]","1","0","0","40","48","40","48","8","0","0","[""arrowright"",""arrowleft"",""arrowleft"",""arrowleft"",""arrowright""]","[746,374,449,531,2012]","[48,34,56,45,39]","[48,0,56,0,0]","[[58.5616,50]]","[2922]","[]","[]","1","[]","[]","[]","[]","horizontal","","","",""
"","","","","","horizons-trial","23","466115","0.0-19.0","","","","","","","5","[62,69,56,67,56]","[57,55,53,57,51]","""2023-10-26T10:58:44.158Z""","[1,1,0,1]","1","0","0","60","52","60","52","8","0","0","[""arrowright"",""arrowright"",""arrowleft"",""arrowright"",""arrowright""]","[670,750,567,469,739]","[57,55,56,57,51]","[0,0,56,0,0]","[[67.1233,50]]","[1598]","[]","[]","1","[]","[]","[]","[]","horizontal","","","",""
"","","","","","horizons-trial","24","474662","0.0-20.0","","","","","","","5","[53,66,61,64,64]","[28,45,30,42,46]","""2023-10-26T10:58:52.705Z""","[1,1,0,1]","1","1","0","40","70","70","40","30","0","0","[""arrowright"",""arrowright"",""arrowleft"",""arrowright"",""arrowleft""]","[1067,1012,489,567,2997]","[28,45,61,42,64]","[0,0,61,0,64]","[[67.1233,50]]","[1610]","[]","[]","1","[]","[]","[]","[]","horizontal","","","",""
"","","","","","horizons-trial","25","491109","0.0-21.0","","","","","","","10","[40,68,68,49,51,48,46,47,56,51]","[23,45,34,43,41,27,25,37,39,41]","""2023-10-26T10:59:09.152Z""","[0,0,1,0]","1","1","1","40","52","52","40","12","0","0","[""arrowleft"",""arrowleft"",""arrowright"",""arrowleft"",""arrowleft"",""arrowleft"",""arrowleft"",""arrowleft"",""arrowleft"",""arrowleft""]","[1532,694,561,472,1577,1003,1013,657,546,586]","[40,68,34,49,51,48,46,47,56,51]","[40,68,0,49,51,48,46,47,56,51]","[[92.4658,92.1875]]","[7068]","[]","[]","1","[]","[]","[]","[]","horizontal","","","",""
"","","","","","horizons-trial","26","501838","0.0-22.0","","","","","","","10","[51,49,66,68,55,60,59,58,59,67]","[51,64,53,42,45,52,59,50,52,39]","""2023-10-26T10:59:19.881Z""","[0,1,1,0]","0","0","1","60","52","60","52","8","0","0","[""arrowleft"",""arrowright"",""arrowright"",""arrowleft"",""arrowleft"",""arrowleft"",""arrowleft"",""arrowleft"",""arrowleft"",""arrowleft""]","[655,409,486,466,2022,1933,245,402,329,385]","[51,64,53,68,55,60,59,58,59,67]","[51,64,0,68,55,60,59,58,59,67]","[[92.1233,93.75]]","[2683]","[]","[]","1","[]","[]","[]","[]","horizontal","","","",""
"","","","","","horizons-trial","27","508334","0.0-23.0","","","","","","","5","[63,58,70,77,74]","[37,27,29,41,38]","""2023-10-26T10:59:26.376Z""","[0,1,1,0]","0","1","0","40","70","70","40","30","0","0","[""arrowleft"",""arrowright"",""arrowright"",""arrowleft"",""arrowleft""]","[649,407,468,319,790]","[63,27,29,77,74]","[63,0,0,77,74]","[[93.4932,50]]","[2525]","[]","[]","1","[]","[]","[]","[]","horizontal","","","",""
"","","","","","horizons-trial","28","519394","0.0-24.0","","","","","","","10","[45,56,47,42,46,42,40,52,50,47]","[59,70,58,54,66,47,57,63,75,69]","""2023-10-26T10:59:37.437Z""","[1,0,1,1]","1","1","1","60","48","48","60","12","0","0","[""arrowright"",""arrowleft"",""arrowright"",""arrowright"",""arrowright"",""arrowright"",""arrowright"",""arrowright"",""arrowright"",""arrowright""]","[1212,457,401,492,2417,858,399,487,567,338]","[59,56,58,54,66,47,57,63,75,69]","[59,0,58,54,66,47,57,63,75,69]","[[90.7534,91.79688]]","[2439]","[]","[]","1","[]","[]","[]","[]","horizontal","","","",""
"","","","","","horizons-trial","29","528222","0.0-25.0","","","","","","","10","[28,34,40,32,26,64,44,40,40,60]","[63,79,63,64,73,74,58,62,50,59]","""2023-10-26T10:59:46.265Z""","[1,0,0,0]","1","1","1","60","40","40","60","20","0","0","[""arrowright"",""arrowleft"",""arrowleft"",""arrowleft"",""arrowright"",""arrowright"",""arrowright"",""arrowright"",""arrowright"",""arrowright""]","[704,325,690,598,1478,1135,360,285,340,276]","[63,34,40,32,73,74,58,62,50,59]","[63,0,0,0,73,74,58,62,50,0]","[[83.5616,86.7188]]","[1821]","[]","[]","1","[]","[]","[]","[]","horizontal","","","",""
"","","","","","horizons-trial","30","539841","0.0-26.0","","","","","","","10","[17,36,24,34,31,39,46,43,55,40]","[40,34,41,41,37,27,49,19,46,46]","""2023-10-26T10:59:57.884Z""","[0,1,0,0]","1","1","1","40","41","41","40","1","0","0","[""arrowleft"",""arrowright"",""arrowleft"",""arrowleft"",""arrowright"",""arrowright"",""arrowright"",""arrowright"",""arrowright"",""arrowright""]","[1160,439,426,424,3191,1181,578,711,469,500]","[17,34,24,34,37,27,49,19,46,46]","[0,0,0,0,37,0,49,0,0,46]","[[81.8493,83.2031]]","[1862]","[]","[]","1","[]","[]","[]","[]","horizontal","","","",""
"","","","","","horizons-trial","31","548140","0.0-27.0","","","","","","","5","[48,58,59,50,61]","[50,48,52,38,45]","""2023-10-26T11:00:06.183Z""","[1,1,1,0]","1","1","0","40","60","60","40","20","0","0","[""arrowright"",""arrowright"",""arrowright"",""arrowleft"",""arrowright""]","[566,499,570,441,979]","[50,48,52,50,45]","[50,0,0,50,0]","[[60.6164,50]]","[3747]","[]","[]","1","[]","[]","[]","[]","horizontal","","","",""
"","","","","","horizons-trial","32","555337","0.0-28.0","","","","","","","5","[61,62,58,47,50]","[48,58,51,42,39]","""2023-10-26T11:00:13.380Z""","[0,0,1,1]","0","1","0","40","60","60","40","20","0","0","[""arrowleft"",""arrowleft"",""arrowright"",""arrowright"",""arrowleft""]","[1159,350,617,541,543]","[61,62,51,42,50]","[61,62,0,0,50]","[[72.6027,50]]","[2941]","[]","[]","1","[]","[]","[]","[]","horizontal","","","",""
"","","","","","horizons-trial","33","565596","0.0-29.0","","","","","","","10","[68,51,53,54,47,64,55,54,68,64]","[63,56,66,65,57,65,77,54,67,64]","""2023-10-26T11:00:23.639Z""","[0,1,0,0]","1","1","1","60","58","58","60","2","0","0","[""arrowleft"",""arrowright"",""arrowleft"",""arrowleft"",""arrowleft"",""arrowleft"",""arrowleft"",""arrowleft"",""arrowleft"",""arrowleft""]","[608,451,395,496,2818,1398,542,472,400,285]","[68,56,53,54,47,64,55,54,68,64]","[68,56,0,0,0,0,0,54,68,64]","[[65.411,73.8281]]","[1811]","[]","[]","1","[]","[]","[]","[]","horizontal","","","",""
"","","","","","horizons-trial","34","571682","0.0-30.0","","","","","","","5","[62,75,70,62,63]","[60,40,67,62,64]","""2023-10-26T11:00:29.724Z""","[0,0,1,0]","1","0","0","60","58","60","58","2","0","0","[""arrowleft"",""arrowleft"",""arrowright"",""arrowleft"",""arrowleft""]","[658,378,451,515,960]","[62,75,67,62,63]","[62,75,0,62,0]","[[73.6301,50]]","[2152]","[]","[]","1","[]","[]","[]","[]","horizontal","","","",""
"","","","","","horizons-trial","35","576406","0.0-31.0","","","","","","","5","[34,43,32,44,44]","[26,39,38,48,50]","""2023-10-26T11:00:34.449Z""","[0,1,0,1]","0","1","0","40","44","44","40","4","0","0","[""arrowleft"",""arrowright"",""arrowleft"",""arrowright"",""arrowright""]","[568,412,389,354,965]","[34,39,32,48,50]","[34,0,0,48,50]","[[73.6301,50]]","[1102]","[]","[]","1","[]","[]","[]","[]","horizontal","","","",""
"","","","","","horizons-trial","36","588024","0.0-32.0","","","","","","","10","[38,46,50,41,41,41,39,42,29,56]","[40,44,39,44,35,34,45,38,49,50]","""2023-10-26T11:00:46.067Z""","[0,1,0,0]","1","0","1","40","42","40","42","2","0","0","[""arrowleft"",""arrowright"",""arrowleft"",""arrowleft"",""arrowright"",""arrowleft"",""arrowleft"",""arrowleft"",""arrowleft"",""arrowleft""]","[549,415,420,463,3431,1141,665,636,567,627]","[38,44,50,41,35,41,39,42,29,56]","[0,0,50,0,0,41,0,42,0,56]","[[63.0137,60.5469]]","[1590]","[]","[]","1","[]","[]","[]","[]","horizontal","","","",""
"","","","","","horizons-trial","37","595515","0.0-33.0","","","","","","","5","[54,51,60,54,53]","[41,31,38,51,33]","""2023-10-26T11:00:53.557Z""","[0,0,1,1]","0","1","0","40","52","52","40","12","0","0","[""arrowleft"",""arrowleft"",""arrowright"",""arrowright"",""arrowleft""]","[456,501,437,498,1060]","[54,51,38,51,53]","[54,51,0,0,53]","[[71.9178,50]]","[3145]","[]","[]","1","[]","[]","[]","[]","horizontal","","","",""
"","","","","","horizons-trial","38","608350","0.0-34.0","","","","","","","5","[44,49,47,48,37]","[46,58,45,46,59]","""2023-10-26T11:01:06.393Z""","[1,0,1,0]","0","0","0","40","52","40","52","12","0","0","[""arrowright"",""arrowleft"",""arrowright"",""arrowleft"",""arrowleft""]","[6129,428,365,337,1334]","[46,49,45,48,37]","[46,0,0,48,0]","[[73.6301,50]]","[3211]","[]","[]","1","[]","[]","[]","[]","horizontal","","","",""
"","","","","","horizons-trial","39","614988","0.0-35.0","","","","","","","10","[67,58,48,53,41,67,59,43,65,70]","[21,32,25,21,24,32,42,34,34,25]","""2023-10-26T11:01:13.031Z""","[0,0,0,1]","1","0","1","60","30","60","30","30","0","0","[""arrowleft"",""arrowleft"",""arrowleft"",""arrowright"",""arrowleft"",""arrowleft"",""arrowleft"",""arrowleft"",""arrowleft"",""arrowleft""]","[480,327,289,528,995,571,179,195,215,222]","[67,58,48,21,41,67,59,43,65,70]","[67,58,48,0,41,67,59,43,65,70]","[[84.2466,83.2031]]","[2057]","[]","[]","1","[]","[]","[]","[]","horizontal","","","",""
"","","","","","horizons-trial","40","622873","0.0-36.0","","","","","","","10","[55,51,47,54,66,39,65,52,49,55]","[57,57,69,60,55,72,69,69,56,59]","""2023-10-26T11:01:20.916Z""","[1,1,1,0]","1","1","1","60","52","52","60","8","0","0","[""arrowright"",""arrowright"",""arrowright"",""arrowleft"",""arrowright"",""arrowright"",""arrowright"",""arrowright"",""arrowright"",""arrowright""]","[612,405,731,343,799,793,266,163,384,240]","[57,57,69,54,55,72,69,69,56,59]","[57,57,69,0,0,72,69,69,56,59]","[[82.1918,85.9375]]","[1535]","[]","[]","1","[]","[]","[]","[]","horizontal","","","",""
"","","","","","horizons-trial","41","628746","0.0-37.0","","","","","","","5","[62,61,53,47,53]","[78,47,54,47,46]","""2023-10-26T11:01:26.789Z""","[1,1,0,0]","0","0","0","60","52","60","52","8","0","0","[""arrowright"",""arrowright"",""arrowleft"",""arrowleft"",""arrowright""]","[648,674,357,355,1358]","[78,47,53,47,46]","[78,0,0,47,0]","[[86.6438,50]]","[1573]","[]","[]","1","[]","[]","[]","[]","horizontal","","","",""
"","","","","","horizons-trial","42","638433","0.0-38.0","","","","","","","10","[63,54,58,44,58,47,50,47,41,51]","[44,30,45,47,48,28,42,42,52,31]","""2023-10-26T11:01:36.476Z""","[1,0,0,1]","0","1","1","40","52","52","40","12","0","0","[""arrowright"",""arrowleft"",""arrowleft"",""arrowright"",""arrowleft"",""arrowleft"",""arrowleft"",""arrowleft"",""arrowleft"",""arrowleft""]","[805,626,614,409,2345,980,210,159,184,266]","[44,54,58,47,58,47,50,47,41,51]","[0,54,58,47,58,47,50,47,0,51]","[[93.4932,94.14062]]","[2191]","[]","[]","1","[]","[]","[]","[]","horizontal","","","",""
"","","","","","horizons-trial","43","645209","0.0-39.0","","","","","","","10","[35,39,48,49,47,52,49,39,44,33]","[21,46,50,22,45,40,28,33,34,26]","""2023-10-26T11:01:43.251Z""","[1,1,0,0]","0","1","1","40","42","42","40","2","0","0","[""arrowright"",""arrowright"",""arrowleft"",""arrowleft"",""arrowleft"",""arrowleft"",""arrowleft"",""arrowleft"",""arrowleft"",""arrowleft""]","[554,431,347,406,837,386,200,126,127,131]","[21,46,48,49,47,52,49,39,44,33]","[0,46,0,49,47,52,49,39,44,33]","[[93.4932,94.14062]]","[1220]","[]","[]","1","[]","[]","[]","[]","horizontal","","","",""
"","","","","","horizons-trial","44","651540","0.0-40.0","","","","","","","5","[23,37,27,30,31]","[58,56,66,48,59]","""2023-10-26T11:01:49.583Z""","[1,1,0,1]","1","1","0","60","30","30","60","30","0","0","[""arrowright"",""arrowright"",""arrowleft"",""arrowright"",""arrowright""]","[813,482,494,679,635]","[58,56,27,48,59]","[58,56,0,48,59]","[[91.7808,50]]","[2580]","[]","[]","1","[]","[]","[]","[]","horizontal","","","",""
"","","","","","horizons-trial","45","658903","0.0-41.0","","","","","","","5","[62,55,59,52,60]","[65,69,62,45,65]","""2023-10-26T11:01:56.946Z""","[0,1,0,1]","0","0","0","60","58","60","58","2","0","0","[""arrowleft"",""arrowright"",""arrowleft"",""arrowright"",""arrowright""]","[645,307,240,362,2244]","[62,69,59,45,65]","[0,69,0,0,65]","[[66.4384,50]]","[2776]","[]","[]","1","[]","[]","[]","[]","horizontal","","","",""
"","","","","","horizons-trial","46","664494","0.0-42.0","","","","","","","5","[57,57,60,57,67]","[50,56,64,46,58]","""2023-10-26T11:02:02.536Z""","[1,0,1,1]","1","0","0","60","56","60","56","4","0","0","[""arrowright"",""arrowleft"",""arrowright"",""arrowright"",""arrowright""]","[467,377,374,478,1920]","[50,57,64,46,58]","[0,57,64,0,0]","[[66.4384,50]]","[1146]","[]","[]","1","[]","[]","[]","[]","horizontal","","","",""
"","","","","","horizons-trial","47","669125","0.0-43.0","","","","","","","5","[40,28,20,33,40]","[52,64,58,57,60]","""2023-10-26T11:02:07.168Z""","[0,1,0,1]","0","1","0","60","30","30","60","30","0","0","[""arrowleft"",""arrowright"",""arrowleft"",""arrowright"",""arrowright""]","[504,350,323,460,1139]","[40,64,20,57,60]","[0,64,0,57,60]","[[66.4384,50]]","[1228]","[]","[]","1","[]","[]","[]","[]","horizontal","","","",""
"","","","","","horizons-trial","48","678674","0.0-44.0","","","","","","","10","[30,40,38,28,39,50,43,45,43,35]","[53,46,37,38,46,40,42,43,43,36]","""2023-10-26T11:02:16.717Z""","[0,1,1,1]","1","0","1","40","44","40","44","4","0","0","[""arrowleft"",""arrowright"",""arrowright"",""arrowright"",""arrowright"",""arrowright"",""arrowright"",""arrowright"",""arrowright"",""arrowright""]","[733,558,898,513,1499,755,467,198,158,686]","[30,46,37,38,46,40,42,43,43,36]","[0,46,0,38,46,0,0,0,43,36]","[[89.0411,91.40625]]","[2373]","[]","[]","1","[]","[]","[]","[]","horizontal","","","",""
"","","","","","horizons-trial","49","685657","0.0-45.0","","","","","","","10","[70,54,62,64,61,61,54,77,49,66]","[34,30,30,31,39,28,40,44,44,50]","""2023-10-26T11:02:23.700Z""","[1,0,1,1]","1","1","1","40","60","60","40","20","0","0","[""arrowright"",""arrowleft"",""arrowright"",""arrowright"",""arrowleft"",""arrowleft"",""arrowleft"",""arrowleft"",""arrowleft"",""arrowleft""]","[788,448,164,741,385,723,193,171,171,142]","[34,54,30,31,61,61,54,77,49,66]","[0,54,0,0,61,61,54,77,49,66]","[[87.3288,85.9375]]","[2426]","[]","[]","1","[]","[]","[]","[]","horizontal","","","",""
"","","","","","horizons-trial","50","695875","0.0-46.0","","","","","","","10","[44,52,46,42,29,41,42,39,46,58]","[24,31,43,38,47,40,55,40,43,36]","""2023-10-26T11:02:33.918Z""","[0,1,1,1]","1","1","1","40","44","44","40","4","0","0","[""arrowleft"",""arrowright"",""arrowright"",""arrowright"",""arrowleft"",""arrowright"",""arrowleft"",""arrowleft"",""arrowleft"",""arrowleft""]","[1180,353,632,716,450,844,512,741,867,314]","[44,31,43,38,29,40,42,39,46,58]","[44,0,0,0,0,0,0,0,46,58]","[[81.5068,83.2031]]","[2986]","[]","[]","1","[]","[]","[]","[]","horizontal","","","",""
"","","","","","horizons-trial","51","702731","0.0-47.0","","","","","","","5","[42,61,49,52,63]","[47,63,43,54,57]","""2023-10-26T11:02:40.774Z""","[0,0,1,0]","1","1","0","60","58","58","60","2","0","0","[""arrowleft"",""arrowleft"",""arrowright"",""arrowleft"",""arrowleft""]","[685,686,453,572,776]","[42,61,43,52,63]","[0,0,0,0,63]","[[83.2192,50]]","[3127]","[]","[]","1","[]","[]","[]","[]","horizontal","","","",""
"","","","","","horizons-trial","52","707879","0.0-48.0","","","","","","","5","[35,39,33,22,39]","[57,67,48,47,66]","""2023-10-26T11:02:45.922Z""","[0,1,0,0]","1","0","0","40","60","40","60","20","0","0","[""arrowleft"",""arrowright"",""arrowleft"",""arrowleft"",""arrowright""]","[832,474,348,706,503]","[35,67,33,22,66]","[0,67,0,0,66]","[[90.7534,50]]","[1524]","[]","[]","1","[]","[]","[]","[]","horizontal","","","",""
"","","","","","horizons-trial","53","714583","0.0-49.0","","","","","","","5","[41,48,40,53,39]","[73,53,76,56,71]","""2023-10-26T11:02:52.626Z""","[0,0,1,1]","0","0","0","40","70","40","70","30","0","0","[""arrowleft"",""arrowleft"",""arrowright"",""arrowright"",""arrowright""]","[2500,512,442,382,877]","[41,48,76,56,71]","[0,0,76,56,71]","[[90.7534,50]]","[1225]","[]","[]","1","[]","[]","[]","[]","horizontal","","","",""
"","","","","","horizons-trial","54","721800","0.0-50.0","","","","","","","5","[35,48,45,34,47]","[41,47,59,65,49]","""2023-10-26T11:02:59.843Z""","[1,1,1,0]","1","0","0","40","52","40","52","12","0","0","[""arrowright"",""arrowright"",""arrowright"",""arrowleft"",""arrowright""]","[471,734,406,2911,780]","[41,47,59,34,49]","[41,0,59,0,49]","[[90.7534,50]]","[992]","[]","[]","1","[]","[]","[]","[]","horizontal","","","",""
"","","","","","horizons-trial","55","727551","0.0-51.0","","","","","","","5","[43,44,51,58,57]","[44,32,38,37,51]","""2023-10-26T11:03:05.594Z""","[0,0,1,0]","1","1","0","40","52","52","40","12","0","0","[""arrowleft"",""arrowleft"",""arrowright"",""arrowleft"",""arrowleft""]","[905,421,644,572,837]","[43,44,38,58,57]","[0,44,0,58,57]","[[90.7534,50]]","[1051]","[]","[]","1","[]","[]","[]","[]","horizontal","","","",""
"","","","","","horizons-trial","56","736597","0.0-52.0","","","","","","","10","[67,58,54,65,60,46,63,62,52,62]","[46,53,64,60,60,65,58,72,69,58]","""2023-10-26T11:03:14.640Z""","[1,0,1,0]","0","0","1","60","59","60","59","1","0","0","[""arrowright"",""arrowleft"",""arrowright"",""arrowleft"",""arrowleft"",""arrowleft"",""arrowleft"",""arrowleft"",""arrowleft"",""arrowleft""]","[807,995,385,650,1364,596,203,176,156,164]","[46,58,64,65,60,46,63,62,52,62]","[0,58,64,65,60,0,63,0,0,62]","[[96.2329,98.04688]]","[2969]","[]","[]","1","[]","[]","[]","[]","horizontal","","","",""
"","","","","","horizons-trial","57","758719","0.0-53.0","","","","","","","10","[73,65,65,57,54,54,63,56,77,50]","[55,62,62,58,58,65,64,63,62,52]","""2023-10-26T11:03:36.762Z""","[0,0,1,0]","1","1","1","60","59","59","60","1","0","0","[""arrowleft"",""arrowleft"",""arrowright"",""arrowleft"",""arrowleft"",""arrowleft"",""arrowleft"",""arrowleft"",""arrowleft"",""arrowleft""]","[554,397,420,668,2278,1924,508,511,645,384]","[73,65,62,57,54,54,63,56,77,50]","[73,65,0,0,0,0,0,0,77,0]","[[97.2603,12.890600000000006]]","[11319]","[]","[]","1","[]","[]","[]","[]","horizontal","","","",""
"","","","","","horizons-trial","58","767319","0.0-54.0","","","","","","","10","[68,76,73,63,70,62,80,62,69,78]","[45,44,49,37,37,33,40,41,58,22]","""2023-10-26T11:03:45.362Z""","[0,0,1,1]","0","1","1","40","70","70","40","30","0","0","[""arrowleft"",""arrowleft"",""arrowright"",""arrowright"",""arrowleft"",""arrowleft"",""arrowleft"",""arrowleft"",""arrowleft"",""arrowleft""]","[628,394,635,352,1112,908,291,236,446,226]","[68,76,49,37,70,62,80,62,69,78]","[68,76,0,0,70,62,80,62,69,78]","[[96.9178,97.65625]]","[2785]","[]","[]","1","[]","[]","[]","[]","horizontal","","","",""
"","","","","","horizons-trial","59","779060","0.0-55.0","","","","","","","5","[50,59,37,48,32]","[43,55,33,40,45]","""2023-10-26T11:03:57.103Z""","[1,0,0,0]","1","1","0","40","42","42","40","2","0","0","[""arrowright"",""arrowleft"",""arrowleft"",""arrowleft"",""arrowleft""]","[709,434,508,1185,5737]","[43,59,37,48,32]","[0,59,37,48,0]","[[56.1644,50]]","[2289]","[]","[]","1","[]","[]","[]","[]","horizontal","","","",""
"","","","","","horizons-trial","60","786517","0.0-56.0","","","","","","","10","[39,45,36,30,30,40,39,44,35,39]","[83,74,81,86,70,72,61,65,75,70]","""2023-10-26T11:04:04.560Z""","[0,1,0,1]","0","0","1","40","70","40","70","30","0","0","[""arrowleft"",""arrowright"",""arrowleft"",""arrowright"",""arrowright"",""arrowright"",""arrowright"",""arrowright"",""arrowright"",""arrowright""]","[529,567,282,356,986,631,238,187,178,171]","[39,74,36,86,70,72,61,65,75,70]","[0,74,0,86,70,72,61,65,75,70]","[[96.5753,95.3125]]","[2327]","[]","[]","1","[]","[]","[]","[]","horizontal","","","",""
"","","","","","horizons-trial","61","793984","0.0-57.0","","","","","","","5","[37,36,35,51,33]","[59,64,56,66,60]","""2023-10-26T11:04:12.026Z""","[0,0,0,1]","1","1","0","60","40","40","60","20","0","0","[""arrowleft"",""arrowleft"",""arrowleft"",""arrowright"",""arrowright""]","[628,369,504,390,1069]","[37,36,35,66,60]","[0,0,0,66,60]","[[66.4384,50]]","[3467]","[]","[]","1","[]","[]","[]","[]","horizontal","","","",""
"","","","","","horizons-trial","62","801745","0.0-58.0","","","","","","","10","[59,58,66,53,53,59,61,54,60,64]","[31,28,40,48,41,37,37,37,20,37]","""2023-10-26T11:04:19.788Z""","[0,1,1,0]","0","1","1","40","60","60","40","20","0","0","[""arrowleft"",""arrowright"",""arrowright"",""arrowleft"",""arrowright"",""arrowleft"",""arrowleft"",""arrowleft"",""arrowleft"",""arrowleft""]","[620,391,446,465,429,630,249,150,178,164]","[59,28,40,53,41,59,61,54,60,64]","[59,0,0,53,0,59,61,54,60,64]","[[21.5753,14.453100000000006]]","[3255]","[]","[]","1","[]","[]","[]","[]","horizontal","","","",""
"","","","","","horizons-trial","63","810210","0.0-59.0","","","","","","","10","[24,41,41,41,30,38,45,55,36,48]","[25,35,46,36,51,57,43,59,42,46]","""2023-10-26T11:04:28.253Z""","[1,1,0,1]","1","0","1","40","41","40","41","1","0","0","[""arrowright"",""arrowright"",""arrowleft"",""arrowright"",""arrowleft"",""arrowleft"",""arrowleft"",""arrowright"",""arrowright"",""arrowright""]","[572,352,388,611,1366,511,333,382,626,493]","[25,35,41,36,30,38,45,59,42,46]","[25,0,0,0,0,0,45,59,42,0]","[[35.6164,31.640600000000006]]","[2090]","[]","[]","1","[]","[]","[]","[]","horizontal","","","",""
"","","","","","horizons-trial","64","819267","0.0-60.0","","","","","","","5","[58,61,56,31,59]","[50,59,51,59,64]","""2023-10-26T11:04:37.310Z""","[0,1,0,1]","0","1","0","60","58","58","60","2","0","0","[""arrowleft"",""arrowright"",""arrowleft"",""arrowright"",""arrowright""]","[915,360,344,325,1016]","[58,59,56,59,64]","[58,0,56,59,64]","[[58.9041,50]]","[5069]","[]","[]","1","[]","[]","[]","[]","horizontal","","","",""
"","","","","","horizons-trial","65","826354","0.0-61.0","","","","","","","5","[43,41,40,56,40]","[69,55,60,57,68]","""2023-10-26T11:04:44.397Z""","[1,1,0,1]","1","1","0","60","48","48","60","12","0","0","[""arrowright"",""arrowright"",""arrowleft"",""arrowright"",""arrowright""]","[632,498,296,330,2790]","[69,55,40,57,68]","[69,55,0,57,68]","[[92.8082,50]]","[1708]","[]","[]","1","[]","[]","[]","[]","horizontal","","","",""
"","","","","","horizons-trial","66","832229","0.0-62.0","","","","","","","5","[37,42,47,35,35]","[47,38,33,49,36]","""2023-10-26T11:04:50.272Z""","[0,0,1,0]","1","0","0","40","44","40","44","4","0","0","[""arrowleft"",""arrowleft"",""arrowright"",""arrowleft"",""arrowleft""]","[525,461,427,394,1282]","[37,42,33,35,35]","[0,42,0,0,0]","[[92.8082,50]]","[2032]","[]","[]","1","[]","[]","[]","[]","horizontal","","","",""
"","","","","","horizons-trial","67","839346","0.0-63.0","","","","","","","10","[52,52,56,42,50,59,54,55,59,58]","[61,51,52,60,51,60,55,61,57,56]","""2023-10-26T11:04:57.389Z""","[1,1,0,0]","0","1","1","60","56","56","60","4","0","0","[""arrowright"",""arrowright"",""arrowleft"",""arrowleft"",""arrowright"",""arrowright"",""arrowright"",""arrowright"",""arrowright"",""arrowright""]","[566,394,666,322,455,590,259,137,340,227]","[61,51,56,42,51,60,55,61,57,56]","[61,0,56,0,51,60,55,61,0,0]","[[92.1233,89.4531]]","[2081]","[]","[]","1","[]","[]","[]","[]","horizontal","","","",""
"","","","","","horizons-trial","68","850635","0.0-64.0","","","","","","","10","[72,63,62,39,55,52,58,61,66,67]","[55,61,63,59,62,58,70,61,48,52]","""2023-10-26T11:05:08.678Z""","[1,1,0,0]","0","1","1","60","58","58","60","2","0","0","[""arrowright"",""arrowright"",""arrowleft"",""arrowleft"",""arrowleft"",""arrowleft"",""arrowright"",""arrowright"",""arrowleft"",""arrowright""]","[1170,553,468,207,1786,710,396,638,535,1210]","[55,61,62,39,55,52,70,61,66,52]","[0,0,0,0,0,0,70,61,66,0]","[[29.7945,26.171899999999994]]","[2371]","[]","[]","1","[]","[]","[]","[]","horizontal","","","",""
"","","","","","horizons-trial","69","858757","0.0-65.0","","","","","","","10","[56,44,64,73,59,67,63,56,61,55]","[51,60,69,57,45,44,39,70,53,70]","""2023-10-26T11:05:16.800Z""","[0,0,0,1]","1","0","1","60","59","60","59","1","0","0","[""arrowleft"",""arrowleft"",""arrowleft"",""arrowright"",""arrowleft"",""arrowleft"",""arrowleft"",""arrowright"",""arrowleft"",""arrowleft""]","[874,328,664,357,938,797,379,424,464,609]","[56,44,64,57,59,67,63,70,61,55]","[56,0,0,0,59,67,63,70,61,0]","[[51.0274,52.7344]]","[1583]","[]","[]","1","[]","[]","[]","[]","horizontal","","","",""
"","","","","","horizons-trial","70","868885","0.0-66.0","","","","","","","10","[70,59,62,48,66,49,54,49,65,76]","[58,82,67,62,60,60,65,69,55,52]","""2023-10-26T11:05:26.928Z""","[0,1,1,0]","0","1","1","60","59","59","60","1","0","0","[""arrowleft"",""arrowright"",""arrowright"",""arrowleft"",""arrowright"",""arrowright"",""arrowright"",""arrowleft"",""arrowright"",""arrowright""]","[607,885,664,454,1224,666,214,1555,1003,249]","[70,82,67,48,60,60,65,49,55,52]","[70,82,67,0,0,60,65,0,0,0]","[[80.8219,73.0469]]","[1881]","[]","[]","1","[]","[]","[]","[]","horizontal","","","",""
"","","","","","horizons-trial","71","879932","0.0-67.0","","","","","","","10","[55,69,63,71,62,59,65,70,68,61]","[49,66,59,51,66,42,55,55,32,59]","""2023-10-26T11:05:37.975Z""","[0,1,1,0]","0","0","1","60","56","60","56","4","0","0","[""arrowleft"",""arrowright"",""arrowright"",""arrowleft"",""arrowleft"",""arrowleft"",""arrowleft"",""arrowright"",""arrowleft"",""arrowleft""]","[832,328,609,458,2772,647,399,202,469,392]","[55,66,59,71,62,59,65,55,68,61]","[55,0,0,71,0,59,65,0,68,61]","[[50.6849,55.0781]]","[3107]","[]","[]","1","[]","[]","[]","[]","horizontal","","","",""
"","","","","","horizons-trial","72","886701","0.0-68.0","","","","","","","5","[58,70,69,64,62]","[45,43,36,40,33]","""2023-10-26T11:05:44.743Z""","[1,1,0,0]","0","0","0","60","40","60","40","20","0","0","[""arrowright"",""arrowright"",""arrowleft"",""arrowleft"",""arrowleft""]","[632,381,326,554,878]","[45,43,69,64,62]","[0,0,69,64,62]","[[95.8904,50]]","[2584]","[]","[]","1","[]","[]","[]","[]","horizontal","","","",""
"","","","","","horizons-trial","73","894059","0.0-69.0","","","","","","","5","[61,52,51,47,58]","[58,59,55,55,68]","""2023-10-26T11:05:52.102Z""","[1,0,0,0]","1","1","0","60","56","56","60","4","0","0","[""arrowright"",""arrowleft"",""arrowleft"",""arrowleft"",""arrowright""]","[628,370,400,513,517]","[58,52,51,47,68]","[0,0,0,0,68]","[[82.5342,50]]","[3869]","[]","[]","1","[]","[]","[]","[]","horizontal","","","",""
"","","","","","horizons-trial","74","901933","0.0-70.0","","","","","","","5","[40,51,32,53,52]","[50,40,43,31,52]","""2023-10-26T11:05:59.976Z""","[0,1,0,1]","0","1","0","40","41","41","40","1","0","0","[""arrowleft"",""arrowright"",""arrowleft"",""arrowright"",""arrowleft""]","[1370,421,323,947,2181]","[40,40,32,31,52]","[0,0,0,0,52]","[[65.7534,50]]","[1686]","[]","[]","1","[]","[]","[]","[]","horizontal","","","",""
"","","","","","horizons-trial","75","907530","0.0-71.0","","","","","","","5","[44,38,52,55,60]","[74,59,59,64,49]","""2023-10-26T11:06:05.572Z""","[1,0,1,0]","0","1","0","60","56","56","60","4","0","0","[""arrowright"",""arrowleft"",""arrowright"",""arrowleft"",""arrowright""]","[458,496,250,355,2034]","[74,38,59,55,49]","[74,0,59,0,0]","[[80.137,50]]","[1474]","[]","[]","1","[]","[]","[]","[]","horizontal","","","",""
"","","","","","horizons-trial","76","916094","0.0-72.0","","","","","","","10","[33,42,37,48,32,42,22,44,45,49]","[48,70,64,39,68,75,49,45,68,57]","""2023-10-26T11:06:14.137Z""","[0,1,1,0]","0","0","1","40","60","40","60","20","0","0","[""arrowleft"",""arrowright"",""arrowright"",""arrowleft"",""arrowright"",""arrowright"",""arrowright"",""arrowright"",""arrowright"",""arrowright""]","[747,473,621,364,2643,643,173,173,143,134]","[33,70,64,48,68,75,49,45,68,57]","[0,70,64,48,68,75,49,45,68,57]","[[86.9863,90.23438]]","[1592]","[]","[]","1","[]","[]","[]","[]","horizontal","","","",""
"","","","","","horizons-trial","77","922291","0.0-73.0","","","","","","","5","[47,39,25,49,34]","[33,34,37,32,32]","""2023-10-26T11:06:20.334Z""","[1,1,0,1]","1","0","0","40","41","40","41","1","0","0","[""arrowright"",""arrowright"",""arrowleft"",""arrowright"",""arrowright""]","[1120,592,442,493,1102]","[33,34,25,32,32]","[0,0,0,0,0]","[[85.6164,50]]","[1509]","[]","[]","1","[]","[]","[]","[]","horizontal","","","",""
"","","","","","horizons-trial","78","931433","0.0-74.0","","","","","","","10","[40,34,41,39,36,39,50,52,38,50]","[50,43,50,56,34,46,28,64,43,41]","""2023-10-26T11:06:29.476Z""","[0,1,0,1]","0","0","1","40","44","40","44","4","0","0","[""arrowleft"",""arrowright"",""arrowleft"",""arrowright"",""arrowright"",""arrowleft"",""arrowleft"",""arrowright"",""arrowright"",""arrowright""]","[780,446,240,693,2103,1062,781,310,515,391]","[40,43,41,56,34,39,50,64,43,41]","[0,43,0,56,0,0,50,64,43,0]","[[80.4795,82.0312]]","[1149]","[]","[]","1","[]","[]","[]","[]","horizontal","","","",""
"","","","","","horizons-trial","79","940173","0.0-75.0","","","","","","","10","[72,47,64,62,57,49,57,61,53,61]","[40,31,27,41,37,39,52,32,28,39]","""2023-10-26T11:06:38.215Z""","[1,0,0,1]","0","0","1","60","40","60","40","20","0","0","[""arrowright"",""arrowleft"",""arrowleft"",""arrowright"",""arrowright"",""arrowleft"",""arrowleft"",""arrowleft"",""arrowleft"",""arrowleft""]","[493,365,710,549,691,821,335,198,177,193]","[40,47,64,41,37,49,57,61,53,61]","[0,47,64,0,0,49,57,61,53,61]","[[21.5753,23.046899999999994]]","[3571]","[]","[]","1","[]","[]","[]","[]","horizontal","","","",""
"","","","","","horizons-trial","80","947191","0.0-76.0","","","","","","","10","[36,31,40,52,37,25,47,19,31,34]","[77,40,61,61,61,76,52,56,63,37]","""2023-10-26T11:06:45.234Z""","[0,1,1,1]","1","0","1","40","52","40","52","12","0","0","[""arrowleft"",""arrowright"",""arrowright"",""arrowright"",""arrowright"",""arrowright"",""arrowright"",""arrowright"",""arrowright"",""arrowright""]","[747,417,585,776,697,458,267,474,179,145]","[36,40,61,61,61,76,52,56,63,37]","[0,40,61,61,61,76,52,56,63,37]","[[38.6986,32.421899999999994]]","[1558]","[]","[]","1","[]","[]","[]","[]","horizontal","","","",""
"","","","","","horizons-trial","81","954354","0.0-77.0","","","","","","","5","[47,47,43,32,55]","[44,34,40,35,39]","""2023-10-26T11:06:52.397Z""","[0,1,0,1]","0","0","0","40","41","40","41","1","0","0","[""arrowleft"",""arrowright"",""arrowleft"",""arrowright"",""arrowleft""]","[1199,404,301,392,796]","[47,34,43,35,55]","[47,0,43,35,55]","[[79.4521,50]]","[3146]","[]","[]","1","[]","[]","[]","[]","horizontal","","","",""
"","","","","","horizons-trial","82","961162","0.0-78.0","","","","","","","10","[37,48,38,36,31,44,39,38,50,39]","[31,43,58,45,63,53,48,42,52,45]","""2023-10-26T11:06:59.205Z""","[0,0,1,1]","0","0","1","40","48","40","48","8","0","0","[""arrowleft"",""arrowleft"",""arrowright"",""arrowright"",""arrowright"",""arrowright"",""arrowright"",""arrowright"",""arrowright"",""arrowright""]","[597,415,557,384,1545,448,314,195,151,121]","[37,48,58,45,63,53,48,42,52,45]","[37,48,58,45,63,53,48,42,52,45]","[[71.5753,65.625]]","[1542]","[]","[]","1","[]","[]","[]","[]","horizontal","","","",""
"","","","","","horizons-trial","83","968312","0.0-79.0","","","","","","","5","[55,69,66,41,60]","[57,62,51,58,74]","""2023-10-26T11:07:06.355Z""","[1,1,0,0]","0","0","0","60","56","60","56","4","0","0","[""arrowright"",""arrowright"",""arrowleft"",""arrowleft"",""arrowright""]","[584,908,934,324,1877]","[57,62,66,41,74]","[57,0,66,0,74]","[[50.6849,50]]","[1674]","[]","[]","1","[]","[]","[]","[]","horizontal","","","",""
"","","","","","horizons-trial","84","973900","0.0-80.0","","","","","","","5","[38,40,42,49,46]","[46,48,28,32,49]","""2023-10-26T11:07:11.943Z""","[0,0,1,0]","1","1","0","40","41","41","40","1","0","0","[""arrowleft"",""arrowleft"",""arrowright"",""arrowleft"",""arrowleft""]","[620,344,444,725,864]","[38,40,28,49,46]","[0,0,0,49,0]","[[76.3699,50]]","[1971]","[]","[]","1","[]","[]","[]","[]","horizontal","","","",""
"","","","","","horizons-trial","85","980408","0.0-81.0","","","","","","","10","[33,46,40,34,35,45,39,29,51,38]","[58,52,63,64,71,76,63,62,58,49]","""2023-10-26T11:07:18.450Z""","[0,0,1,1]","0","1","1","60","40","40","60","20","0","0","[""arrowleft"",""arrowleft"",""arrowright"",""arrowright"",""arrowright"",""arrowright"",""arrowright"",""arrowright"",""arrowright"",""arrowright""]","[694,366,485,290,1121,490,262,152,163,134]","[33,46,63,64,71,76,63,62,58,49]","[0,0,63,64,71,76,63,62,58,49]","[[84.2466,85.5469]]","[1789]","[]","[]","1","[]","[]","[]","[]","horizontal","","","",""
"","","","","","horizons-trial","86","987406","0.0-82.0","","","","","","","10","[43,33,32,42,27,45,47,44,44,41]","[55,82,54,58,85,57,71,74,72,75]","""2023-10-26T11:07:25.449Z""","[0,1,1,1]","1","0","1","40","70","40","70","30","0","0","[""arrowleft"",""arrowright"",""arrowright"",""arrowright"",""arrowright"",""arrowright"",""arrowright"",""arrowright"",""arrowright"",""arrowright""]","[856,547,352,452,1021,519,195,184,161,173]","[43,82,54,58,85,57,71,74,72,75]","[0,82,54,58,85,57,71,74,72,75]","[[84.2466,85.5469]]","[1623]","[]","[]","1","[]","[]","[]","[]","horizontal","","","",""
"","","","","","horizons-trial","87","994156","0.0-83.0","","","","","","","10","[72,49,60,46,67,65,62,54,48,56]","[32,35,36,30,29,27,22,29,24,31]","""2023-10-26T11:07:32.199Z""","[1,1,0,0]","0","0","1","60","30","60","30","30","0","0","[""arrowright"",""arrowright"",""arrowleft"",""arrowleft"",""arrowleft"",""arrowleft"",""arrowleft"",""arrowleft"",""arrowleft"",""arrowleft""]","[523,521,448,343,1714,457,207,209,170,159]","[32,35,60,46,67,65,62,54,48,56]","[0,0,60,46,67,65,62,54,48,56]","[[84.2466,85.5469]]","[1232]","[]","[]","1","[]","[]","[]","[]","horizontal","","","",""
"","","","","","horizons-trial","88","999630","0.0-84.0","","","","","","","5","[64,50,70,61,70]","[7,33,37,21,27]","""2023-10-26T11:07:37.673Z""","[0,1,1,0]","0","0","0","60","30","60","30","30","0","0","[""arrowleft"",""arrowright"",""arrowright"",""arrowleft"",""arrowleft""]","[597,437,415,397,1443]","[64,33,37,61,70]","[64,0,0,61,70]","[[90.0685,50]]","[1358]","[]","[]","1","[]","[]","[]","[]","horizontal","","","",""
"","","","","","horizons-trial","89","1007433","0.0-85.0","","","","","","","5","[54,64,60,47,47]","[64,60,55,66,59]","""2023-10-26T11:07:45.476Z""","[0,0,1,1]","0","0","0","60","59","60","59","1","0","0","[""arrowleft"",""arrowleft"",""arrowright"",""arrowright"",""arrowright""]","[1459,1592,439,728,1777]","[54,64,55,66,59]","[0,64,0,66,59]","[[90.0685,50]]","[952]","[]","[]","1","[]","[]","[]","[]","horizontal","","","",""
"","","","","","horizons-trial","90","1014156","0.0-86.0","","","","","","","5","[26,42,46,48,38]","[68,57,60,75,55]","""2023-10-26T11:07:52.199Z""","[0,1,0,1]","0","0","0","40","60","40","60","20","0","0","[""arrowleft"",""arrowright"",""arrowleft"",""arrowright"",""arrowright""]","[477,815,1112,569,2052]","[26,57,46,75,55]","[0,57,0,75,55]","[[90.0685,50]]","[862]","[]","[]","1","[]","[]","[]","[]","horizontal","","","",""
"","","","","","horizons-trial","91","1018161","0.0-87.0","","","","","","","5","[50,55,54,54,45]","[64,51,60,39,62]","""2023-10-26T11:07:56.204Z""","[1,0,1,0]","0","1","0","60","48","48","60","12","0","0","[""arrowright"",""arrowleft"",""arrowright"",""arrowleft"",""arrowright""]","[536,397,351,539,714]","[64,55,60,54,62]","[64,55,60,54,62]","[[90.0685,50]]","[870]","[]","[]","1","[]","[]","[]","[]","horizontal","","","",""
"","","","","","horizons-trial","92","1028225","0.0-88.0","","","","","","","10","[65,55,68,75,61,60,52,57,65,62]","[52,68,60,45,60,54,64,61,71,45]","""2023-10-26T11:08:06.268Z""","[1,1,0,1]","1","0","1","60","58","60","58","2","0","0","[""arrowright"",""arrowright"",""arrowleft"",""arrowright"",""arrowright"",""arrowright"",""arrowright"",""arrowright"",""arrowright"",""arrowright""]","[479,469,372,788,3537,557,299,184,168,188]","[52,68,68,45,60,54,64,61,71,45]","[0,68,68,0,0,0,64,61,71,0]","[[58.2192,54.2969]]","[1834]","[]","[]","1","[]","[]","[]","[]","horizontal","","","",""
"","","","","","horizons-trial","93","1034505","0.0-89.0","","","","","","","10","[50,43,28,43,38,36,38,40,52,24]","[53,55,60,50,47,43,47,44,46,46]","""2023-10-26T11:08:12.547Z""","[0,0,1,1]","0","0","1","40","52","40","52","12","0","0","[""arrowleft"",""arrowleft"",""arrowright"",""arrowright"",""arrowright"",""arrowright"",""arrowright"",""arrowright"",""arrowright"",""arrowright""]","[762,453,328,476,480,559,162,130,122,126]","[50,43,60,50,47,43,47,44,46,46]","[0,0,60,50,47,43,47,44,0,46]","[[85.274,84.7656]]","[2158]","[]","[]","1","[]","[]","[]","[]","horizontal","","","",""
"","","","","","horizons-trial","94","1045155","0.0-90.0","","","","","","","10","[37,39,46,33,39,34,28,45,28,32]","[32,42,38,41,59,32,35,41,40,57]","""2023-10-26T11:08:23.198Z""","[1,0,1,0]","0","0","1","40","41","40","41","1","0","0","[""arrowright"",""arrowleft"",""arrowright"",""arrowleft"",""arrowleft"",""arrowleft"",""arrowright"",""arrowright"",""arrowleft"",""arrowright""]","[645,246,256,678,2733,1283,796,510,491,709]","[32,39,38,33,39,34,35,41,28,57]","[0,0,0,0,0,34,35,0,0,57]","[[33.5616,39.0625]]","[1485]","[]","[]","1","[]","[]","[]","[]","horizontal","","","",""
"","","","","","horizons-trial","95","1051629","0.0-91.0","","","","","","","5","[56,57,53,61,55]","[53,39,48,60,59]","""2023-10-26T11:08:29.672Z""","[0,1,1,1]","1","0","0","60","48","60","48","12","0","0","[""arrowleft"",""arrowright"",""arrowright"",""arrowright"",""arrowright""]","[712,365,654,522,1009]","[56,39,48,60,59]","[56,0,0,0,59]","[[54.4521,50]]","[2445]","[]","[]","1","[]","[]","[]","[]","horizontal","","","",""
"","","","","","horizons-trial","96","1058471","0.0-92.0","","","","","","","5","[55,35,35,53,43]","[27,36,28,27,45]","""2023-10-26T11:08:36.513Z""","[1,1,1,0]","1","0","0","40","42","40","42","2","0","0","[""arrowright"",""arrowright"",""arrowright"",""arrowleft"",""arrowleft""]","[859,385,1044,519,977]","[27,36,28,53,43]","[0,36,0,53,0]","[[65.411,50]]","[2230]","[]","[]","1","[]","[]","[]","[]","horizontal","","","",""
"","","","","","horizons-trial","97","1064715","0.0-93.0","","","","","","","5","[60,46,56,50,56]","[41,25,25,29,33]","""2023-10-26T11:08:42.757Z""","[1,1,0,1]","1","0","0","60","30","60","30","30","0","0","[""arrowright"",""arrowright"",""arrowleft"",""arrowright"",""arrowleft""]","[526,299,496,716,1060]","[41,25,56,29,56]","[0,0,56,0,56]","[[76.0274,50]]","[2309]","[]","[]","1","[]","[]","[]","[]","horizontal","","","",""
"","","","","","horizons-trial","98","1070753","0.0-94.0","","","","","","","5","[54,41,38,41,34]","[51,55,48,47,59]","""2023-10-26T11:08:48.796Z""","[0,1,1,0]","0","1","0","60","40","40","60","20","0","0","[""arrowleft"",""arrowright"",""arrowright"",""arrowleft"",""arrowright""]","[447,407,745,740,1364]","[54,55,48,41,59]","[54,55,48,0,59]","[[76.0274,50]]","[1174]","[]","[]","1","[]","[]","[]","[]","horizontal","","","",""
"","","","","","horizons-trial","99","1081600","0.0-95.0","","","","","","","10","[76,57,60,47,36,55,66,60,60,60]","[56,44,49,48,43,57,51,62,55,47]","""2023-10-26T11:08:59.643Z""","[1,1,0,1]","1","0","1","60","48","60","48","12","0","0","[""arrowright"",""arrowright"",""arrowleft"",""arrowright"",""arrowleft"",""arrowleft"",""arrowleft"",""arrowright"",""arrowright"",""arrowleft""]","[420,438,380,647,2423,727,593,215,1086,518]","[56,44,60,48,36,55,66,62,55,60]","[0,0,60,48,0,0,66,62,0,60]","[[63.3562,62.5]]","[2404]","[]","[]","1","[]","[]","[]","[]","horizontal","","","",""
"","","","","","horizons-trial","100","1087322","0.0-96.0","","","","","","","5","[44,48,44,43,50]","[43,47,45,52,32]","""2023-10-26T11:09:05.365Z""","[1,0,0,1]","0","1","0","40","42","42","40","2","0","0","[""arrowright"",""arrowleft"",""arrowleft"",""arrowright"",""arrowright""]","[476,350,652,379,932]","[43,48,44,52,32]","[0,48,0,52,0]","[[78.0822,50]]","[1758]","[]","[]","1","[]","[]","[]","[]","horizontal","","","",""
"","","","","","horizons-trial","101","1093375","0.0-97.0","","","","","","","10","[81,89,80,66,60,67,55,62,82,76]","[27,31,26,53,27,36,47,38,37,51]","""2023-10-26T11:09:11.417Z""","[1,0,1,1]","1","1","1","40","70","70","40","30","0","0","[""arrowright"",""arrowleft"",""arrowright"",""arrowright"",""arrowleft"",""arrowleft"",""arrowleft"",""arrowleft"",""arrowleft"",""arrowleft""]","[522,393,210,674,919,659,236,172,161,145]","[27,89,26,53,60,67,55,62,82,76]","[0,89,0,0,60,67,55,62,82,76]","[[78.7671,78.125]]","[1415]","[]","[]","1","[]","[]","[]","[]","horizontal","","","",""
"","","","","","horizons-trial","102","1100351","0.0-98.0","","","","","","","5","[52,51,53,41,43]","[46,29,36,40,50]","""2023-10-26T11:09:18.394Z""","[0,1,1,1]","1","1","0","40","48","48","40","8","0","0","[""arrowleft"",""arrowright"",""arrowright"",""arrowright"",""arrowleft""]","[675,281,475,616,1550]","[52,29,36,40,43]","[52,0,0,0,0]","[[73.9726,50]]","[1508]","[]","[]","1","[]","[]","[]","[]","horizontal","","","",""
"","","","","","horizons-trial","103","1109832","0.0-99.0","","","","","","","10","[61,51,54,65,48,65,62,72,49,75]","[67,57,40,54,40,63,57,60,44,50]","""2023-10-26T11:09:27.875Z""","[1,0,0,0]","1","0","1","60","56","60","56","4","0","0","[""arrowright"",""arrowleft"",""arrowleft"",""arrowleft"",""arrowright"",""arrowright"",""arrowleft"",""arrowright"",""arrowleft"",""arrowright""]","[597,356,622,445,591,1292,314,677,513,691]","[67,51,54,65,40,63,62,60,49,50]","[67,0,54,65,0,0,62,0,49,0]","[[53.4247,54.6875]]","[2070]","[]","[]","1","[]","[]","[]","[]","horizontal","","","",""
"","","","","","horizons-trial","104","1116438","0.0-100.0","","","","","","","5","[33,36,31,37,56]","[34,42,35,33,47]","""2023-10-26T11:09:34.481Z""","[1,1,0,0]","0","0","0","40","44","40","44","4","0","0","[""arrowright"",""arrowright"",""arrowleft"",""arrowleft"",""arrowright""]","[1167,528,1545,577,649]","[34,42,31,37,47]","[34,42,0,37,0]","[[75.3425,50]]","[1537]","[]","[]","1","[]","[]","[]","[]","horizontal","","","",""
"","","","","","horizons-trial","105","1122124","0.0-101.0","","","","","","","5","[59,68,52,71,42]","[47,50,49,57,51]","""2023-10-26T11:09:40.167Z""","[0,0,1,1]","0","0","0","60","48","60","48","12","0","0","[""arrowleft"",""arrowleft"",""arrowright"",""arrowright"",""arrowleft""]","[551,533,356,434,851]","[59,68,49,57,42]","[59,68,0,0,0]","[[79.4521,50]]","[2134]","[]","[]","1","[]","[]","[]","[]","horizontal","","","",""
"","","","","","horizons-trial","106","1130928","0.0-102.0","","","","","","","5","[50,53,60,35,54]","[52,49,70,62,58]","""2023-10-26T11:09:48.971Z""","[1,0,0,1]","0","1","0","60","59","59","60","1","0","0","[""arrowright"",""arrowleft"",""arrowleft"",""arrowright"",""arrowright""]","[543,291,619,448,2059]","[52,53,60,62,58]","[52,53,0,62,58]","[[89.726,50]]","[3526]","[]","[]","1","[]","[]","[]","[]","horizontal","","","",""
"","","","","","horizons-trial","107","1140007","0.0-103.0","","","","","","","10","[41,48,41,36,53,54,35,33,42,38]","[30,37,38,32,57,37,37,46,43,31]","""2023-10-26T11:09:58.050Z""","[1,1,0,0]","0","1","1","40","44","44","40","4","0","0","[""arrowright"",""arrowright"",""arrowleft"",""arrowleft"",""arrowright"",""arrowleft"",""arrowright"",""arrowleft"",""arrowleft"",""arrowright""]","[612,509,416,329,583,552,780,434,557,826]","[30,37,41,36,57,54,37,33,42,31]","[0,0,41,36,57,54,37,0,0,0]","[[20.8904,12.890600000000006]]","[2531]","[]","[]","1","[]","[]","[]","[]","horizontal","","","",""
"","","","","","horizons-trial","108","1148200","0.0-104.0","","","","","","","10","[54,54,50,51,54,45,56,42,59,50]","[59,61,63,54,50,64,57,58,72,67]","""2023-10-26T11:10:06.243Z""","[0,0,1,1]","0","1","1","60","52","52","60","8","0","0","[""arrowleft"",""arrowleft"",""arrowright"",""arrowright"",""arrowleft"",""arrowleft"",""arrowleft"",""arrowright"",""arrowright"",""arrowright""]","[968,676,489,484,456,400,448,443,326,403]","[54,54,63,54,54,45,56,58,72,67]","[0,0,63,54,54,0,0,58,72,67]","[[19.863,17.1875]]","[2483]","[]","[]","1","[]","[]","[]","[]","horizontal","","","",""
"","","","","","horizons-trial","109","1154552","0.0-105.0","","","","","","","10","[67,47,60,67,56,61,54,73,67,57]","[59,38,37,36,28,38,41,29,38,46]","""2023-10-26T11:10:12.595Z""","[1,0,1,1]","1","0","1","60","40","60","40","20","0","0","[""arrowright"",""arrowleft"",""arrowright"",""arrowright"",""arrowright"",""arrowright"",""arrowright"",""arrowright"",""arrowright"",""arrowright""]","[554,462,248,557,943,494,371,343,236,187]","[59,47,37,36,28,38,41,29,38,46]","[0,47,0,0,0,0,0,0,0,0]","[[57.5342,55.8594]]","[1441]","[]","[]","1","[]","[]","[]","[]","horizontal","","","",""
"","","","","","horizons-trial","110","1165019","0.0-106.0","","","","","","","10","[50,49,34,32,54,39,45,36,30,37]","[58,50,67,77,69,62,60,62,69,59]","""2023-10-26T11:10:23.062Z""","[1,1,1,0]","1","0","1","40","60","40","60","20","0","0","[""arrowright"",""arrowright"",""arrowright"",""arrowleft"",""arrowright"",""arrowright"",""arrowright"",""arrowright"",""arrowright"",""arrowright""]","[3142,518,826,1266,902,613,162,131,135,111]","[58,50,67,32,69,62,60,62,69,59]","[58,50,67,0,69,62,60,62,69,59]","[[93.8356,94.53125]]","[2109]","[]","[]","1","[]","[]","[]","[]","horizontal","","","",""
"","","","","","horizons-trial","111","1173504","0.0-107.0","","","","","","","10","[59,63,57,57,52,51,72,58,53,56]","[53,46,69,55,58,53,60,62,53,52]","""2023-10-26T11:10:31.547Z""","[1,0,1,1]","1","1","1","60","56","56","60","4","0","0","[""arrowright"",""arrowleft"",""arrowright"",""arrowright"",""arrowright"",""arrowright"",""arrowright"",""arrowright"",""arrowleft"",""arrowright""]","[1126,657,385,806,903,722,204,608,372,491]","[53,63,69,55,58,53,60,62,53,52]","[0,63,69,0,58,53,0,62,53,0]","[[80.137,77.7344]]","[1564]","[]","[]","1","[]","[]","[]","[]","horizontal","","","",""
"","","","","","horizons-trial","112","1184538","0.0-108.0","","","","","","","10","[20,33,29,22,31,31,16,26,34,33]","[73,56,63,40,53,61,65,70,48,55]","""2023-10-26T11:10:42.581Z""","[1,0,0,1]","0","1","1","60","30","30","60","30","0","0","[""arrowright"",""arrowleft"",""arrowleft"",""arrowright"",""arrowright"",""arrowright"",""arrowright"",""arrowright"",""arrowright"",""arrowright""]","[5749,324,643,338,536,541,216,250,174,287]","[73,33,29,40,53,61,65,70,48,55]","[73,0,0,40,53,61,65,70,48,55]","[[65.411,65.2344]]","[1228]","[]","[]","1","[]","[]","[]","[]","horizontal","","","",""
"","","","","","horizons-trial","113","1190257","0.0-109.0","","","","","","","10","[61,66,55,59,57,60,76,53,54,60]","[54,48,50,44,41,43,48,43,49,51]","""2023-10-26T11:10:48.300Z""","[1,0,1,0]","0","0","1","60","48","60","48","12","0","0","[""arrowright"",""arrowleft"",""arrowright"",""arrowleft"",""arrowleft"",""arrowleft"",""arrowleft"",""arrowleft"",""arrowleft"",""arrowleft""]","[688,360,375,413,650,346,164,147,119,132]","[54,66,50,59,57,60,76,53,54,60]","[0,66,0,59,57,60,76,53,54,60]","[[82.8767,80.8594]]","[1499]","[]","[]","1","[]","[]","[]","[]","horizontal","","","",""
"","","","","","horizons-trial","114","1196101","0.0-110.0","","","","","","","10","[31,50,30,59,42,40,42,46,45,45]","[25,26,41,27,41,35,41,45,48,56]","""2023-10-26T11:10:54.143Z""","[0,1,0,1]","0","0","1","40","42","40","42","2","0","0","[""arrowleft"",""arrowright"",""arrowleft"",""arrowright"",""arrowleft"",""arrowleft"",""arrowleft"",""arrowleft"",""arrowleft"",""arrowleft""]","[599,295,194,440,829,458,154,165,154,142]","[31,26,30,27,42,40,42,46,45,45]","[31,0,0,0,42,40,42,46,0,0]","[[54.4521,51.1719]]","[1427]","[]","[]","1","[]","[]","[]","[]","horizontal","","","",""
"","","","","","horizons-trial","115","1202218","0.0-111.0","","","","","","","10","[39,37,37,28,38,33,45,51,55,43]","[44,45,42,43,33,42,46,23,40,53]","""2023-10-26T11:11:00.261Z""","[0,0,1,1]","0","1","1","40","41","41","40","1","0","0","[""arrowleft"",""arrowleft"",""arrowright"",""arrowright"",""arrowright"",""arrowright"",""arrowright"",""arrowright"",""arrowright"",""arrowright""]","[738,362,387,877,718,481,142,118,135,130]","[39,37,42,43,33,42,46,23,40,53]","[0,0,42,43,0,42,46,0,0,53]","[[77.7397,76.5625]]","[1200]","[]","[]","1","[]","[]","[]","[]","horizontal","","","",""
"","","","","","horizons-trial","116","1207538","0.0-112.0","","","","","","","5","[32,34,52,40,30]","[44,40,47,51,42]","""2023-10-26T11:11:05.581Z""","[0,1,0,1]","0","0","0","40","42","40","42","2","0","0","[""arrowleft"",""arrowright"",""arrowleft"",""arrowright"",""arrowleft""]","[675,219,228,393,894]","[32,40,52,51,30]","[0,40,52,51,0]","[[64.0411,50]]","[2180]","[]","[]","1","[]","[]","[]","[]","horizontal","","","",""
"","","","","","horizons-trial","117","1213852","0.0-113.0","","","","","","","10","[60,57,62,55,65,77,52,63,76,68]","[60,60,54,64,60,54,51,65,61,62]","""2023-10-26T11:11:11.895Z""","[0,1,0,1]","0","0","1","60","58","60","58","2","0","0","[""arrowleft"",""arrowright"",""arrowleft"",""arrowright"",""arrowright"",""arrowright"",""arrowright"",""arrowright"",""arrowright"",""arrowright""]","[495,213,511,634,796,566,159,418,168,152]","[60,60,62,64,60,54,51,65,61,62]","[60,60,62,64,0,0,0,65,0,0]","[[57.5342,58.9844]]","[1524]","[]","[]","1","[]","[]","[]","[]","horizontal","","","",""
"","","","","","horizons-trial","118","1219987","0.0-114.0","","","","","","","10","[50,46,28,49,43,50,44,55,46,36]","[32,28,47,38,44,34,37,38,49,33]","""2023-10-26T11:11:18.030Z""","[0,1,0,1]","0","1","1","40","48","48","40","8","0","0","[""arrowleft"",""arrowright"",""arrowleft"",""arrowright"",""arrowleft"",""arrowleft"",""arrowleft"",""arrowleft"",""arrowleft"",""arrowleft""]","[885,666,471,346,701,630,141,147,115,142]","[50,28,28,38,43,50,44,55,46,36]","[50,0,0,0,0,50,44,55,0,36]","[[69.1781,77.7344]]","[1259]","[]","[]","1","[]","[]","[]","[]","horizontal","","","",""
"","","","","","horizons-trial","119","1226173","0.0-115.0","","","","","","","5","[51,37,41,31,50]","[73,59,76,81,67]","""2023-10-26T11:11:24.216Z""","[1,0,0,0]","1","0","0","40","70","40","70","30","0","0","[""arrowright"",""arrowleft"",""arrowleft"",""arrowleft"",""arrowright""]","[1515,437,674,582,349]","[73,37,41,31,67]","[73,0,0,0,67]","[[70.2055,50]]","[1784]","[]","[]","1","[]","[]","[]","[]","horizontal","","","",""
"","","","","","horizons-trial","120","1232191","0.0-116.0","","","","","","","10","[60,54,68,70,50,70,57,51,59,67]","[48,50,65,55,49,52,51,62,53,57]","""2023-10-26T11:11:30.234Z""","[0,1,0,0]","1","0","1","60","52","60","52","8","0","0","[""arrowleft"",""arrowright"",""arrowleft"",""arrowleft"",""arrowleft"",""arrowleft"",""arrowleft"",""arrowleft"",""arrowleft"",""arrowleft""]","[533,383,418,585,779,451,249,141,131,130]","[60,50,68,70,50,70,57,51,59,67]","[60,0,68,70,50,70,57,0,59,67]","[[67.1233,75]]","[1364]","[]","[]","1","[]","[]","[]","[]","horizontal","","","",""
"","","","","","horizons-trial","121","1238218","0.0-117.0","","","","","","","5","[61,59,58,51,43]","[70,55,64,60,71]","""2023-10-26T11:11:36.261Z""","[0,1,1,0]","0","1","0","60","52","52","60","8","0","0","[""arrowleft"",""arrowright"",""arrowright"",""arrowleft"",""arrowright""]","[666,493,473,473,1462]","[61,55,64,51,71]","[0,0,64,0,71]","[[75,50]]","[1702]","[]","[]","1","[]","[]","[]","[]","horizontal","","","",""
"","","","","","horizons-trial","122","1243942","0.0-118.0","","","","","","","5","[53,42,37,48,42]","[42,46,42,29,50]","""2023-10-26T11:11:41.985Z""","[0,1,1,1]","1","1","0","40","44","44","40","4","0","0","[""arrowleft"",""arrowright"",""arrowright"",""arrowright"",""arrowleft""]","[805,292,878,671,1145]","[53,46,42,29,42]","[53,46,42,0,0]","[[66.0959,50]]","[1271]","[]","[]","1","[]","[]","[]","[]","horizontal","","","",""
"","","","","","horizons-trial","123","1250890","0.0-119.0","","","","","","","10","[37,58,38,39,46,33,64,41,40,44]","[55,59,63,60,69,51,62,65,65,62]","""2023-10-26T11:11:48.933Z""","[1,1,0,0]","0","1","1","60","48","48","60","12","0","0","[""arrowright"",""arrowright"",""arrowleft"",""arrowleft"",""arrowright"",""arrowright"",""arrowright"",""arrowright"",""arrowright"",""arrowright""]","[642,556,553,413,711,951,207,162,140,131]","[55,59,38,39,69,51,62,65,65,62]","[55,59,0,0,69,51,0,65,65,62]","[[88.3562,90.625]]","[1454]","[]","[]","1","[]","[]","[]","[]","horizontal","","","",""
"","","","","","survey-html-form","124","1310976","0.0-120.0","60081","{""comments"":"" I took averages of numbers and considered them carefully. I had to weigh how many numbers had already been shown on one side against their value overall. Numbers so far mattered more on 5 choices, and overall mattered more in 10 choices.""}","","","","","","","","","","","","","","","","","","","","","","","","","","","","","","","","","","","","",""
"","","","","","survey-html-form","125","1325441","0.0-121.0","14462","{""comments"":"" I tuned into how I felt and considered averages and the differences between them.""}","","","","","","","","","","","","","","","","","","","","","","","","","","","","","","","","","","","","",""
"","","","","","survey-html-form","126","1338813","0.0-122.0","13371","{""comments"":"" I thought longer term, but used the same strategy.""}","","","","","","","","","","","","","","","","","","","","","","","","","","","","","","","","","","","","",""
"","","","","","survey-html-form","127","1340805","0.0-123.0","1990","{""comments"":"" ""}","","","","","","","","","","","","","","","","","","","","","","","","","","","","","","","","","","","","","[{""event"":""fullscreenenter"",""trial"":2,""time"":7629}]"
