"success","timeout","failed_images","failed_audio","failed_video","trial_type","trial_index","time_elapsed","internal_node_id","rt","response","view_history","task","stimulus","question_order","horizon","rewards_L","rewards_R","date","forced_choices","r_info","r_side","r_h","r_mean","r_otherMean","r_mean_L","r_mean_R","r_difference","confidence_immediate_overall","confidence_question_order","key_presses","response_times","outcomes","outcomes_counted_points","confidence","confidence_rt","confidence_2","confidence_2_rt","screen_resolution","belief_confidence_1","belief_confidence_2","belief_confidence_3","belief_confidence_4","immediate_judgement_orientation","phase","responses","num_errors","interactions"
"true","false","[]","[]","[]","preload","0","460","0.0-0.0","","","","","","","","","","","","","","","","","","","","","","","","","","","","","","","","","","","","","","",""
"","","","","","survey-html-form","1","5934","0.0-1.0","5471","{""comments"":""5e6e0ba33c76d23b3521aeac""}","","","","","","","","","","","","","","","","","","","","","","","","","","","","","","","","","","","","",""
"true","","","","","fullscreen","2","12732","0.0-2.0","","","","","","","","","","","","","","","","","","","","","","","","","","","","","","","","","","","","","","",""
"","","","","","instructions","3","419371","0.0-3.0","406625","","[{""page_index"":0,""viewing_time"":305205},{""page_index"":1,""viewing_time"":13599},{""page_index"":2,""viewing_time"":13401},{""page_index"":3,""viewing_time"":37143},{""page_index"":4,""viewing_time"":1948},{""page_index"":5,""viewing_time"":35328}]","Consent","","","","","","","","","","","","","","","","","","","","","","","","","","","","","","","","","","",""
"","","","","","html-button-response","4","432497","0.0-4.0","13123","0","","","<p>Declaration of consent for study participation:</p>
            <ul>
                <li> I was informed about the study 'Metacognition in a bandit task', its course, meaning, scope and risks, and I have read and understood the study information.</li>
                <li> I had the opportunity to clarify all open questions. </li>
                <li> I have the right to request further information about the study at any time.</li>
                <li> I voluntarily agree to participate in the study described in the study information provided.</li>
                <li> I have been informed that I may withdraw from this study at any time without incurring any disadvantage.</li>
            </ul>","","","","","","","","","","","","","","","","","","","","","","","","","","","","","","","","","",""
"","","","","","survey-multi-choice","5","512444","0.0-5.0","79957","{""firstDataProtectionQ"":""yes"",""secondDataProtectionQ"":""yes"",""thirdDataProtectionQ"":""yes"",""fourthDataProtectionQ"":""yes""}","","","","[0,1,2,3]","","","","","","","","","","","","","","","","","","","","","","","","","","","","","","","","",""
"","","","","","instructions","6","1449406","0.0-6.0-0.0","936928","","[{""page_index"":0,""viewing_time"":761293},{""page_index"":1,""viewing_time"":5285},{""page_index"":2,""viewing_time"":9079},{""page_index"":3,""viewing_time"":18495},{""page_index"":4,""viewing_time"":50808},{""page_index"":5,""viewing_time"":5715},{""page_index"":6,""viewing_time"":8843},{""page_index"":7,""viewing_time"":11671},{""page_index"":8,""viewing_time"":10209},{""page_index"":9,""viewing_time"":21294},{""page_index"":10,""viewing_time"":26815},{""page_index"":11,""viewing_time"":7420}]","","","","","","","","","","","","","","","","","","","","","","","","","","","","","","","","","","","",""
"","","","","","horizons-trial","7","1478148","0.0-6.0-1.0","","","","","","","5","[44,57,74,72,62]","[31,33,24,39,29]","""2023-10-26T11:15:38.516Z""","[1,0,1,1]","","","","","","","","","0","","[""arrowright"",""arrowleft"",""arrowright"",""arrowright"",""arrowleft""]","[2061,1241,1540,1516,6224]","[31,57,24,39,62]","[0,57,0,0,62]","[[50.6329,50]]","[10137]","[]","[]","1","[]","[]","[]","[]","horizontal","practice","","",""
"","","","","","horizons-trial","8","1518978","0.0-6.0-2.0","","","","","","","10","[64,50,57,35,52,38,44,61,39,38]","[70,69,76,71,75,58,81,84,57,61]","""2023-10-26T11:16:19.346Z""","[0,0,1,1]","","","","","","","","","1","","[""arrowleft"",""arrowleft"",""arrowright"",""arrowright"",""arrowright"",""arrowright"",""arrowleft"",""arrowleft"",""arrowright"",""arrowleft""]","[1817,682,542,582,7689,4160,2435,2279,1129,5093]","[64,50,76,71,75,58,44,61,57,38]","[0,0,76,71,75,58,0,0,57,0]","[[81.0127,2.2569000000000017]]","[11230]","[]","[]","1","[]","[]","[]","[]","horizontal","practice","","",""
"","","","","","instructions","9","3099312","0.0-6.0-3.0","1580341","","[{""page_index"":0,""viewing_time"":1575135},{""page_index"":1,""viewing_time"":2069},{""page_index"":2,""viewing_time"":1084},{""page_index"":3,""viewing_time"":2053}]","","","","","","","","","","","","","","","","","","","","","","","","","","","","","","","","","","","",""
"","","","","","horizons-comprehension","10","3123562","0.0-6.0-4.0","24245.800000000745","","","","","","","","","","","","","","","","","","","","","","","","","","","","","","","","","","","","[""true"",""true"",""false"",""true""]","0",""
"","","","","","instructions","11","3126204","0.0-7.0","2632","","[{""page_index"":0,""viewing_time"":2632}]","","","","","","","","","","","","","","","","","","","","","","","","","","","","","","","","","","","",""
"","","","","","horizons-trial","12","3144357","0.0-8.0","","","","","","","5","[69,71,64,66,70]","[48,44,51,46,57]","""2023-10-26T11:43:24.724Z""","[0,1,0,0]","1","1","0","40","70","70","40","30","0","0","[""arrowleft"",""arrowright"",""arrowleft"",""arrowleft"",""arrowright""]","[4029,662,681,872,3512]","[69,44,64,66,57]","[69,0,64,66,0]","[[94.9367,50]]","[6480]","[]","[]","1","[]","[]","[]","[]","horizontal","","","",""
"","","","","","horizons-trial","13","3156378","0.0-9.0","","","","","","","5","[42,47,51,42,39]","[55,41,63,61,52]","""2023-10-26T11:43:36.745Z""","[1,0,1,1]","1","1","0","60","48","48","60","12","0","0","[""arrowright"",""arrowleft"",""arrowright"",""arrowright"",""arrowleft""]","[3061,1024,827,763,3094]","[55,47,63,61,39]","[55,47,63,61,0]","[[93.9873,50]]","[2588]","[]","[]","1","[]","[]","[]","[]","horizontal","","","",""
"","","","","","horizons-trial","14","3181160","0.0-10.0","","","","","","","10","[41,52,38,38,44,55,41,42,49,40]","[87,50,64,73,72,62,45,75,66,63]","""2023-10-26T11:44:01.527Z""","[1,0,0,1]","0","1","1","60","40","40","60","20","0","0","[""arrowright"",""arrowleft"",""arrowleft"",""arrowright"",""arrowright"",""arrowright"",""arrowright"",""arrowleft"",""arrowleft"",""arrowleft""]","[1693,983,637,689,4261,2157,1388,605,1202,2082]","[87,52,38,73,72,62,45,42,49,40]","[87,52,0,73,72,62,45,0,0,0]","[[27.2152,0]]","[7138]","[]","[]","1","[]","[]","[]","[]","horizontal","","","",""
"","","","","","horizons-trial","15","3342954","0.0-11.0","","","","","","","5","[33,24,29,40,32]","[44,42,56,38,48]","""2023-10-26T11:46:43.321Z""","[1,1,1,0]","1","1","0","40","41","41","40","1","0","0","[""arrowright"",""arrowright"",""arrowright"",""arrowleft"",""arrowright""]","[149593,563,607,2795,2251]","[44,42,56,40,48]","[44,42,56,40,48]","[[97.1519,50]]","[3569]","[]","[]","1","[]","[]","[]","[]","horizontal","","","",""
"","","","","","horizons-trial","16","3370881","0.0-12.0","","","","","","","10","[57,56,81,63,57,53,60,69,52,65]","[57,67,48,59,48,62,42,62,68,68]","""2023-10-26T11:47:11.249Z""","[1,0,1,0]","0","0","1","60","58","60","58","2","0","0","[""arrowright"",""arrowleft"",""arrowright"",""arrowleft"",""arrowright"",""arrowleft"",""arrowright"",""arrowleft"",""arrowright"",""arrowleft""]","[1736,1738,459,667,1762,3197,952,1825,1266,5022]","[57,56,48,63,48,53,42,69,68,65]","[57,0,0,63,0,0,0,69,68,0]","[[32.5949,0]]","[7826]","[]","[]","1","[]","[]","[]","[]","horizontal","","","",""
"","","","","","horizons-trial","17","3702298","0.0-13.0","","","","","","","5","[34,32,29,35,23]","[55,45,53,54,66]","""2023-10-26T11:52:42.666Z""","[0,1,1,0]","0","1","0","60","30","30","60","30","0","0","[""arrowleft"",""arrowright"",""arrowright"",""arrowleft"",""arrowright""]","[323479,898,1286,1105,1317]","[34,45,53,35,66]","[0,45,53,0,66]","[[86.7089,50]]","[2696]","[]","[]","1","[]","[]","[]","[]","horizontal","","","",""
"","","","","","horizons-trial","18","3710724","0.0-14.0","","","","","","","5","[65,51,50,62,56]","[57,41,60,68,61]","""2023-10-26T11:52:51.091Z""","[0,1,0,1]","0","0","0","60","58","60","58","2","0","0","[""arrowleft"",""arrowright"",""arrowleft"",""arrowright"",""arrowright""]","[1376,610,534,1224,1561]","[65,41,50,68,61]","[65,0,0,68,61]","[[95.2532,50]]","[2545]","[]","[]","1","[]","[]","[]","[]","horizontal","","","",""
"","","","","","horizons-trial","19","3739732","0.0-15.0","","","","","","","10","[52,37,50,39,42,46,43,40,28,42]","[61,70,70,79,58,68,70,63,79,76]","""2023-10-26T11:53:20.100Z""","[0,0,1,1]","0","0","1","40","70","40","70","30","0","0","[""arrowleft"",""arrowleft"",""arrowright"",""arrowright"",""arrowright"",""arrowleft"",""arrowright"",""arrowright"",""arrowleft"",""arrowright""]","[1421,748,610,602,1892,5329,720,3343,1241,1035]","[52,37,70,79,58,46,70,63,28,76]","[0,0,70,79,58,0,70,63,0,76]","[[89.557,0]]","[10462]","[]","[]","1","[]","[]","[]","[]","horizontal","","","",""
"","","","","","horizons-trial","20","3748390","0.0-16.0","","","","","","","5","[40,54,23,38,40]","[41,42,49,60,37]","""2023-10-26T11:53:28.757Z""","[0,0,1,0]","1","0","0","40","41","40","41","1","0","0","[""arrowleft"",""arrowleft"",""arrowright"",""arrowleft"",""arrowright""]","[1395,592,611,616,1506]","[40,54,49,38,37]","[0,54,49,0,0]","[[92.7215,50]]","[2922]","[]","[]","1","[]","[]","[]","[]","horizontal","","","",""
"","","","","","horizons-trial","21","3756516","0.0-17.0","","","","","","","5","[49,68,71,45,77]","[63,56,58,52,49]","""2023-10-26T11:53:36.883Z""","[0,1,1,0]","0","0","0","60","59","60","59","1","0","0","[""arrowleft"",""arrowright"",""arrowright"",""arrowleft"",""arrowright""]","[1430,555,547,793,1481]","[49,56,58,45,49]","[0,0,0,0,0]","[[92.7215,50]]","[2122]","[]","[]","1","[]","[]","[]","[]","horizontal","","","",""
"","","","","","horizons-trial","22","3768096","0.0-18.0","","","","","","","5","[63,65,56,54,43]","[53,44,56,53,47]","""2023-10-26T11:53:48.464Z""","[0,0,1,0]","1","0","0","60","56","60","56","4","0","0","[""arrowleft"",""arrowleft"",""arrowright"",""arrowleft"",""arrowright""]","[1321,1878,758,563,3072]","[63,65,56,54,47]","[63,65,56,54,47]","[[87.9747,50]]","[2704]","[]","[]","1","[]","[]","[]","[]","horizontal","","","",""
"","","","","","horizons-trial","23","3783520","0.0-19.0","","","","","","","5","[42,38,44,48,26]","[42,35,34,37,39]","""2023-10-26T11:54:03.888Z""","[0,1,1,0]","0","1","0","40","42","42","40","2","0","0","[""arrowleft"",""arrowright"",""arrowright"",""arrowleft"",""arrowleft""]","[1549,496,740,3241,2508]","[42,35,34,48,26]","[42,0,0,48,0]","[[90.5063,50]]","[4215]","[]","[]","1","[]","[]","[]","[]","horizontal","","","",""
"","","","","","horizons-trial","24","3806992","0.0-20.0","","","","","","","10","[30,33,29,27,37,60,48,42,54,50]","[56,61,50,40,62,57,57,55,59,67]","""2023-10-26T11:54:27.360Z""","[0,1,1,0]","0","0","1","40","60","40","60","20","0","0","[""arrowleft"",""arrowright"",""arrowright"",""arrowleft"",""arrowright"",""arrowright"",""arrowleft"",""arrowright"",""arrowleft"",""arrowleft""]","[2065,443,502,842,1030,1608,2006,690,1776,2316]","[30,61,50,27,62,57,48,55,54,50]","[0,61,50,0,62,0,0,55,0,0]","[[89.557,0.17359999999999332]]","[8934]","[]","[]","1","[]","[]","[]","[]","horizontal","","","",""
"","","","","","horizons-trial","25","3816575","0.0-21.0","","","","","","","5","[36,46,30,53,55]","[68,73,73,74,66]","""2023-10-26T11:54:36.942Z""","[1,1,0,1]","1","0","0","40","70","40","70","30","0","0","[""arrowright"",""arrowright"",""arrowleft"",""arrowright"",""arrowright""]","[1228,672,628,619,1652]","[68,73,30,74,66]","[68,73,0,74,66]","[[93.3544,50]]","[2948]","[]","[]","1","[]","[]","[]","[]","horizontal","","","",""
"","","","","","horizons-trial","26","3826224","0.0-22.0","","","","","","","5","[43,58,41,35,46]","[42,53,44,58,39]","""2023-10-26T11:54:46.591Z""","[0,0,1,0]","1","0","0","40","44","40","44","4","0","0","[""arrowleft"",""arrowleft"",""arrowright"",""arrowleft"",""arrowright""]","[2064,557,544,506,3282]","[43,58,44,35,39]","[43,58,44,0,0]","[[93.3544,50]]","[2142]","[]","[]","1","[]","[]","[]","[]","horizontal","","","",""
"","","","","","horizons-trial","27","3849480","0.0-23.0","","","","","","","10","[33,41,36,42,49,46,36,31,36,31]","[44,51,69,43,65,64,56,59,52,51]","""2023-10-26T11:55:09.847Z""","[1,0,0,0]","1","0","1","40","52","40","52","12","0","0","[""arrowright"",""arrowleft"",""arrowleft"",""arrowleft"",""arrowright"",""arrowright"",""arrowright"",""arrowright"",""arrowright"",""arrowright""]","[1627,503,582,600,804,1670,703,626,788,936]","[44,41,36,42,65,64,56,59,52,51]","[44,0,0,0,65,64,56,59,52,51]","[[31.6456,2.2569000000000017]]","[11343]","[]","[]","1","[]","[]","[]","[]","horizontal","","","",""
"","","","","","horizons-trial","28","4002571","0.0-24.0","","","","","","","10","[56,43,37,52,55,46,49,54,61,55]","[42,43,37,32,47,40,22,40,39,42]","""2023-10-26T11:57:42.938Z""","[0,0,0,1]","1","1","1","40","52","52","40","12","0","0","[""arrowleft"",""arrowleft"",""arrowleft"",""arrowright"",""arrowright"",""arrowright"",""arrowright"",""arrowleft"",""arrowleft"",""arrowright""]","[140537,524,479,482,572,1335,750,1155,576,929]","[56,43,37,32,47,40,22,54,61,42]","[56,43,37,0,0,0,0,54,61,0]","[[91.1392,0]]","[4605]","[]","[]","1","[]","[]","[]","[]","horizontal","","","",""
"","","","","","horizons-trial","29","4015551","0.0-25.0","","","","","","","10","[48,42,44,35,47,44,45,34,44,54]","[34,40,48,40,40,51,43,37,39,37]","""2023-10-26T11:57:55.918Z""","[0,0,1,1]","0","1","1","40","44","44","40","4","0","0","[""arrowleft"",""arrowleft"",""arrowright"",""arrowright"",""arrowleft"",""arrowright"",""arrowright"",""arrowleft"",""arrowright"",""arrowright""]","[1455,455,444,457,431,1550,666,611,609,779]","[48,42,48,40,47,51,43,34,39,37]","[48,42,48,40,47,51,0,0,0,0]","[[27.5316,0.5207999999999942]]","[4394]","[]","[]","1","[]","[]","[]","[]","horizontal","","","",""
"","","","","","horizons-trial","30","4032019","0.0-26.0","","","","","","","10","[54,65,71,56,55,52,68,65,61,59]","[23,33,38,38,30,25,37,42,42,43]","""2023-10-26T11:58:12.387Z""","[0,0,1,1]","0","1","1","40","60","60","40","20","0","0","[""arrowleft"",""arrowleft"",""arrowright"",""arrowright"",""arrowleft"",""arrowleft"",""arrowright"",""arrowright"",""arrowleft"",""arrowleft""]","[3138,478,481,440,512,1434,548,514,457,501]","[54,65,38,38,55,52,37,42,61,59]","[54,65,0,0,55,52,0,0,61,59]","[[30.3797,1.5625]]","[3775]","[]","[]","1","[]","[]","[]","[]","horizontal","","","",""
"","","","","","horizons-trial","31","4050107","0.0-27.0","","","","","","","10","[69,42,58,56,54,46,45,48,61,54]","[45,38,52,43,43,52,52,53,58,39]","""2023-10-26T11:58:30.475Z""","[1,0,0,0]","1","0","1","60","52","60","52","8","0","0","[""arrowright"",""arrowleft"",""arrowleft"",""arrowleft"",""arrowright"",""arrowright"",""arrowright"",""arrowright"",""arrowright"",""arrowright""]","[1444,680,582,577,531,1190,603,534,598,792]","[45,42,58,56,43,52,52,53,58,39]","[0,42,58,56,0,52,52,53,0,0]","[[93.6709,3.645799999999994]]","[9503]","[]","[]","1","[]","[]","[]","[]","horizontal","","","",""
"","","","","","horizons-trial","32","4057088","0.0-28.0","","","","","","","5","[33,47,41,36,45]","[38,37,46,30,26]","""2023-10-26T11:58:37.456Z""","[1,0,0,1]","0","0","0","40","42","40","42","2","0","0","[""arrowright"",""arrowleft"",""arrowleft"",""arrowright"",""arrowleft""]","[1335,440,472,428,462]","[38,47,41,30,45]","[38,47,0,0,45]","[[63.6076,50]]","[3118]","[]","[]","1","[]","[]","[]","[]","horizontal","","","",""
"","","","","","horizons-trial","33","4069868","0.0-29.0","","","","","","","10","[38,43,48,46,32,48,33,61,44,45]","[43,40,34,43,45,43,38,35,31,37]","""2023-10-26T11:58:50.236Z""","[1,1,0,0]","0","0","1","40","44","40","44","4","0","0","[""arrowright"",""arrowright"",""arrowleft"",""arrowleft"",""arrowright"",""arrowleft"",""arrowleft"",""arrowleft"",""arrowleft"",""arrowleft""]","[2472,413,456,466,464,1154,434,451,541,548]","[43,40,48,46,45,48,33,61,44,45]","[43,0,48,46,45,48,0,61,44,45]","[[32.9114,0]]","[4435]","[]","[]","1","[]","[]","[]","[]","horizontal","","","",""
"","","","","","horizons-trial","34","4087588","0.0-30.0","","","","","","","10","[53,58,55,56,48,64,57,62,57,71]","[51,69,67,58,65,56,62,77,47,55]","""2023-10-26T11:59:07.956Z""","[1,0,0,1]","0","1","1","60","59","59","60","1","0","0","[""arrowright"",""arrowleft"",""arrowleft"",""arrowright"",""arrowright"",""arrowright"",""arrowright"",""arrowright"",""arrowright"",""arrowleft""]","[2537,427,367,448,2014,1409,570,559,572,1711]","[51,58,55,58,65,56,62,77,47,71]","[0,0,0,58,65,0,62,77,0,71]","[[84.8101,3.2985999999999933]]","[5867]","[]","[]","1","[]","[]","[]","[]","horizontal","","","",""
"","","","","","horizons-trial","35","4100286","0.0-31.0","","","","","","","10","[55,53,62,80,60,57,59,45,67,52]","[41,42,49,44,39,41,50,43,48,43]","""2023-10-26T11:59:20.654Z""","[1,0,0,0]","1","0","1","60","40","60","40","20","0","0","[""arrowright"",""arrowleft"",""arrowleft"",""arrowleft"",""arrowright"",""arrowright"",""arrowright"",""arrowright"",""arrowleft"",""arrowright""]","[1983,448,498,473,463,1166,545,541,998,515]","[41,53,62,80,39,41,50,43,67,43]","[0,53,62,80,0,0,0,0,67,0]","[[100,0]]","[4028]","[]","[]","1","[]","[]","[]","[]","horizontal","","","",""
"","","","","","horizons-trial","36","4118137","0.0-32.0","","","","","","","10","[77,69,63,66,57,66,72,54,50,59]","[58,53,59,41,50,55,56,58,52,79]","""2023-10-26T11:59:38.505Z""","[0,1,0,0]","1","0","1","60","58","60","58","2","0","0","[""arrowleft"",""arrowright"",""arrowleft"",""arrowleft"",""arrowright"",""arrowright"",""arrowright"",""arrowright"",""arrowright"",""arrowright""]","[2244,529,702,447,1690,1657,741,875,908,1374]","[77,53,63,66,50,55,56,58,52,79]","[77,0,63,66,0,0,0,58,52,79]","[[86.3924,0.8680999999999983]]","[5113]","[]","[]","1","[]","[]","[]","[]","horizontal","","","",""
"","","","","","horizons-trial","37","4235725","0.0-33.0","","","","","","","5","[39,37,37,47,52]","[42,57,49,53,58]","""2023-10-26T12:01:36.092Z""","[1,0,0,0]","1","0","0","40","52","40","52","12","0","0","[""arrowright"",""arrowleft"",""arrowleft"",""arrowleft"",""arrowright""]","[110165,590,547,843,1185]","[42,37,37,47,58]","[42,0,0,0,58]","[[90.5063,50]]","[3390]","[]","[]","1","[]","[]","[]","[]","horizontal","","","",""
"","","","","","horizons-trial","38","4263272","0.0-34.0","","","","","","","5","[53,46,52,53,55]","[59,61,65,69,60]","""2023-10-26T12:02:03.640Z""","[1,1,0,1]","1","1","0","60","52","52","60","8","0","0","[""arrowright"",""arrowright"",""arrowleft"",""arrowright"",""arrowright""]","[18975,2765,678,655,1395]","[59,61,52,69,60]","[59,61,0,69,60]","[[90.5063,50]]","[2365]","[]","[]","1","[]","[]","[]","[]","horizontal","","","",""
"","","","","","horizons-trial","39","4270622","0.0-35.0","","","","","","","5","[40,43,40,43,42]","[36,47,53,52,47]","""2023-10-26T12:02:10.990Z""","[0,1,0,1]","0","0","0","40","48","40","48","8","0","0","[""arrowleft"",""arrowright"",""arrowleft"",""arrowright"",""arrowright""]","[1624,533,1030,496,1361]","[40,47,40,52,47]","[40,47,0,52,47]","[[90.5063,50]]","[1788]","[]","[]","1","[]","[]","[]","[]","horizontal","","","",""
"","","","","","horizons-trial","40","4278081","0.0-36.0","","","","","","","5","[60,54,56,53,43]","[48,52,55,52,45]","""2023-10-26T12:02:18.449Z""","[0,1,1,1]","1","0","0","60","58","60","58","2","0","0","[""arrowleft"",""arrowright"",""arrowright"",""arrowright"",""arrowleft""]","[1190,1460,594,599,1025]","[60,52,55,52,43]","[60,0,0,0,0]","[[90.5063,50]]","[1987]","[]","[]","1","[]","[]","[]","[]","horizontal","","","",""
"","","","","","horizons-trial","41","4283789","0.0-37.0","","","","","","","5","[35,24,25,34,29]","[75,58,67,65,59]","""2023-10-26T12:02:24.157Z""","[1,1,0,1]","1","1","0","60","30","30","60","30","0","0","[""arrowright"",""arrowright"",""arrowleft"",""arrowright"",""arrowright""]","[1076,473,488,303,720]","[75,58,25,65,59]","[75,58,0,65,59]","[[90.5063,50]]","[1450]","[]","[]","1","[]","[]","[]","[]","horizontal","","","",""
"","","","","","horizons-trial","42","4290242","0.0-38.0","","","","","","","5","[65,69,52,63,55]","[38,45,46,37,31]","""2023-10-26T12:02:30.610Z""","[0,1,1,1]","1","0","0","60","40","60","40","20","0","0","[""arrowleft"",""arrowright"",""arrowright"",""arrowright"",""arrowleft""]","[1305,482,467,472,623]","[65,45,46,37,55]","[65,0,0,0,55]","[[90.5063,50]]","[1937]","[]","[]","1","[]","[]","[]","[]","horizontal","","","",""
"","","","","","horizons-trial","43","4302920","0.0-39.0","","","","","","","10","[73,46,41,37,39,47,56,56,46,24]","[49,46,26,42,33,25,33,22,41,27]","""2023-10-26T12:02:43.288Z""","[1,1,0,0]","0","1","1","40","48","48","40","8","0","0","[""arrowright"",""arrowright"",""arrowleft"",""arrowleft"",""arrowright"",""arrowright"",""arrowleft"",""arrowleft"",""arrowleft"",""arrowright""]","[1156,482,488,489,448,1655,785,465,453,547]","[49,46,41,37,33,25,56,56,46,27]","[0,46,41,0,0,0,56,56,46,27]","[[87.0253,0]]","[4700]","[]","[]","1","[]","[]","[]","[]","horizontal","","","",""
"","","","","","horizons-trial","44","4310270","0.0-40.0","","","","","","","5","[49,63,45,33,47]","[54,58,56,45,63]","""2023-10-26T12:02:50.637Z""","[1,0,0,1]","0","1","0","60","52","52","60","8","0","0","[""arrowright"",""arrowleft"",""arrowleft"",""arrowright"",""arrowleft""]","[1518,917,580,376,401]","[54,63,45,45,47]","[54,63,0,45,0]","[[92.0886,50]]","[3020]","[]","[]","1","[]","[]","[]","[]","horizontal","","","",""
"","","","","","horizons-trial","45","4590079","0.0-41.0","","","","","","","10","[57,49,60,53,56,46,69,60,42,55]","[55,65,60,68,58,58,61,64,77,52]","""2023-10-26T12:07:30.447Z""","[1,1,1,0]","1","1","1","60","56","56","60","4","0","0","[""arrowright"",""arrowright"",""arrowright"",""arrowleft"",""arrowright"",""arrowright"",""arrowright"",""arrowright"",""arrowright"",""arrowright""]","[266207,559,655,521,496,1335,510,571,620,642]","[55,65,60,53,58,58,61,64,77,52]","[0,65,60,0,58,58,0,64,77,0]","[[29.7468,0.17359999999999332]]","[6609]","[]","[]","1","[]","[]","[]","[]","horizontal","","","",""
"","","","","","horizons-trial","46","4599029","0.0-42.0","","","","","","","5","[32,37,59,47,34]","[48,50,37,34,36]","""2023-10-26T12:07:39.396Z""","[0,0,1,1]","0","1","0","40","41","41","40","1","0","0","[""arrowleft"",""arrowleft"",""arrowright"",""arrowright"",""arrowleft""]","[1490,455,439,456,2949]","[32,37,37,34,34]","[0,0,0,0,0]","[[97.4684,50]]","[2553]","[]","[]","1","[]","[]","[]","[]","horizontal","","","",""
"","","","","","horizons-trial","47","4606633","0.0-43.0","","","","","","","5","[60,69,47,55,32]","[59,64,54,61,66]","""2023-10-26T12:07:47.001Z""","[1,0,0,1]","0","1","0","60","56","56","60","4","0","0","[""arrowright"",""arrowleft"",""arrowleft"",""arrowright"",""arrowright""]","[1309,407,430,420,1343]","[59,69,47,61,66]","[0,69,0,61,66]","[[95.2532,50]]","[3042]","[]","[]","1","[]","[]","[]","[]","horizontal","","","",""
"","","","","","horizons-trial","48","4622613","0.0-44.0","","","","","","","10","[59,64,44,67,46,50,58,68,66,64]","[47,28,32,40,33,27,28,39,26,42]","""2023-10-26T12:08:02.981Z""","[1,1,0,0]","0","0","1","60","30","60","30","30","0","0","[""arrowright"",""arrowright"",""arrowleft"",""arrowleft"",""arrowright"",""arrowright"",""arrowright"",""arrowleft"",""arrowright"",""arrowleft""]","[1038,469,469,422,488,1432,966,860,928,938]","[47,28,44,67,33,27,28,68,26,64]","[0,0,44,67,0,0,0,68,0,64]","[[95.8861,0.8680999999999983]]","[6634]","[]","[]","1","[]","[]","[]","[]","horizontal","","","",""
"","","","","","horizons-trial","49","4631895","0.0-45.0","","","","","","","5","[33,40,20,49,39]","[41,57,35,55,50]","""2023-10-26T12:08:12.263Z""","[1,0,1,0]","0","0","0","40","44","40","44","4","0","0","[""arrowright"",""arrowleft"",""arrowright"",""arrowleft"",""arrowleft""]","[1306,473,444,488,3309]","[41,40,35,49,39]","[41,0,35,0,0]","[[91.4557,50]]","[2688]","[]","[]","1","[]","[]","[]","[]","horizontal","","","",""
"","","","","","horizons-trial","50","4646512","0.0-46.0","","","","","","","10","[52,52,51,60,53,72,46,63,61,53]","[60,55,61,55,52,69,58,53,43,62]","""2023-10-26T12:08:26.880Z""","[0,0,0,1]","1","1","1","60","58","58","60","2","0","0","[""arrowleft"",""arrowleft"",""arrowleft"",""arrowright"",""arrowleft"",""arrowright"",""arrowright"",""arrowleft"",""arrowleft"",""arrowright""]","[1387,429,474,458,464,1286,1897,610,737,762]","[52,52,51,55,53,69,58,63,61,62]","[0,0,0,0,53,0,58,63,61,62]","[[29.4304,0]]","[5045]","[]","[]","1","[]","[]","[]","[]","horizontal","","","",""
"","","","","","horizons-trial","51","4661234","0.0-47.0","","","","","","","10","[58,58,63,58,73,74,59,62,58,60]","[44,51,38,38,38,36,31,32,35,31]","""2023-10-26T12:08:41.601Z""","[0,1,0,0]","1","1","1","40","60","60","40","20","0","0","[""arrowleft"",""arrowright"",""arrowleft"",""arrowleft"",""arrowright"",""arrowleft"",""arrowright"",""arrowleft"",""arrowleft"",""arrowright""]","[2924,455,490,501,547,2260,558,525,464,806]","[58,51,63,58,38,74,31,62,58,31]","[58,0,63,58,0,74,0,62,58,0]","[[31.3291,1.5625]]","[4023]","[]","[]","1","[]","[]","[]","[]","horizontal","","","",""
"","","","","","horizons-trial","52","4677323","0.0-48.0","","","","","","","10","[68,83,56,74,61,59,71,64,53,55]","[81,57,61,59,63,62,64,55,50,51]","""2023-10-26T12:08:57.691Z""","[0,1,0,0]","1","0","1","60","59","60","59","1","0","0","[""arrowleft"",""arrowright"",""arrowleft"",""arrowleft"",""arrowleft"",""arrowright"",""arrowleft"",""arrowleft"",""arrowright"",""arrowleft""]","[1131,442,395,523,1252,1899,638,766,638,785]","[68,57,56,74,61,62,71,64,50,55]","[0,0,0,74,0,62,71,64,0,55]","[[27.8481,1.2152999999999992]]","[6460]","[]","[]","1","[]","[]","[]","[]","horizontal","","","",""
"","","","","","horizons-trial","53","4697289","0.0-49.0","","","","","","","10","[52,48,58,71,56,65,63,67,61,55]","[54,48,70,60,76,54,55,63,58,48]","""2023-10-26T12:09:17.656Z""","[1,1,1,0]","1","1","1","60","59","59","60","1","0","0","[""arrowright"",""arrowright"",""arrowright"",""arrowleft"",""arrowright"",""arrowright"",""arrowright"",""arrowleft"",""arrowright"",""arrowleft""]","[3221,454,478,539,599,1710,678,816,886,1306]","[54,48,70,71,76,54,55,67,58,55]","[54,48,70,71,76,0,0,67,0,55]","[[28.481,0.5207999999999942]]","[8216]","[]","[]","1","[]","[]","[]","[]","horizontal","","","",""
"","","","","","horizons-trial","54","4704913","0.0-50.0","","","","","","","5","[61,58,47,60,71]","[67,52,73,57,57]","""2023-10-26T12:09:25.281Z""","[0,1,0,1]","0","1","0","60","59","59","60","1","0","0","[""arrowleft"",""arrowright"",""arrowleft"",""arrowright"",""arrowright""]","[1287,390,405,443,1925]","[61,52,47,57,57]","[0,0,0,0,0]","[[95.2532,50]]","[2511]","[]","[]","1","[]","[]","[]","[]","horizontal","","","",""
"","","","","","horizons-trial","55","4720811","0.0-51.0","","","","","","","10","[51,52,64,55,59,57,64,51,56,54]","[52,57,50,57,65,62,53,69,60,59]","""2023-10-26T12:09:41.178Z""","[0,0,1,1]","0","1","1","60","56","56","60","4","0","0","[""arrowleft"",""arrowleft"",""arrowright"",""arrowright"",""arrowleft"",""arrowleft"",""arrowleft"",""arrowleft"",""arrowright"",""arrowleft""]","[1181,521,445,450,1802,1670,606,678,684,646]","[51,52,50,57,59,57,64,51,60,54]","[0,0,0,57,0,0,64,0,60,0]","[[32.9114,0.17359999999999332]]","[6066]","[]","[]","1","[]","[]","[]","[]","horizontal","","","",""
"","","","","","horizons-trial","56","4732585","0.0-52.0","","","","","","","10","[38,45,46,43,45,43,41,54,54,27]","[62,31,42,32,34,31,58,47,40,42]","""2023-10-26T12:09:52.952Z""","[1,0,0,1]","0","1","1","40","42","42","40","2","0","0","[""arrowright"",""arrowleft"",""arrowleft"",""arrowright"",""arrowleft"",""arrowleft"",""arrowright"",""arrowright"",""arrowleft"",""arrowright""]","[1127,475,456,429,912,1504,482,498,488,441]","[62,45,46,32,45,43,58,47,54,42]","[62,45,46,0,45,43,58,0,54,42]","[[31.6456,0.5207999999999942]]","[4115]","[]","[]","1","[]","[]","[]","[]","horizontal","","","",""
"","","","","","horizons-trial","57","4745268","0.0-53.0","","","","","","","10","[77,59,63,66,75,66,68,56,67,70]","[37,38,25,47,31,44,42,31,43,38]","""2023-10-26T12:10:05.636Z""","[1,1,0,0]","0","1","1","40","70","70","40","30","0","0","[""arrowright"",""arrowright"",""arrowleft"",""arrowleft"",""arrowleft"",""arrowleft"",""arrowright"",""arrowleft"",""arrowleft"",""arrowleft""]","[1080,465,472,435,1299,1038,511,528,408,1023]","[37,38,63,66,75,66,42,56,67,70]","[0,0,63,66,75,66,0,56,67,70]","[[28.481,0.8680999999999983]]","[4333]","[]","[]","1","[]","[]","[]","[]","horizontal","","","",""
"","","","","","horizons-trial","58","4753458","0.0-54.0","","","","","","","5","[40,41,50,47,33]","[68,59,54,69,57]","""2023-10-26T12:10:13.826Z""","[1,0,1,0]","0","1","0","60","40","40","60","20","0","0","[""arrowright"",""arrowleft"",""arrowright"",""arrowleft"",""arrowleft""]","[2626,461,386,473,929]","[68,41,54,47,33]","[68,0,54,0,0]","[[92.4051,50]]","[2717]","[]","[]","1","[]","[]","[]","[]","horizontal","","","",""
"","","","","","horizons-trial","59","4768178","0.0-55.0","","","","","","","10","[44,48,46,41,24,45,39,35,44,29]","[84,71,82,77,60,72,50,64,69,77]","""2023-10-26T12:10:28.545Z""","[1,0,1,1]","1","0","1","40","70","40","70","30","0","0","[""arrowright"",""arrowleft"",""arrowright"",""arrowright"",""arrowleft"",""arrowright"",""arrowleft"",""arrowright"",""arrowright"",""arrowright""]","[939,652,386,690,506,1393,293,471,352,960]","[84,48,82,77,24,72,39,64,69,77]","[84,0,82,77,0,72,0,64,69,77]","[[95.5696,1.9097000000000008]]","[7114]","[]","[]","1","[]","[]","[]","[]","horizontal","","","",""
"","","","","","horizons-trial","60","4775000","0.0-56.0","","","","","","","5","[58,46,52,70,58]","[45,56,54,53,54]","""2023-10-26T12:10:35.367Z""","[0,0,1,0]","1","0","0","60","52","60","52","8","0","0","[""arrowleft"",""arrowleft"",""arrowright"",""arrowleft"",""arrowleft""]","[1074,490,426,612,1326]","[58,46,54,70,58]","[58,0,54,70,58]","[[95.2532,50]]","[2268]","[]","[]","1","[]","[]","[]","[]","horizontal","","","",""
"","","","","","horizons-trial","61","4788167","0.0-57.0","","","","","","","10","[33,42,28,53,55,35,35,45,53,42]","[51,40,34,60,56,38,41,36,60,49]","""2023-10-26T12:10:48.535Z""","[0,1,1,1]","1","0","1","40","44","40","44","4","0","0","[""arrowleft"",""arrowright"",""arrowright"",""arrowright"",""arrowleft"",""arrowleft"",""arrowright"",""arrowright"",""arrowright"",""arrowright""]","[1063,361,431,573,1866,1432,477,408,520,506]","[33,40,34,60,55,35,41,36,60,49]","[0,0,34,60,0,0,41,0,60,49]","[[53.481,0.17359999999999332]]","[4511]","[]","[]","1","[]","[]","[]","[]","horizontal","","","",""
"","","","","","horizons-trial","62","4798474","0.0-58.0","","","","","","","10","[49,46,35,49,33,41,34,37,44,34]","[47,37,37,29,38,40,34,13,40,32]","""2023-10-26T12:10:58.841Z""","[1,1,0,0]","0","1","1","40","41","41","40","1","0","0","[""arrowright"",""arrowright"",""arrowleft"",""arrowleft"",""arrowright"",""arrowleft"",""arrowright"",""arrowright"",""arrowright"",""arrowleft""]","[1100,440,513,640,455,1440,330,312,314,426]","[47,37,35,49,38,41,34,13,40,34]","[0,0,0,49,38,41,34,0,0,34]","[[70.5696,2.2569000000000017]]","[3286]","[]","[]","1","[]","[]","[]","[]","horizontal","","","",""
"","","","","","horizons-trial","63","4808988","0.0-59.0","","","","","","","5","[45,39,46,31,42]","[47,40,60,49,52]","""2023-10-26T12:11:09.356Z""","[1,0,1,0]","0","0","0","40","52","40","52","12","0","0","[""arrowright"",""arrowleft"",""arrowright"",""arrowleft"",""arrowright""]","[872,454,366,1039,1487]","[47,39,60,31,52]","[47,0,60,0,52]","[[92.7215,50]]","[4963]","[]","[]","1","[]","[]","[]","[]","horizontal","","","",""
"","","","","","horizons-trial","64","4821997","0.0-60.0","","","","","","","10","[37,62,70,56,37,54,63,72,46,41]","[53,53,49,52,57,41,36,68,62,61]","""2023-10-26T12:11:22.365Z""","[1,0,1,1]","1","0","1","60","56","60","56","4","0","0","[""arrowright"",""arrowleft"",""arrowright"",""arrowright"",""arrowright"",""arrowright"",""arrowright"",""arrowleft"",""arrowright"",""arrowright""]","[1158,305,330,384,1131,1073,538,492,305,424]","[53,62,49,52,57,41,36,72,62,61]","[53,62,0,0,57,0,0,72,62,61]","[[69.3038,1.2152999999999992]]","[5671]","[]","[]","1","[]","[]","[]","[]","horizontal","","","",""
"","","","","","horizons-trial","65","4834166","0.0-61.0","","","","","","","10","[66,65,72,60,53,68,64,54,57,54]","[45,57,52,64,51,46,52,56,50,43]","""2023-10-26T12:11:34.534Z""","[0,0,1,1]","0","0","1","60","52","60","52","8","0","0","[""arrowleft"",""arrowleft"",""arrowright"",""arrowright"",""arrowleft"",""arrowright"",""arrowleft"",""arrowleft"",""arrowleft"",""arrowright""]","[1820,765,505,436,638,1383,441,276,322,579]","[66,65,52,64,53,46,64,54,57,43]","[66,65,0,64,53,0,64,0,57,0]","[[81.0127,0.8680999999999983]]","[4035]","[]","[]","1","[]","[]","[]","[]","horizontal","","","",""
"","","","","","horizons-trial","66","4845829","0.0-62.0","","","","","","","5","[57,60,55,59,67]","[40,21,26,33,31]","""2023-10-26T12:11:46.197Z""","[1,1,1,0]","1","0","0","60","30","60","30","30","0","0","[""arrowright"",""arrowright"",""arrowright"",""arrowleft"",""arrowleft""]","[1223,578,1188,716,1673]","[40,21,26,59,67]","[0,0,0,59,67]","[[92.0886,50]]","[5071]","[]","[]","1","[]","[]","[]","[]","horizontal","","","",""
"","","","","","horizons-trial","67","4853575","0.0-63.0","","","","","","","5","[59,64,62,68,57]","[53,56,56,55,43]","""2023-10-26T12:11:53.942Z""","[0,1,1,1]","1","0","0","60","59","60","59","1","0","0","[""arrowleft"",""arrowright"",""arrowright"",""arrowright"",""arrowleft""]","[965,322,361,805,2590]","[59,56,56,55,57]","[59,0,0,0,57]","[[92.0886,50]]","[2191]","[]","[]","1","[]","[]","[]","[]","horizontal","","","",""
"","","","","","horizons-trial","68","4866814","0.0-64.0","","","","","","","10","[54,45,33,49,54,55,64,53,59,49]","[52,31,36,41,32,27,26,45,46,45]","""2023-10-26T12:12:07.182Z""","[1,0,0,1]","0","1","1","40","52","52","40","12","0","0","[""arrowright"",""arrowleft"",""arrowleft"",""arrowright"",""arrowleft"",""arrowright"",""arrowleft"",""arrowleft"",""arrowright"",""arrowright""]","[1088,481,480,453,993,1968,417,403,494,538]","[52,45,33,41,54,27,64,53,46,45]","[0,45,0,0,54,0,64,53,0,0]","[[31.6456,0.5207999999999942]]","[4700]","[]","[]","1","[]","[]","[]","[]","horizontal","","","",""
"","","","","","horizons-trial","69","4873517","0.0-65.0","","","","","","","5","[43,50,60,31,35]","[36,37,46,32,23]","""2023-10-26T12:12:13.885Z""","[0,0,1,1]","0","1","0","40","48","48","40","8","0","0","[""arrowleft"",""arrowleft"",""arrowright"",""arrowright"",""arrowright""]","[2007,388,363,273,147]","[43,50,46,32,23]","[43,50,0,32,0]","[[77.8481,50]]","[2774]","[]","[]","1","[]","[]","[]","[]","horizontal","","","",""
"","","","","","horizons-trial","70","4879347","0.0-66.0","","","","","","","5","[54,46,58,67,49]","[64,66,54,55,70]","""2023-10-26T12:12:19.714Z""","[1,0,0,1]","0","0","0","60","56","60","56","4","0","0","[""arrowright"",""arrowleft"",""arrowleft"",""arrowright"",""arrowright""]","[1123,332,281,307,300]","[64,46,58,55,70]","[64,0,58,0,70]","[[85.7595,50]]","[2953]","[]","[]","1","[]","[]","[]","[]","horizontal","","","",""
"","","","","","horizons-trial","71","4892065","0.0-67.0","","","","","","","10","[37,49,36,44,39,48,58,49,20,56]","[59,42,34,37,41,47,33,41,45,34]","""2023-10-26T12:12:32.433Z""","[1,1,0,1]","1","1","1","40","44","44","40","4","0","0","[""arrowright"",""arrowright"",""arrowleft"",""arrowright"",""arrowright"",""arrowright"",""arrowright"",""arrowright"",""arrowright"",""arrowright""]","[1085,372,363,551,158,1216,439,1078,898,447]","[59,42,36,37,41,47,33,41,45,34]","[59,0,36,0,41,0,0,0,45,0]","[[30.3797,0.17359999999999332]]","[5018]","[]","[]","1","[]","[]","[]","[]","horizontal","","","",""
"","","","","","horizons-trial","72","4900366","0.0-68.0","","","","","","","5","[46,19,34,29,45]","[64,71,59,65,47]","""2023-10-26T12:12:40.733Z""","[1,1,0,0]","0","0","0","40","60","40","60","20","0","0","[""arrowright"",""arrowright"",""arrowleft"",""arrowleft"",""arrowright""]","[1247,371,428,321,245]","[64,71,34,29,47]","[64,71,0,0,47]","[[51.5823,50]]","[5132]","[]","[]","1","[]","[]","[]","[]","horizontal","","","",""
"","","","","","horizons-trial","73","4909292","0.0-69.0","","","","","","","10","[49,30,50,45,54,44,40,52,54,33]","[47,32,46,33,41,38,41,36,51,33]","""2023-10-26T12:12:49.660Z""","[0,1,1,1]","1","1","1","40","48","48","40","8","0","0","[""arrowleft"",""arrowright"",""arrowright"",""arrowright"",""arrowleft"",""arrowright"",""arrowleft"",""arrowleft"",""arrowleft"",""arrowright""]","[956,318,270,229,419,1211,442,189,280,241]","[49,32,46,33,54,38,40,52,54,33]","[49,32,0,0,54,0,0,52,54,33]","[[66.1392,0.5207999999999942]]","[3454]","[]","[]","1","[]","[]","[]","[]","horizontal","","","",""
"","","","","","horizons-trial","74","4919460","0.0-70.0","","","","","","","10","[32,41,33,29,46,35,25,35,31,26]","[66,64,61,64,66,56,62,82,62,60]","""2023-10-26T12:12:59.827Z""","[0,0,0,1]","1","0","1","40","60","40","60","20","0","0","[""arrowleft"",""arrowleft"",""arrowleft"",""arrowright"",""arrowright"",""arrowright"",""arrowleft"",""arrowright"",""arrowright"",""arrowright""]","[1444,404,515,401,175,920,1071,314,134,522]","[32,41,33,64,66,56,25,82,62,60]","[0,0,0,64,66,56,0,82,62,60]","[[76.5823,0.8680999999999983]]","[3046]","[]","[]","1","[]","[]","[]","[]","horizontal","","","",""
"","","","","","horizons-trial","75","4930984","0.0-71.0","","","","","","","10","[49,50,63,52,40,45,51,66,64,50]","[57,72,47,63,68,53,50,59,61,61]","""2023-10-26T12:13:11.351Z""","[0,1,0,1]","0","1","1","60","58","58","60","2","0","0","[""arrowleft"",""arrowright"",""arrowleft"",""arrowright"",""arrowright"",""arrowright"",""arrowleft"",""arrowleft"",""arrowright"",""arrowright""]","[1056,414,538,411,724,1015,303,206,219,442]","[49,72,63,63,68,53,51,66,61,61]","[0,72,63,63,68,53,51,66,0,61]","[[78.481,1.5625]]","[5370]","[]","[]","1","[]","[]","[]","[]","horizontal","","","",""
"","","","","","horizons-trial","76","4936354","0.0-72.0","","","","","","","5","[58,73,54,69,63]","[35,35,39,48,52]","""2023-10-26T12:13:16.721Z""","[0,1,1,1]","1","1","0","40","60","60","40","20","0","0","[""arrowleft"",""arrowright"",""arrowright"",""arrowright"",""arrowleft""]","[1010,352,191,146,364]","[58,35,39,48,63]","[58,0,0,0,63]","[[81.0127,50]]","[2758]","[]","[]","1","[]","[]","[]","[]","horizontal","","","",""
"","","","","","horizons-trial","77","4947270","0.0-73.0","","","","","","","10","[33,38,38,32,34,44,34,52,48,42]","[45,41,38,47,57,56,44,40,44,59]","""2023-10-26T12:13:27.638Z""","[0,0,1,1]","0","0","1","40","48","40","48","8","0","0","[""arrowleft"",""arrowleft"",""arrowright"",""arrowright"",""arrowright"",""arrowright"",""arrowleft"",""arrowright"",""arrowright"",""arrowleft""]","[1297,663,587,157,154,1150,1093,228,124,358]","[33,38,38,47,57,56,34,40,44,42]","[0,0,38,47,57,56,0,0,0,0]","[[69.3038,1.2152999999999992]]","[4134]","[]","[]","1","[]","[]","[]","[]","horizontal","","","",""
"","","","","","horizons-trial","78","4955320","0.0-74.0","","","","","","","10","[66,49,49,50,41,60,52,49,56,52]","[44,53,42,43,53,41,45,58,49,49]","""2023-10-26T12:13:35.688Z""","[0,1,0,1]","0","0","1","60","48","60","48","12","0","0","[""arrowleft"",""arrowright"",""arrowleft"",""arrowright"",""arrowleft"",""arrowright"",""arrowleft"",""arrowleft"",""arrowright"",""arrowright""]","[876,289,568,509,301,1024,763,131,253,444]","[66,53,49,43,41,41,52,49,49,49]","[66,53,49,0,0,0,52,0,0,0]","[[69.6203,1.2152999999999992]]","[2024]","[]","[]","1","[]","[]","[]","[]","horizontal","","","",""
"","","","","","horizons-trial","79","4963921","0.0-75.0","","","","","","","5","[27,24,41,39,35]","[40,36,48,33,42]","""2023-10-26T12:13:44.288Z""","[0,0,1,1]","0","0","0","40","41","40","41","1","0","0","[""arrowleft"",""arrowleft"",""arrowright"",""arrowright"",""arrowleft""]","[872,555,2413,843,464]","[27,24,48,33,35]","[0,0,48,0,0]","[[85.443,50]]","[2788]","[]","[]","1","[]","[]","[]","[]","horizontal","","","",""
"","","","","","horizons-trial","80","5427819","0.0-76.0","","","","","","","10","[61,58,60,63,56,61,64,62,51,68]","[62,55,59,37,50,62,48,49,57,45]","""2023-10-26T12:21:28.186Z""","[0,0,0,1]","1","0","1","60","48","60","48","12","0","0","[""arrowleft"",""arrowleft"",""arrowleft"",""arrowright"",""arrowleft"",""arrowleft"",""arrowleft"",""arrowleft"",""arrowleft"",""arrowright""]","[448764,669,684,469,546,2258,589,629,587,739]","[61,58,60,37,56,61,64,62,51,45]","[0,58,60,0,56,0,64,62,0,0]","[[32.5949,0.17359999999999332]]","[6858]","[]","[]","1","[]","[]","[]","[]","horizontal","","","",""
"","","","","","horizons-trial","81","5434485","0.0-77.0","","","","","","","5","[39,53,56,43,53]","[50,29,41,46,45]","""2023-10-26T12:21:34.853Z""","[0,1,1,0]","0","1","0","40","52","52","40","12","0","0","[""arrowleft"",""arrowright"",""arrowright"",""arrowleft"",""arrowleft""]","[1470,583,446,541,313]","[39,29,41,43,53]","[0,0,0,0,53]","[[96.8354,50]]","[2704]","[]","[]","1","[]","[]","[]","[]","horizontal","","","",""
"","","","","","horizons-trial","82","5442278","0.0-78.0","","","","","","","5","[62,44,47,48,53]","[49,54,47,66,55]","""2023-10-26T12:21:42.645Z""","[1,0,1,0]","0","1","0","60","48","48","60","12","0","0","[""arrowright"",""arrowleft"",""arrowright"",""arrowleft"",""arrowright""]","[1161,482,452,955,712]","[49,44,47,48,55]","[0,0,47,0,55]","[[92.0886,50]]","[3521]","[]","[]","1","[]","[]","[]","[]","horizontal","","","",""
"","","","","","horizons-trial","83","5454854","0.0-79.0","","","","","","","10","[73,58,58,53,56,48,77,48,71,66]","[42,52,36,47,40,29,44,51,42,54]","""2023-10-26T12:21:55.222Z""","[0,1,0,1]","0","0","1","60","40","60","40","20","0","0","[""arrowleft"",""arrowright"",""arrowleft"",""arrowright"",""arrowleft"",""arrowleft"",""arrowright"",""arrowleft"",""arrowleft"",""arrowleft""]","[1032,387,378,393,958,1277,408,633,452,699]","[73,52,58,47,56,48,44,48,71,66]","[73,0,58,0,56,48,0,0,71,66]","[[29.1139,0.5207999999999942]]","[4958]","[]","[]","1","[]","[]","[]","[]","horizontal","","","",""
"","","","","","horizons-trial","84","5468399","0.0-80.0","","","","","","","10","[55,64,44,58,50,65,38,53,55,49]","[60,57,69,54,67,43,51,62,66,47]","""2023-10-26T12:22:08.767Z""","[1,1,0,0]","0","1","1","60","52","52","60","8","0","0","[""arrowright"",""arrowright"",""arrowleft"",""arrowleft"",""arrowright"",""arrowright"",""arrowleft"",""arrowleft"",""arrowright"",""arrowleft""]","[1643,516,454,366,432,2360,487,348,512,579]","[60,57,44,58,67,43,38,53,66,49]","[60,0,0,58,67,0,0,0,66,49]","[[29.4304,0]]","[4463]","[]","[]","1","[]","[]","[]","[]","horizontal","","","",""
"","","","","","horizons-trial","85","5479864","0.0-81.0","","","","","","","5","[51,73,69,68,67]","[55,51,50,64,47]","""2023-10-26T12:22:20.231Z""","[1,0,0,1]","0","0","0","60","52","60","52","8","0","0","[""arrowright"",""arrowleft"",""arrowleft"",""arrowright"",""arrowright""]","[2595,474,846,646,2079]","[55,73,69,64,47]","[55,73,69,0,0]","[[100,50]]","[4158]","[]","[]","1","[]","[]","[]","[]","horizontal","","","",""
"","","","","","horizons-trial","86","5491842","0.0-82.0","","","","","","","10","[31,32,16,19,28,33,27,36,31,25]","[53,57,69,63,57,74,58,75,55,60]","""2023-10-26T12:22:32.210Z""","[1,1,1,0]","1","1","1","60","30","30","60","30","0","0","[""arrowright"",""arrowright"",""arrowright"",""arrowleft"",""arrowright"",""arrowright"",""arrowright"",""arrowleft"",""arrowright"",""arrowright""]","[1400,432,604,475,392,1292,693,775,330,352]","[53,57,69,19,57,74,58,36,55,60]","[53,57,69,0,57,74,58,0,55,60]","[[32.5949,0.5207999999999942]]","[4316]","[]","[]","1","[]","[]","[]","[]","horizontal","","","",""
"","","","","","horizons-trial","87","5500194","0.0-83.0","","","","","","","5","[69,56,56,50,59]","[34,21,35,24,24]","""2023-10-26T12:22:40.562Z""","[1,0,1,0]","0","0","0","60","30","60","30","30","0","0","[""arrowright"",""arrowleft"",""arrowright"",""arrowleft"",""arrowright""]","[1040,557,415,555,451]","[34,56,35,50,24]","[0,56,0,50,0]","[[39.557,50]]","[4359]","[]","[]","1","[]","[]","[]","[]","horizontal","","","",""
"","","","","","horizons-trial","88","5508446","0.0-84.0","","","","","","","5","[45,43,47,35,53]","[35,49,45,35,27]","""2023-10-26T12:22:48.813Z""","[1,1,0,0]","0","1","0","40","44","44","40","4","0","0","[""arrowright"",""arrowright"",""arrowleft"",""arrowleft"",""arrowright""]","[1004,670,490,611,1599]","[35,49,47,35,27]","[0,49,47,35,0]","[[93.038,50]]","[3346]","[]","[]","1","[]","[]","[]","[]","horizontal","","","",""
"","","","","","horizons-trial","89","5514455","0.0-85.0","","","","","","","5","[41,51,51,52,53]","[53,36,41,48,30]","""2023-10-26T12:22:54.823Z""","[0,0,1,0]","1","1","0","40","52","52","40","12","0","0","[""arrowleft"",""arrowleft"",""arrowright"",""arrowleft"",""arrowleft""]","[1048,426,460,570,1118]","[41,51,41,52,53]","[0,51,0,52,53]","[[93.038,50]]","[1818]","[]","[]","1","[]","[]","[]","[]","horizontal","","","",""
"","","","","","horizons-trial","90","5541690","0.0-86.0","","","","","","","10","[35,35,23,36,43,30,49,50,41,39]","[44,58,32,29,42,47,35,42,44,57]","""2023-10-26T12:23:22.057Z""","[0,1,0,1]","0","0","1","40","41","40","41","1","0","0","[""arrowleft"",""arrowright"",""arrowleft"",""arrowright"",""arrowleft"",""arrowleft"",""arrowright"",""arrowright"",""arrowleft"",""arrowright""]","[5972,444,1327,561,1197,1836,365,328,448,366]","[35,58,23,29,43,30,35,42,41,57]","[0,58,0,0,43,0,0,0,0,57]","[[92.0886,90.79861]]","[13154]","[]","[]","1","[]","[]","[]","[]","horizontal","","","",""
"","","","","","horizons-trial","91","5550626","0.0-87.0","","","","","","","10","[61,44,52,33,51,63,53,40,40,53]","[63,60,61,54,52,60,73,55,72,65]","""2023-10-26T12:23:30.994Z""","[0,1,1,0]","0","1","1","60","48","48","60","12","0","0","[""arrowleft"",""arrowright"",""arrowright"",""arrowleft"",""arrowleft"",""arrowright"",""arrowleft"",""arrowright"",""arrowright"",""arrowleft""]","[1226,397,385,403,265,1534,416,315,139,369]","[61,60,61,33,51,60,53,55,72,53]","[0,60,61,0,0,0,0,55,72,0]","[[79.7468,77.2569]]","[2481]","[]","[]","1","[]","[]","[]","[]","horizontal","","","",""
"","","","","","horizons-trial","92","5557276","0.0-88.0","","","","","","","5","[72,57,71,66,64]","[37,51,38,66,54]","""2023-10-26T12:23:37.643Z""","[1,0,1,0]","0","0","0","60","48","60","48","12","0","0","[""arrowright"",""arrowleft"",""arrowright"",""arrowleft"",""arrowright""]","[1629,348,325,294,358]","[37,57,38,66,54]","[0,57,0,66,0]","[[84.4937,50]]","[2920]","[]","[]","1","[]","[]","[]","[]","horizontal","","","",""
"","","","","","horizons-trial","93","5563700","0.0-89.0","","","","","","","5","[56,55,54,33,46]","[38,41,50,50,40]","""2023-10-26T12:23:44.068Z""","[1,1,1,0]","1","1","0","40","48","48","40","8","0","0","[""arrowright"",""arrowright"",""arrowright"",""arrowleft"",""arrowright""]","[928,708,893,454,279]","[38,41,50,33,40]","[0,0,0,0,0]","[[76.5823,50]]","[2241]","[]","[]","1","[]","[]","[]","[]","horizontal","","","",""
"","","","","","horizons-trial","94","5576218","0.0-90.0","","","","","","","10","[42,48,46,58,35,32,35,36,35,36]","[45,43,55,29,34,39,35,56,35,33]","""2023-10-26T12:23:56.585Z""","[1,0,1,0]","0","0","1","40","42","40","42","2","0","0","[""arrowright"",""arrowleft"",""arrowright"",""arrowleft"",""arrowleft"",""arrowleft"",""arrowleft"",""arrowright"",""arrowleft"",""arrowright""]","[2156,907,384,387,1764,1325,344,380,391,511]","[45,48,55,58,35,32,35,56,35,33]","[45,48,55,58,35,0,35,56,35,0]","[[14.2405,75.8681]]","[3008]","[]","[]","1","[]","[]","[]","[]","horizontal","","","",""
"","","","","","horizons-trial","95","5583850","0.0-91.0","","","","","","","5","[55,35,45,42,51]","[45,43,29,27,50]","""2023-10-26T12:24:04.218Z""","[0,0,1,0]","1","1","0","40","42","42","40","2","0","0","[""arrowleft"",""arrowleft"",""arrowright"",""arrowleft"",""arrowright""]","[1226,673,1095,342,332]","[55,35,29,42,50]","[55,0,0,42,0]","[[27.5316,50]]","[2953]","[]","[]","1","[]","[]","[]","[]","horizontal","","","",""
"","","","","","horizons-trial","96","5590275","0.0-92.0","","","","","","","5","[42,47,43,38,38]","[69,80,80,70,70]","""2023-10-26T12:24:10.643Z""","[1,0,0,1]","0","0","0","40","70","40","70","30","0","0","[""arrowright"",""arrowleft"",""arrowleft"",""arrowright"",""arrowleft""]","[1004,289,661,366,1234]","[69,47,43,70,38]","[69,0,0,70,0]","[[90.8228,50]]","[2341]","[]","[]","1","[]","[]","[]","[]","horizontal","","","",""
"","","","","","horizons-trial","97","5600682","0.0-93.0","","","","","","","10","[30,41,35,48,36,45,40,41,30,28]","[35,49,51,41,49,52,47,59,37,55]","""2023-10-26T12:24:21.050Z""","[1,1,1,0]","1","0","1","40","48","40","48","8","0","0","[""arrowright"",""arrowright"",""arrowright"",""arrowleft"",""arrowright"",""arrowleft"",""arrowright"",""arrowright"",""arrowleft"",""arrowright""]","[1408,618,451,456,434,1655,387,431,393,500]","[35,49,51,48,49,45,47,59,30,55]","[35,49,51,48,49,0,47,59,0,55]","[[80.0633,73.4375]]","[2696]","[]","[]","1","[]","[]","[]","[]","horizontal","","","",""
"","","","","","horizons-trial","98","5612480","0.0-94.0","","","","","","","10","[39,42,45,48,50,31,27,37,50,54]","[43,29,51,31,32,46,43,34,37,49]","""2023-10-26T12:24:32.848Z""","[0,1,1,1]","1","0","1","40","41","40","41","1","0","0","[""arrowleft"",""arrowright"",""arrowright"",""arrowright"",""arrowleft"",""arrowleft"",""arrowright"",""arrowright"",""arrowright"",""arrowleft""]","[1044,437,432,812,482,1726,395,306,414,613]","[39,29,51,31,50,31,43,34,37,54]","[0,0,51,0,50,0,43,0,0,54]","[[32.2785,1.2152999999999992]]","[4168]","[]","[]","1","[]","[]","[]","[]","horizontal","","","",""
"","","","","","horizons-trial","99","5625216","0.0-95.0","","","","","","","10","[76,67,58,59,56,64,68,55,51,43]","[65,60,51,61,51,64,52,65,72,70]","""2023-10-26T12:24:45.584Z""","[0,0,1,1]","0","0","1","60","59","60","59","1","0","0","[""arrowleft"",""arrowleft"",""arrowright"",""arrowright"",""arrowleft"",""arrowright"",""arrowleft"",""arrowright"",""arrowright"",""arrowright""]","[1652,407,408,381,889,1092,280,247,248,304]","[76,67,51,61,56,64,68,65,72,70]","[76,67,0,61,56,64,68,65,72,70]","[[72.7848,59.8958]]","[5966]","[]","[]","1","[]","[]","[]","[]","horizontal","","","",""
"","","","","","horizons-trial","100","5639144","0.0-96.0","","","","","","","10","[45,34,48,25,39,31,45,20,25,42]","[41,55,57,54,52,49,59,51,61,43]","""2023-10-26T12:24:59.512Z""","[1,1,0,0]","0","0","1","40","52","40","52","12","0","0","[""arrowright"",""arrowright"",""arrowleft"",""arrowleft"",""arrowright"",""arrowleft"",""arrowright"",""arrowright"",""arrowleft"",""arrowright""]","[3657,486,565,451,441,2179,445,203,1183,432]","[41,55,48,25,52,31,59,51,25,43]","[0,55,0,0,52,0,59,51,0,43]","[[76.2658,62.3264]]","[2966]","[]","[]","1","[]","[]","[]","[]","horizontal","","","",""
"","","","","","horizons-trial","101","5646777","0.0-97.0","","","","","","","5","[36,34,38,49,30]","[65,63,64,59,72]","""2023-10-26T12:25:07.145Z""","[0,1,1,1]","1","0","0","40","60","40","60","20","0","0","[""arrowleft"",""arrowright"",""arrowright"",""arrowright"",""arrowleft""]","[820,367,604,893,1553]","[36,63,64,59,30]","[0,63,64,59,0]","[[97.4684,50]]","[2288]","[]","[]","1","[]","[]","[]","[]","horizontal","","","",""
"","","","","","horizons-trial","102","5653519","0.0-98.0","","","","","","","5","[70,75,73,68,71]","[46,41,48,28,23]","""2023-10-26T12:25:13.886Z""","[0,1,0,1]","0","1","0","40","70","70","40","30","0","0","[""arrowleft"",""arrowright"",""arrowleft"",""arrowright"",""arrowleft""]","[1025,230,290,305,2158]","[70,41,73,28,71]","[70,0,73,0,71]","[[99.0506,50]]","[1738]","[]","[]","1","[]","[]","[]","[]","horizontal","","","",""
"","","","","","horizons-trial","103","5662827","0.0-99.0","","","","","","","10","[46,63,58,33,60,57,43,60,56,59]","[60,56,63,48,56,50,66,56,56,70]","""2023-10-26T12:25:23.195Z""","[1,1,1,0]","1","1","1","60","52","52","60","8","0","0","[""arrowright"",""arrowright"",""arrowright"",""arrowleft"",""arrowright"",""arrowright"",""arrowleft"",""arrowleft"",""arrowright"",""arrowright""]","[1536,404,381,438,336,1192,306,177,224,408]","[60,56,63,33,56,50,43,60,56,70]","[60,0,63,0,0,0,0,60,56,70]","[[83.5443,72.7431]]","[2937]","[]","[]","1","[]","[]","[]","[]","horizontal","","","",""
"","","","","","horizons-trial","104","5674436","0.0-100.0","","","","","","","10","[40,54,42,36,38,45,52,41,40,28]","[44,51,26,40,27,38,45,57,49,43]","""2023-10-26T12:25:34.803Z""","[1,0,1,1]","1","0","1","40","42","40","42","2","0","0","[""arrowright"",""arrowleft"",""arrowright"",""arrowright"",""arrowleft"",""arrowright"",""arrowleft"",""arrowleft"",""arrowright"",""arrowright""]","[1929,847,350,406,435,1269,406,151,223,1432]","[44,54,26,40,38,38,52,41,49,43]","[44,54,0,40,38,0,52,0,49,43]","[[14.557,75.1736]]","[3188]","[]","[]","1","[]","[]","[]","[]","horizontal","","","",""
"","","","","","horizons-trial","105","5682955","0.0-101.0","","","","","","","5","[71,59,48,45,65]","[46,44,48,48,55]","""2023-10-26T12:25:43.323Z""","[1,1,0,1]","1","0","0","60","48","60","48","12","0","0","[""arrowright"",""arrowright"",""arrowleft"",""arrowright"",""arrowright""]","[1227,435,400,303,253]","[46,44,48,48,55]","[0,0,48,48,0]","[[96.2025,50]]","[4868]","[]","[]","1","[]","[]","[]","[]","horizontal","","","",""
"","","","","","horizons-trial","106","5691016","0.0-102.0","","","","","","","5","[47,59,54,59,66]","[59,66,52,43,55]","""2023-10-26T12:25:51.384Z""","[1,0,0,1]","0","1","0","60","58","58","60","2","0","0","[""arrowright"",""arrowleft"",""arrowleft"",""arrowright"",""arrowright""]","[1139,577,488,218,282]","[59,59,54,43,55]","[59,0,54,0,0]","[[69.6203,50]]","[4803]","[]","[]","1","[]","[]","[]","[]","horizontal","","","",""
"","","","","","horizons-trial","107","5696980","0.0-103.0","","","","","","","5","[80,61,49,53,50]","[50,55,75,72,66]","""2023-10-26T12:25:57.347Z""","[0,1,1,1]","1","1","0","60","59","59","60","1","0","0","[""arrowleft"",""arrowright"",""arrowright"",""arrowright"",""arrowright""]","[994,324,356,752,332]","[80,55,75,72,66]","[80,0,75,72,66]","[[94.9367,50]]","[2521]","[]","[]","1","[]","[]","[]","[]","horizontal","","","",""
"","","","","","horizons-trial","108","5706888","0.0-104.0","","","","","","","10","[31,36,25,18,16,38,37,34,22,18]","[67,66,60,60,53,72,53,74,67,45]","""2023-10-26T12:26:07.255Z""","[0,1,0,1]","0","1","1","60","30","30","60","30","0","0","[""arrowleft"",""arrowright"",""arrowleft"",""arrowright"",""arrowright"",""arrowright"",""arrowleft"",""arrowleft"",""arrowright"",""arrowright""]","[884,1708,626,541,179,1508,306,392,225,167]","[31,66,25,60,53,72,37,34,67,45]","[0,66,0,60,53,72,0,0,67,45]","[[76.5823,55.7292]]","[2372]","[]","[]","1","[]","[]","[]","[]","horizontal","","","",""
"","","","","","horizons-trial","109","5713880","0.0-105.0","","","","","","","5","[63,56,53,57,53]","[48,55,50,67,72]","""2023-10-26T12:26:14.247Z""","[1,0,1,1]","1","1","0","60","58","58","60","2","0","0","[""arrowright"",""arrowleft"",""arrowright"",""arrowright"",""arrowright""]","[1354,571,416,138,626]","[48,56,50,67,72]","[0,56,0,67,72]","[[82.9114,50]]","[3004]","[]","[]","1","[]","[]","[]","[]","horizontal","","","",""
"","","","","","horizons-trial","110","5722412","0.0-106.0","","","","","","","10","[32,60,40,45,42,49,50,55,43,37]","[58,65,57,59,51,65,58,61,60,66]","""2023-10-26T12:26:22.780Z""","[1,1,0,1]","1","1","1","60","48","48","60","12","0","0","[""arrowright"",""arrowright"",""arrowleft"",""arrowright"",""arrowright"",""arrowleft"",""arrowright"",""arrowright"",""arrowright"",""arrowright""]","[1262,417,398,411,178,1169,254,155,330,766]","[58,65,40,59,51,49,58,61,60,66]","[58,65,0,59,51,0,58,61,60,66]","[[77.5316,41.1458]]","[2291]","[]","[]","1","[]","[]","[]","[]","horizontal","","","",""
"","","","","","horizons-trial","111","5730285","0.0-107.0","","","","","","","10","[27,49,38,23,33,46,37,46,33,32]","[45,53,25,36,47,34,35,43,52,51]","""2023-10-26T12:26:30.652Z""","[1,0,1,1]","1","1","1","40","41","41","40","1","0","0","[""arrowright"",""arrowleft"",""arrowright"",""arrowright"",""arrowright"",""arrowleft"",""arrowright"",""arrowright"",""arrowleft"",""arrowright""]","[1214,449,368,194,159,1354,269,136,443,494]","[45,49,25,36,47,46,35,43,33,51]","[45,0,0,36,47,46,0,0,0,51]","[[77.5316,41.1458]]","[1931]","[]","[]","1","[]","[]","[]","[]","horizontal","","","",""
"","","","","","horizons-trial","112","5738027","0.0-108.0","","","","","","","5","[26,36,52,47,37]","[51,46,38,62,44]","""2023-10-26T12:26:38.394Z""","[0,0,1,0]","1","0","0","40","48","40","48","8","0","0","[""arrowleft"",""arrowleft"",""arrowright"",""arrowleft"",""arrowright""]","[876,469,1216,575,347]","[26,36,38,47,44]","[0,0,0,0,44]","[[80.0633,50]]","[3258]","[]","[]","1","[]","[]","[]","[]","horizontal","","","",""
"","","","","","horizons-trial","113","5744099","0.0-109.0","","","","","","","5","[56,33,41,39,61]","[31,37,33,40,37]","""2023-10-26T12:26:44.466Z""","[1,1,1,0]","1","1","0","40","44","44","40","4","0","0","[""arrowright"",""arrowright"",""arrowright"",""arrowleft"",""arrowleft""]","[1001,1035,433,454,156]","[31,37,33,39,61]","[0,37,0,0,61]","[[86.7089,50]]","[2412]","[]","[]","1","[]","[]","[]","[]","horizontal","","","",""
"","","","","","horizons-trial","114","5749347","0.0-110.0","","","","","","","5","[56,59,58,58,44]","[50,45,58,39,41]","""2023-10-26T12:26:49.715Z""","[1,0,0,1]","0","0","0","60","40","60","40","20","0","0","[""arrowright"",""arrowleft"",""arrowleft"",""arrowright"",""arrowright""]","[1185,469,412,412,445]","[50,59,58,39,41]","[0,59,58,0,0]","[[86.7089,50]]","[1471]","[]","[]","1","[]","[]","[]","[]","horizontal","","","",""
"","","","","","horizons-trial","115","5755417","0.0-111.0","","","","","","","5","[51,42,45,31,64]","[44,58,51,58,55]","""2023-10-26T12:26:55.784Z""","[1,0,0,0]","1","1","0","60","40","40","60","20","0","0","[""arrowright"",""arrowleft"",""arrowleft"",""arrowleft"",""arrowright""]","[1377,469,601,738,462]","[44,42,45,31,55]","[0,0,0,0,0]","[[86.7089,50]]","[1484]","[]","[]","1","[]","[]","[]","[]","horizontal","","","",""
"","","","","","horizons-trial","116","5760671","0.0-112.0","","","","","","","5","[51,66,56,54,69]","[26,25,31,37,47]","""2023-10-26T12:27:01.039Z""","[0,1,0,1]","0","1","0","40","60","60","40","20","0","0","[""arrowleft"",""arrowright"",""arrowleft"",""arrowright"",""arrowright""]","[917,363,414,383,449]","[51,25,56,37,47]","[51,0,56,0,0]","[[86.7089,50]]","[1372]","[]","[]","1","[]","[]","[]","[]","horizontal","","","",""
"","","","","","horizons-trial","117","5770464","0.0-113.0","","","","","","","10","[57,57,62,56,78,59,63,56,61,57]","[26,35,27,29,43,32,33,39,13,26]","""2023-10-26T12:27:10.832Z""","[1,1,1,0]","1","0","1","60","30","60","30","30","0","0","[""arrowright"",""arrowright"",""arrowright"",""arrowleft"",""arrowright"",""arrowleft"",""arrowleft"",""arrowleft"",""arrowleft"",""arrowright""]","[945,472,557,428,425,1567,414,393,480,452]","[26,35,27,56,43,59,63,56,61,26]","[0,0,0,56,0,59,63,56,61,0]","[[16.1392,71.35419999999999]]","[2619]","[]","[]","1","[]","[]","[]","[]","horizontal","","","",""
"","","","","","horizons-trial","118","5777619","0.0-114.0","","","","","","","5","[51,61,44,59,46]","[56,63,58,75,57]","""2023-10-26T12:27:17.987Z""","[1,1,0,1]","1","1","0","60","56","56","60","4","0","0","[""arrowright"",""arrowright"",""arrowleft"",""arrowright"",""arrowright""]","[1156,479,291,536,1249]","[56,63,44,75,57]","[56,63,0,75,57]","[[98.7342,50]]","[2647]","[]","[]","1","[]","[]","[]","[]","horizontal","","","",""
"","","","","","horizons-trial","119","5791896","0.0-115.0","","","","","","","10","[62,63,62,62,50,52,49,75,62,48]","[44,54,64,66,61,66,53,52,37,45]","""2023-10-26T12:27:32.264Z""","[1,0,1,0]","0","0","1","60","56","60","56","4","0","0","[""arrowright"",""arrowleft"",""arrowright"",""arrowleft"",""arrowright"",""arrowright"",""arrowright"",""arrowright"",""arrowright"",""arrowright""]","[1042,425,349,583,4248,1465,346,334,390,461]","[44,63,64,62,61,66,53,52,37,45]","[0,63,64,0,61,66,53,0,0,0]","[[86.7089,52.9514]]","[3715]","[]","[]","1","[]","[]","[]","[]","horizontal","","","",""
"","","","","","horizons-trial","120","5800784","0.0-116.0","","","","","","","10","[38,34,41,48,32,32,31,51,35,37]","[53,55,56,65,48,50,58,53,55,44]","""2023-10-26T12:27:41.152Z""","[1,1,1,0]","1","1","1","60","40","40","60","20","0","0","[""arrowright"",""arrowright"",""arrowright"",""arrowleft"",""arrowright"",""arrowleft"",""arrowleft"",""arrowleft"",""arrowright"",""arrowright""]","[1030,444,419,456,388,1508,237,210,260,212]","[53,55,56,48,48,32,31,51,55,44]","[53,55,56,0,48,0,0,0,55,44]","[[20.2532,60.2431]]","[2748]","[]","[]","1","[]","[]","[]","[]","horizontal","","","",""
"","","","","","horizons-trial","121","5810040","0.0-117.0","","","","","","","10","[66,62,63,83,65,57,72,77,69,80]","[34,45,37,37,42,29,47,37,34,27]","""2023-10-26T12:27:50.407Z""","[0,0,0,1]","1","1","1","40","70","70","40","30","0","0","[""arrowleft"",""arrowleft"",""arrowleft"",""arrowright"",""arrowright"",""arrowleft"",""arrowright"",""arrowright"",""arrowright"",""arrowright""]","[943,369,447,434,270,1270,314,198,161,145]","[66,62,63,37,42,57,47,37,34,27]","[66,62,63,0,0,57,0,0,0,0]","[[13.2911,22.395799999999994]]","[3731]","[]","[]","1","[]","[]","[]","[]","horizontal","","","",""
"","","","","","horizons-trial","122","5822349","0.0-118.0","","","","","","","10","[51,29,34,55,22,28,37,34,32,48]","[54,43,30,27,32,42,51,35,30,44]","""2023-10-26T12:28:02.717Z""","[0,0,1,0]","1","1","1","40","42","42","40","2","0","0","[""arrowleft"",""arrowleft"",""arrowright"",""arrowleft"",""arrowright"",""arrowright"",""arrowleft"",""arrowleft"",""arrowright"",""arrowright""]","[2740,423,431,422,532,1105,216,352,80,249]","[51,29,30,55,32,42,37,34,30,44]","[0,0,0,55,32,42,0,0,0,0]","[[25.3165,48.0903]]","[4769]","[]","[]","1","[]","[]","[]","[]","horizontal","","","",""
"","","","","","horizons-trial","123","5829687","0.0-119.0","","","","","","","5","[47,35,39,62,43]","[50,42,54,28,44]","""2023-10-26T12:28:10.055Z""","[1,0,1,1]","1","0","0","40","42","40","42","2","0","0","[""arrowright"",""arrowleft"",""arrowright"",""arrowright"",""arrowleft""]","[1189,231,148,244,1647]","[50,35,54,28,43]","[50,0,54,0,0]","[[96.2025,50]]","[3296]","[]","[]","1","[]","[]","[]","[]","horizontal","","","",""
"","","","","","survey-html-form","124","5841637","0.0-120.0","11945","{""comments"":"" Looked at the difference between the scores""}","","","","","","","","","","","","","","","","","","","","","","","","","","","","","","","","","","","","",""
"","","","","","survey-html-form","125","5846342","0.0-121.0","4703","{""comments"":"" none""}","","","","","","","","","","","","","","","","","","","","","","","","","","","","","","","","","","","","",""
"","","","","","survey-html-form","126","5858918","0.0-122.0","12573","{""comments"":"" looked at the nummbers""}","","","","","","","","","","","","","","","","","","","","","","","","","","","","","","","","","","","","",""
"","","","","","survey-html-form","127","5862140","0.0-123.0","3221","{""comments"":"" no""}","","","","","","","","","","","","","","","","","","","","","","","","","","","","","","","","","","","","","[{""event"":""fullscreenenter"",""trial"":2,""time"":11743}]"
