"success","timeout","failed_images","failed_audio","failed_video","trial_type","trial_index","time_elapsed","internal_node_id","rt","response","view_history","task","stimulus","question_order","horizon","rewards_L","rewards_R","date","forced_choices","r_info","r_side","r_h","r_mean","r_otherMean","r_mean_L","r_mean_R","r_difference","confidence_immediate_overall","confidence_question_order","key_presses","response_times","outcomes","outcomes_counted_points","confidence","confidence_rt","confidence_2","confidence_2_rt","screen_resolution","belief_confidence_1","belief_confidence_2","belief_confidence_3","belief_confidence_4","immediate_judgement_orientation","phase","responses","num_errors","interactions"
"true","false","[]","[]","[]","preload","0","857","0.0-0.0","","","","","","","","","","","","","","","","","","","","","","","","","","","","","","","","","","","","","","",""
"","","","","","survey-html-form","1","7025","0.0-1.0","6162","{""comments"":""637fcee60a8378c1c3a65898""}","","","","","","","","","","","","","","","","","","","","","","","","","","","","","","","","","","","","",""
"true","","","","","fullscreen","2","9379","0.0-2.0","","","","","","","","","","","","","","","","","","","","","","","","","","","","","","","","","","","","","","",""
"","","","","","instructions","3","355696","0.0-3.0","346308","","[{""page_index"":0,""viewing_time"":201708},{""page_index"":1,""viewing_time"":76623},{""page_index"":2,""viewing_time"":11964},{""page_index"":3,""viewing_time"":31592},{""page_index"":4,""viewing_time"":19004},{""page_index"":5,""viewing_time"":5412}]","Consent","","","","","","","","","","","","","","","","","","","","","","","","","","","","","","","","","","",""
"","","","","","html-button-response","4","368917","0.0-4.0","13213","0","","","<p>Declaration of consent for study participation:</p>
            <ul>
                <li> I was informed about the study 'Metacognition in a bandit task', its course, meaning, scope and risks, and I have read and understood the study information.</li>
                <li> I had the opportunity to clarify all open questions. </li>
                <li> I have the right to request further information about the study at any time.</li>
                <li> I voluntarily agree to participate in the study described in the study information provided.</li>
                <li> I have been informed that I may withdraw from this study at any time without incurring any disadvantage.</li>
            </ul>","","","","","","","","","","","","","","","","","","","","","","","","","","","","","","","","","",""
"","","","","","survey-multi-choice","5","393500","0.0-5.0","24570","{""firstDataProtectionQ"":""yes"",""secondDataProtectionQ"":""yes"",""thirdDataProtectionQ"":""yes"",""fourthDataProtectionQ"":""yes""}","","","","[0,1,2,3]","","","","","","","","","","","","","","","","","","","","","","","","","","","","","","","","",""
"","","","","","instructions","6","596000","0.0-6.0-0.0","202487","","[{""page_index"":0,""viewing_time"":4514},{""page_index"":1,""viewing_time"":8624},{""page_index"":2,""viewing_time"":14368},{""page_index"":3,""viewing_time"":40016},{""page_index"":4,""viewing_time"":25336},{""page_index"":5,""viewing_time"":5000},{""page_index"":6,""viewing_time"":8864},{""page_index"":7,""viewing_time"":11264},{""page_index"":8,""viewing_time"":14259},{""page_index"":9,""viewing_time"":19292},{""page_index"":10,""viewing_time"":41672},{""page_index"":11,""viewing_time"":9276}]","","","","","","","","","","","","","","","","","","","","","","","","","","","","","","","","","","","",""
"","","","","","horizons-trial","7","644710","0.0-6.0-1.0","","","","","","","5","[44,57,74,72,62]","[31,33,24,39,29]","""2023-09-15T15:05:04.272Z""","[1,0,1,1]","","","","","","","","","0","","[""arrowright"",""arrowleft"",""arrowright"",""arrowright"",""arrowleft""]","[2376,1172,2192,1729,5581]","[31,57,24,39,62]","[0,57,0,0,62]","[[50,22.227900000000005]]","[]","[]","[]","1","[]","[]","[]","[]","vertical","practice","","",""
"","","","","","horizons-trial","8","705380","0.0-6.0-2.0","","","","","","","10","[64,50,57,35,52,38,44,61,39,38]","[70,69,76,71,75,58,81,84,57,61]","""2023-09-15T15:06:04.942Z""","[0,0,1,1]","","","","","","","","","1","","[""arrowleft"",""arrowleft"",""arrowright"",""arrowright"",""arrowleft"",""arrowright"",""arrowleft"",""arrowleft"",""arrowright"",""arrowleft""]","[2850,870,800,1587,3708,4346,2720,1724,2523,1555]","[64,50,76,71,52,58,44,61,57,38]","[0,0,76,71,0,58,0,0,57,0]","[[0,0]]","[]","[]","[]","1","[]","[]","[]","[]","vertical","practice","","",""
"","","","","","instructions","9","761492","0.0-6.0-3.0","56100","","[{""page_index"":0,""viewing_time"":3606},{""page_index"":1,""viewing_time"":38285},{""page_index"":2,""viewing_time"":6092},{""page_index"":3,""viewing_time"":8116}]","","","","","","","","","","","","","","","","","","","","","","","","","","","","","","","","","","","",""
"","","","","","horizons-comprehension","10","811579","0.0-6.0-4.0","50077.199999999255","","","","","","","","","","","","","","","","","","","","","","","","","","","","","","","","","","","","[""true"",""false"",""false"",""true""]","1",""
"","","","","","instructions","11","931836","0.0-6.1-0.1","114385","","[{""page_index"":0,""viewing_time"":6052},{""page_index"":1,""viewing_time"":4492},{""page_index"":2,""viewing_time"":9260},{""page_index"":3,""viewing_time"":28888},{""page_index"":4,""viewing_time"":16151},{""page_index"":5,""viewing_time"":3012},{""page_index"":6,""viewing_time"":3192},{""page_index"":7,""viewing_time"":2759},{""page_index"":8,""viewing_time"":3649},{""page_index"":9,""viewing_time"":25208},{""page_index"":10,""viewing_time"":9484},{""page_index"":11,""viewing_time"":2236}]","","","","","","","","","","","","","","","","","","","","","","","","","","","","","","","","","","","",""
"","","","","","horizons-trial","12","959209","0.0-6.1-1.1","","","","","","","5","[44,57,74,72,62]","[31,33,24,39,29]","""2023-09-15T15:10:18.771Z""","[1,0,1,1]","","","","","","","","","0","","[""arrowright"",""arrowleft"",""arrowright"",""arrowright"",""arrowleft""]","[6532,1074,3070,1417,2289]","[31,57,24,39,62]","[0,57,0,0,62]","[[50,62.1634]]","[]","[]","[]","1","[]","[]","[]","[]","vertical","practice","","",""
"","","","","","horizons-trial","13","989082","0.0-6.1-2.1","","","","","","","10","[64,50,57,35,52,38,44,61,39,38]","[70,69,76,71,75,58,81,84,57,61]","""2023-09-15T15:10:48.645Z""","[0,0,1,1]","","","","","","","","","1","","[""arrowleft"",""arrowleft"",""arrowright"",""arrowright"",""arrowright"",""arrowright"",""arrowright"",""arrowright"",""arrowright"",""arrowright""]","[1579,818,570,874,2464,2062,1233,1249,1768,1245]","[64,50,76,71,75,58,81,84,57,61]","[0,0,76,71,75,58,81,84,57,61]","[[35.6806,48.905]]","[]","[]","[]","1","[]","[]","[]","[]","vertical","practice","","",""
"","","","","","instructions","14","1000000","0.0-6.1-3.1","10907","","[{""page_index"":0,""viewing_time"":2271},{""page_index"":1,""viewing_time"":4652},{""page_index"":2,""viewing_time"":2284},{""page_index"":3,""viewing_time"":1699}]","","","","","","","","","","","","","","","","","","","","","","","","","","","","","","","","","","","",""
"","","","","","horizons-comprehension","15","1029448","0.0-6.1-4.1","29439.60000000149","","","","","","","","","","","","","","","","","","","","","","","","","","","","","","","","","","","","[""true"",""true"",""true"",""true""]","1",""
"","","","","","instructions","16","1118733","0.0-6.2-0.2","60660","","[{""page_index"":0,""viewing_time"":1255},{""page_index"":1,""viewing_time"":736},{""page_index"":2,""viewing_time"":2636},{""page_index"":3,""viewing_time"":9236},{""page_index"":4,""viewing_time"":9404},{""page_index"":5,""viewing_time"":1752},{""page_index"":6,""viewing_time"":2151},{""page_index"":7,""viewing_time"":3264},{""page_index"":8,""viewing_time"":3453},{""page_index"":9,""viewing_time"":13436},{""page_index"":10,""viewing_time"":10496},{""page_index"":11,""viewing_time"":2840}]","","","","","","","","","","","","","","","","","","","","","","","","","","","","","","","","","","","",""
"","","","","","horizons-trial","17","1135945","0.0-6.2-1.2","","","","","","","5","[44,57,74,72,62]","[31,33,24,39,29]","""2023-09-15T15:13:15.507Z""","[1,0,1,1]","","","","","","","","","0","","[""arrowright"",""arrowleft"",""arrowright"",""arrowright"",""arrowleft""]","[2600,797,1027,687,1131]","[31,57,24,39,62]","[0,57,0,0,62]","[[50,48.4315]]","[]","[]","[]","1","[]","[]","[]","[]","vertical","practice","","",""
"","","","","","horizons-trial","18","1154979","0.0-6.2-2.2","","","","","","","10","[64,50,57,35,52,38,44,61,39,38]","[70,69,76,71,75,58,81,84,57,61]","""2023-09-15T15:13:34.542Z""","[0,0,1,1]","","","","","","","","","1","","[""arrowleft"",""arrowleft"",""arrowright"",""arrowright"",""arrowright"",""arrowright"",""arrowright"",""arrowright"",""arrowright"",""arrowright""]","[1852,1238,562,588,900,1192,796,744,759,919]","[64,50,76,71,75,58,81,84,57,61]","[0,0,76,71,75,58,81,84,57,61]","[[46.9039,61.6898]]","[]","[]","[]","1","[]","[]","[]","[]","vertical","practice","","",""
"","","","","","instructions","19","1170756","0.0-6.2-3.2","15766","","[{""page_index"":0,""viewing_time"":1780},{""page_index"":1,""viewing_time"":11721},{""page_index"":2,""viewing_time"":1248},{""page_index"":3,""viewing_time"":1016}]","","","","","","","","","","","","","","","","","","","","","","","","","","","","","","","","","","","",""
"","","","","","horizons-comprehension","20","1177380","0.0-6.2-4.2","6615.5","","","","","","","","","","","","","","","","","","","","","","","","","","","","","","","","","","","","[""true"",""true"",""false"",""true""]","0",""
"","","","","","instructions","21","1180152","0.0-7.0","2753","","[{""page_index"":0,""viewing_time"":2753}]","","","","","","","","","","","","","","","","","","","","","","","","","","","","","","","","","","","",""
"","","","","","horizons-trial","22","1219761","0.0-8.0","","","","","","","10","[36,46,26,41,44,36,46,33,63,38]","[45,36,47,36,48,48,45,40,52,42]","""2023-09-15T15:14:39.323Z""","[1,1,0,0]","0","1","1","40","42","42","40","2","0","0","[""arrowright"",""arrowright"",""arrowleft"",""arrowleft"",""arrowright"",""arrowleft"",""arrowright"",""arrowright"",""arrowleft"",""arrowleft""]","[1811,1077,1563,1478,4337,3126,1385,2286,1444,1458]","[45,36,26,41,48,36,45,40,63,38]","[45,0,0,41,48,0,0,40,63,0]","[[0,0]]","[]","[]","[]","1","[]","[]","[]","[]","vertical","","","",""
"","","","","","horizons-trial","23","1246912","0.0-9.0","","","","","","","10","[60,49,42,63,52,49,49,41,65,43]","[55,58,45,56,48,45,51,62,59,81]","""2023-09-15T15:15:06.475Z""","[0,1,1,1]","1","1","1","60","52","52","60","8","0","0","[""arrowleft"",""arrowright"",""arrowright"",""arrowright"",""arrowleft"",""arrowleft"",""arrowright"",""arrowleft"",""arrowright"",""arrowright""]","[1507,1019,624,1246,889,1093,3465,1683,1011,2662]","[60,58,45,56,52,49,51,41,59,81]","[60,58,45,0,52,49,51,0,0,81]","[[4.71972,10.076899999999995]]","[]","[]","[]","1","[]","[]","[]","[]","vertical","","","",""
"","","","","","horizons-trial","24","1262697","0.0-10.0","","","","","","","5","[57,66,67,46,51]","[45,48,47,51,43]","""2023-09-15T15:15:22.260Z""","[1,1,0,1]","1","0","0","60","48","60","48","12","0","0","[""arrowright"",""arrowright"",""arrowleft"",""arrowright"",""arrowleft""]","[1281,723,1036,1774,1889]","[45,48,67,51,51]","[0,0,67,51,51]","[[50,4.868300000000005]]","[]","[]","[]","1","[]","[]","[]","[]","vertical","","","",""
"","","","","","horizons-trial","25","1279846","0.0-11.0","","","","","","","5","[42,46,42,41,45]","[43,38,57,26,46]","""2023-09-15T15:15:39.408Z""","[1,0,1,0]","0","0","0","40","44","40","44","4","0","0","[""arrowright"",""arrowleft"",""arrowright"",""arrowleft"",""arrowright""]","[1194,758,833,1300,3479]","[43,46,57,41,46]","[43,46,57,41,46]","[[50,14.3386]]","[]","[]","[]","1","[]","[]","[]","[]","vertical","","","",""
"","","","","","horizons-trial","26","1302989","0.0-12.0","","","","","","","10","[55,54,51,43,52,59,61,48,51,56]","[39,47,25,33,33,33,57,41,40,36]","""2023-09-15T15:16:02.551Z""","[0,0,1,1]","0","1","1","40","52","52","40","12","0","0","[""arrowleft"",""arrowleft"",""arrowright"",""arrowright"",""arrowleft"",""arrowleft"",""arrowleft"",""arrowleft"",""arrowleft"",""arrowleft""]","[1585,645,621,1039,3901,2267,1762,734,974,2466]","[55,54,25,33,52,59,61,48,51,56]","[55,54,0,0,52,59,61,48,51,56]","[[45.3559,47.958]]","[]","[]","[]","1","[]","[]","[]","[]","vertical","","","",""
"","","","","","horizons-trial","27","1326286","0.0-13.0","","","","","","","10","[53,65,57,58,58,56,53,61,64,53]","[50,53,52,48,54,56,56,56,56,49]","""2023-09-15T15:16:25.849Z""","[0,1,1,1]","1","0","1","60","52","60","52","8","0","0","[""arrowleft"",""arrowright"",""arrowright"",""arrowright"",""arrowleft"",""arrowright"",""arrowleft"",""arrowleft"",""arrowleft"",""arrowleft""]","[2130,671,765,673,2140,966,1009,3620,783,939]","[53,53,52,48,58,56,53,61,64,53]","[53,0,0,0,58,56,0,61,64,53]","[[2.01064,1.5537000000000063]]","[]","[]","[]","1","[]","[]","[]","[]","vertical","","","",""
"","","","","","horizons-trial","28","1340729","0.0-14.0","","","","","","","5","[66,55,68,64,56]","[57,55,59,59,47]","""2023-09-15T15:16:40.292Z""","[1,0,0,1]","0","1","0","60","59","59","60","1","0","0","[""arrowright"",""arrowleft"",""arrowleft"",""arrowright"",""arrowleft""]","[963,796,601,641,2528]","[57,55,68,59,56]","[0,55,68,0,56]","[[50,40.3818]]","[]","[]","[]","1","[]","[]","[]","[]","vertical","","","",""
"","","","","","horizons-trial","29","1353016","0.0-15.0","","","","","","","5","[18,33,31,41,35]","[46,66,49,58,67]","""2023-09-15T15:16:52.579Z""","[1,0,0,1]","0","1","0","60","30","30","60","30","0","0","[""arrowright"",""arrowleft"",""arrowleft"",""arrowright"",""arrowright""]","[1042,693,683,714,2507]","[46,33,31,58,67]","[46,0,0,58,67]","[[50,61.2163]]","[]","[]","[]","1","[]","[]","[]","[]","vertical","","","",""
"","","","","","horizons-trial","30","1371205","0.0-16.0","","","","","","","10","[46,45,52,34,41,49,34,50,53,38]","[32,32,43,34,40,38,45,27,24,56]","""2023-09-15T15:17:10.768Z""","[0,1,1,1]","1","1","1","40","44","44","40","4","0","0","[""arrowleft"",""arrowright"",""arrowright"",""arrowright"",""arrowleft"",""arrowright"",""arrowleft"",""arrowright"",""arrowleft"",""arrowleft""]","[981,577,500,526,1226,1376,1600,803,1872,1995]","[46,32,43,34,41,38,34,27,53,38]","[46,0,0,34,41,0,0,0,53,0]","[[0,0.1332000000000022]]","[]","[]","[]","1","[]","[]","[]","[]","vertical","","","",""
"","","","","","horizons-trial","31","1383754","0.0-17.0","","","","","","","5","[70,53,60,60,63]","[56,45,59,67,52]","""2023-09-15T15:17:23.317Z""","[1,1,1,0]","1","1","0","60","59","59","60","1","0","0","[""arrowright"",""arrowright"",""arrowright"",""arrowleft"",""arrowleft""]","[1036,763,828,681,1757]","[56,45,59,60,63]","[0,0,0,0,63]","[[50,9.603399999999993]]","[]","[]","[]","1","[]","[]","[]","[]","vertical","","","",""
"","","","","","horizons-trial","32","1404978","0.0-18.0","","","","","","","10","[42,34,43,47,37,43,34,39,43,35]","[44,34,35,42,21,26,38,33,41,57]","""2023-09-15T15:17:44.541Z""","[0,1,1,1]","1","1","1","40","42","42","40","2","0","0","[""arrowleft"",""arrowright"",""arrowright"",""arrowright"",""arrowleft"",""arrowright"",""arrowright"",""arrowleft"",""arrowleft"",""arrowright""]","[1069,804,750,830,1282,1703,1717,2844,1170,2376]","[42,34,35,42,37,26,38,39,43,57]","[0,34,0,0,37,0,38,39,43,57]","[[4.71972,7.235900000000001]]","[]","[]","[]","1","[]","[]","[]","[]","vertical","","","",""
"","","","","","horizons-trial","33","1416372","0.0-19.0","","","","","","","5","[40,48,57,44,56]","[36,57,48,31,55]","""2023-09-15T15:17:55.935Z""","[1,0,0,0]","1","1","0","40","48","48","40","8","0","0","[""arrowright"",""arrowleft"",""arrowleft"",""arrowleft"",""arrowleft""]","[859,485,977,656,1916]","[36,48,57,44,56]","[0,0,57,44,56]","[[50,50.7991]]","[]","[]","[]","1","[]","[]","[]","[]","vertical","","","",""
"","","","","","horizons-trial","34","1428641","0.0-20.0","","","","","","","5","[48,58,39,31,39]","[64,62,63,52,52]","""2023-09-15T15:18:08.204Z""","[0,0,1,1]","0","1","0","60","40","40","60","20","0","0","[""arrowleft"",""arrowleft"",""arrowright"",""arrowright"",""arrowleft""]","[3620,778,705,627,1789]","[48,58,63,52,39]","[0,0,63,52,0]","[[50,38.9612]]","[]","[]","[]","1","[]","[]","[]","[]","vertical","","","",""
"","","","","","horizons-trial","35","1440353","0.0-21.0","","","","","","","5","[47,46,51,40,55]","[45,35,35,34,40]","""2023-09-15T15:18:19.916Z""","[1,0,1,0]","0","1","0","40","52","52","40","12","0","0","[""arrowright"",""arrowleft"",""arrowright"",""arrowleft"",""arrowleft""]","[1254,519,621,1014,2941]","[45,46,35,40,55]","[0,46,0,40,55]","[[50,22.3883]]","[]","[]","[]","1","[]","[]","[]","[]","vertical","","","",""
"","","","","","horizons-trial","36","1467442","0.0-22.0","","","","","","","10","[35,43,38,40,32,27,45,48,35,42]","[40,59,45,35,41,49,43,38,54,48]","""2023-09-15T15:18:47.004Z""","[0,1,1,0]","0","0","1","40","44","40","44","4","0","0","[""arrowleft"",""arrowright"",""arrowright"",""arrowleft"",""arrowleft"",""arrowright"",""arrowright"",""arrowright"",""arrowright"",""arrowright""]","[1071,756,1052,998,2795,2187,4020,1510,2571,1914]","[35,59,45,40,32,49,43,38,54,48]","[0,59,45,40,0,49,0,0,54,48]","[[0,0]]","[]","[]","[]","1","[]","[]","[]","[]","vertical","","","",""
"","","","","","horizons-trial","37","1483483","0.0-23.0","","","","","","","10","[52,61,34,43,43,45,38,41,40,49]","[29,36,38,30,28,46,35,36,43,43]","""2023-09-15T15:19:03.045Z""","[1,0,1,0]","0","1","1","40","44","44","40","4","0","0","[""arrowright"",""arrowleft"",""arrowright"",""arrowleft"",""arrowleft"",""arrowleft"",""arrowleft"",""arrowright"",""arrowleft"",""arrowleft""]","[1132,561,1526,813,904,904,1764,1052,685,541]","[29,61,38,43,43,45,38,36,40,49]","[0,61,38,43,43,0,38,0,0,49]","[[21.3612,23.808800000000005]]","[]","[]","[]","1","[]","[]","[]","[]","vertical","","","",""
"","","","","","horizons-trial","38","1501196","0.0-24.0","","","","","","","10","[60,52,68,58,65,62,55,73,62,61]","[50,45,48,34,38,53,37,64,35,59]","""2023-09-15T15:19:20.758Z""","[0,0,1,0]","1","0","1","60","40","60","40","20","0","0","[""arrowleft"",""arrowleft"",""arrowright"",""arrowleft"",""arrowright"",""arrowleft"",""arrowleft"",""arrowleft"",""arrowleft"",""arrowleft""]","[1347,873,689,796,4610,918,934,1274,688,762]","[60,52,48,58,38,62,55,73,62,61]","[60,52,0,58,0,62,55,73,62,61]","[[28.3274,37.0672]]","[]","[]","[]","1","[]","[]","[]","[]","vertical","","","",""
"","","","","","horizons-trial","39","1530551","0.0-25.0","","","","","","","10","[42,21,29,39,31,31,50,30,39,35]","[49,57,45,48,68,67,61,53,63,67]","""2023-09-15T15:19:50.113Z""","[1,0,0,1]","0","1","1","60","40","40","60","20","0","0","[""arrowright"",""arrowleft"",""arrowleft"",""arrowright"",""arrowright"",""arrowright"",""arrowright"",""arrowright"",""arrowright"",""arrowright""]","[904,746,804,728,819,1366,482,466,584,695]","[49,21,29,48,68,67,61,53,63,67]","[49,0,0,48,68,67,61,53,63,67]","[[80.9609,35.173100000000005]]","[]","[]","[]","1","[]","[]","[]","[]","vertical","","","",""
"","","","","","horizons-trial","40","1543789","0.0-26.0","","","","","","","5","[45,50,46,56,58]","[46,74,57,44,60]","""2023-09-15T15:20:03.351Z""","[0,0,1,0]","1","1","0","60","48","48","60","12","0","0","[""arrowleft"",""arrowleft"",""arrowright"",""arrowleft"",""arrowright""]","[714,560,549,626,4926]","[45,50,57,56,60]","[0,0,57,56,60]","[[50,18.6002]]","[]","[]","[]","1","[]","[]","[]","[]","vertical","","","",""
"","","","","","horizons-trial","41","1557096","0.0-27.0","","","","","","","5","[37,40,27,31,50]","[73,70,76,76,66]","""2023-09-15T15:20:16.658Z""","[1,0,1,1]","1","0","0","40","70","40","70","30","0","0","[""arrowright"",""arrowleft"",""arrowright"",""arrowright"",""arrowright""]","[1046,679,827,800,1532]","[73,40,76,76,66]","[73,0,76,76,66]","[[50,75.8952]]","[]","[]","[]","1","[]","[]","[]","[]","vertical","","","",""
"","","","","","horizons-trial","42","1579771","0.0-28.0","","","","","","","10","[63,61,60,62,53,51,64,64,47,50]","[68,65,70,61,65,59,67,68,46,63]","""2023-09-15T15:20:39.334Z""","[1,1,0,0]","0","1","1","60","56","56","60","4","0","0","[""arrowright"",""arrowright"",""arrowleft"",""arrowleft"",""arrowleft"",""arrowright"",""arrowleft"",""arrowright"",""arrowright"",""arrowleft""]","[1237,461,536,607,2261,3310,2463,953,1409,1638]","[68,65,60,62,53,59,64,68,46,50]","[68,65,0,62,0,59,0,68,0,0]","[[2.39765,3.9213000000000022]]","[]","[]","[]","1","[]","[]","[]","[]","vertical","","","",""
"","","","","","horizons-trial","43","1599438","0.0-29.0","","","","","","","10","[44,52,31,42,24,43,44,31,36,39]","[51,49,55,48,41,39,46,45,47,51]","""2023-09-15T15:20:59.001Z""","[0,0,0,1]","1","0","1","40","52","40","52","12","0","0","[""arrowleft"",""arrowleft"",""arrowleft"",""arrowright"",""arrowright"",""arrowright"",""arrowleft"",""arrowleft"",""arrowright"",""arrowright""]","[801,527,809,569,3169,832,951,1680,970,1635]","[44,52,31,48,41,39,44,31,47,51]","[0,52,0,48,41,0,0,0,47,51]","[[4.71972,4.394800000000004]]","[]","[]","[]","1","[]","[]","[]","[]","vertical","","","",""
"","","","","","horizons-trial","44","1611551","0.0-30.0","","","","","","","5","[57,53,49,59,69]","[58,60,57,55,55]","""2023-09-15T15:21:11.115Z""","[0,1,1,0]","0","0","0","60","56","60","56","4","0","0","[""arrowleft"",""arrowright"",""arrowright"",""arrowleft"",""arrowright""]","[851,1080,680,1130,2592]","[57,60,57,59,55]","[0,60,57,59,0]","[[50,6.288799999999995]]","[]","[]","[]","1","[]","[]","[]","[]","vertical","","","",""
"","","","","","horizons-trial","45","1628824","0.0-31.0","","","","","","","5","[37,27,43,36,47]","[52,60,43,56,48]","""2023-09-15T15:21:28.386Z""","[1,0,1,0]","0","0","0","40","52","40","52","12","0","0","[""arrowright"",""arrowleft"",""arrowright"",""arrowleft"",""arrowright""]","[1148,491,951,1299,974]","[52,27,43,36,48]","[52,0,43,0,48]","[[50,60.7428]]","[]","[]","[]","1","[]","[]","[]","[]","vertical","","","",""
"","","","","","horizons-trial","46","1642976","0.0-32.0","","","","","","","5","[64,45,69,66,71]","[36,44,57,40,50]","""2023-09-15T15:21:42.539Z""","[0,1,1,1]","1","1","0","40","60","60","40","20","0","0","[""arrowleft"",""arrowright"",""arrowright"",""arrowright"",""arrowleft""]","[934,747,631,635,3212]","[64,44,57,40,71]","[64,0,0,0,71]","[[50,23.335300000000004]]","[]","[]","[]","1","[]","[]","[]","[]","vertical","","","",""
"","","","","","horizons-trial","47","1671524","0.0-33.0","","","","","","","10","[57,62,63,71,60,54,69,70,43,68]","[53,51,54,46,65,47,54,47,45,63]","""2023-09-15T15:22:11.087Z""","[1,0,0,1]","0","0","1","60","52","60","52","8","0","0","[""arrowright"",""arrowleft"",""arrowleft"",""arrowright"",""arrowleft"",""arrowleft"",""arrowleft"",""arrowleft"",""arrowleft"",""arrowleft""]","[986,493,629,511,1967,2155,789,858,794,1564]","[53,62,63,46,60,54,69,70,43,68]","[0,62,63,0,0,54,69,70,0,68]","[[59.2883,33.2791]]","[]","[]","[]","1","[]","[]","[]","[]","vertical","","","",""
"","","","","","horizons-trial","48","1681680","0.0-34.0","","","","","","","5","[54,44,64,58,49]","[51,40,41,50,48]","""2023-09-15T15:22:21.243Z""","[1,1,0,1]","1","0","0","60","52","60","52","8","0","0","[""arrowright"",""arrowright"",""arrowleft"",""arrowright"",""arrowleft""]","[1267,514,523,815,2182]","[51,40,64,50,49]","[0,0,64,0,49]","[[50,23.808800000000005]]","[]","[]","[]","1","[]","[]","[]","[]","vertical","","","",""
"","","","","","horizons-trial","49","1701774","0.0-35.0","","","","","","","10","[62,54,67,57,68,40,52,60,50,66]","[60,53,61,65,72,58,78,54,50,51]","""2023-09-15T15:22:41.337Z""","[0,0,1,0]","1","1","1","60","59","59","60","1","0","0","[""arrowleft"",""arrowleft"",""arrowright"",""arrowleft"",""arrowright"",""arrowright"",""arrowright"",""arrowright"",""arrowright"",""arrowright""]","[1184,530,600,596,1593,1394,1299,1068,713,1965]","[62,54,61,57,72,58,78,54,50,51]","[62,54,0,0,72,58,78,0,50,0]","[[26.7793,14.812100000000001]]","[]","[]","[]","1","[]","[]","[]","[]","vertical","","","",""
"","","","","","horizons-trial","50","1722528","0.0-36.0","","","","","","","10","[50,56,43,46,54,44,44,38,40,38]","[44,52,28,48,37,38,38,43,49,51]","""2023-09-15T15:23:02.091Z""","[1,0,1,0]","0","1","1","40","48","48","40","8","0","0","[""arrowright"",""arrowleft"",""arrowright"",""arrowleft"",""arrowleft"",""arrowleft"",""arrowright"",""arrowleft"",""arrowleft"",""arrowleft""]","[1011,591,844,873,2026,3098,1533,611,970,993]","[44,56,28,46,54,44,38,38,40,38]","[0,56,0,0,54,44,0,0,0,0]","[[29.4884,16.232600000000005]]","[]","[]","[]","1","[]","[]","[]","[]","vertical","","","",""
"","","","","","horizons-trial","51","1733878","0.0-37.0","","","","","","","5","[63,71,84,60,68]","[59,50,61,49,55]","""2023-09-15T15:23:13.441Z""","[0,0,1,0]","1","0","0","60","56","60","56","4","0","0","[""arrowleft"",""arrowleft"",""arrowright"",""arrowleft"",""arrowright""]","[791,467,592,628,2689]","[63,71,61,60,55]","[63,71,0,60,0]","[[50,1.5537000000000063]]","[]","[]","[]","1","[]","[]","[]","[]","vertical","","","",""
"","","","","","horizons-trial","52","1754724","0.0-38.0","","","","","","","10","[55,64,45,62,50,43,54,46,56,44]","[57,56,68,68,59,63,58,68,53,53]","""2023-09-15T15:23:34.286Z""","[0,1,0,1]","0","1","1","60","52","52","60","8","0","0","[""arrowleft"",""arrowright"",""arrowleft"",""arrowright"",""arrowleft"",""arrowright"",""arrowright"",""arrowleft"",""arrowright"",""arrowright""]","[2640,551,616,768,2571,3054,1849,994,585,1158]","[55,56,45,68,50,63,58,46,53,53]","[0,0,0,68,0,63,58,0,0,53]","[[0,0]]","[]","[]","[]","1","[]","[]","[]","[]","vertical","","","",""
"","","","","","horizons-trial","53","1769386","0.0-39.0","","","","","","","5","[30,41,42,29,40]","[27,51,45,45,40]","""2023-09-15T15:23:48.948Z""","[0,0,1,0]","1","1","0","40","44","44","40","4","0","0","[""arrowleft"",""arrowleft"",""arrowright"",""arrowleft"",""arrowright""]","[882,652,981,1144,3382]","[30,41,45,29,40]","[30,0,45,0,40]","[[50,24.282300000000006]]","[]","[]","[]","1","[]","[]","[]","[]","vertical","","","",""
"","","","","","horizons-trial","54","1780513","0.0-40.0","","","","","","","5","[54,32,31,46,39]","[31,42,32,44,42]","""2023-09-15T15:24:00.076Z""","[0,0,1,0]","1","1","0","40","42","42","40","2","0","0","[""arrowleft"",""arrowleft"",""arrowright"",""arrowleft"",""arrowleft""]","[1497,665,403,521,1864]","[54,32,32,46,39]","[54,0,32,46,0]","[[50,23.808800000000005]]","[]","[]","[]","1","[]","[]","[]","[]","vertical","","","",""
"","","","","","horizons-trial","55","1801570","0.0-41.0","","","","","","","5","[49,50,39,26,38]","[46,45,43,33,37]","""2023-09-15T15:24:21.133Z""","[0,1,1,0]","0","1","0","40","44","44","40","4","0","0","[""arrowleft"",""arrowright"",""arrowright"",""arrowleft"",""arrowright""]","[1718,634,588,684,3387]","[49,45,43,26,37]","[49,0,43,0,0]","[[50,22.3883]]","[]","[]","[]","1","[]","[]","[]","[]","vertical","","","",""
"","","","","","horizons-trial","56","1820840","0.0-42.0","","","","","","","10","[64,51,34,33,54,42,34,42,35,39]","[53,28,33,39,47,28,53,55,36,37]","""2023-09-15T15:24:40.403Z""","[1,1,0,0]","0","1","1","40","41","41","40","1","0","0","[""arrowright"",""arrowright"",""arrowleft"",""arrowleft"",""arrowright"",""arrowright"",""arrowleft"",""arrowright"",""arrowright"",""arrowright""]","[943,587,501,686,4816,1617,832,681,711,926]","[53,28,34,33,47,28,34,55,36,37]","[0,0,34,0,0,0,0,55,36,0]","[[19.0391,6.288799999999995]]","[]","[]","[]","1","[]","[]","[]","[]","vertical","","","",""
"","","","","","horizons-trial","57","1859864","0.0-43.0","","","","","","","10","[81,68,69,63,67,72,77,68,72,66]","[44,26,28,42,36,40,40,35,42,34]","""2023-09-15T15:25:19.426Z""","[0,0,1,0]","1","1","1","40","70","70","40","30","0","0","[""arrowleft"",""arrowleft"",""arrowright"",""arrowleft"",""arrowleft"",""arrowleft"",""arrowleft"",""arrowleft"",""arrowleft"",""arrowleft""]","[1113,673,1006,791,796,1488,602,487,648,1136]","[81,68,28,63,67,72,77,68,72,66]","[81,68,0,63,67,72,77,68,72,66]","[[92.9582,21.4413]]","[]","[]","[]","1","[]","[]","[]","[]","vertical","","","",""
"","","","","","horizons-trial","58","1882878","0.0-44.0","","","","","","","10","[59,33,44,50,29,46,45,42,53,56]","[25,42,33,33,26,49,55,36,32,41]","""2023-09-15T15:25:42.441Z""","[0,0,1,0]","1","1","1","40","48","48","40","8","0","0","[""arrowleft"",""arrowleft"",""arrowright"",""arrowleft"",""arrowleft"",""arrowright"",""arrowright"",""arrowright"",""arrowleft"",""arrowleft""]","[1047,645,811,904,3543,1295,1381,1464,3247,1021]","[59,33,33,50,29,49,55,36,53,56]","[59,0,0,50,29,49,55,0,53,56]","[[22.9092,14.812100000000001]]","[]","[]","[]","1","[]","[]","[]","[]","vertical","","","",""
"","","","","","horizons-trial","59","1893089","0.0-45.0","","","","","","","5","[65,58,63,50,68]","[70,66,60,72,49]","""2023-09-15T15:25:52.652Z""","[0,1,1,1]","1","1","0","60","52","52","60","8","0","0","[""arrowleft"",""arrowright"",""arrowright"",""arrowright"",""arrowright""]","[809,559,654,1578,1733]","[65,66,60,72,49]","[0,66,0,72,0]","[[50,59.7958]]","[]","[]","[]","1","[]","[]","[]","[]","vertical","","","",""
"","","","","","horizons-trial","60","1906722","0.0-46.0","","","","","","","5","[65,59,51,70,52]","[49,68,63,67,62]","""2023-09-15T15:26:06.285Z""","[1,1,0,0]","0","1","0","60","56","56","60","4","0","0","[""arrowright"",""arrowright"",""arrowleft"",""arrowleft"",""arrowleft""]","[982,615,569,652,4859]","[49,68,51,70,52]","[0,68,0,70,0]","[[50,24.755799999999994]]","[]","[]","[]","1","[]","[]","[]","[]","vertical","","","",""
"","","","","","horizons-trial","61","1921293","0.0-47.0","","","","","","","5","[72,71,80,59,55]","[48,54,42,45,47]","""2023-09-15T15:26:20.856Z""","[0,1,0,0]","1","1","0","40","70","70","40","30","0","0","[""arrowleft"",""arrowright"",""arrowleft"",""arrowleft"",""arrowleft""]","[1136,466,510,869,7388]","[72,54,80,59,55]","[72,0,80,59,55]","[[50,50.3255]]","[]","[]","[]","1","[]","[]","[]","[]","vertical","","","",""
"","","","","","horizons-trial","62","1946728","0.0-48.0","","","","","","","10","[74,67,53,55,65,52,67,55,65,64]","[6,31,24,23,45,22,12,37,37,37]","""2023-09-15T15:26:46.290Z""","[1,1,0,0]","0","0","1","60","30","60","30","30","0","0","[""arrowright"",""arrowright"",""arrowleft"",""arrowleft"",""arrowleft"",""arrowleft"",""arrowright"",""arrowleft"",""arrowleft"",""arrowleft""]","[1273,2059,1510,2297,930,1513,1636,518,571,710]","[6,31,53,55,65,52,12,55,65,64]","[0,0,53,55,65,52,0,55,65,64]","[[72.0596,20.967699999999994]]","[]","[]","[]","1","[]","[]","[]","[]","vertical","","","",""
"","","","","","horizons-trial","63","1966388","0.0-49.0","","","","","","","10","[66,64,46,66,75,60,75,65,68,59]","[51,38,36,42,41,40,35,35,18,39]","""2023-09-15T15:27:05.951Z""","[0,0,0,1]","1","1","1","40","60","60","40","20","0","0","[""arrowleft"",""arrowleft"",""arrowleft"",""arrowright"",""arrowright"",""arrowleft"",""arrowleft"",""arrowleft"",""arrowleft"",""arrowleft""]","[741,490,794,795,2263,3444,1034,1061,813,859]","[66,64,46,42,41,60,75,65,68,59]","[66,64,46,0,0,60,75,65,68,59]","[[0.075588,2.0271999999999935]]","[]","[]","[]","1","[]","[]","[]","[]","vertical","","","",""
"","","","","","horizons-trial","64","1991016","0.0-50.0","","","","","","","10","[61,55,61,55,72,71,51,71,86,69]","[51,57,65,55,49,67,53,41,60,61]","""2023-09-15T15:27:30.579Z""","[0,0,1,1]","0","0","1","60","59","60","59","1","0","0","[""arrowleft"",""arrowleft"",""arrowright"",""arrowright"",""arrowright"",""arrowleft"",""arrowleft"",""arrowleft"",""arrowleft"",""arrowleft""]","[1029,554,518,572,3276,3086,651,724,762,914]","[61,55,65,55,49,71,51,71,86,69]","[61,0,65,55,0,71,0,71,86,69]","[[10.9119,12.918000000000006]]","[]","[]","[]","1","[]","[]","[]","[]","vertical","","","",""
"","","","","","horizons-trial","65","2008053","0.0-51.0","","","","","","","10","[59,60,70,71,60,67,52,62,49,57]","[69,71,67,61,52,52,48,61,64,61]","""2023-09-15T15:27:47.615Z""","[1,1,0,0]","0","1","1","60","59","59","60","1","0","0","[""arrowright"",""arrowright"",""arrowleft"",""arrowleft"",""arrowleft"",""arrowright"",""arrowleft"",""arrowleft"",""arrowleft"",""arrowleft""]","[782,470,512,485,3353,1874,649,975,1597,1022]","[69,71,70,71,60,52,52,62,49,57]","[69,71,70,71,60,0,52,62,0,0]","[[0.84961,2.0271999999999935]]","[]","[]","[]","1","[]","[]","[]","[]","vertical","","","",""
"","","","","","horizons-trial","66","2040782","0.0-52.0","","","","","","","10","[36,50,43,39,35,44,29,29,44,35]","[45,53,61,37,48,53,36,34,50,30]","""2023-09-15T15:28:20.345Z""","[0,0,0,1]","1","0","1","40","44","40","44","4","0","0","[""arrowleft"",""arrowleft"",""arrowleft"",""arrowright"",""arrowleft"",""arrowleft"",""arrowleft"",""arrowleft"",""arrowright"",""arrowright""]","[754,999,716,672,2563,1780,1021,1295,2349,1387]","[36,50,43,37,35,44,29,29,50,30]","[0,0,0,0,0,0,0,0,50,0]","[[61.9973,11.971000000000004]]","[]","[]","[]","1","[]","[]","[]","[]","vertical","","","",""
"","","","","","horizons-trial","67","2062596","0.0-53.0","","","","","","","10","[37,53,37,25,44,51,67,42,46,33]","[67,75,51,53,65,46,57,46,55,63]","""2023-09-15T15:28:42.159Z""","[0,1,0,1]","0","1","1","60","48","48","60","12","0","0","[""arrowleft"",""arrowright"",""arrowleft"",""arrowright"",""arrowright"",""arrowright"",""arrowright"",""arrowright"",""arrowright"",""arrowright""]","[1322,625,1252,1106,1881,1646,1872,802,823,1426]","[37,75,37,53,65,46,57,46,55,63]","[0,75,0,53,65,0,0,46,55,63]","[[72.4466,31.385000000000005]]","[]","[]","[]","1","[]","[]","[]","[]","vertical","","","",""
"","","","","","horizons-trial","68","2079821","0.0-54.0","","","","","","","5","[34,40,35,46,41]","[48,44,57,40,33]","""2023-09-15T15:28:59.384Z""","[0,0,1,0]","1","0","0","40","42","40","42","2","0","0","[""arrowleft"",""arrowleft"",""arrowright"",""arrowleft"",""arrowright""]","[888,677,713,2303,2404]","[34,40,57,46,33]","[0,0,57,46,0]","[[50,48.905]]","[]","[]","[]","1","[]","[]","[]","[]","vertical","","","",""
"","","","","","horizons-trial","69","2090795","0.0-55.0","","","","","","","5","[60,28,57,37,69]","[33,38,40,40,31]","""2023-09-15T15:29:10.357Z""","[1,1,0,0]","0","1","0","40","48","48","40","8","0","0","[""arrowright"",""arrowright"",""arrowleft"",""arrowleft"",""arrowleft""]","[1393,1169,1024,608,1584]","[33,38,57,37,69]","[0,38,57,0,69]","[[50,42.7493]]","[]","[]","[]","1","[]","[]","[]","[]","vertical","","","",""
"","","","","","horizons-trial","70","2113576","0.0-56.0","","","","","","","10","[39,59,37,42,41,31,44,48,49,41]","[69,74,56,55,60,67,68,67,66,66]","""2023-09-15T15:29:33.139Z""","[0,0,1,1]","0","0","1","40","70","40","70","30","0","0","[""arrowleft"",""arrowleft"",""arrowright"",""arrowright"",""arrowright"",""arrowright"",""arrowright"",""arrowright"",""arrowright"",""arrowright""]","[941,624,734,650,1920,1218,774,753,656,1081]","[39,59,56,55,60,67,68,67,66,66]","[0,0,56,55,60,67,68,67,66,66]","[[41.0987,17.6532]]","[]","[]","[]","1","[]","[]","[]","[]","vertical","","","",""
"","","","","","horizons-trial","71","2133149","0.0-57.0","","","","","","","10","[36,29,35,39,35,22,32,43,30,26]","[51,40,51,47,65,56,59,60,50,51]","""2023-09-15T15:29:52.711Z""","[1,1,0,0]","0","1","1","60","30","30","60","30","0","0","[""arrowright"",""arrowright"",""arrowleft"",""arrowleft"",""arrowright"",""arrowright"",""arrowright"",""arrowright"",""arrowright"",""arrowright""]","[955,879,1053,963,1800,3771,568,521,537,868]","[51,40,35,39,65,56,59,60,50,51]","[51,40,0,0,65,56,59,60,50,51]","[[51.548,25.7029]]","[]","[]","[]","1","[]","[]","[]","[]","vertical","","","",""
"","","","","","horizons-trial","72","2148864","0.0-58.0","","","","","","","10","[33,25,32,33,31,8,43,26,25,35]","[63,56,55,52,62,50,56,49,80,56]","""2023-09-15T15:30:08.426Z""","[0,1,0,0]","1","1","1","60","30","30","60","30","0","0","[""arrowleft"",""arrowright"",""arrowleft"",""arrowleft"",""arrowright"",""arrowright"",""arrowright"",""arrowright"",""arrowright"",""arrowright""]","[992,641,870,657,1374,950,2666,1392,803,626]","[33,56,32,33,62,50,56,49,80,56]","[0,56,0,0,62,50,56,49,80,56]","[[57.3532,12.444500000000005]]","[]","[]","[]","1","[]","[]","[]","[]","vertical","","","",""
"","","","","","horizons-trial","73","2168169","0.0-59.0","","","","","","","10","[61,42,52,64,45,58,60,64,47,63]","[55,65,69,53,65,67,68,62,58,66]","""2023-09-15T15:30:27.731Z""","[1,0,1,1]","1","1","1","60","56","56","60","4","0","0","[""arrowright"",""arrowleft"",""arrowright"",""arrowright"",""arrowright"",""arrowright"",""arrowright"",""arrowright"",""arrowright"",""arrowright""]","[734,638,893,937,1879,1398,906,427,764,888]","[55,42,69,53,65,67,68,62,58,66]","[0,0,69,0,65,67,68,0,58,66]","[[13.234,12.918000000000006]]","[]","[]","[]","1","[]","[]","[]","[]","vertical","","","",""
"","","","","","horizons-trial","74","2191174","0.0-60.0","","","","","","","10","[63,64,58,47,68,57,60,64,48,60]","[45,55,58,50,56,39,64,55,67,73]","""2023-09-15T15:30:50.737Z""","[0,0,0,1]","1","0","1","60","56","60","56","4","0","0","[""arrowleft"",""arrowleft"",""arrowleft"",""arrowright"",""arrowleft"",""arrowleft"",""arrowleft"",""arrowleft"",""arrowleft"",""arrowleft""]","[1092,502,739,862,1510,1354,1129,988,709,1030]","[63,64,58,50,68,57,60,64,48,60]","[63,64,58,50,68,57,0,64,0,0]","[[42.2598,11.024000000000001]]","[]","[]","[]","1","[]","[]","[]","[]","vertical","","","",""
"","","","","","horizons-trial","75","2211371","0.0-61.0","","","","","","","10","[77,57,69,74,78,60,91,76,63,84]","[38,52,37,31,35,52,47,39,36,50]","""2023-09-15T15:31:10.934Z""","[0,1,1,0]","0","1","1","40","70","70","40","30","0","0","[""arrowleft"",""arrowright"",""arrowright"",""arrowleft"",""arrowleft"",""arrowleft"",""arrowleft"",""arrowleft"",""arrowleft"",""arrowleft""]","[1108,661,1679,1025,1596,900,857,551,550,694]","[77,52,37,74,78,60,91,76,63,84]","[77,0,0,74,78,60,91,76,63,84]","[[57.7402,81.5774]]","[]","[]","[]","1","[]","[]","[]","[]","vertical","","","",""
"","","","","","horizons-trial","76","2233716","0.0-62.0","","","","","","","10","[46,44,39,32,24,41,41,57,42,49]","[52,37,55,42,42,41,40,56,38,40]","""2023-09-15T15:31:33.279Z""","[0,1,1,1]","1","0","1","40","48","40","48","8","0","0","[""arrowleft"",""arrowright"",""arrowright"",""arrowright"",""arrowleft"",""arrowright"",""arrowright"",""arrowright"",""arrowright"",""arrowright""]","[660,491,616,1212,4075,2083,818,874,663,995]","[46,37,55,42,24,41,40,56,38,40]","[0,0,55,42,0,41,0,0,0,0]","[[1.23662,0]]","[]","[]","[]","1","[]","[]","[]","[]","vertical","","","",""
"","","","","","horizons-trial","77","2247728","0.0-63.0","","","","","","","5","[47,42,40,43,29]","[35,25,40,31,30]","""2023-09-15T15:31:47.291Z""","[1,1,0,0]","0","1","0","40","42","42","40","2","0","0","[""arrowright"",""arrowright"",""arrowleft"",""arrowleft"",""arrowleft""]","[1044,664,579,798,1226]","[35,25,40,43,29]","[0,0,40,43,0]","[[50,59.3223]]","[]","[]","[]","1","[]","[]","[]","[]","vertical","","","",""
"","","","","","horizons-trial","78","2261967","0.0-64.0","","","","","","","5","[63,45,72,60,51]","[48,62,64,64,49]","""2023-09-15T15:32:01.530Z""","[1,1,1,0]","1","0","0","60","58","60","58","2","0","0","[""arrowright"",""arrowright"",""arrowright"",""arrowleft"",""arrowright""]","[1201,556,661,587,3570]","[48,62,64,60,49]","[0,62,0,0,0]","[[50,9.603399999999993]]","[]","[]","[]","1","[]","[]","[]","[]","vertical","","","",""
"","","","","","horizons-trial","79","2275624","0.0-65.0","","","","","","","5","[74,54,68,48,62]","[62,59,58,52,51]","""2023-09-15T15:32:15.187Z""","[0,1,1,0]","0","0","0","60","59","60","59","1","0","0","[""arrowleft"",""arrowright"",""arrowright"",""arrowleft"",""arrowleft""]","[773,676,739,615,6629]","[74,59,58,48,62]","[74,59,0,0,62]","[[50,43.2228]]","[]","[]","[]","1","[]","[]","[]","[]","vertical","","","",""
"","","","","","horizons-trial","80","2290550","0.0-66.0","","","","","","","5","[32,38,49,35,36]","[71,56,56,62,68]","""2023-09-15T15:32:30.113Z""","[0,1,0,1]","0","0","0","40","60","40","60","20","0","0","[""arrowleft"",""arrowright"",""arrowleft"",""arrowright"",""arrowright""]","[1398,2297,753,804,2094]","[32,56,49,62,68]","[0,56,0,62,68]","[[50,65.0044]]","[]","[]","[]","1","[]","[]","[]","[]","vertical","","","",""
"","","","","","horizons-trial","81","2304063","0.0-67.0","","","","","","","5","[48,55,63,56,53]","[75,49,47,57,58]","""2023-09-15T15:32:43.626Z""","[1,1,0,1]","1","1","0","60","58","58","60","2","0","0","[""arrowright"",""arrowright"",""arrowleft"",""arrowright"",""arrowright""]","[1058,534,567,667,5151]","[75,49,63,57,58]","[75,0,63,57,58]","[[50,18.6002]]","[]","[]","[]","1","[]","[]","[]","[]","vertical","","","",""
"","","","","","horizons-trial","82","2312313","0.0-68.0","","","","","","","5","[56,49,64,49,60]","[36,29,43,32,35]","""2023-09-15T15:32:51.875Z""","[0,1,1,0]","0","0","0","60","30","60","30","30","0","0","[""arrowleft"",""arrowright"",""arrowright"",""arrowleft"",""arrowleft""]","[1102,487,456,764,1703]","[56,29,43,49,60]","[56,0,0,49,60]","[[50,37.0672]]","[]","[]","[]","1","[]","[]","[]","[]","vertical","","","",""
"","","","","","horizons-trial","83","2335303","0.0-69.0","","","","","","","10","[61,68,43,54,68,50,47,71,53,64]","[62,49,56,52,57,55,66,50,60,59]","""2023-09-15T15:33:14.865Z""","[0,0,0,1]","1","0","1","60","58","60","58","2","0","0","[""arrowleft"",""arrowleft"",""arrowleft"",""arrowright"",""arrowleft"",""arrowleft"",""arrowleft"",""arrowleft"",""arrowleft"",""arrowleft""]","[847,650,743,552,2176,1706,1284,782,739,803]","[61,68,43,52,68,50,47,71,53,64]","[0,68,0,0,68,0,0,71,0,64]","[[63.1584,18.6002]]","[]","[]","[]","1","[]","[]","[]","[]","vertical","","","",""
"","","","","","horizons-trial","84","2358508","0.0-70.0","","","","","","","10","[61,55,59,50,61,51,64,77,54,64]","[65,58,47,65,52,64,60,64,58,58]","""2023-09-15T15:33:38.071Z""","[1,0,1,0]","0","0","1","60","58","60","58","2","0","0","[""arrowright"",""arrowleft"",""arrowright"",""arrowleft"",""arrowleft"",""arrowleft"",""arrowright"",""arrowright"",""arrowright"",""arrowright""]","[1252,562,636,618,1980,1248,1697,1503,1627,1328]","[65,55,47,50,61,51,60,64,58,58]","[65,0,0,0,61,0,0,0,58,0]","[[53.8701,22.861800000000002]]","[]","[]","[]","1","[]","[]","[]","[]","vertical","","","",""
"","","","","","horizons-trial","85","2377140","0.0-71.0","","","","","","","10","[76,40,64,52,47,60,62,65,53,58]","[49,49,63,59,42,52,61,47,44,40]","""2023-09-15T15:33:56.703Z""","[1,1,1,0]","1","0","1","60","48","60","48","12","0","0","[""arrowright"",""arrowright"",""arrowright"",""arrowleft"",""arrowleft"",""arrowright"",""arrowright"",""arrowright"",""arrowright"",""arrowright""]","[1132,526,704,590,3103,2288,765,581,518,1009]","[49,49,63,52,47,52,61,47,44,40]","[0,49,0,0,47,0,0,0,0,0]","[[25.6183,15.285600000000002]]","[]","[]","[]","1","[]","[]","[]","[]","vertical","","","",""
"","","","","","horizons-trial","86","2386042","0.0-72.0","","","","","","","5","[50,42,39,46,31]","[70,58,81,67,65]","""2023-09-15T15:34:05.606Z""","[0,1,1,0]","0","0","0","40","70","40","70","30","0","0","[""arrowleft"",""arrowright"",""arrowright"",""arrowleft"",""arrowright""]","[672,716,836,669,2042]","[50,58,81,46,65]","[0,58,81,0,65]","[[50,48.4315]]","[]","[]","[]","1","[]","[]","[]","[]","vertical","","","",""
"","","","","","horizons-trial","87","2412295","0.0-73.0","","","","","","","10","[42,34,51,39,49,42,36,42,35,62]","[60,55,60,59,41,61,62,61,65,61]","""2023-09-15T15:34:31.857Z""","[0,0,1,1]","0","0","1","40","60","40","60","20","0","0","[""arrowleft"",""arrowleft"",""arrowright"",""arrowright"",""arrowright"",""arrowright"",""arrowright"",""arrowright"",""arrowright"",""arrowright""]","[1443,493,656,932,7219,1786,553,498,729,785]","[42,34,60,59,41,61,62,61,65,61]","[0,0,60,59,0,61,62,61,65,0]","[[26.0053,21.4413]]","[]","[]","[]","1","[]","[]","[]","[]","vertical","","","",""
"","","","","","horizons-trial","88","2426256","0.0-74.0","","","","","","","5","[45,38,48,48,37]","[44,48,26,29,37]","""2023-09-15T15:34:45.819Z""","[0,0,0,1]","1","0","0","40","44","40","44","4","0","0","[""arrowleft"",""arrowleft"",""arrowleft"",""arrowright"",""arrowleft""]","[817,582,1143,457,1670]","[45,38,48,29,37]","[45,0,48,0,37]","[[50,28.070400000000006]]","[]","[]","[]","1","[]","[]","[]","[]","vertical","","","",""
"","","","","","horizons-trial","89","2435370","0.0-75.0","","","","","","","5","[23,26,25,44,31]","[52,67,65,45,62]","""2023-09-15T15:34:54.933Z""","[0,0,1,0]","1","1","0","60","30","30","60","30","0","0","[""arrowleft"",""arrowleft"",""arrowright"",""arrowleft"",""arrowright""]","[737,501,523,757,2477]","[23,26,65,44,62]","[0,0,65,0,62]","[[50,63.5839]]","[]","[]","[]","1","[]","[]","[]","[]","vertical","","","",""
"","","","","","horizons-trial","90","2453406","0.0-76.0","","","","","","","10","[48,56,79,60,61,52,62,75,70,60]","[43,32,50,41,34,43,23,45,36,47]","""2023-09-15T15:35:12.969Z""","[0,1,0,1]","0","1","1","40","60","60","40","20","0","0","[""arrowleft"",""arrowright"",""arrowleft"",""arrowright"",""arrowleft"",""arrowleft"",""arrowleft"",""arrowleft"",""arrowleft"",""arrowleft""]","[2339,592,651,1315,1716,1283,546,505,612,755]","[48,32,79,41,61,52,62,75,70,60]","[48,0,79,0,61,52,62,75,70,60]","[[82.5089,38.9612]]","[]","[]","[]","1","[]","[]","[]","[]","vertical","","","",""
"","","","","","horizons-trial","91","2485910","0.0-77.0","","","","","","","10","[41,38,49,45,33,41,39,44,39,28]","[40,60,39,46,39,39,51,40,43,39]","""2023-09-15T15:35:45.473Z""","[1,1,0,0]","0","0","1","40","48","40","48","8","0","0","[""arrowright"",""arrowright"",""arrowleft"",""arrowleft"",""arrowleft"",""arrowright"",""arrowright"",""arrowright"",""arrowright"",""arrowright""]","[746,770,640,1114,4741,3763,2900,2695,816,848]","[40,60,49,45,33,39,51,40,43,39]","[0,60,49,0,0,0,51,0,43,39]","[[24.0703,55.0607]]","[]","[]","[]","1","[]","[]","[]","[]","vertical","","","",""
"","","","","","horizons-trial","92","2515849","0.0-78.0","","","","","","","10","[40,35,41,59,35,35,32,33,37,48]","[40,65,46,41,55,50,40,71,50,52]","""2023-09-15T15:36:15.412Z""","[0,0,1,1]","0","0","1","40","52","40","52","12","0","0","[""arrowleft"",""arrowleft"",""arrowright"",""arrowright"",""arrowright"",""arrowright"",""arrowright"",""arrowright"",""arrowright"",""arrowright""]","[1472,559,640,777,1546,2636,787,1317,751,1063]","[40,35,46,41,55,50,40,71,50,52]","[40,0,46,0,55,50,40,71,50,52]","[[57.7402,36.1202]]","[]","[]","[]","1","[]","[]","[]","[]","vertical","","","",""
"","","","","","horizons-trial","93","2526175","0.0-79.0","","","","","","","5","[34,41,35,42,34]","[66,48,52,52,48]","""2023-09-15T15:36:25.736Z""","[1,1,1,0]","1","0","0","40","48","40","48","8","0","0","[""arrowright"",""arrowright"",""arrowright"",""arrowleft"",""arrowright""]","[1022,631,722,1097,2555]","[66,48,52,42,48]","[66,48,52,0,48]","[[50,34.2261]]","[]","[]","[]","1","[]","[]","[]","[]","vertical","","","",""
"","","","","","horizons-trial","94","2559577","0.0-80.0","","","","","","","10","[34,29,48,37,49,45,49,49,36,37]","[53,56,61,64,49,72,68,47,57,69]","""2023-09-15T15:36:59.140Z""","[1,1,1,0]","1","0","1","40","60","40","60","20","0","0","[""arrowright"",""arrowright"",""arrowright"",""arrowleft"",""arrowright"",""arrowright"",""arrowright"",""arrowright"",""arrowright"",""arrowright""]","[1120,632,774,729,2678,1988,621,486,964,864]","[53,56,61,37,49,72,68,47,57,69]","[53,56,61,0,49,72,68,0,57,69]","[[91.4102,47.4845]]","[]","[]","[]","1","[]","[]","[]","[]","vertical","","","",""
"","","","","","horizons-trial","95","2571613","0.0-81.0","","","","","","","5","[64,71,57,49,52]","[51,59,63,60,68]","""2023-09-15T15:37:11.176Z""","[0,0,1,1]","0","1","0","60","58","58","60","2","0","0","[""arrowleft"",""arrowleft"",""arrowright"",""arrowright"",""arrowleft""]","[796,567,599,717,4153]","[64,71,63,60,52]","[64,71,63,60,0]","[[50,30.438000000000002]]","[]","[]","[]","1","[]","[]","[]","[]","vertical","","","",""
"","","","","","horizons-trial","96","2586531","0.0-82.0","","","","","","","10","[31,28,40,31,38,42,31,37,42,43]","[76,73,61,70,68,71,75,78,60,84]","""2023-09-15T15:37:26.094Z""","[1,1,0,1]","1","0","1","40","70","40","70","30","0","0","[""arrowright"",""arrowright"",""arrowleft"",""arrowright"",""arrowright"",""arrowright"",""arrowright"",""arrowright"",""arrowright"",""arrowright""]","[1168,557,473,682,1635,862,606,686,573,702]","[76,73,40,70,68,71,75,78,60,84]","[76,73,0,70,68,71,75,78,60,84]","[[75.9297,40.8553]]","[]","[]","[]","1","[]","[]","[]","[]","vertical","","","",""
"","","","","","horizons-trial","97","2612231","0.0-83.0","","","","","","","10","[45,43,63,35,54,47,69,62,54,41]","[54,67,49,63,67,60,67,59,49,67]","""2023-09-15T15:37:51.794Z""","[1,1,0,1]","1","1","1","60","48","48","60","12","0","0","[""arrowright"",""arrowright"",""arrowleft"",""arrowright"",""arrowleft"",""arrowright"",""arrowright"",""arrowright"",""arrowright"",""arrowright""]","[1128,789,719,1548,2558,6051,735,1131,3643,1048]","[54,67,63,63,54,60,67,59,49,67]","[54,67,63,63,0,60,0,0,0,67]","[[0,0]]","[]","[]","[]","1","[]","[]","[]","[]","vertical","","","",""
"","","","","","horizons-trial","98","2636143","0.0-84.0","","","","","","","10","[58,68,66,42,66,67,66,67,52,63]","[45,66,65,59,41,60,77,53,58,53]","""2023-09-15T15:38:15.706Z""","[0,1,0,0]","1","1","1","60","58","58","60","2","0","0","[""arrowleft"",""arrowright"",""arrowleft"",""arrowleft"",""arrowright"",""arrowright"",""arrowright"",""arrowright"",""arrowright"",""arrowright""]","[805,687,869,796,2368,3910,3319,875,795,813]","[58,66,66,42,41,60,77,53,58,53]","[58,0,66,0,0,0,77,0,58,0]","[[3.9457,3.9213000000000022]]","[]","[]","[]","1","[]","[]","[]","[]","vertical","","","",""
"","","","","","horizons-trial","99","2659504","0.0-85.0","","","","","","","10","[44,40,47,38,52,46,34,36,51,33]","[40,42,39,39,38,39,51,48,22,42]","""2023-09-15T15:38:39.066Z""","[0,0,1,1]","0","0","1","40","41","40","41","1","0","0","[""arrowleft"",""arrowleft"",""arrowright"",""arrowright"",""arrowleft"",""arrowleft"",""arrowleft"",""arrowright"",""arrowright"",""arrowleft""]","[702,443,620,622,1984,2378,800,969,668,924]","[44,40,39,39,52,46,34,48,22,33]","[44,0,0,39,52,46,0,48,0,0]","[[22.9092,12.918000000000006]]","[]","[]","[]","1","[]","[]","[]","[]","vertical","","","",""
"","","","","","horizons-trial","100","2675464","0.0-86.0","","","","","","","5","[63,54,61,67,78]","[49,44,56,57,52]","""2023-09-15T15:38:55.027Z""","[1,0,1,0]","0","0","0","60","52","60","52","8","0","0","[""arrowright"",""arrowleft"",""arrowright"",""arrowleft"",""arrowleft""]","[773,542,1784,1654,1907]","[49,54,56,67,78]","[0,54,0,67,78]","[[50,47.4845]]","[]","[]","[]","1","[]","[]","[]","[]","vertical","","","",""
"","","","","","horizons-trial","101","2683883","0.0-87.0","","","","","","","5","[47,41,41,44,44]","[50,43,51,57,50]","""2023-09-15T15:39:03.446Z""","[0,1,1,0]","0","0","0","40","48","40","48","8","0","0","[""arrowleft"",""arrowright"",""arrowright"",""arrowleft"",""arrowright""]","[1594,444,447,608,2350]","[47,43,51,44,50]","[0,43,51,0,50]","[[50,35.173100000000005]]","[]","[]","[]","1","[]","[]","[]","[]","vertical","","","",""
"","","","","","horizons-trial","102","2699800","0.0-88.0","","","","","","","5","[57,58,72,46,70]","[59,54,51,59,57]","""2023-09-15T15:39:19.363Z""","[0,0,0,1]","1","0","0","60","59","60","59","1","0","0","[""arrowleft"",""arrowleft"",""arrowleft"",""arrowright"",""arrowleft""]","[1077,503,654,584,1549]","[57,58,72,59,70]","[0,58,72,59,70]","[[50,52.2196]]","[]","[]","[]","1","[]","[]","[]","[]","vertical","","","",""
"","","","","","horizons-trial","103","2709875","0.0-89.0","","","","","","","5","[59,55,65,71,61]","[24,32,37,32,31]","""2023-09-15T15:39:29.438Z""","[0,0,1,0]","1","0","0","60","40","60","40","20","0","0","[""arrowleft"",""arrowleft"",""arrowright"",""arrowleft"",""arrowleft""]","[1058,569,601,801,1868]","[59,55,37,71,61]","[59,55,0,71,61]","[[50,52.6931]]","[]","[]","[]","1","[]","[]","[]","[]","vertical","","","",""
"","","","","","horizons-trial","104","2726767","0.0-90.0","","","","","","","5","[55,56,61,59,53]","[27,25,25,19,26]","""2023-09-15T15:39:46.329Z""","[1,0,1,1]","1","0","0","60","30","60","30","30","0","0","[""arrowright"",""arrowleft"",""arrowright"",""arrowright"",""arrowleft""]","[1124,527,606,1264,6673]","[27,56,25,19,53]","[0,56,0,0,53]","[[50,59.3223]]","[]","[]","[]","1","[]","[]","[]","[]","vertical","","","",""
"","","","","","horizons-trial","105","2744975","0.0-91.0","","","","","","","10","[54,53,54,57,63,59,71,62,68,61]","[53,54,55,66,58,54,59,50,44,52]","""2023-09-15T15:40:04.538Z""","[0,1,0,1]","0","0","1","60","56","60","56","4","0","0","[""arrowleft"",""arrowright"",""arrowleft"",""arrowright"",""arrowright"",""arrowright"",""arrowright"",""arrowright"",""arrowleft"",""arrowleft""]","[1240,463,479,774,1767,1553,2085,757,708,834]","[54,54,54,66,58,54,59,50,68,61]","[54,54,0,66,0,0,0,0,68,61]","[[10.5249,8.656400000000005]]","[]","[]","[]","1","[]","[]","[]","[]","vertical","","","",""
"","","","","","horizons-trial","106","2766667","0.0-92.0","","","","","","","10","[60,42,73,53,60,57,55,46,64,60]","[69,62,52,70,57,61,67,59,63,69]","""2023-09-15T15:40:26.230Z""","[1,1,0,0]","0","1","1","60","58","58","60","2","0","0","[""arrowright"",""arrowright"",""arrowleft"",""arrowleft"",""arrowright"",""arrowleft"",""arrowleft"",""arrowleft"",""arrowright"",""arrowright""]","[1855,572,650,725,3775,2193,1506,591,901,1605]","[69,62,73,53,57,57,55,46,63,69]","[69,62,73,0,0,0,0,0,0,69]","[[4.33271,7.235900000000001]]","[]","[]","[]","1","[]","[]","[]","[]","vertical","","","",""
"","","","","","horizons-trial","107","2782901","0.0-93.0","","","","","","","5","[26,32,36,34,37]","[62,57,53,60,54]","""2023-09-15T15:40:42.464Z""","[0,0,0,1]","1","0","0","40","52","40","52","12","0","0","[""arrowleft"",""arrowleft"",""arrowleft"",""arrowright"",""arrowright""]","[2291,517,685,466,1521]","[26,32,36,60,54]","[0,0,0,60,54]","[[50,63.1104]]","[]","[]","[]","1","[]","[]","[]","[]","vertical","","","",""
"","","","","","horizons-trial","108","2825942","0.0-94.0","","","","","","","5","[68,69,64,76,81]","[40,41,33,21,30]","""2023-09-15T15:41:25.505Z""","[1,0,0,1]","0","1","0","40","70","70","40","30","0","0","[""arrowright"",""arrowleft"",""arrowleft"",""arrowright"",""arrowleft""]","[1167,595,724,606,25216]","[40,69,64,21,81]","[0,69,64,0,81]","[[50,58.8488]]","[]","[]","[]","1","[]","[]","[]","[]","vertical","","","",""
"","","","","","horizons-trial","109","2854958","0.0-95.0","","","","","","","10","[46,43,32,46,48,36,35,53,47,34]","[45,40,39,44,49,46,44,42,28,35]","""2023-09-15T15:41:54.521Z""","[1,1,0,1]","1","0","1","40","42","40","42","2","0","0","[""arrowright"",""arrowright"",""arrowleft"",""arrowright"",""arrowright"",""arrowleft"",""arrowright"",""arrowright"",""arrowright"",""arrowleft""]","[1666,931,549,864,4248,2043,781,700,1290,2793]","[45,40,32,44,49,36,44,42,28,34]","[0,0,0,0,49,0,44,0,0,0]","[[33.3585,35.64660000000001]]","[]","[]","[]","1","[]","[]","[]","[]","vertical","","","",""
"","","","","","horizons-trial","110","3124891","0.0-96.0","","","","","","","10","[50,71,60,79,70,66,60,64,64,49]","[29,34,19,34,32,43,31,32,34,36]","""2023-09-15T15:46:24.454Z""","[1,0,0,0]","1","0","1","60","30","60","30","30","0","0","[""arrowright"",""arrowleft"",""arrowleft"",""arrowleft"",""arrowleft"",""arrowleft"",""arrowleft"",""arrowleft"",""arrowleft"",""arrowleft""]","[962,548,845,979,2686,1014,488,498,551,762]","[29,71,60,79,70,66,60,64,64,49]","[0,71,60,79,70,66,60,64,64,49]","[[78.6388,44.1699]]","[]","[]","[]","1","[]","[]","[]","[]","vertical","","","",""
"","","","","","horizons-trial","111","3133451","0.0-97.0","","","","","","","5","[61,58,62,60,52]","[44,42,38,34,32]","""2023-09-15T15:46:33.013Z""","[0,0,1,1]","0","0","0","60","40","60","40","20","0","0","[""arrowleft"",""arrowleft"",""arrowright"",""arrowright"",""arrowleft""]","[1637,585,674,928,825]","[61,58,38,34,52]","[61,58,0,0,52]","[[50,61.6898]]","[]","[]","[]","1","[]","[]","[]","[]","vertical","","","",""
"","","","","","horizons-trial","112","3150292","0.0-98.0","","","","","","","10","[41,54,43,40,50,42,40,45,28,39]","[39,50,45,32,40,46,53,48,44,46]","""2023-09-15T15:46:49.855Z""","[1,0,0,1]","0","0","1","40","42","40","42","2","0","0","[""arrowright"",""arrowleft"",""arrowleft"",""arrowright"",""arrowleft"",""arrowleft"",""arrowleft"",""arrowleft"",""arrowleft"",""arrowleft""]","[1016,592,587,939,1460,1312,718,619,1456,1200]","[39,54,43,32,50,42,40,45,28,39]","[0,54,0,0,50,0,0,0,0,0]","[[56.9662,29.9645]]","[]","[]","[]","1","[]","[]","[]","[]","vertical","","","",""
"","","","","","horizons-trial","113","3163111","0.0-99.0","","","","","","","5","[54,35,31,34,57]","[37,39,29,34,55]","""2023-09-15T15:47:02.673Z""","[1,0,1,0]","0","0","0","40","41","40","41","1","0","0","[""arrowright"",""arrowleft"",""arrowright"",""arrowleft"",""arrowright""]","[700,681,1525,898,3540]","[37,35,29,34,55]","[0,0,0,34,0]","[[50,1.5537000000000063]]","[]","[]","[]","1","[]","[]","[]","[]","vertical","","","",""
"","","","","","horizons-trial","114","3172950","0.0-100.0","","","","","","","5","[34,36,51,42,46]","[35,40,48,50,40]","""2023-09-15T15:47:12.514Z""","[1,0,0,0]","1","0","0","40","41","40","41","1","0","0","[""arrowright"",""arrowleft"",""arrowleft"",""arrowleft"",""arrowleft""]","[793,551,477,627,1863]","[35,36,51,42,46]","[35,0,51,0,46]","[[50,62.1634]]","[]","[]","[]","1","[]","[]","[]","[]","vertical","","","",""
"","","","","","horizons-trial","115","3181129","0.0-101.0","","","","","","","5","[62,58,52,57,71]","[44,45,34,36,38]","""2023-09-15T15:47:20.692Z""","[1,0,1,0]","0","1","0","40","60","60","40","20","0","0","[""arrowright"",""arrowleft"",""arrowright"",""arrowleft"",""arrowleft""]","[747,471,829,592,1632]","[44,58,34,57,71]","[0,58,0,57,71]","[[50,57.9017]]","[]","[]","[]","1","[]","[]","[]","[]","vertical","","","",""
"","","","","","horizons-trial","116","3190298","0.0-102.0","","","","","","","5","[36,42,22,34,43]","[38,38,37,40,38]","""2023-09-15T15:47:29.860Z""","[0,1,0,1]","0","1","0","40","41","41","40","1","0","0","[""arrowleft"",""arrowright"",""arrowleft"",""arrowright"",""arrowright""]","[1148,407,416,1544,1592]","[36,38,22,40,38]","[0,0,0,40,0]","[[50,56.4812]]","[]","[]","[]","1","[]","[]","[]","[]","vertical","","","",""
"","","","","","horizons-trial","117","3201431","0.0-103.0","","","","","","","5","[63,50,44,54,46]","[56,58,65,46,55]","""2023-09-15T15:47:40.994Z""","[0,1,0,1]","0","1","0","60","52","52","60","8","0","0","[""arrowleft"",""arrowright"",""arrowleft"",""arrowright"",""arrowleft""]","[733,519,486,609,3615]","[63,58,44,46,46]","[63,58,0,0,0]","[[50,1.5537000000000063]]","[]","[]","[]","1","[]","[]","[]","[]","vertical","","","",""
"","","","","","horizons-trial","118","3209472","0.0-104.0","","","","","","","5","[59,45,50,69,53]","[51,23,57,48,35]","""2023-09-15T15:47:49.035Z""","[0,1,0,0]","1","1","0","40","52","52","40","12","0","0","[""arrowleft"",""arrowright"",""arrowleft"",""arrowleft"",""arrowleft""]","[772,385,612,600,1900]","[59,23,50,69,53]","[59,0,0,69,53]","[[50,66.8985]]","[]","[]","[]","1","[]","[]","[]","[]","vertical","","","",""
"","","","","","horizons-trial","119","3221644","0.0-105.0","","","","","","","5","[66,58,56,48,58]","[50,57,65,44,51]","""2023-09-15T15:48:01.206Z""","[1,0,0,0]","1","1","0","60","56","56","60","4","0","0","[""arrowright"",""arrowleft"",""arrowleft"",""arrowleft"",""arrowright""]","[743,393,454,645,6177]","[50,58,56,48,51]","[0,58,0,48,0]","[[50,8.182900000000004]]","[]","[]","[]","1","[]","[]","[]","[]","vertical","","","",""
"","","","","","horizons-trial","120","3244057","0.0-106.0","","","","","","","10","[52,56,61,51,67,60,67,53,50,47]","[69,68,65,65,53,64,51,65,67,48]","""2023-09-15T15:48:23.619Z""","[1,0,0,0]","1","0","1","60","59","60","59","1","0","0","[""arrowright"",""arrowleft"",""arrowleft"",""arrowleft"",""arrowright"",""arrowright"",""arrowright"",""arrowright"",""arrowright"",""arrowright""]","[1036,449,532,506,3902,4653,624,1152,611,593]","[69,56,61,51,53,64,51,65,67,48]","[69,0,0,0,0,64,0,65,67,48]","[[37.2286,18.1267]]","[]","[]","[]","1","[]","[]","[]","[]","vertical","","","",""
"","","","","","horizons-trial","121","3261412","0.0-107.0","","","","","","","10","[35,63,45,49,48,49,51,58,52,50]","[37,38,42,26,41,32,41,35,10,36]","""2023-09-15T15:48:40.975Z""","[1,1,1,0]","1","1","1","40","52","52","40","12","0","0","[""arrowright"",""arrowright"",""arrowright"",""arrowleft"",""arrowleft"",""arrowleft"",""arrowleft"",""arrowright"",""arrowleft"",""arrowleft""]","[767,563,421,646,4488,941,1186,1332,628,616]","[37,38,42,49,48,49,51,35,52,50]","[37,0,0,49,48,49,51,0,52,50]","[[31.4235,19.547200000000004]]","[]","[]","[]","1","[]","[]","[]","[]","vertical","","","",""
"","","","","","horizons-trial","122","3277210","0.0-108.0","","","","","","","10","[62,51,47,53,58,73,44,57,61,49]","[37,39,43,35,33,46,32,45,41,22]","""2023-09-15T15:48:56.773Z""","[1,1,0,0]","0","0","1","60","40","60","40","20","0","0","[""arrowright"",""arrowright"",""arrowleft"",""arrowleft"",""arrowleft"",""arrowleft"",""arrowleft"",""arrowleft"",""arrowleft"",""arrowleft""]","[697,546,481,614,4365,679,569,623,529,596]","[37,39,47,53,58,73,44,57,61,49]","[0,0,47,53,58,73,44,57,61,49]","[[57.3532,20.020700000000005]]","[]","[]","[]","1","[]","[]","[]","[]","vertical","","","",""
"","","","","","horizons-trial","123","3289726","0.0-109.0","","","","","","","5","[55,60,64,71,53]","[66,62,52,51,41]","""2023-09-15T15:49:09.288Z""","[1,1,0,0]","0","0","0","60","58","60","58","2","0","0","[""arrowright"",""arrowright"",""arrowleft"",""arrowleft"",""arrowleft""]","[720,627,1062,2069,1810]","[66,62,64,71,53]","[66,62,64,71,53]","[[50,35.64660000000001]]","[]","[]","[]","1","[]","[]","[]","[]","vertical","","","",""
"","","","","","horizons-trial","124","3298760","0.0-110.0","","","","","","","5","[33,44,47,47,27]","[72,76,51,45,66]","""2023-09-15T15:49:18.322Z""","[1,1,1,0]","1","0","0","40","60","40","60","20","0","0","[""arrowright"",""arrowright"",""arrowright"",""arrowleft"",""arrowright""]","[709,418,546,594,1990]","[72,76,51,47,66]","[72,76,51,47,66]","[[50,52.2196]]","[]","[]","[]","1","[]","[]","[]","[]","vertical","","","",""
"","","","","","horizons-trial","125","3315201","0.0-111.0","","","","","","","10","[45,32,40,34,38,38,42,38,44,43]","[54,47,65,52,54,51,51,62,55,43]","""2023-09-15T15:49:34.764Z""","[0,0,1,0]","1","1","1","60","40","40","60","20","0","0","[""arrowleft"",""arrowleft"",""arrowright"",""arrowleft"",""arrowright"",""arrowright"",""arrowright"",""arrowright"",""arrowright"",""arrowright""]","[794,431,581,822,2273,1424,621,529,715,568]","[45,32,65,34,54,51,51,62,55,43]","[0,0,65,0,54,51,51,62,55,43]","[[28.3274,22.861800000000002]]","[]","[]","[]","1","[]","[]","[]","[]","vertical","","","",""
"","","","","","horizons-trial","126","3332439","0.0-112.0","","","","","","","10","[36,47,28,41,48,30,30,34,31,47]","[34,31,46,46,49,33,44,48,50,70]","""2023-09-15T15:49:52.002Z""","[1,0,1,1]","1","0","1","40","41","40","41","1","0","0","[""arrowright"",""arrowleft"",""arrowright"",""arrowright"",""arrowleft"",""arrowleft"",""arrowright"",""arrowright"",""arrowright"",""arrowright""]","[658,552,866,1254,2465,1447,781,567,575,1207]","[34,47,46,46,48,30,44,48,50,70]","[0,47,46,46,0,0,44,48,50,70]","[[2.01064,2.9742999999999995]]","[]","[]","[]","1","[]","[]","[]","[]","vertical","","","",""
"","","","","","horizons-trial","127","3342854","0.0-113.0","","","","","","","5","[39,35,35,37,48]","[65,56,59,60,57]","""2023-09-15T15:50:02.417Z""","[0,1,0,0]","1","1","0","60","40","40","60","20","0","0","[""arrowleft"",""arrowright"",""arrowleft"",""arrowleft"",""arrowright""]","[795,683,1478,1653,2467]","[39,56,35,37,57]","[0,56,0,0,57]","[[50,25.2294]]","[]","[]","[]","1","[]","[]","[]","[]","vertical","","","",""
"","","","","","horizons-trial","128","3357123","0.0-114.0","","","","","","","5","[42,47,46,39,37]","[49,42,29,38,64]","""2023-09-15T15:50:16.686Z""","[1,0,1,0]","0","0","0","40","42","40","42","2","0","0","[""arrowright"",""arrowleft"",""arrowright"",""arrowleft"",""arrowleft""]","[1558,502,609,828,6109]","[49,47,29,39,37]","[49,47,0,39,0]","[[50,21.9148]]","[]","[]","[]","1","[]","[]","[]","[]","vertical","","","",""
"","","","","","horizons-trial","129","3373262","0.0-115.0","","","","","","","10","[54,59,65,52,68,60,48,71,59,60]","[46,52,47,49,47,42,53,52,56,38]","""2023-09-15T15:50:32.824Z""","[0,1,1,0]","0","0","1","60","48","60","48","12","0","0","[""arrowleft"",""arrowright"",""arrowright"",""arrowleft"",""arrowleft"",""arrowleft"",""arrowleft"",""arrowleft"",""arrowleft"",""arrowleft""]","[613,619,454,1050,5344,1311,569,826,654,684]","[54,52,47,52,68,60,48,71,59,60]","[54,0,0,52,68,60,0,71,59,60]","[[5.10673,7.235900000000001]]","[]","[]","[]","1","[]","[]","[]","[]","vertical","","","",""
"","","","","","horizons-trial","130","3389421","0.0-116.0","","","","","","","10","[45,40,31,67,37,48,42,46,71,50]","[27,30,35,27,35,31,50,33,40,42]","""2023-09-15T15:50:48.984Z""","[0,1,1,1]","1","1","1","40","41","41","40","1","0","0","[""arrowleft"",""arrowright"",""arrowright"",""arrowright"",""arrowleft"",""arrowleft"",""arrowleft"",""arrowleft"",""arrowleft"",""arrowleft""]","[619,576,639,2607,3098,1293,752,565,513,791]","[45,30,35,27,37,48,42,46,71,50]","[45,0,35,0,37,48,0,46,71,50]","[[26.0053,16.232600000000005]]","[]","[]","[]","1","[]","[]","[]","[]","vertical","","","",""
"","","","","","horizons-trial","131","3397300","0.0-117.0","","","","","","","5","[50,45,57,60,39]","[61,54,57,45,58]","""2023-09-15T15:50:56.862Z""","[0,1,0,1]","0","1","0","60","48","48","60","12","0","0","[""arrowleft"",""arrowright"",""arrowleft"",""arrowright"",""arrowleft""]","[711,493,553,827,2311]","[50,54,57,45,39]","[0,54,57,0,0]","[[50,18.1267]]","[]","[]","[]","1","[]","[]","[]","[]","vertical","","","",""
"","","","","","horizons-trial","132","3408768","0.0-118.0","","","","","","","5","[42,36,46,39,35]","[38,35,39,49,36]","""2023-09-15T15:51:08.331Z""","[1,0,0,0]","1","1","0","40","41","41","40","1","0","0","[""arrowright"",""arrowleft"",""arrowleft"",""arrowleft"",""arrowleft""]","[769,409,640,1045,5610]","[38,36,46,39,35]","[0,36,46,0,0]","[[50,14.812100000000001]]","[]","[]","[]","1","[]","[]","[]","[]","vertical","","","",""
"","","","","","horizons-trial","133","3417206","0.0-119.0","","","","","","","5","[58,68,55,64,54]","[59,51,60,46,63]","""2023-09-15T15:51:16.769Z""","[0,1,1,0]","0","0","0","60","48","60","48","12","0","0","[""arrowleft"",""arrowright"",""arrowright"",""arrowleft"",""arrowleft""]","[693,420,601,421,2964]","[58,51,60,64,54]","[0,0,60,64,0]","[[50,8.182900000000004]]","[]","[]","[]","1","[]","[]","[]","[]","vertical","","","",""
"","","","","","survey-html-form","134","3654423","0.0-120.0","237201","{""comments"":"" It was hard to predict a pattern with limited data and if i was unsure my confidence reflected this but there was always a better chance if you guessed correctly that the confidence would be higher over choices 5-10 rather rhan a single choice. The strategy didnt really change between the 5 and 10 choice except some times i would choose what i thought might be the lower result just to see if i could confirm this.""}","","","","","","","","","","","","","","","","","","","","","","","","","","","","","","","","","","","","",""
"","","","","","survey-html-form","135","3721353","0.0-121.0","66925","{""comments"":"" If there was a clear difference in the two points my confidence would be hih, if not then it would be the reverse.""}","","","","","","","","","","","","","","","","","","","","","","","","","","","","","","","","","","","","",""
"","","","","","survey-html-form","136","3791426","0.0-122.0","70068","{""comments"":"" Similar to the 5 point turn but you always know you are more likely to be correct on the 5 to 10 turns rather than a single turn.""}","","","","","","","","","","","","","","","","","","","","","","","","","","","","","","","","","","","","",""
"","","","","","survey-html-form","137","3840780","0.0-123.0","49351","{""comments"":""no further suggestions.""}","","","","","","","","","","","","","","","","","","","","","","","","","","","","","","","","","","","","","[{""event"":""fullscreenenter"",""trial"":2,""time"":8401},{""event"":""blur"",""trial"":11,""time"":817468},{""event"":""focus"",""trial"":11,""time"":817469},{""event"":""fullscreenexit"",""trial"":11,""time"":817503},{""event"":""blur"",""trial"":16,""time"":1058091},{""event"":""focus"",""trial"":16,""time"":1058091}]"
