"success","timeout","failed_images","failed_audio","failed_video","trial_type","trial_index","time_elapsed","internal_node_id","rt","response","view_history","task","stimulus","question_order","horizon","rewards_L","rewards_R","date","forced_choices","r_info","r_side","r_h","r_mean","r_otherMean","r_mean_L","r_mean_R","r_difference","confidence_immediate_overall","confidence_question_order","key_presses","response_times","outcomes","outcomes_counted_points","confidence","confidence_rt","confidence_2","confidence_2_rt","screen_resolution","belief_confidence_1","belief_confidence_2","belief_confidence_3","belief_confidence_4","immediate_judgement_orientation","phase","responses","num_errors","interactions"
"true","false","[]","[]","[]","preload","0","355","0.0-0.0","","","","","","","","","","","","","","","","","","","","","","","","","","","","","","","","","","","","","","",""
"","","","","","survey-html-form","1","203222","0.0-1.0","202866","{""comments"":"" 6384d04cb538223de71820f6""}","","","","","","","","","","","","","","","","","","","","","","","","","","","","","","","","","","","","",""
"true","","","","","fullscreen","2","211736","0.0-2.0","","","","","","","","","","","","","","","","","","","","","","","","","","","","","","","","","","","","","","",""
"","","","","","instructions","3","429414","0.0-3.0","217676","","[{""page_index"":0,""viewing_time"":165845},{""page_index"":1,""viewing_time"":36727},{""page_index"":2,""viewing_time"":6600},{""page_index"":3,""viewing_time"":2808},{""page_index"":4,""viewing_time"":2673},{""page_index"":5,""viewing_time"":3023}]","Consent","","","","","","","","","","","","","","","","","","","","","","","","","","","","","","","","","","",""
"","","","","","html-button-response","4","432837","0.0-4.0","3422","0","","","<p>Declaration of consent for study participation:</p>
            <ul>
                <li> I was informed about the study 'Metacognition in a bandit task', its course, meaning, scope and risks, and I have read and understood the study information.</li>
                <li> I had the opportunity to clarify all open questions. </li>
                <li> I have the right to request further information about the study at any time.</li>
                <li> I voluntarily agree to participate in the study described in the study information provided.</li>
                <li> I have been informed that I may withdraw from this study at any time without incurring any disadvantage.</li>
            </ul>","","","","","","","","","","","","","","","","","","","","","","","","","","","","","","","","","",""
"","","","","","survey-multi-choice","5","447990","0.0-5.0","15151","{""firstDataProtectionQ"":""yes"",""secondDataProtectionQ"":""yes"",""thirdDataProtectionQ"":""yes"",""fourthDataProtectionQ"":""yes""}","","","","[0,1,2,3]","","","","","","","","","","","","","","","","","","","","","","","","","","","","","","","","",""
"","","","","","instructions","6","634605","0.0-6.0-0.0","186612","","[{""page_index"":0,""viewing_time"":3933},{""page_index"":1,""viewing_time"":9072},{""page_index"":2,""viewing_time"":7800},{""page_index"":3,""viewing_time"":38263},{""page_index"":4,""viewing_time"":16530},{""page_index"":5,""viewing_time"":3687},{""page_index"":6,""viewing_time"":4336},{""page_index"":7,""viewing_time"":11400},{""page_index"":8,""viewing_time"":7095},{""page_index"":9,""viewing_time"":31354},{""page_index"":10,""viewing_time"":33710},{""page_index"":11,""viewing_time"":1673},{""page_index"":10,""viewing_time"":10375},{""page_index"":11,""viewing_time"":7384}]","","","","","","","","","","","","","","","","","","","","","","","","","","","","","","","","","","","",""
"","","","","","horizons-trial","7","666021","0.0-6.0-1.0","","","","","","","5","[44,57,74,72,62]","[31,33,24,39,29]","""2023-09-16T11:33:57.753Z""","[1,0,1,1]","","","","","","","","","0","","[""arrowright"",""arrowleft"",""arrowright"",""arrowright"",""arrowleft""]","[1217,601,497,813,2634]","[31,57,24,39,62]","[0,57,0,0,62]","[[50,46.9889]]","[]","[]","[]","1","[]","[]","[]","[]","vertical","practice","","",""
"","","","","","horizons-trial","8","711275","0.0-6.0-2.0","","","","","","","10","[64,50,57,35,52,38,44,61,39,38]","[70,69,76,71,75,58,81,84,57,61]","""2023-09-16T11:34:43.007Z""","[0,0,1,1]","","","","","","","","","1","","[""arrowleft"",""arrowleft"",""arrowright"",""arrowright"",""arrowright"",""arrowright"",""arrowright"",""arrowright"",""arrowright"",""arrowright""]","[3491,679,1464,625,2108,1412,2200,923,907,1801]","[64,50,76,71,75,58,81,84,57,61]","[0,0,76,71,75,58,81,84,57,61]","[[55.5577,71.16069999999999]]","[]","[]","[]","1","[]","[]","[]","[]","vertical","practice","","",""
"","","","","","instructions","9","758949","0.0-6.0-3.0","47668","","[{""page_index"":0,""viewing_time"":9323},{""page_index"":1,""viewing_time"":31041},{""page_index"":2,""viewing_time"":4320},{""page_index"":3,""viewing_time"":2984}]","","","","","","","","","","","","","","","","","","","","","","","","","","","","","","","","","","","",""
"","","","","","horizons-comprehension","10","785325","0.0-6.0-4.0","26374.30000001192","","","","","","","","","","","","","","","","","","","","","","","","","","","","","","","","","","","","[""true"",""true"",""false"",""true""]","0",""
"","","","","","instructions","11","788068","0.0-7.0","2739","","[{""page_index"":0,""viewing_time"":2738}]","","","","","","","","","","","","","","","","","","","","","","","","","","","","","","","","","","","",""
"","","","","","horizons-trial","12","814773","0.0-8.0","","","","","","","10","[49,47,30,33,43,29,53,43,56,32]","[65,46,54,65,48,59,63,39,57,54]","""2023-09-16T11:36:26.505Z""","[1,1,0,0]","0","1","1","60","40","40","60","20","0","0","[""arrowright"",""arrowright"",""arrowleft"",""arrowleft"",""arrowright"",""arrowright"",""arrowright"",""arrowright"",""arrowright"",""arrowright""]","[1460,517,606,793,1725,1275,1904,1835,1884,1811]","[65,46,30,33,48,59,63,39,57,54]","[65,0,0,0,48,59,63,0,57,54]","[[86.5859,68.6661]]","[]","[]","[]","1","[]","[]","[]","[]","vertical","","","",""
"","","","","","horizons-trial","13","828581","0.0-9.0","","","","","","","5","[39,28,34,37,31]","[78,54,73,71,68]","""2023-09-16T11:36:40.313Z""","[1,1,0,1]","1","0","0","40","70","40","70","30","0","0","[""arrowright"",""arrowright"",""arrowleft"",""arrowright"",""arrowright""]","[1574,491,1064,909,1218]","[78,54,34,71,68]","[78,54,0,71,68]","[[50,86.9597]]","[]","[]","[]","1","[]","[]","[]","[]","vertical","","","",""
"","","","","","horizons-trial","14","841958","0.0-10.0","","","","","","","5","[54,51,55,46,50]","[38,38,56,43,48]","""2023-09-16T11:36:53.691Z""","[1,0,1,0]","0","0","0","60","48","60","48","12","0","0","[""arrowright"",""arrowleft"",""arrowright"",""arrowleft"",""arrowleft""]","[1048,525,460,502,5988]","[38,51,56,46,50]","[0,51,56,46,50]","[[50,19.605900000000005]]","[]","[]","[]","1","[]","[]","[]","[]","vertical","","","",""
"","","","","","horizons-trial","15","863381","0.0-11.0","","","","","","","10","[36,35,52,42,47,56,44,30,37,37]","[36,37,40,33,51,42,48,61,42,36]","""2023-09-16T11:37:15.113Z""","[0,1,0,1]","0","0","1","40","44","40","44","4","0","0","[""arrowleft"",""arrowright"",""arrowleft"",""arrowright"",""arrowleft"",""arrowleft"",""arrowleft"",""arrowleft"",""arrowleft"",""arrowright""]","[1147,588,392,476,2106,2447,2525,1109,1270,2056]","[36,37,52,33,47,56,44,30,37,36]","[36,37,52,0,0,56,0,0,0,0]","[[29.166,27.9212]]","[]","[]","[]","1","[]","[]","[]","[]","vertical","","","",""
"","","","","","horizons-trial","16","879807","0.0-12.0","","","","","","","10","[71,61,62,66,55,59,57,58,51,70]","[44,44,26,38,44,28,44,42,42,53]","""2023-09-16T11:37:31.539Z""","[0,1,1,0]","0","0","1","60","40","60","40","20","0","0","[""arrowleft"",""arrowright"",""arrowright"",""arrowleft"",""arrowleft"",""arrowleft"",""arrowleft"",""arrowleft"",""arrowleft"",""arrowleft""]","[2118,629,707,562,1418,1145,445,506,665,446]","[71,44,26,66,55,59,57,58,51,70]","[71,0,0,66,55,59,57,58,51,70]","[[92.6488,90.7016]]","[]","[]","[]","1","[]","[]","[]","[]","vertical","","","",""
"","","","","","horizons-trial","17","899794","0.0-13.0","","","","","","","5","[51,56,65,73,53]","[58,65,54,60,52]","""2023-09-16T11:37:51.526Z""","[1,1,1,0]","1","0","0","60","58","60","58","2","0","0","[""arrowright"",""arrowright"",""arrowright"",""arrowleft"",""arrowleft""]","[1398,436,655,856,1440]","[58,65,54,73,53]","[58,65,0,73,53]","[[50,47.8779]]","[]","[]","[]","1","[]","[]","[]","[]","vertical","","","",""
"","","","","","horizons-trial","18","911478","0.0-14.0","","","","","","","5","[34,13,25,29,15]","[51,64,46,62,64]","""2023-09-16T11:38:03.211Z""","[1,0,0,1]","0","1","0","60","30","30","60","30","0","0","[""arrowright"",""arrowleft"",""arrowleft"",""arrowright"",""arrowright""]","[1079,452,478,470,1284]","[51,13,25,62,64]","[51,0,0,62,64]","[[50,100]]","[]","[]","[]","1","[]","[]","[]","[]","vertical","","","",""
"","","","","","horizons-trial","19","931081","0.0-15.0","","","","","","","10","[39,44,55,28,42,36,36,45,41,44]","[49,55,58,56,57,48,57,48,55,53]","""2023-09-16T11:38:22.814Z""","[1,0,0,1]","0","0","1","40","52","40","52","12","0","0","[""arrowright"",""arrowleft"",""arrowleft"",""arrowright"",""arrowright"",""arrowright"",""arrowleft"",""arrowright"",""arrowright"",""arrowright""]","[1802,392,427,437,5164,1632,532,829,639,457]","[49,44,55,56,57,48,36,48,55,53]","[49,0,0,56,57,48,0,48,55,53]","[[13.8302,10.459100000000007]]","[]","[]","[]","1","[]","[]","[]","[]","vertical","","","",""
"","","","","","horizons-trial","20","944034","0.0-16.0","","","","","","","10","[65,63,48,78,73,57,60,52,74,62]","[41,44,48,51,49,45,52,45,47,44]","""2023-09-16T11:38:35.767Z""","[1,1,0,0]","0","0","1","60","48","60","48","12","0","0","[""arrowright"",""arrowright"",""arrowleft"",""arrowleft"",""arrowleft"",""arrowleft"",""arrowleft"",""arrowleft"",""arrowleft"",""arrowleft""]","[910,466,518,807,1580,937,490,1015,454,447]","[41,44,48,78,73,57,60,52,74,62]","[0,0,48,78,73,57,60,52,74,62]","[[93.0055,92.78042]]","[]","[]","[]","1","[]","[]","[]","[]","vertical","","","",""
"","","","","","horizons-trial","21","954806","0.0-17.0","","","","","","","5","[55,55,56,53,52]","[40,50,41,44,28]","""2023-09-16T11:38:46.538Z""","[1,0,1,1]","1","1","0","40","60","60","40","20","0","0","[""arrowright"",""arrowleft"",""arrowright"",""arrowright"",""arrowleft""]","[1183,1603,448,893,2914]","[40,55,41,44,52]","[0,55,0,0,52]","[[50,57.0247]]","[]","[]","[]","1","[]","[]","[]","[]","vertical","","","",""
"","","","","","horizons-trial","22","965637","0.0-18.0","","","","","","","5","[57,35,47,49,44]","[49,43,52,45,53]","""2023-09-16T11:38:57.370Z""","[0,1,0,0]","1","0","0","40","44","40","44","4","0","0","[""arrowleft"",""arrowright"",""arrowleft"",""arrowleft"",""arrowleft""]","[888,421,419,555,1908]","[57,43,47,49,44]","[57,43,0,49,0]","[[50,53.6986]]","[]","[]","[]","1","[]","[]","[]","[]","vertical","","","",""
"","","","","","horizons-trial","23","984799","0.0-19.0","","","","","","","10","[65,76,51,41,61,76,61,56,47,79]","[55,38,46,34,41,25,36,58,26,40]","""2023-09-16T11:39:16.532Z""","[0,1,0,0]","1","0","1","60","40","60","40","20","0","0","[""arrowleft"",""arrowright"",""arrowleft"",""arrowleft"",""arrowleft"",""arrowleft"",""arrowleft"",""arrowleft"",""arrowleft"",""arrowleft""]","[1514,485,392,488,2500,1536,466,401,381,422]","[65,38,51,41,61,76,61,56,47,79]","[65,0,51,41,61,76,61,0,47,79]","[[92.6488,57.8562]]","[]","[]","[]","1","[]","[]","[]","[]","vertical","","","",""
"","","","","","horizons-trial","24","1000621","0.0-20.0","","","","","","","10","[51,46,48,66,50,45,54,53,53,62]","[61,54,56,60,65,58,70,55,53,67]","""2023-09-16T11:39:32.353Z""","[0,1,0,0]","1","1","1","60","52","52","60","8","0","0","[""arrowleft"",""arrowright"",""arrowleft"",""arrowleft"",""arrowleft"",""arrowleft"",""arrowleft"",""arrowleft"",""arrowleft"",""arrowleft""]","[880,381,477,540,2667,1076,276,349,373,959]","[51,54,48,66,50,45,54,53,53,62]","[0,54,0,66,0,0,0,0,53,0]","[[52.3479,23.763499999999993]]","[]","[]","[]","1","[]","[]","[]","[]","vertical","","","",""
"","","","","","horizons-trial","25","1011366","0.0-21.0","","","","","","","5","[53,43,45,68,67]","[55,43,58,59,44]","""2023-09-16T11:39:43.098Z""","[1,1,0,1]","1","0","0","60","52","60","52","8","0","0","[""arrowright"",""arrowright"",""arrowleft"",""arrowright"",""arrowright""]","[974,770,510,580,2755]","[55,43,45,59,44]","[55,43,0,0,0]","[[50,73.23949999999999]]","[]","[]","[]","1","[]","[]","[]","[]","vertical","","","",""
"","","","","","horizons-trial","26","1033532","0.0-22.0","","","","","","","10","[60,44,45,40,40,41,46,57,55,43]","[45,39,29,39,34,43,31,28,50,30]","""2023-09-16T11:40:05.265Z""","[1,1,0,1]","1","1","1","40","52","52","40","12","0","0","[""arrowright"",""arrowright"",""arrowleft"",""arrowright"",""arrowleft"",""arrowleft"",""arrowright"",""arrowleft"",""arrowleft"",""arrowleft""]","[1043,1154,822,417,4380,2101,467,586,521,385]","[45,39,45,39,40,41,31,57,55,43]","[0,0,45,0,40,0,0,57,55,43]","[[4.55746,4.638400000000004]]","[]","[]","[]","1","[]","[]","[]","[]","vertical","","","",""
"","","","","","horizons-trial","27","1044510","0.0-23.0","","","","","","","5","[83,68,44,81,75]","[26,41,23,24,37]","""2023-09-16T11:40:16.242Z""","[1,0,1,0]","0","0","0","60","30","60","30","30","0","0","[""arrowright"",""arrowleft"",""arrowright"",""arrowleft"",""arrowleft""]","[1557,367,393,416,1113]","[26,68,23,81,75]","[0,68,0,81,75]","[[50,100]]","[]","[]","[]","1","[]","[]","[]","[]","vertical","","","",""
"","","","","","horizons-trial","28","1052507","0.0-24.0","","","","","","","5","[52,42,46,42,47]","[33,44,35,39,36]","""2023-09-16T11:40:24.239Z""","[1,0,0,1]","0","1","0","40","41","41","40","1","0","0","[""arrowright"",""arrowleft"",""arrowleft"",""arrowright"",""arrowleft""]","[863,362,693,502,1145]","[33,42,46,39,47]","[0,0,46,0,47]","[[50,84.0494]]","[]","[]","[]","1","[]","[]","[]","[]","vertical","","","",""
"","","","","","horizons-trial","29","1064362","0.0-25.0","","","","","","","5","[56,67,61,65,65]","[27,26,33,29,21]","""2023-09-16T11:40:36.095Z""","[1,0,1,1]","1","0","0","60","30","60","30","30","0","0","[""arrowright"",""arrowleft"",""arrowright"",""arrowright"",""arrowleft""]","[920,393,432,558,1147]","[27,67,33,29,65]","[0,67,0,0,65]","[[50,93.19618]]","[]","[]","[]","1","[]","[]","[]","[]","vertical","","","",""
"","","","","","horizons-trial","30","1075425","0.0-26.0","","","","","","","5","[40,35,46,37,16]","[62,77,45,69,68]","""2023-09-16T11:40:47.157Z""","[1,0,0,1]","0","0","0","40","60","40","60","20","0","0","[""arrowright"",""arrowleft"",""arrowleft"",""arrowright"",""arrowright""]","[717,1281,545,439,864]","[62,35,46,69,68]","[62,0,46,69,68]","[[50,92.78042]]","[]","[]","[]","1","[]","[]","[]","[]","vertical","","","",""
"","","","","","horizons-trial","31","1095943","0.0-27.0","","","","","","","10","[40,47,38,36,50,51,48,48,47,16]","[36,41,18,48,38,35,59,47,46,46]","""2023-09-16T11:41:07.675Z""","[0,0,1,1]","0","0","1","40","42","40","42","2","0","0","[""arrowleft"",""arrowleft"",""arrowright"",""arrowright"",""arrowleft"",""arrowleft"",""arrowleft"",""arrowleft"",""arrowleft"",""arrowleft""]","[533,374,449,444,6009,3367,437,433,444,525]","[40,47,18,48,50,51,48,48,47,16]","[40,47,0,48,50,51,0,48,47,0]","[[41.2919,22.516199999999998]]","[]","[]","[]","1","[]","[]","[]","[]","vertical","","","",""
"","","","","","horizons-trial","32","1117518","0.0-28.0","","","","","","","10","[57,49,58,37,71,72,61,58,34,55]","[47,60,56,61,41,34,45,39,49,39]","""2023-09-16T11:41:29.251Z""","[0,1,1,1]","1","0","1","60","48","60","48","12","0","0","[""arrowleft"",""arrowright"",""arrowright"",""arrowright"",""arrowright"",""arrowright"",""arrowleft"",""arrowleft"",""arrowleft"",""arrowright""]","[1206,391,463,472,3563,957,711,752,6076,1066]","[57,60,56,61,41,34,61,58,34,39]","[57,60,0,61,0,0,61,58,0,0]","[[40.222,23.347800000000007]]","[]","[]","[]","1","[]","[]","[]","[]","vertical","","","",""
"","","","","","horizons-trial","33","1139898","0.0-29.0","","","","","","","10","[65,55,63,54,61,72,59,58,60,55]","[57,73,67,60,67,44,59,64,57,78]","""2023-09-16T11:41:51.631Z""","[1,0,0,1]","0","1","1","60","59","59","60","1","0","0","[""arrowright"",""arrowleft"",""arrowleft"",""arrowright"",""arrowright"",""arrowright"",""arrowleft"",""arrowleft"",""arrowleft"",""arrowleft""]","[922,492,550,3861,7212,867,921,1008,640,723]","[57,55,63,60,67,44,59,58,60,55]","[0,0,0,60,67,0,59,0,60,0]","[[6.69733,5.8857]]","[]","[]","[]","1","[]","[]","[]","[]","vertical","","","",""
"","","","","","horizons-trial","34","1153189","0.0-30.0","","","","","","","5","[42,51,41,38,48]","[76,62,85,46,63]","""2023-09-16T11:42:04.922Z""","[1,1,0,0]","0","1","0","60","48","48","60","12","0","0","[""arrowright"",""arrowright"",""arrowleft"",""arrowleft"",""arrowright""]","[6004,436,501,442,1915]","[76,62,41,38,63]","[76,62,0,0,63]","[[50,85.2967]]","[]","[]","[]","1","[]","[]","[]","[]","vertical","","","",""
"","","","","","horizons-trial","35","1173714","0.0-31.0","","","","","","","10","[44,55,49,56,45,49,75,47,54,38]","[52,54,35,24,35,30,47,50,39,53]","""2023-09-16T11:42:25.446Z""","[1,0,0,1]","0","1","1","40","52","52","40","12","0","0","[""arrowright"",""arrowleft"",""arrowleft"",""arrowright"",""arrowleft"",""arrowleft"",""arrowleft"",""arrowleft"",""arrowleft"",""arrowleft""]","[776,480,434,731,3106,734,319,275,454,552]","[52,55,49,24,45,49,75,47,54,38]","[52,55,49,0,45,49,75,0,54,0]","[[44.5017,80.3075]]","[]","[]","[]","1","[]","[]","[]","[]","vertical","","","",""
"","","","","","horizons-trial","36","1186668","0.0-32.0","","","","","","","5","[52,64,77,54,52]","[55,51,65,68,51]","""2023-09-16T11:42:38.401Z""","[1,0,1,0]","0","0","0","60","59","60","59","1","0","0","[""arrowright"",""arrowleft"",""arrowright"",""arrowleft"",""arrowright""]","[931,400,453,474,3849]","[55,64,65,54,51]","[55,64,0,0,0]","[[50,18.358599999999996]]","[]","[]","[]","1","[]","[]","[]","[]","vertical","","","",""
"","","","","","horizons-trial","37","1201116","0.0-33.0","","","","","","","5","[51,47,35,36,44]","[52,52,52,43,50]","""2023-09-16T11:42:52.849Z""","[1,0,0,0]","1","0","0","40","42","40","42","2","0","0","[""arrowright"",""arrowleft"",""arrowleft"",""arrowleft"",""arrowright""]","[752,362,477,834,2454]","[52,47,35,36,50]","[52,0,0,0,50]","[[50,52.867]]","[]","[]","[]","1","[]","[]","[]","[]","vertical","","","",""
"","","","","","horizons-trial","38","1215286","0.0-34.0","","","","","","","10","[39,38,26,37,35,50,40,53,48,27]","[43,51,54,65,49,50,55,42,61,59]","""2023-09-16T11:43:07.018Z""","[0,1,0,0]","1","0","1","40","52","40","52","12","0","0","[""arrowleft"",""arrowright"",""arrowleft"",""arrowleft"",""arrowright"",""arrowright"",""arrowright"",""arrowright"",""arrowright"",""arrowright""]","[1119,651,583,517,2408,1147,398,334,353,558]","[39,51,26,37,49,50,55,42,61,59]","[0,51,0,0,49,50,55,0,61,59]","[[70.5368,42.8887]]","[]","[]","[]","1","[]","[]","[]","[]","vertical","","","",""
"","","","","","horizons-trial","39","1231228","0.0-35.0","","","","","","","10","[33,39,35,27,35,46,44,35,31,47]","[59,48,61,44,65,70,63,64,62,58]","""2023-09-16T11:43:22.960Z""","[1,0,0,0]","1","1","1","60","40","40","60","20","0","0","[""arrowright"",""arrowleft"",""arrowleft"",""arrowleft"",""arrowright"",""arrowright"",""arrowright"",""arrowright"",""arrowright"",""arrowright""]","[1948,495,450,636,2272,523,317,259,282,364]","[59,39,35,27,65,70,63,64,62,58]","[59,0,0,0,65,70,63,64,62,58]","[[73.39,67.003]]","[]","[]","[]","1","[]","[]","[]","[]","vertical","","","",""
"","","","","","horizons-trial","40","1243662","0.0-36.0","","","","","","","10","[68,59,44,48,53,63,65,50,56,67]","[49,53,55,48,54,60,67,48,69,52]","""2023-09-16T11:43:35.394Z""","[0,0,1,1]","0","0","1","60","56","60","56","4","0","0","[""arrowleft"",""arrowleft"",""arrowright"",""arrowright"",""arrowleft"",""arrowleft"",""arrowleft"",""arrowleft"",""arrowleft"",""arrowleft""]","[1788,400,386,483,1784,705,213,234,295,358]","[68,59,55,48,53,63,65,50,56,67]","[68,59,55,48,0,63,0,50,0,67]","[[71.6068,77.3971]]","[]","[]","[]","1","[]","[]","[]","[]","vertical","","","",""
"","","","","","horizons-trial","41","1252483","0.0-37.0","","","","","","","5","[48,48,56,46,50]","[63,63,60,74,67]","""2023-09-16T11:43:44.216Z""","[0,1,1,0]","0","1","0","60","52","52","60","8","0","0","[""arrowleft"",""arrowright"",""arrowright"",""arrowleft"",""arrowright""]","[865,342,414,548,1968]","[48,63,60,46,67]","[0,63,60,0,67]","[[50,81.5548]]","[]","[]","[]","1","[]","[]","[]","[]","vertical","","","",""
"","","","","","horizons-trial","42","1260476","0.0-38.0","","","","","","","5","[63,57,66,65,71]","[43,44,49,51,36]","""2023-09-16T11:43:52.208Z""","[1,0,0,0]","1","0","0","60","48","60","48","12","0","0","[""arrowright"",""arrowleft"",""arrowleft"",""arrowleft"",""arrowleft""]","[468,345,709,401,798]","[43,57,66,65,71]","[0,57,66,65,71]","[[50,87.7912]]","[]","[]","[]","1","[]","[]","[]","[]","vertical","","","",""
"","","","","","horizons-trial","43","1278950","0.0-39.0","","","","","","","10","[64,64,50,62,61,59,54,70,63,65]","[62,65,65,60,64,54,51,68,61,71]","""2023-09-16T11:44:10.683Z""","[0,0,1,0]","1","1","1","60","58","58","60","2","0","0","[""arrowleft"",""arrowleft"",""arrowright"",""arrowleft"",""arrowright"",""arrowright"",""arrowleft"",""arrowleft"",""arrowleft"",""arrowleft""]","[641,432,539,413,5911,1089,850,1644,571,480]","[64,64,65,62,64,54,54,70,63,65]","[64,0,65,62,64,0,54,70,63,0]","[[13.4736,12.537899999999993]]","[]","[]","[]","1","[]","[]","[]","[]","vertical","","","",""
"","","","","","horizons-trial","44","1291775","0.0-40.0","","","","","","","10","[53,51,37,39,48,35,46,42,42,43]","[32,44,37,41,31,35,18,34,32,27]","""2023-09-16T11:44:23.507Z""","[1,0,1,1]","1","1","1","40","44","44","40","4","0","0","[""arrowright"",""arrowleft"",""arrowright"",""arrowright"",""arrowleft"",""arrowleft"",""arrowleft"",""arrowleft"",""arrowleft"",""arrowleft""]","[897,541,452,615,1863,860,318,2114,252,688]","[32,51,37,41,48,35,46,42,42,43]","[0,51,37,41,48,35,46,42,42,43]","[[60.9074,66.5873]]","[]","[]","[]","1","[]","[]","[]","[]","vertical","","","",""
"","","","","","horizons-trial","45","1300201","0.0-41.0","","","","","","","5","[87,58,60,59,55]","[31,51,54,37,26]","""2023-09-16T11:44:31.934Z""","[0,0,1,0]","1","0","0","60","40","60","40","20","0","0","[""arrowleft"",""arrowleft"",""arrowright"",""arrowleft"",""arrowleft""]","[591,380,1285,427,2184]","[87,58,54,59,55]","[87,58,0,59,55]","[[50,76.98140000000001]]","[]","[]","[]","1","[]","[]","[]","[]","vertical","","","",""
"","","","","","horizons-trial","46","1317142","0.0-42.0","","","","","","","5","[54,42,54,54,56]","[33,44,38,45,28]","""2023-09-16T11:44:48.874Z""","[0,0,1,1]","0","1","0","40","52","52","40","12","0","0","[""arrowleft"",""arrowleft"",""arrowright"",""arrowright"",""arrowleft""]","[474,386,423,2323,6330]","[54,42,38,45,56]","[54,0,0,0,56]","[[50,53.6986]]","[]","[]","[]","1","[]","[]","[]","[]","vertical","","","",""
"","","","","","horizons-trial","47","1332704","0.0-43.0","","","","","","","10","[41,54,47,59,51,60,39,43,46,56]","[63,63,79,61,57,60,51,61,59,50]","""2023-09-16T11:45:04.437Z""","[1,1,0,0]","0","1","1","60","52","52","60","8","0","0","[""arrowright"",""arrowright"",""arrowleft"",""arrowleft"",""arrowright"",""arrowright"",""arrowright"",""arrowright"",""arrowright"",""arrowright""]","[885,559,534,512,2394,573,326,230,296,593]","[63,63,47,59,57,60,51,61,59,50]","[63,63,0,0,57,60,51,61,59,0]","[[58.7675,50.7882]]","[]","[]","[]","1","[]","[]","[]","[]","vertical","","","",""
"","","","","","horizons-trial","48","1353759","0.0-44.0","","","","","","","5","[75,78,73,79,73]","[36,34,42,33,42]","""2023-09-16T11:45:25.491Z""","[1,0,1,1]","1","1","0","40","70","70","40","30","0","0","[""arrowright"",""arrowleft"",""arrowright"",""arrowright"",""arrowleft""]","[13206,437,411,740,1226]","[36,78,42,33,73]","[0,78,0,0,73]","[[50,80.7233]]","[]","[]","[]","1","[]","[]","[]","[]","vertical","","","",""
"","","","","","horizons-trial","49","1368305","0.0-45.0","","","","","","","10","[51,58,38,30,50,47,50,43,48,47]","[40,30,34,38,42,46,49,39,42,58]","""2023-09-16T11:45:40.037Z""","[1,1,0,1]","1","1","1","40","42","42","40","2","0","0","[""arrowright"",""arrowright"",""arrowleft"",""arrowright"",""arrowright"",""arrowright"",""arrowright"",""arrowright"",""arrowright"",""arrowright""]","[567,454,468,387,5563,436,313,286,273,396]","[40,30,38,38,42,46,49,39,42,58]","[0,0,38,38,0,0,0,0,0,58]","[[40.9353,35.4049]]","[]","[]","[]","1","[]","[]","[]","[]","vertical","","","",""
"","","","","","horizons-trial","50","1376429","0.0-46.0","","","","","","","5","[53,77,55,51,52]","[57,57,83,56,49]","""2023-09-16T11:45:48.161Z""","[0,0,1,0]","1","1","0","60","59","59","60","1","0","0","[""arrowleft"",""arrowleft"",""arrowright"",""arrowleft"",""arrowright""]","[1070,491,574,409,988]","[53,77,83,51,49]","[0,77,83,0,0]","[[50,59.935]]","[]","[]","[]","1","[]","[]","[]","[]","vertical","","","",""
"","","","","","horizons-trial","51","1391040","0.0-47.0","","","","","","","5","[49,46,44,52,64]","[52,45,43,42,40]","""2023-09-16T11:46:02.773Z""","[1,0,0,1]","0","1","0","40","48","48","40","8","0","0","[""arrowright"",""arrowleft"",""arrowleft"",""arrowright"",""arrowright""]","[438,376,391,420,9421]","[52,46,44,42,40]","[52,46,44,0,0]","[[50,52.0355]]","[]","[]","[]","1","[]","[]","[]","[]","vertical","","","",""
"","","","","","horizons-trial","52","1400699","0.0-48.0","","","","","","","10","[43,36,40,41,39,33,43,47,39,21]","[48,63,50,73,55,59,54,72,51,62]","""2023-09-16T11:46:12.432Z""","[0,1,1,0]","0","0","1","40","60","40","60","20","0","0","[""arrowleft"",""arrowright"",""arrowright"",""arrowleft"",""arrowright"",""arrowright"",""arrowright"",""arrowright"",""arrowright"",""arrowright""]","[589,334,396,430,1762,720,257,211,202,284]","[43,63,50,41,55,59,54,72,51,62]","[0,63,50,0,55,59,54,72,51,62]","[[61.9774,65.34]]","[]","[]","[]","1","[]","[]","[]","[]","vertical","","","",""
"","","","","","horizons-trial","53","1412336","0.0-49.0","","","","","","","10","[22,20,26,15,35,27,15,29,17,41]","[73,61,65,71,73,56,68,61,67,61]","""2023-09-16T11:46:24.068Z""","[1,1,0,0]","0","1","1","60","30","30","60","30","0","0","[""arrowright"",""arrowright"",""arrowleft"",""arrowleft"",""arrowright"",""arrowright"",""arrowright"",""arrowright"",""arrowright"",""arrowright""]","[771,372,599,514,1365,1036,190,162,174,470]","[73,61,26,15,73,56,68,61,67,61]","[73,61,0,0,73,56,68,61,67,61]","[[94.7887,94.02771]]","[]","[]","[]","1","[]","[]","[]","[]","vertical","","","",""
"","","","","","horizons-trial","54","1424393","0.0-50.0","","","","","","","10","[41,53,47,18,41,52,46,40,46,21]","[47,59,53,49,38,39,45,56,32,51]","""2023-09-16T11:46:36.125Z""","[0,0,1,1]","0","0","1","40","48","40","48","8","0","0","[""arrowleft"",""arrowleft"",""arrowright"",""arrowright"",""arrowright"",""arrowright"",""arrowright"",""arrowright"",""arrowright"",""arrowright""]","[591,368,547,644,2870,444,216,180,184,508]","[41,53,53,49,38,39,45,56,32,51]","[0,0,53,49,0,0,0,56,0,51]","[[35.9422,33.3261]]","[]","[]","[]","1","[]","[]","[]","[]","vertical","","","",""
"","","","","","horizons-trial","55","1437285","0.0-51.0","","","","","","","5","[51,35,44,52,41]","[43,35,36,28,31]","""2023-09-16T11:46:49.017Z""","[0,0,1,1]","0","0","0","40","42","40","42","2","0","0","[""arrowleft"",""arrowleft"",""arrowright"",""arrowright"",""arrowleft""]","[877,397,679,3305,2081]","[51,35,36,28,41]","[51,35,0,0,41]","[[50,65.75569999999999]]","[]","[]","[]","1","[]","[]","[]","[]","vertical","","","",""
"","","","","","horizons-trial","56","1450680","0.0-52.0","","","","","","","5","[68,56,47,48,60]","[47,67,53,53,59]","""2023-09-16T11:47:02.412Z""","[1,1,0,0]","0","1","0","60","56","56","60","4","0","0","[""arrowright"",""arrowright"",""arrowleft"",""arrowleft"",""arrowright""]","[523,346,381,432,2215]","[47,67,47,48,59]","[0,67,0,0,0]","[[50,74.071]]","[]","[]","[]","1","[]","[]","[]","[]","vertical","","","",""
"","","","","","horizons-trial","57","1466171","0.0-53.0","","","","","","","5","[39,42,45,41,24]","[51,58,67,52,70]","""2023-09-16T11:47:17.903Z""","[0,0,0,1]","1","0","0","40","60","40","60","20","0","0","[""arrowleft"",""arrowleft"",""arrowleft"",""arrowright"",""arrowright""]","[1822,417,4149,844,4466]","[39,42,45,52,70]","[0,0,0,52,70]","[[50,27.9212]]","[]","[]","[]","1","[]","[]","[]","[]","vertical","","","",""
"","","","","","horizons-trial","58","1477726","0.0-54.0","","","","","","","5","[56,48,49,60,65]","[46,29,42,33,50]","""2023-09-16T11:47:29.458Z""","[0,1,1,0]","0","0","0","60","40","60","40","20","0","0","[""arrowleft"",""arrowright"",""arrowright"",""arrowleft"",""arrowleft""]","[618,447,380,557,5131]","[56,29,42,60,65]","[56,0,0,60,65]","[[50,79.0602]]","[]","[]","[]","1","[]","[]","[]","[]","vertical","","","",""
"","","","","","horizons-trial","59","1506254","0.0-55.0","","","","","","","10","[42,55,40,54,61,41,43,40,65,51]","[48,37,38,41,48,36,35,41,36,16]","""2023-09-16T11:47:57.987Z""","[1,1,0,0]","0","1","1","40","48","48","40","8","0","0","[""arrowright"",""arrowright"",""arrowleft"",""arrowleft"",""arrowleft"",""arrowleft"",""arrowleft"",""arrowleft"",""arrowleft"",""arrowleft""]","[719,367,716,355,4338,678,224,230,339,810]","[48,37,40,54,61,41,43,40,65,51]","[48,0,40,54,61,41,43,0,65,51]","[[80.5229,51.6197]]","[]","[]","[]","1","[]","[]","[]","[]","vertical","","","",""
"","","","","","horizons-trial","60","1515835","0.0-56.0","","","","","","","10","[64,53,57,56,56,61,64,60,48,51]","[59,57,53,46,81,63,66,62,64,66]","""2023-09-16T11:48:07.568Z""","[1,0,1,1]","1","1","1","60","59","59","60","1","0","0","[""arrowright"",""arrowleft"",""arrowright"",""arrowright"",""arrowright"",""arrowright"",""arrowright"",""arrowright"",""arrowright"",""arrowright""]","[480,357,301,441,1944,1201,240,220,228,295]","[59,53,53,46,81,63,66,62,64,66]","[0,0,0,0,81,63,66,62,64,66]","[[57.341,42.8887]]","[]","[]","[]","1","[]","[]","[]","[]","vertical","","","",""
"","","","","","horizons-trial","61","1524575","0.0-57.0","","","","","","","5","[48,41,48,51,38]","[45,50,43,52,21]","""2023-09-16T11:48:16.308Z""","[0,0,1,0]","1","1","0","40","44","44","40","4","0","0","[""arrowleft"",""arrowleft"",""arrowright"",""arrowleft"",""arrowleft""]","[648,333,380,384,2682]","[48,41,43,51,38]","[48,0,0,0,38]","[[50,44.136]]","[]","[]","[]","1","[]","[]","[]","[]","vertical","","","",""
"","","","","","horizons-trial","62","1540658","0.0-58.0","","","","","","","10","[57,49,45,36,57,44,57,56,43,40]","[44,45,50,45,30,47,29,52,39,43]","""2023-09-16T11:48:32.390Z""","[0,1,0,0]","1","1","1","40","48","48","40","8","0","0","[""arrowleft"",""arrowright"",""arrowleft"",""arrowleft"",""arrowleft"",""arrowleft"",""arrowleft"",""arrowleft"",""arrowleft"",""arrowleft""]","[824,457,373,498,4558,712,247,238,243,286]","[57,45,45,36,57,44,57,56,43,40]","[57,0,0,0,57,0,57,56,43,0]","[[19.1799,20.437399999999997]]","[]","[]","[]","1","[]","[]","[]","[]","vertical","","","",""
"","","","","","horizons-trial","63","1550055","0.0-59.0","","","","","","","5","[64,47,61,67,48]","[43,41,54,36,39]","""2023-09-16T11:48:41.787Z""","[0,1,1,1]","1","1","0","40","52","52","40","12","0","0","[""arrowleft"",""arrowright"",""arrowright"",""arrowright"",""arrowleft""]","[533,424,433,512,2223]","[64,41,54,36,48]","[64,0,0,0,48]","[[50,52.867]]","[]","[]","[]","1","[]","[]","[]","[]","vertical","","","",""
"","","","","","horizons-trial","64","1563240","0.0-60.0","","","","","","","10","[59,59,66,66,70,68,74,80,80,58]","[39,48,49,41,45,45,27,18,32,48]","""2023-09-16T11:48:54.972Z""","[1,1,0,1]","1","1","1","40","70","70","40","30","0","0","[""arrowright"",""arrowright"",""arrowleft"",""arrowright"",""arrowleft"",""arrowleft"",""arrowleft"",""arrowleft"",""arrowleft"",""arrowleft""]","[809,384,553,562,1678,637,257,195,164,146]","[39,48,66,41,70,68,74,80,80,58]","[0,0,66,0,70,68,74,80,80,58]","[[36.6555,22.100499999999997]]","[]","[]","[]","1","[]","[]","[]","[]","vertical","","","",""
"","","","","","horizons-trial","65","1578531","0.0-61.0","","","","","","","10","[56,56,56,57,68,48,63,65,48,63]","[74,60,74,55,48,55,51,44,63,68]","""2023-09-16T11:49:10.263Z""","[0,1,1,1]","1","0","1","60","59","60","59","1","0","0","[""arrowleft"",""arrowright"",""arrowright"",""arrowright"",""arrowright"",""arrowright"",""arrowright"",""arrowright"",""arrowright"",""arrowright""]","[596,306,358,1775,5164,2099,190,155,181,159]","[56,60,74,55,48,55,51,44,63,68]","[0,60,74,0,0,55,0,0,63,68]","[[67.327,65.75569999999999]]","[]","[]","[]","1","[]","[]","[]","[]","vertical","","","",""
"","","","","","horizons-trial","66","1587672","0.0-62.0","","","","","","","10","[53,53,53,56,59,73,59,61,69,64]","[74,46,61,59,59,51,65,55,65,58]","""2023-09-16T11:49:19.404Z""","[0,1,1,1]","1","0","1","60","56","60","56","4","0","0","[""arrowleft"",""arrowright"",""arrowright"",""arrowright"",""arrowright"",""arrowright"",""arrowright"",""arrowright"",""arrowright"",""arrowright""]","[505,344,386,373,2362,465,187,162,163,446]","[53,46,61,59,59,51,65,55,65,58]","[0,0,61,59,59,0,65,0,0,0]","[[55.9144,61.5981]]","[]","[]","[]","1","[]","[]","[]","[]","vertical","","","",""
"","","","","","horizons-trial","67","1598745","0.0-63.0","","","","","","","10","[60,73,61,58,59,48,70,48,70,59]","[36,31,18,27,31,52,20,22,37,28]","""2023-09-16T11:49:30.477Z""","[0,0,1,1]","0","0","1","60","30","60","30","30","0","0","[""arrowleft"",""arrowleft"",""arrowright"",""arrowright"",""arrowleft"",""arrowleft"",""arrowleft"",""arrowleft"",""arrowleft"",""arrowleft""]","[667,445,438,2146,1596,502,159,152,153,144]","[60,73,18,27,59,48,70,48,70,59]","[60,73,0,0,59,0,70,48,70,59]","[[94.4321,95.27501]]","[]","[]","[]","1","[]","[]","[]","[]","vertical","","","",""
"","","","","","horizons-trial","68","1611745","0.0-64.0","","","","","","","10","[55,57,55,52,44,43,63,56,37,43]","[47,71,50,48,46,59,75,62,70,59]","""2023-09-16T11:49:43.477Z""","[1,0,0,0]","1","1","1","60","48","48","60","12","0","0","[""arrowright"",""arrowleft"",""arrowleft"",""arrowleft"",""arrowleft"",""arrowleft"",""arrowleft"",""arrowleft"",""arrowleft"",""arrowleft""]","[519,380,416,416,1804,1432,524,202,167,756]","[47,57,55,52,44,43,63,56,37,43]","[0,0,55,52,0,0,0,0,0,0]","[[76.2432,80.7233]]","[]","[]","[]","1","[]","[]","[]","[]","vertical","","","",""
"","","","","","horizons-trial","69","1620334","0.0-65.0","","","","","","","10","[54,49,49,56,57,37,32,40,58,31]","[43,36,29,32,32,31,39,40,31,42]","""2023-09-16T11:49:52.066Z""","[0,1,0,1]","0","1","1","40","42","42","40","2","0","0","[""arrowleft"",""arrowright"",""arrowleft"",""arrowright"",""arrowleft"",""arrowleft"",""arrowleft"",""arrowleft"",""arrowleft"",""arrowleft""]","[635,714,417,482,2107,465,212,167,158,381]","[54,36,49,32,57,37,32,40,58,31]","[54,0,49,0,57,37,0,40,58,0]","[[72.6767,70.3291]]","[]","[]","[]","1","[]","[]","[]","[]","vertical","","","",""
"","","","","","horizons-trial","70","1633163","0.0-66.0","","","","","","","10","[51,57,66,52,57,72,52,55,77,47]","[56,65,70,48,64,71,53,60,69,66]","""2023-09-16T11:50:04.896Z""","[1,1,0,0]","0","1","1","60","58","58","60","2","0","0","[""arrowright"",""arrowright"",""arrowleft"",""arrowleft"",""arrowright"",""arrowright"",""arrowright"",""arrowright"",""arrowright"",""arrowright""]","[466,385,440,408,3976,696,201,214,207,235]","[56,65,66,52,64,71,53,60,69,66]","[56,65,0,52,64,0,53,60,0,66]","[[24.173,24.595100000000002]]","[]","[]","[]","1","[]","[]","[]","[]","vertical","","","",""
"","","","","","horizons-trial","71","1644531","0.0-67.0","","","","","","","5","[15,26,42,38,37]","[70,69,49,57,62]","""2023-09-16T11:50:16.263Z""","[0,1,1,1]","1","1","0","60","30","30","60","30","0","0","[""arrowleft"",""arrowright"",""arrowright"",""arrowright"",""arrowright""]","[874,374,434,715,1663]","[15,69,49,57,62]","[0,69,49,57,62]","[[50,94.85924]]","[]","[]","[]","1","[]","[]","[]","[]","vertical","","","",""
"","","","","","horizons-trial","72","1652634","0.0-68.0","","","","","","","5","[27,46,45,45,35]","[29,40,32,44,42]","""2023-09-16T11:50:24.366Z""","[0,1,0,1]","0","0","0","40","41","40","41","1","0","0","[""arrowleft"",""arrowright"",""arrowleft"",""arrowright"",""arrowright""]","[584,540,383,459,1707]","[27,40,45,44,42]","[0,0,45,0,42]","[[50,71.16069999999999]]","[]","[]","[]","1","[]","[]","[]","[]","vertical","","","",""
"","","","","","horizons-trial","73","1660901","0.0-69.0","","","","","","","5","[58,63,50,61,51]","[54,55,52,66,58]","""2023-09-16T11:50:32.633Z""","[1,0,0,0]","1","1","0","60","56","56","60","4","0","0","[""arrowright"",""arrowleft"",""arrowleft"",""arrowleft"",""arrowleft""]","[555,484,525,1006,2199]","[54,63,50,61,51]","[0,63,0,0,0]","[[50,34.9892]]","[]","[]","[]","1","[]","[]","[]","[]","vertical","","","",""
"","","","","","horizons-trial","74","1675043","0.0-70.0","","","","","","","10","[48,57,52,75,58,52,67,57,77,58]","[56,72,51,69,66,67,61,58,57,53]","""2023-09-16T11:50:46.775Z""","[0,0,1,1]","0","0","1","60","59","60","59","1","0","0","[""arrowleft"",""arrowleft"",""arrowright"",""arrowright"",""arrowright"",""arrowright"",""arrowright"",""arrowright"",""arrowright"",""arrowright""]","[498,400,473,425,2414,4393,202,181,161,149]","[48,57,51,69,66,67,61,58,57,53]","[0,0,0,0,66,67,0,58,0,0]","[[31.6625,36.6522]]","[]","[]","[]","1","[]","[]","[]","[]","vertical","","","",""
"","","","","","horizons-trial","75","1683942","0.0-71.0","","","","","","","5","[40,37,41,44,39]","[80,67,74,71,74]","""2023-09-16T11:50:55.675Z""","[0,1,1,0]","0","0","0","40","70","40","70","30","0","0","[""arrowleft"",""arrowright"",""arrowright"",""arrowleft"",""arrowright""]","[613,361,403,499,1547]","[40,67,74,44,74]","[0,67,74,0,74]","[[50,77.3971]]","[]","[]","[]","1","[]","[]","[]","[]","vertical","","","",""
"","","","","","horizons-trial","76","1692408","0.0-72.0","","","","","","","5","[48,63,52,54,64]","[36,37,41,39,28]","""2023-09-16T11:51:04.141Z""","[1,0,1,0]","0","1","0","40","60","60","40","20","0","0","[""arrowright"",""arrowleft"",""arrowright"",""arrowleft"",""arrowleft""]","[601,429,561,700,1445]","[36,63,41,54,64]","[0,63,0,54,64]","[[50,82.8021]]","[]","[]","[]","1","[]","[]","[]","[]","vertical","","","",""
"","","","","","horizons-trial","77","1703779","0.0-73.0","","","","","","","10","[29,58,59,58,52,71,62,64,55,42]","[53,57,55,56,55,56,71,69,58,46]","""2023-09-16T11:51:15.512Z""","[1,1,0,0]","0","1","1","60","56","56","60","4","0","0","[""arrowright"",""arrowright"",""arrowleft"",""arrowleft"",""arrowleft"",""arrowleft"",""arrowleft"",""arrowleft"",""arrowleft"",""arrowleft""]","[450,364,486,463,3524,729,538,398,341,338]","[53,57,59,58,52,71,62,64,55,42]","[53,0,59,58,0,71,0,0,0,0]","[[12.047,14.200900000000004]]","[]","[]","[]","1","[]","[]","[]","[]","vertical","","","",""
"","","","","","horizons-trial","78","1714830","0.0-74.0","","","","","","","5","[62,52,58,55,52]","[58,44,53,55,42]","""2023-09-16T11:51:26.562Z""","[1,1,0,0]","0","0","0","60","52","60","52","8","0","0","[""arrowright"",""arrowright"",""arrowleft"",""arrowleft"",""arrowleft""]","[408,394,450,502,4763]","[58,44,58,55,52]","[0,0,58,55,52]","[[50,62.4296]]","[]","[]","[]","1","[]","[]","[]","[]","vertical","","","",""
"","","","","","horizons-trial","79","1729536","0.0-75.0","","","","","","","5","[14,47,32,52,37]","[36,41,35,64,53]","""2023-09-16T11:51:41.268Z""","[0,1,1,0]","0","0","0","40","44","40","44","4","0","0","[""arrowleft"",""arrowright"",""arrowright"",""arrowleft"",""arrowright""]","[550,374,375,532,8261]","[14,41,35,52,53]","[0,0,35,0,53]","[[50,34.57340000000001]]","[]","[]","[]","1","[]","[]","[]","[]","vertical","","","",""
"","","","","","horizons-trial","80","1740591","0.0-76.0","","","","","","","5","[60,38,32,57,43]","[61,43,54,38,65]","""2023-09-16T11:51:52.324Z""","[0,1,1,1]","1","0","0","40","48","40","48","8","0","0","[""arrowleft"",""arrowright"",""arrowright"",""arrowright"",""arrowleft""]","[686,401,447,769,3924]","[60,43,54,38,43]","[0,43,54,0,0]","[[50,24.595100000000002]]","[]","[]","[]","1","[]","[]","[]","[]","vertical","","","",""
"","","","","","horizons-trial","81","1751535","0.0-77.0","","","","","","","10","[40,25,47,39,51,50,37,29,36,52]","[78,74,81,58,69,66,60,71,76,60]","""2023-09-16T11:52:03.267Z""","[1,0,1,0]","0","0","1","40","70","40","70","30","0","0","[""arrowright"",""arrowleft"",""arrowright"",""arrowleft"",""arrowright"",""arrowright"",""arrowright"",""arrowright"",""arrowright"",""arrowright""]","[695,445,558,479,3164,837,219,183,224,287]","[78,25,81,39,69,66,60,71,76,60]","[78,0,81,0,69,66,60,71,76,60]","[[92.2922,91.11736]]","[]","[]","[]","1","[]","[]","[]","[]","vertical","","","",""
"","","","","","horizons-trial","82","1761921","0.0-78.0","","","","","","","5","[32,41,46,28,44]","[39,45,47,34,40]","""2023-09-16T11:52:13.654Z""","[0,0,1,0]","1","0","0","40","41","40","41","1","0","0","[""arrowleft"",""arrowleft"",""arrowright"",""arrowleft"",""arrowright""]","[1016,408,349,430,3194]","[32,41,47,28,40]","[0,0,47,0,0]","[[50,37.8995]]","[]","[]","[]","1","[]","[]","[]","[]","vertical","","","",""
"","","","","","horizons-trial","83","1769558","0.0-79.0","","","","","","","5","[57,56,45,67,69]","[45,58,79,71,45]","""2023-09-16T11:52:21.290Z""","[1,0,1,1]","1","0","0","60","59","60","59","1","0","0","[""arrowright"",""arrowleft"",""arrowright"",""arrowright"",""arrowright""]","[652,378,328,452,904]","[45,56,79,71,45]","[0,0,79,71,0]","[[50,71.16069999999999]]","[]","[]","[]","1","[]","[]","[]","[]","vertical","","","",""
"","","","","","horizons-trial","84","1781560","0.0-80.0","","","","","","","5","[43,42,41,58,62]","[54,64,48,62,50]","""2023-09-16T11:52:33.292Z""","[0,1,0,0]","1","1","0","60","52","52","60","8","0","0","[""arrowleft"",""arrowright"",""arrowleft"",""arrowleft"",""arrowleft""]","[569,369,405,589,5582]","[43,64,41,58,62]","[0,64,0,0,62]","[[50,46.6306]]","[]","[]","[]","1","[]","[]","[]","[]","vertical","","","",""
"","","","","","horizons-trial","85","1789384","0.0-81.0","","","","","","","5","[54,59,60,75,71]","[63,47,48,58,57]","""2023-09-16T11:52:41.116Z""","[1,1,0,1]","1","0","0","60","56","60","56","4","0","0","[""arrowright"",""arrowright"",""arrowleft"",""arrowright"",""arrowright""]","[488,370,486,374,2246]","[63,47,60,58,57]","[63,0,60,0,0]","[[50,66.17150000000001]]","[]","[]","[]","1","[]","[]","[]","[]","vertical","","","",""
"","","","","","horizons-trial","86","1798451","0.0-82.0","","","","","","","10","[46,53,50,38,44,40,35,47,36,50]","[35,31,42,38,42,42,29,41,30,50]","""2023-09-16T11:52:50.183Z""","[1,0,0,1]","0","1","1","40","41","41","40","1","0","0","[""arrowright"",""arrowleft"",""arrowleft"",""arrowright"",""arrowleft"",""arrowleft"",""arrowleft"",""arrowleft"",""arrowleft"",""arrowleft""]","[440,373,511,400,2365,414,216,172,178,649]","[35,53,50,38,44,40,35,47,36,50]","[0,53,50,38,44,0,35,47,36,50]","[[70.5368,72.408]]","[]","[]","[]","1","[]","[]","[]","[]","vertical","","","",""
"","","","","","horizons-trial","87","1806241","0.0-83.0","","","","","","","5","[50,43,45,30,37]","[60,46,35,41,43]","""2023-09-16T11:52:57.974Z""","[0,0,1,1]","0","0","0","40","48","40","48","8","0","0","[""arrowleft"",""arrowleft"",""arrowright"",""arrowright"",""arrowleft""]","[592,340,577,586,1991]","[50,43,35,41,37]","[0,0,0,41,0]","[[50,35.4049]]","[]","[]","[]","1","[]","[]","[]","[]","vertical","","","",""
"","","","","","horizons-trial","88","1812492","0.0-84.0","","","","","","","5","[63,76,66,72,78]","[26,32,43,42,48]","""2023-09-16T11:53:04.225Z""","[0,1,1,0]","0","1","0","40","70","70","40","30","0","0","[""arrowleft"",""arrowright"",""arrowright"",""arrowleft"",""arrowleft""]","[411,322,385,508,1090]","[63,32,43,72,78]","[63,0,0,72,78]","[[50,82.8021]]","[]","[]","[]","1","[]","[]","[]","[]","vertical","","","",""
"","","","","","horizons-trial","89","1819779","0.0-85.0","","","","","","","5","[47,40,44,45,44]","[55,58,64,75,61]","""2023-09-16T11:53:11.512Z""","[1,1,0,0]","0","1","0","60","40","40","60","20","0","0","[""arrowright"",""arrowright"",""arrowleft"",""arrowleft"",""arrowright""]","[548,435,456,443,1850]","[55,58,44,45,61]","[55,58,0,0,61]","[[50,84.4651]]","[]","[]","[]","1","[]","[]","[]","[]","vertical","","","",""
"","","","","","horizons-trial","90","1833474","0.0-86.0","","","","","","","10","[51,43,29,37,43,48,47,47,40,25]","[49,34,51,40,39,49,53,46,50,48]","""2023-09-16T11:53:25.206Z""","[0,0,1,0]","1","0","1","40","42","40","42","2","0","0","[""arrowleft"",""arrowleft"",""arrowright"",""arrowleft"",""arrowleft"",""arrowleft"",""arrowleft"",""arrowright"",""arrowleft"",""arrowright""]","[455,397,463,409,4207,853,1140,466,579,935]","[51,43,51,37,43,48,47,46,40,48]","[51,43,51,0,43,0,0,0,0,48]","[[30.9492,32.91030000000001]]","[]","[]","[]","1","[]","[]","[]","[]","vertical","","","",""
"","","","","","horizons-trial","91","1843080","0.0-87.0","","","","","","","5","[49,40,45,40,51]","[38,44,47,54,34]","""2023-09-16T11:53:34.813Z""","[0,1,0,0]","1","1","0","40","41","41","40","1","0","0","[""arrowleft"",""arrowright"",""arrowleft"",""arrowleft"",""arrowleft""]","[508,429,411,952,2295]","[49,44,45,40,51]","[49,44,0,0,51]","[[50,52.4513]]","[]","[]","[]","1","[]","[]","[]","[]","vertical","","","",""
"","","","","","horizons-trial","92","1853455","0.0-88.0","","","","","","","10","[65,63,62,58,62,58,64,60,49,56]","[64,51,59,59,76,52,72,52,45,47]","""2023-09-16T11:53:45.188Z""","[0,1,1,0]","0","0","1","60","58","60","58","2","0","0","[""arrowleft"",""arrowright"",""arrowright"",""arrowleft"",""arrowleft"",""arrowleft"",""arrowleft"",""arrowleft"",""arrowleft"",""arrowleft""]","[702,482,660,677,2599,921,320,211,203,365]","[65,51,59,58,62,58,64,60,49,56]","[65,0,0,0,0,58,0,60,49,56]","[[48.0682,51.6197]]","[]","[]","[]","1","[]","[]","[]","[]","vertical","","","",""
"","","","","","horizons-trial","93","1869294","0.0-89.0","","","","","","","10","[31,39,67,45,36,71,38,47,40,51]","[53,72,60,65,71,65,60,63,59,60]","""2023-09-16T11:54:01.026Z""","[1,0,1,0]","0","1","1","60","48","48","60","12","0","0","[""arrowright"",""arrowleft"",""arrowright"",""arrowleft"",""arrowright"",""arrowright"",""arrowright"",""arrowright"",""arrowright"",""arrowright""]","[448,348,424,452,5462,799,199,169,175,448]","[53,39,60,45,71,65,60,63,59,60]","[53,0,0,0,71,0,60,63,59,60]","[[65.9005,70.3291]]","[]","[]","[]","1","[]","[]","[]","[]","vertical","","","",""
"","","","","","horizons-trial","94","1884192","0.0-90.0","","","","","","","10","[47,42,49,51,35,33,51,47,54,50]","[76,61,71,70,63,80,59,72,73,76]","""2023-09-16T11:54:15.925Z""","[0,0,0,1]","1","0","1","40","70","40","70","30","0","0","[""arrowleft"",""arrowleft"",""arrowleft"",""arrowright"",""arrowright"",""arrowright"",""arrowright"",""arrowright"",""arrowright"",""arrowright""]","[719,485,417,1578,1811,575,210,182,156,148]","[47,42,49,70,63,80,59,72,73,76]","[0,0,0,70,63,80,59,72,73,76]","[[75.1732,23.763499999999993]]","[]","[]","[]","1","[]","[]","[]","[]","vertical","","","",""
"","","","","","horizons-trial","95","1894911","0.0-91.0","","","","","","","5","[34,39,35,39,38]","[41,33,28,30,32]","""2023-09-16T11:54:26.643Z""","[0,0,0,1]","1","1","0","40","42","42","40","2","0","0","[""arrowleft"",""arrowleft"",""arrowleft"",""arrowright"",""arrowleft""]","[1170,374,748,750,3443]","[34,39,35,30,38]","[0,39,35,0,38]","[[50,48.2936]]","[]","[]","[]","1","[]","[]","[]","[]","vertical","","","",""
"","","","","","horizons-trial","96","1908795","0.0-92.0","","","","","","","10","[60,49,42,72,52,56,61,54,67,58]","[24,43,24,28,32,31,29,22,21,27]","""2023-09-16T11:54:40.527Z""","[1,0,0,0]","1","0","1","60","30","60","30","30","0","0","[""arrowright"",""arrowleft"",""arrowleft"",""arrowleft"",""arrowright"",""arrowleft"",""arrowleft"",""arrowleft"",""arrowleft"",""arrowleft""]","[465,316,390,368,1050,801,182,158,158,476]","[24,49,42,72,32,56,61,54,67,58]","[0,49,42,72,0,56,61,54,67,58]","[[10.6204,9.627499999999998]]","[]","[]","[]","1","[]","[]","[]","[]","vertical","","","",""
"","","","","","horizons-trial","97","1918830","0.0-93.0","","","","","","","10","[75,72,60,72,63,62,78,69,68,64]","[39,53,35,36,44,28,36,38,34,31]","""2023-09-16T11:54:50.562Z""","[0,0,1,1]","0","1","1","40","70","70","40","30","0","0","[""arrowleft"",""arrowleft"",""arrowright"",""arrowright"",""arrowleft"",""arrowleft"",""arrowleft"",""arrowleft"",""arrowleft"",""arrowleft""]","[531,352,386,427,1177,2951,165,137,161,147]","[75,72,35,36,63,62,78,69,68,64]","[75,72,0,0,63,62,78,69,68,64]","[[89.7957,92.78042]]","[]","[]","[]","1","[]","[]","[]","[]","vertical","","","",""
"","","","","","horizons-trial","98","1931645","0.0-94.0","","","","","","","10","[33,47,39,36,46,39,40,42,46,43]","[55,48,30,46,34,40,51,18,47,31]","""2023-09-16T11:55:03.377Z""","[1,0,1,0]","0","1","1","40","44","44","40","4","0","0","[""arrowright"",""arrowleft"",""arrowright"",""arrowleft"",""arrowright"",""arrowright"",""arrowright"",""arrowright"",""arrowright"",""arrowright""]","[570,344,351,359,4396,486,264,223,167,334]","[55,47,30,36,34,40,51,18,47,31]","[55,0,0,0,0,40,51,0,47,0]","[[40.9353,33.7419]]","[]","[]","[]","1","[]","[]","[]","[]","vertical","","","",""
"","","","","","horizons-trial","99","1951331","0.0-95.0","","","","","","","10","[18,51,50,38,22,31,42,40,54,31]","[41,37,37,35,30,48,42,26,44,40]","""2023-09-16T11:55:23.063Z""","[0,0,1,1]","0","0","1","40","41","40","41","1","0","0","[""arrowleft"",""arrowleft"",""arrowright"",""arrowright"",""arrowright"",""arrowright"",""arrowright"",""arrowright"",""arrowright"",""arrowright""]","[932,459,422,532,3130,624,237,185,170,174]","[18,51,37,35,30,48,42,26,44,40]","[0,51,0,0,30,48,42,0,0,40]","[[45.9283,94.44348]]","[]","[]","[]","1","[]","[]","[]","[]","vertical","","","",""
"","","","","","horizons-trial","100","1960294","0.0-96.0","","","","","","","5","[29,38,43,41,46]","[42,29,42,43,30]","""2023-09-16T11:55:32.026Z""","[1,0,1,1]","1","1","0","40","48","48","40","8","0","0","[""arrowright"",""arrowleft"",""arrowright"",""arrowright"",""arrowright""]","[2558,556,513,653,1152]","[42,38,42,43,30]","[42,38,0,43,0]","[[50,84.8809]]","[]","[]","[]","1","[]","[]","[]","[]","vertical","","","",""
"","","","","","horizons-trial","101","1972014","0.0-97.0","","","","","","","10","[44,51,45,37,33,44,38,48,35,61]","[50,43,36,31,38,46,45,46,41,21]","""2023-09-16T11:55:43.746Z""","[1,1,0,1]","1","1","1","40","41","41","40","1","0","0","[""arrowright"",""arrowright"",""arrowleft"",""arrowright"",""arrowright"",""arrowright"",""arrowright"",""arrowright"",""arrowright"",""arrowright""]","[445,410,519,366,4439,947,289,272,274,304]","[50,43,45,31,38,46,45,46,41,21]","[50,0,45,0,38,46,45,0,41,0]","[[45.9283,45.3833]]","[]","[]","[]","1","[]","[]","[]","[]","vertical","","","",""
"","","","","","horizons-trial","102","1984311","0.0-98.0","","","","","","","10","[34,42,39,40,50,44,38,26,41,31]","[59,33,34,33,42,38,34,29,42,43]","""2023-09-16T11:55:56.043Z""","[1,1,0,1]","1","0","1","40","41","40","41","1","0","0","[""arrowright"",""arrowright"",""arrowleft"",""arrowright"",""arrowleft"",""arrowleft"",""arrowleft"",""arrowleft"",""arrowleft"",""arrowleft""]","[506,377,431,369,3560,996,625,236,183,605]","[59,33,39,33,50,44,38,26,41,31]","[59,0,39,0,50,44,38,0,0,0]","[[22.7464,18.358599999999996]]","[]","[]","[]","1","[]","[]","[]","[]","vertical","","","",""
"","","","","","horizons-trial","103","1999088","0.0-99.0","","","","","","","10","[63,56,59,63,56,75,64,50,51,59]","[46,59,39,58,56,57,42,38,49,53]","""2023-09-16T11:56:10.820Z""","[1,0,0,1]","0","0","1","60","52","60","52","8","0","0","[""arrowright"",""arrowleft"",""arrowleft"",""arrowright"",""arrowleft"",""arrowleft"",""arrowleft"",""arrowleft"",""arrowleft"",""arrowleft""]","[445,385,497,444,3909,481,190,169,175,277]","[46,56,59,58,56,75,64,50,51,59]","[0,0,59,0,56,75,64,50,51,59]","[[71.2501,39.1468]]","[]","[]","[]","1","[]","[]","[]","[]","vertical","","","",""
"","","","","","horizons-trial","104","2010056","0.0-100.0","","","","","","","10","[67,67,67,67,48,58,67,61,62,63]","[48,38,41,39,37,42,54,40,43,39]","""2023-09-16T11:56:21.788Z""","[0,0,0,1]","1","1","1","40","60","60","40","20","0","0","[""arrowleft"",""arrowleft"",""arrowleft"",""arrowright"",""arrowleft"",""arrowleft"",""arrowleft"",""arrowleft"",""arrowleft"",""arrowleft""]","[594,389,847,899,1009,444,203,161,172,206]","[67,67,67,39,48,58,67,61,62,63]","[67,67,67,0,48,58,67,61,62,63]","[[85.1593,89.87010000000001]]","[]","[]","[]","1","[]","[]","[]","[]","vertical","","","",""
"","","","","","horizons-trial","105","2020882","0.0-101.0","","","","","","","5","[17,51,42,25,49]","[72,63,53,54,53]","""2023-09-16T11:56:32.615Z""","[1,1,0,1]","1","1","0","60","40","40","60","20","0","0","[""arrowright"",""arrowright"",""arrowleft"",""arrowright"",""arrowright""]","[731,395,446,3961,1513]","[72,63,42,54,53]","[72,63,0,54,53]","[[50,77.8129]]","[]","[]","[]","1","[]","[]","[]","[]","vertical","","","",""
"","","","","","horizons-trial","106","2032222","0.0-102.0","","","","","","","5","[51,50,59,73,53]","[49,69,68,54,57]","""2023-09-16T11:56:43.954Z""","[0,0,1,1]","0","1","0","60","59","59","60","1","0","0","[""arrowleft"",""arrowleft"",""arrowright"",""arrowright"",""arrowright""]","[591,409,370,573,5270]","[51,50,68,54,57]","[51,0,68,0,57]","[[50,84.8809]]","[]","[]","[]","1","[]","[]","[]","[]","vertical","","","",""
"","","","","","horizons-trial","107","2046889","0.0-103.0","","","","","","","10","[61,46,38,62,47,54,42,50,63,42]","[60,61,53,68,79,61,61,49,46,35]","""2023-09-16T11:56:58.621Z""","[1,1,1,0]","1","1","1","60","56","56","60","4","0","0","[""arrowright"",""arrowright"",""arrowright"",""arrowleft"",""arrowright"",""arrowright"",""arrowright"",""arrowright"",""arrowright"",""arrowright""]","[567,419,359,463,2266,563,208,177,165,157]","[60,61,53,62,79,61,61,49,46,35]","[0,61,53,0,79,61,61,0,0,0]","[[23.8163,7.964500000000001]]","[]","[]","[]","1","[]","[]","[]","[]","vertical","","","",""
"","","","","","horizons-trial","108","2059627","0.0-104.0","","","","","","","10","[51,38,38,42,37,47,38,38,30,39]","[58,72,67,62,63,71,62,61,50,57]","""2023-09-16T11:57:11.359Z""","[0,1,1,1]","1","0","1","40","60","40","60","20","0","0","[""arrowleft"",""arrowright"",""arrowright"",""arrowright"",""arrowright"",""arrowright"",""arrowright"",""arrowright"",""arrowright"",""arrowright""]","[945,402,1246,613,1214,968,203,169,173,159]","[51,72,67,62,63,71,62,61,50,57]","[0,72,67,62,63,71,62,61,50,57]","[[61.9774,62.4296]]","[]","[]","[]","1","[]","[]","[]","[]","vertical","","","",""
"","","","","","horizons-trial","109","2072924","0.0-105.0","","","","","","","10","[35,32,45,40,53,36,45,57,30,49]","[57,39,45,49,46,46,51,53,46,38]","""2023-09-16T11:57:24.657Z""","[0,1,0,0]","1","0","1","40","48","40","48","8","0","0","[""arrowleft"",""arrowright"",""arrowleft"",""arrowleft"",""arrowright"",""arrowleft"",""arrowright"",""arrowright"",""arrowright"",""arrowright""]","[747,416,411,466,351,1828,998,864,1071,245]","[35,39,45,40,46,36,51,53,46,38]","[0,39,45,0,0,0,51,0,46,0]","[[18.4666,27.505399999999995]]","[]","[]","[]","1","[]","[]","[]","[]","vertical","","","",""
"","","","","","horizons-trial","110","2081491","0.0-106.0","","","","","","","5","[61,60,46,76,62]","[59,49,53,58,59]","""2023-09-16T11:57:33.223Z""","[0,1,1,0]","0","0","0","60","56","60","56","4","0","0","[""arrowleft"",""arrowright"",""arrowright"",""arrowleft"",""arrowleft""]","[787,415,577,2830,969]","[61,49,53,76,62]","[61,0,53,76,62]","[[50,84.8809]]","[]","[]","[]","1","[]","[]","[]","[]","vertical","","","",""
"","","","","","horizons-trial","111","2088145","0.0-107.0","","","","","","","5","[29,34,47,31,48]","[59,47,62,65,50]","""2023-09-16T11:57:39.877Z""","[1,1,1,0]","1","0","0","40","52","40","52","12","0","0","[""arrowright"",""arrowright"",""arrowright"",""arrowleft"",""arrowright""]","[476,391,583,463,1708]","[59,47,62,31,50]","[59,47,62,0,50]","[[50,69.4976]]","[]","[]","[]","1","[]","[]","[]","[]","vertical","","","",""
"","","","","","horizons-trial","112","2099211","0.0-108.0","","","","","","","5","[51,24,49,44,42]","[58,56,50,47,58]","""2023-09-16T11:57:50.944Z""","[0,0,1,0]","1","1","0","60","48","48","60","12","0","0","[""arrowleft"",""arrowleft"",""arrowright"",""arrowleft"",""arrowright""]","[571,685,697,593,4611]","[51,24,50,44,58]","[0,0,50,0,58]","[[50,32.0788]]","[]","[]","[]","1","[]","[]","[]","[]","vertical","","","",""
"","","","","","horizons-trial","113","2108731","0.0-109.0","","","","","","","5","[66,48,59,54,61]","[63,50,67,67,62]","""2023-09-16T11:58:00.463Z""","[1,0,1,1]","1","1","0","60","58","58","60","2","0","0","[""arrowright"",""arrowleft"",""arrowright"",""arrowright"",""arrowright""]","[477,503,414,514,1390]","[63,48,67,67,62]","[0,0,67,67,62]","[[50,92.36466]]","[]","[]","[]","1","[]","[]","[]","[]","vertical","","","",""
"","","","","","horizons-trial","114","2117913","0.0-110.0","","","","","","","5","[55,52,75,64,61]","[53,53,72,60,55]","""2023-09-16T11:58:09.646Z""","[1,0,1,0]","0","0","0","60","58","60","58","2","0","0","[""arrowright"",""arrowleft"",""arrowright"",""arrowleft"",""arrowright""]","[410,451,458,445,3608]","[53,52,72,64,55]","[0,0,0,64,0]","[[50,67.8346]]","[]","[]","[]","1","[]","[]","[]","[]","vertical","","","",""
"","","","","","horizons-trial","115","2137590","0.0-111.0","","","","","","","10","[23,47,36,35,36,31,50,42,43,35]","[44,44,45,33,60,32,46,55,54,41]","""2023-09-16T11:58:29.323Z""","[1,0,1,1]","1","0","1","40","44","40","44","4","0","0","[""arrowright"",""arrowleft"",""arrowright"",""arrowright"",""arrowleft"",""arrowleft"",""arrowleft"",""arrowleft"",""arrowleft"",""arrowleft""]","[509,348,429,461,4685,1637,379,1033,524,169]","[44,47,45,33,36,31,50,42,43,35]","[44,47,45,0,0,0,50,0,0,0]","[[69.4669,21.268900000000002]]","[]","[]","[]","1","[]","[]","[]","[]","vertical","","","",""
"","","","","","horizons-trial","116","2152982","0.0-112.0","","","","","","","10","[28,56,37,32,37,38,38,39,35,20]","[59,69,58,62,69,64,74,66,62,58]","""2023-09-16T11:58:44.715Z""","[0,1,0,0]","1","1","1","60","30","30","60","30","0","0","[""arrowleft"",""arrowright"",""arrowleft"",""arrowleft"",""arrowright"",""arrowright"",""arrowright"",""arrowright"",""arrowright"",""arrowright""]","[546,371,439,1440,2376,742,180,165,160,341]","[28,69,37,32,69,64,74,66,62,58]","[0,69,0,0,69,64,74,66,62,58]","[[72.3201,74.9026]]","[]","[]","[]","1","[]","[]","[]","[]","vertical","","","",""
"","","","","","horizons-trial","117","2161143","0.0-113.0","","","","","","","5","[45,34,37,47,42]","[52,44,47,44,41]","""2023-09-16T11:58:52.876Z""","[0,1,0,1]","0","1","0","40","42","42","40","2","0","0","[""arrowleft"",""arrowright"",""arrowleft"",""arrowright"",""arrowright""]","[678,360,633,560,1479]","[45,44,37,44,41]","[0,44,0,0,0]","[[50,23.347800000000007]]","[]","[]","[]","1","[]","[]","[]","[]","vertical","","","",""
"","","","","","horizons-trial","118","2168818","0.0-114.0","","","","","","","5","[40,48,56,33,31]","[38,49,61,49,64]","""2023-09-16T11:59:00.551Z""","[0,1,1,0]","0","0","0","40","52","40","52","12","0","0","[""arrowleft"",""arrowright"",""arrowright"",""arrowleft"",""arrowright""]","[585,374,470,492,1852]","[40,49,61,33,64]","[40,49,61,0,64]","[[50,68.2503]]","[]","[]","[]","1","[]","[]","[]","[]","vertical","","","",""
"","","","","","horizons-trial","119","2183511","0.0-115.0","","","","","","","10","[51,69,47,54,63,62,58,49,48,72]","[56,62,53,68,65,47,75,64,52,64]","""2023-09-16T11:59:15.243Z""","[0,0,0,1]","1","0","1","60","58","60","58","2","0","0","[""arrowleft"",""arrowleft"",""arrowleft"",""arrowright"",""arrowleft"",""arrowleft"",""arrowleft"",""arrowleft"",""arrowleft"",""arrowleft""]","[695,391,642,450,2912,1063,240,228,241,265]","[51,69,47,68,63,62,58,49,48,72]","[0,69,0,68,0,62,0,0,0,72]","[[56.6277,19.605900000000005]]","[]","[]","[]","1","[]","[]","[]","[]","vertical","","","",""
"","","","","","horizons-trial","120","2192798","0.0-116.0","","","","","","","10","[60,66,64,50,35,67,56,59,61,47]","[47,52,37,49,38,33,25,41,42,38]","""2023-09-16T11:59:24.530Z""","[0,1,0,1]","0","1","1","40","60","60","40","20","0","0","[""arrowleft"",""arrowright"",""arrowleft"",""arrowright"",""arrowleft"",""arrowleft"",""arrowleft"",""arrowleft"",""arrowleft"",""arrowleft""]","[563,309,324,968,1760,728,182,154,158,141]","[60,52,64,49,35,67,56,59,61,47]","[60,0,64,0,0,67,56,59,61,47]","[[65.9005,57.4404]]","[]","[]","[]","1","[]","[]","[]","[]","vertical","","","",""
"","","","","","horizons-trial","121","2203815","0.0-117.0","","","","","","","5","[62,68,66,50,52]","[69,75,53,59,52]","""2023-09-16T11:59:35.547Z""","[1,1,0,0]","0","1","0","60","58","58","60","2","0","0","[""arrowright"",""arrowright"",""arrowleft"",""arrowleft"",""arrowright""]","[646,619,537,1449,2833]","[69,75,66,50,52]","[69,75,66,0,52]","[[50,65.34]]","[]","[]","[]","1","[]","[]","[]","[]","vertical","","","",""
"","","","","","horizons-trial","122","2214169","0.0-118.0","","","","","","","10","[62,50,62,71,55,62,65,54,50,62]","[62,62,48,51,54,44,42,53,61,48]","""2023-09-16T11:59:45.901Z""","[0,0,0,1]","1","0","1","60","52","60","52","8","0","0","[""arrowleft"",""arrowleft"",""arrowleft"",""arrowright"",""arrowleft"",""arrowleft"",""arrowleft"",""arrowleft"",""arrowleft"",""arrowleft""]","[466,377,365,377,1925,713,212,207,197,296]","[62,50,62,51,55,62,65,54,50,62]","[62,0,62,0,55,62,65,54,0,62]","[[44.8584,30.415800000000004]]","[]","[]","[]","1","[]","[]","[]","[]","vertical","","","",""
"","","","","","horizons-trial","123","2222547","0.0-119.0","","","","","","","5","[43,38,48,46,48]","[44,40,35,24,48]","""2023-09-16T11:59:54.279Z""","[1,0,0,1]","0","1","0","40","44","44","40","4","0","0","[""arrowright"",""arrowleft"",""arrowleft"",""arrowright"",""arrowleft""]","[570,387,539,390,2012]","[44,38,48,24,48]","[44,0,48,0,48]","[[50,70.7449]]","[]","[]","[]","1","[]","[]","[]","[]","vertical","","","",""
"","","","","","survey-html-form","124","2269238","0.0-120.0","46684","{""comments"":"" I tried to pick the slot machine with the highest average, I used the same strategy for 5 and 10 choice conditions\n""}","","","","","","","","","","","","","","","","","","","","","","","","","","","","","","","","","","","","",""
"","","","","","survey-html-form","125","2308204","0.0-121.0","38967","{""comments"":"" How close to each other the averages were and how many numbers were revealed on each side""}","","","","","","","","","","","","","","","","","","","","","","","","","","","","","","","","","","","","",""
"","","","","","survey-html-form","126","2367453","0.0-122.0","59247","{""comments"":"" How different the averages were""}","","","","","","","","","","","","","","","","","","","","","","","","","","","","","","","","","","","","",""
"","","","","","survey-html-form","127","2382229","0.0-123.0","14775","{""comments"":""everything ran smoothly""}","","","","","","","","","","","","","","","","","","","","","","","","","","","","","","","","","","","","","[{""event"":""fullscreenenter"",""trial"":2,""time"":210756},{""event"":""fullscreenexit"",""trial"":7,""time"":658980},{""event"":""blur"",""trial"":7,""time"":660815},{""event"":""focus"",""trial"":7,""time"":660875},{""event"":""blur"",""trial"":7,""time"":662378},{""event"":""focus"",""trial"":7,""time"":662389}]"
