"success","timeout","failed_images","failed_audio","failed_video","trial_type","trial_index","time_elapsed","internal_node_id","rt","response","view_history","task","stimulus","question_order","horizon","rewards_L","rewards_R","date","forced_choices","r_info","r_side","r_h","r_mean","r_otherMean","r_mean_L","r_mean_R","r_difference","confidence_immediate_overall","confidence_question_order","key_presses","response_times","outcomes","outcomes_counted_points","confidence","confidence_rt","confidence_2","confidence_2_rt","screen_resolution","belief_confidence_1","belief_confidence_2","belief_confidence_3","belief_confidence_4","immediate_judgement_orientation","phase","responses","num_errors","interactions"
"true","false","[]","[]","[]","preload","0","1256","0.0-0.0","","","","","","","","","","","","","","","","","","","","","","","","","","","","","","","","","","","","","","",""
"","","","","","survey-html-form","1","3782","0.0-1.0","2526","{""comments"":"" 63469994b9614315c874d9f0""}","","","","","","","","","","","","","","","","","","","","","","","","","","","","","","","","","","","","",""
"true","","","","","fullscreen","2","8827","0.0-2.0","","","","","","","","","","","","","","","","","","","","","","","","","","","","","","","","","","","","","","",""
"","","","","","instructions","3","83322","0.0-3.0","74494","","[{""page_index"":0,""viewing_time"":19440},{""page_index"":1,""viewing_time"":26749},{""page_index"":2,""viewing_time"":10808},{""page_index"":3,""viewing_time"":8230},{""page_index"":4,""viewing_time"":4792},{""page_index"":5,""viewing_time"":4475}]","Consent","","","","","","","","","","","","","","","","","","","","","","","","","","","","","","","","","","",""
"","","","","","html-button-response","4","90029","0.0-4.0","6705","0","","","<p>Declaration of consent for study participation:</p>
            <ul>
                <li> I was informed about the study 'Metacognition in a bandit task', its course, meaning, scope and risks, and I have read and understood the study information.</li>
                <li> I had the opportunity to clarify all open questions. </li>
                <li> I have the right to request further information about the study at any time.</li>
                <li> I voluntarily agree to participate in the study described in the study information provided.</li>
                <li> I have been informed that I may withdraw from this study at any time without incurring any disadvantage.</li>
            </ul>","","","","","","","","","","","","","","","","","","","","","","","","","","","","","","","","","",""
"","","","","","survey-multi-choice","5","106413","0.0-5.0","16383","{""firstDataProtectionQ"":""yes"",""secondDataProtectionQ"":""yes"",""thirdDataProtectionQ"":""yes"",""fourthDataProtectionQ"":""yes""}","","","","[0,1,2,3]","","","","","","","","","","","","","","","","","","","","","","","","","","","","","","","","",""
"","","","","","instructions","6","304761","0.0-6.0-0.0","198346","","[{""page_index"":0,""viewing_time"":2846},{""page_index"":1,""viewing_time"":4582},{""page_index"":2,""viewing_time"":6901},{""page_index"":3,""viewing_time"":20316},{""page_index"":4,""viewing_time"":14694},{""page_index"":3,""viewing_time"":1255},{""page_index"":2,""viewing_time"":7526},{""page_index"":3,""viewing_time"":12975},{""page_index"":4,""viewing_time"":8810},{""page_index"":5,""viewing_time"":4425},{""page_index"":6,""viewing_time"":6548},{""page_index"":7,""viewing_time"":12040},{""page_index"":8,""viewing_time"":13638},{""page_index"":9,""viewing_time"":23214},{""page_index"":10,""viewing_time"":52837},{""page_index"":11,""viewing_time"":5739}]","","","","","","","","","","","","","","","","","","","","","","","","","","","","","","","","","","","",""
"","","","","","horizons-trial","7","328882","0.0-6.0-1.0","","","","","","","5","[44,57,74,72,62]","[31,33,24,39,29]","""2023-09-15T16:34:34.123Z""","[1,0,1,1]","","","","","","","","","0","","[""arrowright"",""arrowleft"",""arrowright"",""arrowright"",""arrowleft""]","[2507,999,405,744,747]","[31,57,24,39,62]","[0,57,0,0,62]","[[50,62.3241]]","[]","[]","[]","1","[]","[]","[]","[]","vertical","practice","","",""
"","","","","","horizons-trial","8","358370","0.0-6.0-2.0","","","","","","","10","[64,50,57,35,52,38,44,61,39,38]","[70,69,76,71,75,58,81,84,57,61]","""2023-09-15T16:35:03.610Z""","[0,0,1,1]","","","","","","","","","1","","[""arrowleft"",""arrowleft"",""arrowright"",""arrowright"",""arrowright"",""arrowright"",""arrowright"",""arrowright"",""arrowright"",""arrowright""]","[1559,514,455,485,2336,2905,1428,2422,460,891]","[64,50,76,71,75,58,81,84,57,61]","[0,0,76,71,75,58,81,84,57,61]","[[49.4956,83.48310000000001]]","[]","[]","[]","1","[]","[]","[]","[]","vertical","practice","","",""
"","","","","","instructions","9","379520","0.0-6.0-3.0","21149","","[{""page_index"":0,""viewing_time"":1407},{""page_index"":1,""viewing_time"":15040},{""page_index"":2,""viewing_time"":3046},{""page_index"":3,""viewing_time"":1656}]","","","","","","","","","","","","","","","","","","","","","","","","","","","","","","","","","","","",""
"","","","","","horizons-comprehension","10","399075","0.0-6.0-4.0","19553.5","","","","","","","","","","","","","","","","","","","","","","","","","","","","","","","","","","","","[""true"",""true"",""false"",""true""]","0",""
"","","","","","instructions","11","400586","0.0-7.0","1509","","[{""page_index"":0,""viewing_time"":1509}]","","","","","","","","","","","","","","","","","","","","","","","","","","","","","","","","","","","",""
"","","","","","horizons-trial","12","419722","0.0-8.0","","","","","","","10","[51,74,58,60,57,61,53,65,71,69]","[52,54,67,41,52,49,58,64,56,49]","""2023-09-15T16:36:04.963Z""","[1,1,0,1]","1","0","1","60","58","60","58","2","0","0","[""arrowright"",""arrowright"",""arrowleft"",""arrowright"",""arrowleft"",""arrowleft"",""arrowleft"",""arrowright"",""arrowright"",""arrowleft""]","[1604,405,390,434,2620,1689,1490,795,1154,541]","[52,54,58,41,57,61,53,64,56,69]","[52,0,0,0,57,61,0,0,0,69]","[[51.3116,62.9752]]","[]","[]","[]","1","[]","[]","[]","[]","horizontal","","","",""
"","","","","","horizons-trial","13","429938","0.0-9.0","","","","","","","5","[36,34,40,26,40]","[55,61,48,55,48]","""2023-09-15T16:36:15.178Z""","[1,0,1,0]","0","0","0","40","52","40","52","12","0","0","[""arrowright"",""arrowleft"",""arrowright"",""arrowleft"",""arrowright""]","[1341,296,371,532,2235]","[55,34,48,26,48]","[55,0,48,0,48]","[[77.6436,50]]","[]","[]","[]","1","[]","[]","[]","[]","horizontal","","","",""
"","","","","","horizons-trial","14","439518","0.0-10.0","","","","","","","5","[42,30,50,43,45]","[59,46,37,43,48]","""2023-09-15T16:36:24.758Z""","[0,1,1,0]","0","0","0","40","48","40","48","8","0","0","[""arrowleft"",""arrowright"",""arrowright"",""arrowleft"",""arrowright""]","[1107,270,683,410,3238]","[42,46,37,43,48]","[0,46,0,43,48]","[[41.6262,50]]","[]","[]","[]","1","[]","[]","[]","[]","horizontal","","","",""
"","","","","","horizons-trial","15","449470","0.0-11.0","","","","","","","5","[42,44,39,38,52]","[45,53,31,48,46]","""2023-09-15T16:36:34.711Z""","[1,1,0,1]","1","0","0","40","42","40","42","2","0","0","[""arrowright"",""arrowright"",""arrowleft"",""arrowright"",""arrowright""]","[1665,377,365,327,2643]","[45,53,39,48,46]","[45,53,39,48,0]","[[50.7062,50]]","[]","[]","[]","1","[]","[]","[]","[]","horizontal","","","",""
"","","","","","horizons-trial","16","462429","0.0-12.0","","","","","","","5","[44,46,43,42,26]","[37,26,41,40,47]","""2023-09-15T16:36:47.670Z""","[1,0,0,0]","1","1","0","40","42","42","40","2","0","0","[""arrowright"",""arrowleft"",""arrowleft"",""arrowleft"",""arrowright""]","[1308,310,431,445,1937]","[37,46,43,42,47]","[0,46,43,42,47]","[[58.5756,50]]","[]","[]","[]","1","[]","[]","[]","[]","horizontal","","","",""
"","","","","","horizons-trial","17","477456","0.0-13.0","","","","","","","10","[68,62,68,51,45,53,52,60,44,42]","[36,34,30,41,52,31,42,38,44,37]","""2023-09-15T16:37:02.696Z""","[1,0,1,1]","1","1","1","40","60","60","40","20","0","0","[""arrowright"",""arrowleft"",""arrowright"",""arrowright"",""arrowleft"",""arrowleft"",""arrowleft"",""arrowleft"",""arrowleft"",""arrowleft""]","[972,318,337,437,2161,2451,481,448,618,676]","[36,62,30,41,45,53,52,60,44,42]","[0,62,0,0,0,53,52,60,44,42]","[[57.9702,83.1576]]","[]","[]","[]","1","[]","[]","[]","[]","horizontal","","","",""
"","","","","","horizons-trial","18","491379","0.0-14.0","","","","","","","10","[49,33,44,33,37,45,18,50,32,36]","[52,37,33,53,34,25,40,40,51,46]","""2023-09-15T16:37:16.619Z""","[1,1,0,0]","0","0","1","40","42","40","42","2","0","0","[""arrowright"",""arrowright"",""arrowleft"",""arrowleft"",""arrowright"",""arrowright"",""arrowright"",""arrowright"",""arrowleft"",""arrowleft""]","[1113,431,376,382,399,1687,968,1389,956,382]","[52,37,44,33,34,25,40,40,32,36]","[52,37,44,0,0,0,40,0,0,0]","[[53.4302,78.6003]]","[]","[]","[]","1","[]","[]","[]","[]","horizontal","","","",""
"","","","","","horizons-trial","19","499878","0.0-15.0","","","","","","","10","[63,69,80,67,61,86,65,63,75,69]","[51,33,48,36,27,41,37,34,44,16]","""2023-09-15T16:37:25.119Z""","[0,1,0,1]","0","1","1","40","70","70","40","30","0","0","[""arrowleft"",""arrowright"",""arrowleft"",""arrowright"",""arrowleft"",""arrowleft"",""arrowleft"",""arrowleft"",""arrowleft"",""arrowleft""]","[825,327,399,425,505,622,306,379,296,319]","[63,33,80,36,61,86,65,63,75,69]","[63,0,80,0,61,86,65,63,75,69]","[[54.3382,88.6915]]","[]","[]","[]","1","[]","[]","[]","[]","horizontal","","","",""
"","","","","","horizons-trial","20","507403","0.0-16.0","","","","","","","5","[42,37,54,46,52]","[50,64,62,78,55]","""2023-09-15T16:37:32.644Z""","[0,1,0,0]","1","1","0","60","52","52","60","8","0","0","[""arrowleft"",""arrowright"",""arrowleft"",""arrowleft"",""arrowright""]","[1076,292,347,502,2222]","[42,64,54,46,55]","[0,64,0,0,55]","[[57.3649,50]]","[]","[]","[]","1","[]","[]","[]","[]","horizontal","","","",""
"","","","","","horizons-trial","21","518817","0.0-17.0","","","","","","","10","[46,40,49,33,32,49,36,30,55,35]","[54,58,38,50,37,44,51,54,50,42]","""2023-09-15T16:37:44.058Z""","[1,1,0,1]","1","0","1","40","44","40","44","4","0","0","[""arrowright"",""arrowright"",""arrowleft"",""arrowright"",""arrowleft"",""arrowleft"",""arrowright"",""arrowright"",""arrowright"",""arrowright""]","[628,636,401,358,2431,1274,844,493,496,369]","[54,58,49,50,32,49,51,54,50,42]","[54,58,49,50,0,49,51,54,0,42]","[[48.5876,62.3241]]","[]","[]","[]","1","[]","[]","[]","[]","horizontal","","","",""
"","","","","","horizons-trial","22","526254","0.0-18.0","","","","","","","5","[46,42,40,37,40]","[50,44,40,43,39]","""2023-09-15T16:37:51.495Z""","[0,0,0,1]","1","0","0","40","44","40","44","4","0","0","[""arrowleft"",""arrowleft"",""arrowleft"",""arrowright"",""arrowleft""]","[963,637,450,638,1689]","[46,42,40,43,40]","[0,0,40,43,40]","[[69.4716,50]]","[]","[]","[]","1","[]","[]","[]","[]","horizontal","","","",""
"","","","","","horizons-trial","23","537460","0.0-19.0","","","","","","","10","[55,41,51,53,60,53,53,45,44,63]","[48,47,51,64,59,42,73,60,57,61]","""2023-09-15T16:38:02.701Z""","[1,0,0,1]","0","1","1","60","48","48","60","12","0","0","[""arrowright"",""arrowleft"",""arrowleft"",""arrowright"",""arrowleft"",""arrowleft"",""arrowleft"",""arrowright"",""arrowright"",""arrowright""]","[551,266,414,377,1727,907,1575,402,615,437]","[48,41,51,64,60,53,53,60,57,61]","[0,0,51,64,60,53,0,60,57,0]","[[49.7982,49.9542]]","[]","[]","[]","1","[]","[]","[]","[]","horizontal","","","",""
"","","","","","horizons-trial","24","547000","0.0-20.0","","","","","","","5","[76,59,58,55,79]","[25,50,37,31,34]","""2023-09-15T16:38:12.240Z""","[0,1,0,0]","1","1","0","40","60","60","40","20","0","0","[""arrowleft"",""arrowright"",""arrowleft"",""arrowleft"",""arrowright""]","[1038,295,381,576,1074]","[76,50,58,55,34]","[76,0,58,55,0]","[[32.5462,50]]","[]","[]","[]","1","[]","[]","[]","[]","horizontal","","","",""
"","","","","","horizons-trial","25","556319","0.0-21.0","","","","","","","10","[69,50,72,62,64,60,75,47,50,58]","[42,52,35,34,40,33,38,43,48,32]","""2023-09-15T16:38:21.560Z""","[0,1,0,0]","1","0","1","60","40","60","40","20","0","0","[""arrowleft"",""arrowright"",""arrowleft"",""arrowleft"",""arrowleft"",""arrowleft"",""arrowleft"",""arrowleft"",""arrowleft"",""arrowleft""]","[744,322,364,458,1780,551,213,166,143,293]","[69,52,72,62,64,60,75,47,50,58]","[69,52,72,62,64,60,75,47,50,58]","[[51.0089,74.0429]]","[]","[]","[]","1","[]","[]","[]","[]","horizontal","","","",""
"","","","","","horizons-trial","26","562881","0.0-22.0","","","","","","","5","[34,52,51,43,43]","[54,62,67,62,45]","""2023-09-15T16:38:28.122Z""","[1,0,1,0]","0","1","0","60","48","48","60","12","0","0","[""arrowright"",""arrowleft"",""arrowright"",""arrowleft"",""arrowright""]","[1664,356,391,739,600]","[54,52,67,43,45]","[54,0,67,0,45]","[[67.0503,50]]","[]","[]","[]","1","[]","[]","[]","[]","horizontal","","","",""
"","","","","","horizons-trial","27","570845","0.0-23.0","","","","","","","10","[46,45,41,43,32,33,45,51,46,29]","[52,59,53,51,54,57,45,54,60,38]","""2023-09-15T16:38:36.085Z""","[0,1,0,1]","0","0","1","40","52","40","52","12","0","0","[""arrowleft"",""arrowright"",""arrowleft"",""arrowright"",""arrowright"",""arrowright"",""arrowright"",""arrowright"",""arrowright"",""arrowright""]","[613,318,366,322,1677,677,208,160,188,182]","[46,59,41,51,54,57,45,54,60,38]","[0,59,0,51,54,57,45,54,60,38]","[[49.4956,73.7174]]","[]","[]","[]","1","[]","[]","[]","[]","horizontal","","","",""
"","","","","","horizons-trial","28","576736","0.0-24.0","","","","","","","5","[55,45,59,61,60]","[76,54,55,69,46]","""2023-09-15T16:38:41.977Z""","[0,0,1,1]","0","0","0","60","58","60","58","2","0","0","[""arrowleft"",""arrowleft"",""arrowright"",""arrowright"",""arrowright""]","[887,459,381,398,1258]","[55,45,55,69,46]","[0,0,0,69,0]","[[60.3916,50]]","[]","[]","[]","1","[]","[]","[]","[]","horizontal","","","",""
"","","","","","horizons-trial","29","590652","0.0-25.0","","","","","","","10","[50,46,45,33,53,42,39,38,38,38]","[41,41,39,30,31,44,42,41,32,52]","""2023-09-15T16:38:55.893Z""","[1,0,1,0]","0","1","1","40","44","44","40","4","0","0","[""arrowright"",""arrowleft"",""arrowright"",""arrowleft"",""arrowleft"",""arrowright"",""arrowleft"",""arrowright"",""arrowleft"",""arrowleft""]","[755,261,184,356,1996,1022,714,746,3883,430]","[41,46,39,33,53,44,39,41,38,38]","[0,46,0,33,53,44,0,41,38,0]","[[51.9169,49.9542]]","[]","[]","[]","1","[]","[]","[]","[]","horizontal","","","",""
"","","","","","horizons-trial","30","602739","0.0-26.0","","","","","","","10","[50,57,59,48,56,45,51,48,56,52]","[36,41,39,41,27,40,54,37,45,36]","""2023-09-15T16:39:07.980Z""","[0,0,0,1]","1","1","1","40","48","48","40","8","0","0","[""arrowleft"",""arrowleft"",""arrowleft"",""arrowright"",""arrowright"",""arrowleft"",""arrowleft"",""arrowleft"",""arrowleft"",""arrowleft""]","[950,502,364,592,612,1277,297,363,296,338]","[50,57,59,41,27,45,51,48,56,52]","[50,57,59,0,0,45,0,48,56,52]","[[50.7062,43.4438]]","[]","[]","[]","1","[]","[]","[]","[]","horizontal","","","",""
"","","","","","horizons-trial","31","610797","0.0-27.0","","","","","","","10","[35,43,40,37,39,42,35,43,46,44]","[65,63,68,68,61,47,73,75,78,64]","""2023-09-15T16:39:16.038Z""","[1,0,1,1]","1","0","1","40","70","40","70","30","0","0","[""arrowright"",""arrowleft"",""arrowright"",""arrowright"",""arrowright"",""arrowright"",""arrowright"",""arrowright"",""arrowright"",""arrowright""]","[920,274,365,517,1369,603,231,168,283,327]","[65,43,68,68,61,47,73,75,78,64]","[65,0,68,68,61,47,73,75,78,64]","[[49.1929,71.76429999999999]]","[]","[]","[]","1","[]","[]","[]","[]","horizontal","","","",""
"","","","","","horizons-trial","32","618385","0.0-28.0","","","","","","","10","[46,37,28,40,62,49,47,38,47,55]","[56,65,63,62,58,64,65,49,69,58]","""2023-09-15T16:39:23.626Z""","[0,0,1,0]","1","1","1","60","48","48","60","12","0","0","[""arrowleft"",""arrowleft"",""arrowright"",""arrowleft"",""arrowright"",""arrowright"",""arrowright"",""arrowright"",""arrowright"",""arrowright""]","[759,609,367,419,474,513,327,162,155,132]","[46,37,63,40,58,64,65,49,69,58]","[0,0,63,0,0,64,65,49,69,58]","[[49.1929,80.8789]]","[]","[]","[]","1","[]","[]","[]","[]","horizontal","","","",""
"","","","","","horizons-trial","33","627853","0.0-29.0","","","","","","","10","[55,47,42,69,55,58,62,61,57,62]","[46,55,62,56,53,53,65,64,67,60]","""2023-09-15T16:39:33.094Z""","[1,1,0,0]","0","1","1","60","56","56","60","4","0","0","[""arrowright"",""arrowright"",""arrowleft"",""arrowleft"",""arrowleft"",""arrowleft"",""arrowleft"",""arrowleft"",""arrowleft"",""arrowleft""]","[1010,592,423,401,1751,746,525,407,330,230]","[46,55,42,69,55,58,62,61,57,62]","[0,55,0,69,55,58,0,0,0,62]","[[50.7062,79.2513]]","[]","[]","[]","1","[]","[]","[]","[]","horizontal","","","",""
"","","","","","horizons-trial","34","639299","0.0-30.0","","","","","","","10","[30,30,43,42,39,42,35,34,47,50]","[59,41,56,29,34,35,34,38,50,50]","""2023-09-15T16:39:44.540Z""","[0,1,0,1]","0","1","1","40","42","42","40","2","0","0","[""arrowleft"",""arrowright"",""arrowleft"",""arrowright"",""arrowleft"",""arrowleft"",""arrowleft"",""arrowleft"",""arrowright"",""arrowright""]","[1208,302,363,314,3204,767,318,360,531,407]","[30,41,43,29,39,42,35,34,50,50]","[0,41,0,0,39,42,35,0,50,50]","[[47.9822,64.2772]]","[]","[]","[]","1","[]","[]","[]","[]","horizontal","","","",""
"","","","","","horizons-trial","35","648825","0.0-31.0","","","","","","","10","[29,24,57,45,46,42,46,55,42,38]","[46,32,37,33,44,33,44,40,50,38]","""2023-09-15T16:39:54.066Z""","[0,1,0,0]","1","1","1","40","44","44","40","4","0","0","[""arrowleft"",""arrowright"",""arrowleft"",""arrowleft"",""arrowright"",""arrowleft"",""arrowright"",""arrowleft"",""arrowleft"",""arrowleft""]","[1099,450,403,858,523,983,382,429,670,345]","[29,32,57,45,44,42,44,55,42,38]","[0,32,57,45,0,42,0,55,0,38]","[[49.7982,57.7668]]","[]","[]","[]","1","[]","[]","[]","[]","horizontal","","","",""
"","","","","","horizons-trial","36","656478","0.0-32.0","","","","","","","10","[55,64,68,73,56,57,53,59,72,54]","[51,31,34,24,29,46,37,48,51,29]","""2023-09-15T16:40:01.719Z""","[0,0,1,1]","0","1","1","40","60","60","40","20","0","0","[""arrowleft"",""arrowleft"",""arrowright"",""arrowright"",""arrowleft"",""arrowleft"",""arrowleft"",""arrowleft"",""arrowleft"",""arrowleft""]","[885,614,407,404,1015,497,268,157,184,155]","[55,64,34,24,56,57,53,59,72,54]","[55,64,0,0,56,57,53,59,72,54]","[[48.8902,77.29820000000001]]","[]","[]","[]","1","[]","[]","[]","[]","horizontal","","","",""
"","","","","","horizons-trial","37","666652","0.0-33.0","","","","","","","10","[57,50,53,59,63,57,60,58,54,63]","[53,68,63,60,44,65,60,70,54,51]","""2023-09-15T16:40:11.893Z""","[1,1,0,1]","1","1","1","60","59","59","60","1","0","0","[""arrowright"",""arrowright"",""arrowleft"",""arrowright"",""arrowleft"",""arrowleft"",""arrowright"",""arrowright"",""arrowright"",""arrowright""]","[510,595,351,400,406,1436,435,551,348,173]","[53,68,53,60,63,57,60,70,54,51]","[0,68,0,60,63,0,60,70,54,0]","[[50.7062,39.5375]]","[]","[]","[]","1","[]","[]","[]","[]","horizontal","","","",""
"","","","","","horizons-trial","38","678934","0.0-34.0","","","","","","","5","[57,61,67,65,63]","[68,71,61,59,56]","""2023-09-15T16:40:24.175Z""","[1,0,0,1]","0","0","0","60","59","60","59","1","0","0","[""arrowright"",""arrowleft"",""arrowleft"",""arrowright"",""arrowleft""]","[1097,309,537,743,6317]","[68,61,67,59,63]","[68,0,67,0,63]","[[37.6915,50]]","[]","[]","[]","1","[]","[]","[]","[]","horizontal","","","",""
"","","","","","horizons-trial","39","687457","0.0-35.0","","","","","","","5","[43,37,46,31,33]","[48,29,50,53,59]","""2023-09-15T16:40:32.698Z""","[1,0,0,1]","0","0","0","40","44","40","44","4","0","0","[""arrowright"",""arrowleft"",""arrowleft"",""arrowright"",""arrowright""]","[638,263,473,438,3516]","[48,37,46,53,59]","[48,37,0,53,59]","[[54.9436,50]]","[]","[]","[]","1","[]","[]","[]","[]","horizontal","","","",""
"","","","","","horizons-trial","40","700468","0.0-36.0","","","","","","","10","[60,51,61,51,61,50,65,53,67,50]","[47,55,51,60,44,63,47,37,50,52]","""2023-09-15T16:40:45.709Z""","[1,0,0,0]","1","0","1","60","48","60","48","12","0","0","[""arrowright"",""arrowleft"",""arrowleft"",""arrowleft"",""arrowright"",""arrowright"",""arrowleft"",""arrowleft"",""arrowright"",""arrowleft""]","[1831,410,553,377,2415,995,427,689,724,713]","[47,51,61,51,44,63,65,53,50,50]","[0,0,61,0,0,63,65,53,0,0]","[[50.7062,51.9074]]","[]","[]","[]","1","[]","[]","[]","[]","horizontal","","","",""
"","","","","","horizons-trial","41","707066","0.0-37.0","","","","","","","5","[17,42,59,36,26]","[54,55,33,26,45]","""2023-09-15T16:40:52.307Z""","[1,0,0,1]","0","0","0","40","42","40","42","2","0","0","[""arrowright"",""arrowleft"",""arrowleft"",""arrowright"",""arrowleft""]","[1100,217,391,457,1211]","[54,42,59,26,26]","[54,0,59,0,0]","[[51.3116,50]]","[]","[]","[]","1","[]","[]","[]","[]","horizontal","","","",""
"","","","","","horizons-trial","42","714608","0.0-38.0","","","","","","","5","[38,47,37,41,30]","[33,37,49,38,47]","""2023-09-15T16:40:59.849Z""","[1,0,1,0]","0","0","0","40","41","40","41","1","0","0","[""arrowright"",""arrowleft"",""arrowright"",""arrowleft"",""arrowleft""]","[568,268,350,352,2347]","[33,47,49,41,30]","[0,47,49,41,0]","[[62.2076,50]]","[]","[]","[]","1","[]","[]","[]","[]","horizontal","","","",""
"","","","","","horizons-trial","43","723307","0.0-39.0","","","","","","","10","[33,41,45,38,54,41,41,42,37,38]","[69,61,55,39,58,68,65,60,67,55]","""2023-09-15T16:41:08.547Z""","[0,1,0,1]","0","1","1","60","40","40","60","20","0","0","[""arrowleft"",""arrowright"",""arrowleft"",""arrowright"",""arrowleft"",""arrowleft"",""arrowright"",""arrowright"",""arrowright"",""arrowright""]","[614,320,371,286,515,1411,394,874,254,139]","[33,61,45,39,54,41,65,60,67,55]","[0,61,0,39,0,0,65,60,67,55]","[[49.4956,39.5375]]","[]","[]","[]","1","[]","[]","[]","[]","horizontal","","","",""
"","","","","","horizons-trial","44","730350","0.0-40.0","","","","","","","10","[43,27,44,42,33,45,34,40,43,45]","[52,43,56,64,66,69,66,55,57,61]","""2023-09-15T16:41:15.591Z""","[0,0,0,1]","1","1","1","60","40","40","60","20","0","0","[""arrowleft"",""arrowleft"",""arrowleft"",""arrowright"",""arrowright"",""arrowright"",""arrowright"",""arrowright"",""arrowright"",""arrowright""]","[652,804,432,602,378,423,264,160,140,118]","[43,27,44,64,66,69,66,55,57,61]","[0,0,0,64,66,69,66,55,57,61]","[[51.9169,83.1576]]","[]","[]","[]","1","[]","[]","[]","[]","horizontal","","","",""
"","","","","","horizons-trial","45","740400","0.0-41.0","","","","","","","10","[46,30,44,49,43,39,47,39,42,45]","[51,40,32,42,36,50,37,54,46,40]","""2023-09-15T16:41:25.641Z""","[1,1,1,0]","1","0","1","40","42","40","42","2","0","0","[""arrowright"",""arrowright"",""arrowright"",""arrowleft"",""arrowleft"",""arrowright"",""arrowleft"",""arrowright"",""arrowright"",""arrowright""]","[1095,494,377,502,1069,732,352,594,587,154]","[51,40,32,49,43,50,47,54,46,40]","[51,40,0,49,43,50,47,54,46,0]","[[51.0089,51.9074]]","[]","[]","[]","1","[]","[]","[]","[]","horizontal","","","",""
"","","","","","horizons-trial","46","750648","0.0-42.0","","","","","","","10","[58,50,42,37,49,44,52,51,54,48]","[69,59,45,51,69,67,45,45,55,42]","""2023-09-15T16:41:35.889Z""","[0,0,0,1]","1","1","1","60","52","52","60","8","0","0","[""arrowleft"",""arrowleft"",""arrowleft"",""arrowright"",""arrowright"",""arrowright"",""arrowright"",""arrowright"",""arrowleft"",""arrowleft""]","[806,416,343,468,2202,695,378,165,543,1090]","[58,50,42,51,69,67,45,45,54,48]","[0,0,0,51,69,67,0,0,0,48]","[[49.4956,58.7434]]","[]","[]","[]","1","[]","[]","[]","[]","horizontal","","","",""
"","","","","","horizons-trial","47","759745","0.0-43.0","","","","","","","10","[36,28,24,55,58,35,57,40,44,27]","[33,32,55,48,61,35,39,48,33,34]","""2023-09-15T16:41:44.986Z""","[1,0,0,1]","0","1","1","40","41","41","40","1","0","0","[""arrowright"",""arrowleft"",""arrowleft"",""arrowright"",""arrowright"",""arrowright"",""arrowright"",""arrowleft"",""arrowleft"",""arrowleft""]","[1127,429,766,451,1862,329,264,502,242,157]","[33,28,24,48,61,35,39,40,44,27]","[0,0,0,0,61,35,0,0,44,0]","[[50.1009,58.0923]]","[]","[]","[]","1","[]","[]","[]","[]","horizontal","","","",""
"","","","","","horizons-trial","48","767227","0.0-44.0","","","","","","","10","[59,56,43,61,64,59,48,53,70,55]","[40,39,30,40,47,50,43,36,47,41]","""2023-09-15T16:41:52.468Z""","[1,0,1,0]","0","0","1","60","40","60","40","20","0","0","[""arrowright"",""arrowleft"",""arrowright"",""arrowleft"",""arrowleft"",""arrowleft"",""arrowleft"",""arrowleft"",""arrowleft"",""arrowleft""]","[733,258,222,579,1851,445,218,248,202,189]","[40,56,30,61,64,59,48,53,70,55]","[0,56,0,61,64,59,48,53,70,55]","[[49.4956,72.74080000000001]]","[]","[]","[]","1","[]","[]","[]","[]","horizontal","","","",""
"","","","","","horizons-trial","49","776168","0.0-45.0","","","","","","","10","[34,42,35,44,48,46,43,42,39,55]","[26,41,47,45,39,33,43,63,39,33]","""2023-09-15T16:42:01.409Z""","[0,1,0,1]","0","0","1","40","44","40","44","4","0","0","[""arrowleft"",""arrowright"",""arrowleft"",""arrowright"",""arrowright"",""arrowright"",""arrowleft"",""arrowright"",""arrowright"",""arrowright""]","[679,233,394,385,1599,614,858,494,679,155]","[34,41,35,45,39,33,43,63,39,33]","[34,0,0,45,0,0,43,63,39,0]","[[49.4956,66.2304]]","[]","[]","[]","1","[]","[]","[]","[]","horizontal","","","",""
"","","","","","horizons-trial","50","782899","0.0-46.0","","","","","","","5","[62,56,60,62,47]","[56,57,64,53,64]","""2023-09-15T16:42:08.140Z""","[0,1,0,0]","1","0","0","60","59","60","59","1","0","0","[""arrowleft"",""arrowright"",""arrowleft"",""arrowleft"",""arrowleft""]","[1699,387,337,872,522]","[62,57,60,62,47]","[62,57,0,62,0]","[[68.5636,50]]","[]","[]","[]","1","[]","[]","[]","[]","horizontal","","","",""
"","","","","","horizons-trial","51","791240","0.0-47.0","","","","","","","10","[54,41,39,50,44,30,35,40,40,39]","[81,54,51,55,81,62,69,68,66,77]","""2023-09-15T16:42:16.481Z""","[0,1,0,1]","0","0","1","40","60","40","60","20","0","0","[""arrowleft"",""arrowright"",""arrowleft"",""arrowright"",""arrowright"",""arrowright"",""arrowright"",""arrowright"",""arrowright"",""arrowright""]","[595,248,423,330,2076,682,250,249,180,159]","[54,54,39,55,81,62,69,68,66,77]","[0,54,0,55,81,62,69,68,66,77]","[[50.1009,64.92830000000001]]","[]","[]","[]","1","[]","[]","[]","[]","horizontal","","","",""
"","","","","","horizons-trial","52","801908","0.0-48.0","","","","","","","10","[38,51,52,54,65,61,55,67,54,55]","[47,55,74,49,54,54,68,65,63,55]","""2023-09-15T16:42:27.149Z""","[1,0,0,1]","0","0","1","60","58","60","58","2","0","0","[""arrowright"",""arrowleft"",""arrowleft"",""arrowright"",""arrowleft"",""arrowleft"",""arrowleft"",""arrowleft"",""arrowleft"",""arrowleft""]","[517,217,527,429,1708,1007,397,187,207,380]","[47,51,52,49,65,61,55,67,54,55]","[47,0,0,0,65,61,0,67,0,55]","[[48.8902,60.0454]]","[]","[]","[]","1","[]","[]","[]","[]","horizontal","","","",""
"","","","","","horizons-trial","53","808844","0.0-49.0","","","","","","","10","[25,22,21,35,43,31,31,22,32,17]","[71,86,72,43,68,71,68,66,57,58]","""2023-09-15T16:42:34.084Z""","[1,0,1,1]","1","1","1","60","30","30","60","30","0","0","[""arrowright"",""arrowleft"",""arrowright"",""arrowright"",""arrowright"",""arrowright"",""arrowright"",""arrowright"",""arrowright"",""arrowright""]","[654,219,331,379,464,483,165,168,161,118]","[71,22,72,43,68,71,68,66,57,58]","[71,0,72,43,68,71,68,66,57,58]","[[51.9169,70.7877]]","[]","[]","[]","1","[]","[]","[]","[]","horizontal","","","",""
"","","","","","horizons-trial","54","816619","0.0-50.0","","","","","","","10","[45,49,61,51,46,56,56,42,43,37]","[44,29,37,35,34,31,43,41,42,37]","""2023-09-15T16:42:41.860Z""","[1,0,1,1]","1","1","1","40","52","52","40","12","0","0","[""arrowright"",""arrowleft"",""arrowright"",""arrowright"",""arrowleft"",""arrowleft"",""arrowleft"",""arrowleft"",""arrowleft"",""arrowleft""]","[708,187,171,536,474,675,805,390,157,164]","[44,49,37,35,46,56,56,42,43,37]","[0,49,0,0,46,56,56,42,43,37]","[[49.4956,54.186]]","[]","[]","[]","1","[]","[]","[]","[]","horizontal","","","",""
"","","","","","horizons-trial","55","825146","0.0-51.0","","","","","","","5","[31,32,37,30,42]","[43,45,55,41,55]","""2023-09-15T16:42:50.387Z""","[1,0,0,0]","1","0","0","40","48","40","48","8","0","0","[""arrowright"",""arrowleft"",""arrowleft"",""arrowleft"",""arrowright""]","[601,251,454,676,1903]","[43,32,37,30,55]","[43,0,0,0,55]","[[41.0209,50]]","[]","[]","[]","1","[]","[]","[]","[]","horizontal","","","",""
"","","","","","horizons-trial","56","836017","0.0-52.0","","","","","","","10","[50,53,75,41,49,48,60,51,46,58]","[43,44,44,48,39,33,52,59,23,43]","""2023-09-15T16:43:01.257Z""","[0,1,1,0]","0","1","1","40","52","52","40","12","0","0","[""arrowleft"",""arrowright"",""arrowright"",""arrowleft"",""arrowleft"",""arrowleft"",""arrowright"",""arrowright"",""arrowright"",""arrowright""]","[651,282,375,435,2819,607,1150,1459,455,187]","[50,44,44,41,49,48,52,59,23,43]","[50,0,0,0,49,48,0,59,0,0]","[[49.4956,61.022]]","[]","[]","[]","1","[]","[]","[]","[]","horizontal","","","",""
"","","","","","horizons-trial","57","842661","0.0-53.0","","","","","","","5","[62,70,66,59,73]","[36,31,33,50,38]","""2023-09-15T16:43:07.902Z""","[0,1,1,0]","0","1","0","40","70","70","40","30","0","0","[""arrowleft"",""arrowright"",""arrowright"",""arrowleft"",""arrowleft""]","[675,273,442,514,1175]","[62,31,33,59,73]","[62,0,0,59,73]","[[60.3916,50]]","[]","[]","[]","1","[]","[]","[]","[]","horizontal","","","",""
"","","","","","horizons-trial","58","851563","0.0-54.0","","","","","","","5","[71,57,54,75,60]","[47,45,60,52,47]","""2023-09-15T16:43:16.804Z""","[1,1,1,0]","1","0","0","60","48","60","48","12","0","0","[""arrowright"",""arrowright"",""arrowright"",""arrowleft"",""arrowleft""]","[769,463,521,468,2167]","[47,45,60,75,60]","[0,0,60,75,60]","[[59.4836,50]]","[]","[]","[]","1","[]","[]","[]","[]","horizontal","","","",""
"","","","","","horizons-trial","59","857892","0.0-55.0","","","","","","","5","[47,65,58,46,70]","[27,29,39,32,36]","""2023-09-15T16:43:23.133Z""","[1,1,0,0]","0","0","0","60","30","60","30","30","0","0","[""arrowright"",""arrowright"",""arrowleft"",""arrowleft"",""arrowleft""]","[561,571,364,338,1250]","[27,29,58,46,70]","[0,0,58,46,70]","[[54.3382,50]]","[]","[]","[]","1","[]","[]","[]","[]","horizontal","","","",""
"","","","","","horizons-trial","60","864233","0.0-56.0","","","","","","","5","[36,38,35,25,36]","[63,61,53,68,68]","""2023-09-15T16:43:29.474Z""","[1,1,0,0]","0","0","0","40","60","40","60","20","0","0","[""arrowright"",""arrowright"",""arrowleft"",""arrowleft"",""arrowright""]","[519,307,438,343,1957]","[63,61,35,25,68]","[63,61,0,0,68]","[[67.3529,50]]","[]","[]","[]","1","[]","[]","[]","[]","horizontal","","","",""
"","","","","","horizons-trial","61","870220","0.0-57.0","","","","","","","5","[63,61,66,87,77]","[42,48,50,41,56]","""2023-09-15T16:43:35.460Z""","[1,1,0,0]","0","0","0","60","52","60","52","8","0","0","[""arrowright"",""arrowright"",""arrowleft"",""arrowleft"",""arrowleft""]","[1066,435,372,411,542]","[42,48,66,87,77]","[0,0,66,87,77]","[[82.1836,50]]","[]","[]","[]","1","[]","[]","[]","[]","horizontal","","","",""
"","","","","","horizons-trial","62","876084","0.0-58.0","","","","","","","5","[65,53,58,55,53]","[38,35,61,40,27]","""2023-09-15T16:43:41.325Z""","[0,0,0,1]","1","1","0","40","52","52","40","12","0","0","[""arrowleft"",""arrowleft"",""arrowleft"",""arrowright"",""arrowleft""]","[668,475,594,447,1293]","[65,53,58,40,53]","[65,53,0,0,53]","[[78.8543,50]]","[]","[]","[]","1","[]","[]","[]","[]","horizontal","","","",""
"","","","","","horizons-trial","63","885101","0.0-59.0","","","","","","","5","[48,59,54,50,44]","[75,50,44,59,64]","""2023-09-15T16:43:50.342Z""","[0,1,1,0]","0","1","0","60","52","52","60","8","0","0","[""arrowleft"",""arrowright"",""arrowright"",""arrowleft"",""arrowleft""]","[810,318,389,397,4169]","[48,50,44,50,44]","[0,0,0,0,0]","[[69.4716,50]]","[]","[]","[]","1","[]","[]","[]","[]","horizontal","","","",""
"","","","","","horizons-trial","64","897943","0.0-60.0","","","","","","","5","[46,32,51,48,45]","[32,44,48,38,39]","""2023-09-15T16:44:03.184Z""","[0,1,1,0]","0","1","0","40","42","42","40","2","0","0","[""arrowleft"",""arrowright"",""arrowright"",""arrowleft"",""arrowleft""]","[3746,323,293,504,4879]","[46,44,48,48,45]","[46,44,0,48,45]","[[53.1276,50]]","[]","[]","[]","1","[]","[]","[]","[]","horizontal","","","",""
"","","","","","horizons-trial","65","915008","0.0-61.0","","","","","","","10","[57,53,62,53,47,65,61,51,48,68]","[50,37,51,47,33,37,35,59,44,52]","""2023-09-15T16:44:20.249Z""","[1,0,1,0]","0","0","1","60","48","60","48","12","0","0","[""arrowright"",""arrowleft"",""arrowright"",""arrowleft"",""arrowleft"",""arrowleft"",""arrowleft"",""arrowleft"",""arrowleft"",""arrowleft""]","[1084,345,285,355,1964,1197,418,322,197,230]","[50,53,51,53,47,65,61,51,48,68]","[0,53,0,53,47,65,61,0,48,68]","[[50.1009,51.2563]]","[]","[]","[]","1","[]","[]","[]","[]","horizontal","","","",""
"","","","","","horizons-trial","66","923604","0.0-62.0","","","","","","","5","[48,32,37,47,36]","[62,72,79,76,70]","""2023-09-15T16:44:28.845Z""","[0,1,0,0]","1","0","0","40","70","40","70","30","0","0","[""arrowleft"",""arrowright"",""arrowleft"",""arrowleft"",""arrowright""]","[2826,228,368,939,359]","[48,72,37,47,70]","[0,72,0,0,70]","[[57.6676,50]]","[]","[]","[]","1","[]","[]","[]","[]","horizontal","","","",""
"","","","","","horizons-trial","67","930608","0.0-63.0","","","","","","","5","[51,53,51,65,67]","[38,30,25,45,38]","""2023-09-15T16:44:35.849Z""","[1,1,0,0]","0","0","0","60","40","60","40","20","0","0","[""arrowright"",""arrowright"",""arrowleft"",""arrowleft"",""arrowleft""]","[700,459,409,389,1480]","[38,30,51,65,67]","[0,0,51,65,67]","[[68.8663,50]]","[]","[]","[]","1","[]","[]","[]","[]","horizontal","","","",""
"","","","","","horizons-trial","68","937023","0.0-64.0","","","","","","","5","[45,33,36,31,33]","[68,71,71,67,58]","""2023-09-15T16:44:42.263Z""","[0,0,1,0]","1","0","0","40","60","40","60","20","0","0","[""arrowleft"",""arrowleft"",""arrowright"",""arrowleft"",""arrowright""]","[703,449,427,525,1816]","[45,33,71,31,58]","[0,0,71,0,58]","[[63.4182,50]]","[]","[]","[]","1","[]","[]","[]","[]","horizontal","","","",""
"","","","","","horizons-trial","69","943933","0.0-65.0","","","","","","","5","[53,33,40,38,26]","[37,28,37,37,39]","""2023-09-15T16:44:49.173Z""","[1,0,0,0]","1","0","0","40","41","40","41","1","0","0","[""arrowright"",""arrowleft"",""arrowleft"",""arrowleft"",""arrowright""]","[662,277,370,412,2892]","[37,33,40,38,39]","[0,33,40,38,39]","[[54.3382,50]]","[]","[]","[]","1","[]","[]","[]","[]","horizontal","","","",""
"","","","","","horizons-trial","70","950110","0.0-66.0","","","","","","","5","[73,62,54,59,56]","[38,54,40,35,35]","""2023-09-15T16:44:55.351Z""","[1,0,1,0]","0","1","0","40","60","60","40","20","0","0","[""arrowright"",""arrowleft"",""arrowright"",""arrowleft"",""arrowleft""]","[542,284,368,818,287]","[38,62,40,59,56]","[0,62,0,59,56]","[[66.1423,50]]","[]","[]","[]","1","[]","[]","[]","[]","horizontal","","","",""
"","","","","","horizons-trial","71","955183","0.0-67.0","","","","","","","5","[45,37,33,45,33]","[61,58,67,55,60]","""2023-09-15T16:45:00.424Z""","[0,1,1,1]","1","1","0","60","40","40","60","20","0","0","[""arrowleft"",""arrowright"",""arrowright"",""arrowright"",""arrowright""]","[546,258,390,430,1160]","[45,58,67,55,60]","[0,58,67,55,60]","[[73.7089,50]]","[]","[]","[]","1","[]","[]","[]","[]","horizontal","","","",""
"","","","","","horizons-trial","72","960788","0.0-68.0","","","","","","","5","[53,25,47,41,46]","[84,67,79,67,77]","""2023-09-15T16:45:06.028Z""","[1,1,0,0]","0","0","0","40","70","40","70","30","0","0","[""arrowright"",""arrowright"",""arrowleft"",""arrowleft"",""arrowright""]","[648,301,405,269,598]","[84,67,47,41,77]","[84,67,0,0,77]","[[80.6703,50]]","[]","[]","[]","1","[]","[]","[]","[]","horizontal","","","",""
"","","","","","horizons-trial","73","973527","0.0-69.0","","","","","","","5","[49,64,55,61,53]","[68,50,52,58,61]","""2023-09-15T16:45:18.768Z""","[1,1,1,0]","1","1","0","60","56","56","60","4","0","0","[""arrowright"",""arrowright"",""arrowright"",""arrowleft"",""arrowright""]","[582,298,303,446,7144]","[68,50,52,61,61]","[68,0,0,61,61]","[[65.5369,50]]","[]","[]","[]","1","[]","[]","[]","[]","horizontal","","","",""
"","","","","","horizons-trial","74","978569","0.0-70.0","","","","","","","5","[79,79,79,76,80]","[34,21,32,29,36]","""2023-09-15T16:45:23.810Z""","[1,0,0,0]","1","1","0","40","70","70","40","30","0","0","[""arrowright"",""arrowleft"",""arrowleft"",""arrowleft"",""arrowleft""]","[517,301,373,383,995]","[34,79,79,76,80]","[0,79,79,76,80]","[[73.7089,50]]","[]","[]","[]","1","[]","[]","[]","[]","horizontal","","","",""
"","","","","","horizons-trial","75","986085","0.0-71.0","","","","","","","5","[60,46,52,81,51]","[61,49,60,51,44]","""2023-09-15T16:45:31.326Z""","[1,1,0,0]","0","0","0","60","56","60","56","4","0","0","[""arrowright"",""arrowright"",""arrowleft"",""arrowleft"",""arrowleft""]","[665,265,414,330,1172]","[61,49,52,81,51]","[61,49,0,81,51]","[[78.5516,50]]","[]","[]","[]","1","[]","[]","[]","[]","horizontal","","","",""
"","","","","","horizons-trial","76","992304","0.0-72.0","","","","","","","5","[53,57,66,56,84]","[57,53,47,48,49]","""2023-09-15T16:45:37.545Z""","[1,1,0,1]","1","0","0","60","52","60","52","8","0","0","[""arrowright"",""arrowright"",""arrowleft"",""arrowright"",""arrowleft""]","[474,291,413,1396,1382]","[57,53,66,48,84]","[57,0,66,0,84]","[[70.3796,50]]","[]","[]","[]","1","[]","[]","[]","[]","horizontal","","","",""
"","","","","","horizons-trial","77","1001579","0.0-73.0","","","","","","","5","[65,52,50,58,47]","[58,55,54,49,61]","""2023-09-15T16:45:46.820Z""","[1,1,1,0]","1","0","0","60","56","60","56","4","0","0","[""arrowright"",""arrowright"",""arrowright"",""arrowleft"",""arrowright""]","[497,269,334,421,3316]","[58,55,54,58,61]","[0,55,54,58,61]","[[54.3382,50]]","[]","[]","[]","1","[]","[]","[]","[]","horizontal","","","",""
"","","","","","horizons-trial","78","1015467","0.0-74.0","","","","","","","10","[41,52,36,40,36,31,43,40,40,36]","[36,41,40,40,40,56,47,38,39,42]","""2023-09-15T16:46:00.708Z""","[1,0,0,0]","1","0","1","40","41","40","41","1","0","0","[""arrowright"",""arrowleft"",""arrowleft"",""arrowleft"",""arrowright"",""arrowright"",""arrowright"",""arrowleft"",""arrowleft"",""arrowright""]","[1101,280,762,372,506,2845,682,491,396,480]","[36,52,36,40,40,56,47,40,40,42]","[0,52,0,40,40,56,47,40,40,42]","[[51.3116,39.5375]]","[]","[]","[]","1","[]","[]","[]","[]","horizontal","","","",""
"","","","","","horizons-trial","79","1025904","0.0-75.0","","","","","","","10","[33,53,32,39,37,45,46,50,44,32]","[43,40,42,31,55,40,45,55,31,44]","""2023-09-15T16:46:11.145Z""","[0,1,0,0]","1","1","1","40","42","42","40","2","0","0","[""arrowleft"",""arrowright"",""arrowleft"",""arrowleft"",""arrowright"",""arrowright"",""arrowright"",""arrowleft"",""arrowleft"",""arrowright""]","[1107,356,326,369,1684,1197,333,493,492,588]","[33,40,32,39,55,40,45,50,44,44]","[0,0,0,39,55,0,0,0,44,44]","[[54.0356,58.0923]]","[]","[]","[]","1","[]","[]","[]","[]","horizontal","","","",""
"","","","","","horizons-trial","80","1033342","0.0-76.0","","","","","","","10","[61,62,46,61,62,49,63,48,64,58]","[55,54,48,56,48,46,62,47,53,43]","""2023-09-15T16:46:18.583Z""","[0,1,0,0]","1","0","1","60","52","60","52","8","0","0","[""arrowleft"",""arrowright"",""arrowleft"",""arrowleft"",""arrowleft"",""arrowleft"",""arrowleft"",""arrowleft"",""arrowleft"",""arrowleft""]","[812,244,320,438,1572,674,189,172,196,140]","[61,54,46,61,62,49,63,48,64,58]","[61,0,0,61,62,49,63,48,64,58]","[[49.4956,69.4856]]","[]","[]","[]","1","[]","[]","[]","[]","horizontal","","","",""
"","","","","","horizons-trial","81","1039304","0.0-77.0","","","","","","","5","[46,54,45,33,48]","[62,69,70,67,66]","""2023-09-15T16:46:24.545Z""","[1,1,1,0]","1","1","0","60","48","48","60","12","0","0","[""arrowright"",""arrowright"",""arrowright"",""arrowleft"",""arrowright""]","[735,430,616,682,714]","[62,69,70,33,66]","[62,69,70,0,66]","[[77.9463,50]]","[]","[]","[]","1","[]","[]","[]","[]","horizontal","","","",""
"","","","","","horizons-trial","82","1044127","0.0-78.0","","","","","","","5","[59,55,75,49,60]","[51,55,68,61,60]","""2023-09-15T16:46:29.367Z""","[0,0,1,1]","0","1","0","60","59","59","60","1","0","0","[""arrowleft"",""arrowleft"",""arrowright"",""arrowright"",""arrowright""]","[580,425,359,388,819]","[59,55,68,61,60]","[59,55,0,61,60]","[[60.0889,50]]","[]","[]","[]","1","[]","[]","[]","[]","horizontal","","","",""
"","","","","","horizons-trial","83","1051720","0.0-79.0","","","","","","","10","[45,43,40,57,54,65,40,43,47,50]","[42,39,35,32,55,51,48,43,28,50]","""2023-09-15T16:46:36.961Z""","[0,1,0,1]","0","1","1","40","48","48","40","8","0","0","[""arrowleft"",""arrowright"",""arrowleft"",""arrowright"",""arrowleft"",""arrowleft"",""arrowleft"",""arrowleft"",""arrowleft"",""arrowleft""]","[561,249,444,326,1575,1287,195,188,154,116]","[45,39,40,32,54,65,40,43,47,50]","[45,0,40,0,0,65,0,43,47,50]","[[49.4956,58.4178]]","[]","[]","[]","1","[]","[]","[]","[]","horizontal","","","",""
"","","","","","horizons-trial","84","1057150","0.0-80.0","","","","","","","5","[59,64,53,58,64]","[45,63,64,83,53]","""2023-09-15T16:46:42.391Z""","[1,0,1,0]","0","1","0","60","58","58","60","2","0","0","[""arrowright"",""arrowleft"",""arrowright"",""arrowleft"",""arrowleft""]","[604,267,206,1192,889]","[45,64,64,58,64]","[0,64,64,0,64]","[[62.8129,50]]","[]","[]","[]","1","[]","[]","[]","[]","horizontal","","","",""
"","","","","","horizons-trial","85","1064379","0.0-81.0","","","","","","","10","[45,42,36,40,40,52,34,51,37,63]","[56,61,56,72,59,41,64,54,63,53]","""2023-09-15T16:46:49.620Z""","[0,1,1,1]","1","0","1","40","60","40","60","20","0","0","[""arrowleft"",""arrowright"",""arrowright"",""arrowright"",""arrowleft"",""arrowright"",""arrowright"",""arrowright"",""arrowright"",""arrowright""]","[617,267,531,387,525,920,160,164,152,469]","[45,61,56,72,40,41,64,54,63,53]","[0,61,56,72,0,0,64,54,63,0]","[[50.7062,42.1417]]","[]","[]","[]","1","[]","[]","[]","[]","horizontal","","","",""
"","","","","","horizons-trial","86","1071062","0.0-82.0","","","","","","","10","[61,50,70,75,58,63,69,67,53,45]","[60,61,62,51,59,41,65,57,66,68]","""2023-09-15T16:46:56.303Z""","[0,0,1,1]","0","1","1","60","59","59","60","1","0","0","[""arrowleft"",""arrowleft"",""arrowright"",""arrowright"",""arrowleft"",""arrowleft"",""arrowleft"",""arrowleft"",""arrowleft"",""arrowleft""]","[607,475,324,331,424,610,196,165,144,281]","[61,50,62,51,58,63,69,67,53,45]","[61,0,0,0,0,63,69,67,0,0]","[[50.4036,62.6496]]","[]","[]","[]","1","[]","[]","[]","[]","horizontal","","","",""
"","","","","","horizons-trial","87","1079544","0.0-83.0","","","","","","","10","[61,56,56,59,33,53,52,47,50,45]","[58,53,56,46,55,64,46,58,53,56]","""2023-09-15T16:47:04.785Z""","[0,1,1,0]","0","1","1","60","52","52","60","8","0","0","[""arrowleft"",""arrowright"",""arrowright"",""arrowleft"",""arrowleft"",""arrowleft"",""arrowleft"",""arrowleft"",""arrowleft"",""arrowleft""]","[779,319,319,471,1748,591,166,154,263,202]","[61,53,56,59,33,53,52,47,50,45]","[61,0,56,59,0,0,52,0,0,0]","[[50.1009,72.74080000000001]]","[]","[]","[]","1","[]","[]","[]","[]","horizontal","","","",""
"","","","","","horizons-trial","88","1087952","0.0-84.0","","","","","","","10","[58,59,71,51,57,53,54,67,46,56]","[52,63,51,53,51,47,55,51,70,53]","""2023-09-15T16:47:13.193Z""","[0,1,1,0]","0","0","1","60","56","60","56","4","0","0","[""arrowleft"",""arrowright"",""arrowright"",""arrowleft"",""arrowright"",""arrowright"",""arrowright"",""arrowright"",""arrowright"",""arrowright""]","[599,211,355,451,1786,1466,205,230,269,352]","[58,63,51,51,51,47,55,51,70,53]","[58,63,0,0,0,0,55,0,70,0]","[[48.2849,59.7199]]","[]","[]","[]","1","[]","[]","[]","[]","horizontal","","","",""
"","","","","","horizons-trial","89","1095363","0.0-85.0","","","","","","","10","[36,48,33,35,47,31,38,38,39,44]","[27,47,36,41,41,45,34,46,28,32]","""2023-09-15T16:47:20.604Z""","[0,1,1,1]","1","1","1","40","41","41","40","1","0","0","[""arrowleft"",""arrowright"",""arrowright"",""arrowright"",""arrowright"",""arrowright"",""arrowright"",""arrowright"",""arrowright"",""arrowright""]","[711,292,503,456,1421,739,165,174,175,130]","[36,47,36,41,41,45,34,46,28,32]","[36,0,36,41,0,45,0,46,0,0]","[[49.7982,64.6028]]","[]","[]","[]","1","[]","[]","[]","[]","horizontal","","","",""
"","","","","","horizons-trial","90","1100713","0.0-86.0","","","","","","","5","[43,35,37,54,63]","[42,44,25,56,37]","""2023-09-15T16:47:25.954Z""","[1,0,0,1]","0","1","0","40","48","48","40","8","0","0","[""arrowright"",""arrowleft"",""arrowleft"",""arrowright"",""arrowright""]","[578,338,399,476,1162]","[42,35,37,56,37]","[0,0,37,56,0]","[[60.9969,50]]","[]","[]","[]","1","[]","[]","[]","[]","horizontal","","","",""
"","","","","","horizons-trial","91","1106731","0.0-87.0","","","","","","","10","[39,29,36,32,40,46,48,40,40,35]","[58,79,75,71,74,55,67,68,68,72]","""2023-09-15T16:47:31.972Z""","[0,1,0,1]","0","0","1","40","70","40","70","30","0","0","[""arrowleft"",""arrowright"",""arrowleft"",""arrowright"",""arrowright"",""arrowright"",""arrowright"",""arrowright"",""arrowright"",""arrowright""]","[685,282,421,436,548,555,163,170,152,114]","[39,79,36,71,74,55,67,68,68,72]","[0,79,0,71,74,55,67,68,68,72]","[[50.7062,77.9492]]","[]","[]","[]","1","[]","[]","[]","[]","horizontal","","","",""
"","","","","","horizons-trial","92","1117630","0.0-88.0","","","","","","","10","[39,46,40,47,29,26,43,37,40,48]","[53,39,67,41,52,50,38,52,47,56]","""2023-09-15T16:47:42.871Z""","[0,1,0,1]","0","0","1","40","48","40","48","8","0","0","[""arrowleft"",""arrowright"",""arrowleft"",""arrowright"",""arrowleft"",""arrowleft"",""arrowleft"",""arrowleft"",""arrowleft"",""arrowleft""]","[1000,195,483,352,4330,866,176,204,193,154]","[39,39,40,41,29,26,43,37,40,48]","[0,0,0,0,0,0,43,0,0,0]","[[50.7062,64.2772]]","[]","[]","[]","1","[]","[]","[]","[]","horizontal","","","",""
"","","","","","horizons-trial","93","1123866","0.0-89.0","","","","","","","5","[37,20,39,22,60]","[41,39,35,34,31]","""2023-09-15T16:47:49.106Z""","[1,0,1,0]","0","1","0","40","41","41","40","1","0","0","[""arrowright"",""arrowleft"",""arrowright"",""arrowleft"",""arrowright""]","[582,282,165,895,584]","[41,20,35,22,31]","[41,0,0,0,0]","[[66.7476,50]]","[]","[]","[]","1","[]","[]","[]","[]","horizontal","","","",""
"","","","","","horizons-trial","94","1130407","0.0-90.0","","","","","","","10","[34,42,28,41,50,51,43,31,38,34]","[37,56,44,40,45,51,52,45,49,58]","""2023-09-15T16:47:55.648Z""","[1,1,0,0]","0","0","1","40","41","40","41","1","0","0","[""arrowright"",""arrowright"",""arrowleft"",""arrowleft"",""arrowright"",""arrowright"",""arrowright"",""arrowright"",""arrowright"",""arrowright""]","[608,627,388,348,469,552,230,180,136,140]","[37,56,28,41,45,51,52,45,49,58]","[37,56,0,41,0,51,52,45,49,58]","[[48.8902,70.1367]]","[]","[]","[]","1","[]","[]","[]","[]","horizontal","","","",""
"","","","","","horizons-trial","95","1136814","0.0-91.0","","","","","","","5","[41,28,29,42,32]","[54,65,36,45,58]","""2023-09-15T16:48:02.055Z""","[1,0,1,1]","1","0","0","40","52","40","52","12","0","0","[""arrowright"",""arrowleft"",""arrowright"",""arrowright"",""arrowright""]","[746,274,213,469,1899]","[54,28,36,45,58]","[54,0,36,45,58]","[[56.7596,50]]","[]","[]","[]","1","[]","[]","[]","[]","horizontal","","","",""
"","","","","","horizons-trial","96","1143161","0.0-92.0","","","","","","","10","[83,73,67,70,75,65,66,69,66,73]","[37,41,38,40,32,38,29,54,26,37]","""2023-09-15T16:48:08.402Z""","[1,1,1,0]","1","1","1","40","70","70","40","30","0","0","[""arrowright"",""arrowright"",""arrowright"",""arrowleft"",""arrowleft"",""arrowleft"",""arrowleft"",""arrowleft"",""arrowleft"",""arrowleft""]","[539,447,365,493,1010,626,191,183,180,151]","[37,41,38,70,75,65,66,69,66,73]","[0,0,0,70,75,65,66,69,66,73]","[[52.8249,76.6471]]","[]","[]","[]","1","[]","[]","[]","[]","horizontal","","","",""
"","","","","","horizons-trial","97","1150375","0.0-93.0","","","","","","","5","[55,58,72,72,62]","[63,55,71,73,76]","""2023-09-15T16:48:15.616Z""","[0,1,0,0]","1","1","0","60","59","59","60","1","0","0","[""arrowleft"",""arrowright"",""arrowleft"",""arrowleft"",""arrowleft""]","[692,188,429,840,953]","[55,55,72,72,62]","[0,0,72,0,0]","[[68.5636,50]]","[]","[]","[]","1","[]","[]","[]","[]","horizontal","","","",""
"","","","","","horizons-trial","98","1160050","0.0-94.0","","","","","","","5","[29,37,39,33,33]","[39,49,49,47,44]","""2023-09-15T16:48:25.290Z""","[1,1,1,0]","1","1","0","40","41","41","40","1","0","0","[""arrowright"",""arrowright"",""arrowright"",""arrowleft"",""arrowright""]","[620,446,425,474,1875]","[39,49,49,33,44]","[39,49,49,0,44]","[[60.6942,50]]","[]","[]","[]","1","[]","[]","[]","[]","horizontal","","","",""
"","","","","","horizons-trial","99","1169317","0.0-95.0","","","","","","","10","[42,44,54,42,40,41,42,33,48,38]","[56,46,68,49,50,48,42,58,52,46]","""2023-09-15T16:48:34.558Z""","[1,0,1,1]","1","0","1","40","52","40","52","12","0","0","[""arrowright"",""arrowleft"",""arrowright"",""arrowright"",""arrowright"",""arrowright"",""arrowright"",""arrowright"",""arrowright"",""arrowright""]","[621,238,294,454,1436,1883,110,365,406,434]","[56,44,68,49,50,48,42,58,52,46]","[56,0,68,49,50,48,42,58,52,46]","[[51.9169,72.0898]]","[]","[]","[]","1","[]","[]","[]","[]","horizontal","","","",""
"","","","","","horizons-trial","100","1175286","0.0-96.0","","","","","","","5","[62,58,47,43,67]","[37,39,36,30,50]","""2023-09-15T16:48:40.527Z""","[0,1,0,0]","1","0","0","60","40","60","40","20","0","0","[""arrowleft"",""arrowright"",""arrowleft"",""arrowleft"",""arrowleft""]","[742,219,468,1096,143]","[62,39,47,43,67]","[62,0,47,43,67]","[[59.1809,50]]","[]","[]","[]","1","[]","[]","[]","[]","horizontal","","","",""
"","","","","","horizons-trial","101","1182903","0.0-97.0","","","","","","","10","[57,59,72,62,63,44,54,55,54,59]","[49,53,64,71,71,57,67,67,54,45]","""2023-09-15T16:48:48.144Z""","[0,0,1,0]","1","0","1","60","59","60","59","1","0","0","[""arrowleft"",""arrowleft"",""arrowright"",""arrowleft"",""arrowright"",""arrowright"",""arrowright"",""arrowright"",""arrowright"",""arrowright""]","[679,583,358,547,1218,677,323,456,307,359]","[57,59,64,62,71,57,67,67,54,45]","[57,59,0,0,71,57,67,67,54,0]","[[51.0089,59.7199]]","[]","[]","[]","1","[]","[]","[]","[]","horizontal","","","",""
"","","","","","horizons-trial","102","1189326","0.0-98.0","","","","","","","5","[32,35,24,39,32]","[56,55,63,65,54]","""2023-09-15T16:48:54.567Z""","[0,0,1,1]","0","1","0","60","30","30","60","30","0","0","[""arrowleft"",""arrowleft"",""arrowright"",""arrowright"",""arrowright""]","[755,517,340,381,499]","[32,35,63,65,54]","[0,0,63,65,54]","[[82.4863,50]]","[]","[]","[]","1","[]","[]","[]","[]","horizontal","","","",""
"","","","","","horizons-trial","103","1197912","0.0-99.0","","","","","","","10","[69,67,74,64,59,63,72,53,51,58]","[36,32,29,26,19,27,34,27,27,25]","""2023-09-15T16:49:03.153Z""","[0,1,0,1]","0","0","1","60","30","60","30","30","0","0","[""arrowleft"",""arrowright"",""arrowleft"",""arrowright"",""arrowleft"",""arrowleft"",""arrowleft"",""arrowleft"",""arrowleft"",""arrowleft""]","[730,289,405,376,600,917,161,154,150,127]","[69,32,74,26,59,63,72,53,51,58]","[69,0,74,0,59,63,72,53,51,58]","[[53.1276,79.9024]]","[]","[]","[]","1","[]","[]","[]","[]","horizontal","","","",""
"","","","","","horizons-trial","104","1208790","0.0-100.0","","","","","","","10","[47,39,47,30,38,29,42,19,33,36]","[40,54,47,48,47,45,24,36,60,53]","""2023-09-15T16:49:14.031Z""","[1,1,1,0]","1","0","1","40","48","40","48","8","0","0","[""arrowright"",""arrowright"",""arrowright"",""arrowleft"",""arrowleft"",""arrowright"",""arrowright"",""arrowright"",""arrowright"",""arrowleft""]","[554,353,353,450,409,1479,223,188,190,757]","[40,54,47,30,38,45,24,36,60,36]","[0,54,47,0,0,45,0,36,60,0]","[[51.0089,28.144199999999998]]","[]","[]","[]","1","[]","[]","[]","[]","horizontal","","","",""
"","","","","","horizons-trial","105","1217776","0.0-101.0","","","","","","","5","[51,21,45,50,55]","[34,54,42,58,46]","""2023-09-15T16:49:23.017Z""","[0,1,1,1]","1","1","0","40","44","44","40","4","0","0","[""arrowleft"",""arrowright"",""arrowright"",""arrowright"",""arrowright""]","[611,263,397,798,3162]","[51,54,42,58,46]","[51,54,0,58,0]","[[56.1542,50]]","[]","[]","[]","1","[]","[]","[]","[]","horizontal","","","",""
"","","","","","horizons-trial","106","1225246","0.0-102.0","","","","","","","5","[44,49,43,47,44]","[35,41,35,42,37]","""2023-09-15T16:49:30.487Z""","[1,1,1,0]","1","1","0","40","48","48","40","8","0","0","[""arrowright"",""arrowright"",""arrowright"",""arrowleft"",""arrowleft""]","[598,343,585,407,2952]","[35,41,35,47,44]","[0,0,0,47,44]","[[63.4182,50]]","[]","[]","[]","1","[]","[]","[]","[]","horizontal","","","",""
"","","","","","horizons-trial","107","1229927","0.0-103.0","","","","","","","5","[74,60,54,62,71]","[54,47,34,50,58]","""2023-09-15T16:49:35.168Z""","[1,0,1,0]","0","0","0","60","48","60","48","12","0","0","[""arrowright"",""arrowleft"",""arrowright"",""arrowleft"",""arrowleft""]","[697,287,322,411,608]","[54,60,34,62,71]","[0,60,0,62,71]","[[70.6823,50]]","[]","[]","[]","1","[]","[]","[]","[]","horizontal","","","",""
"","","","","","horizons-trial","108","1238000","0.0-104.0","","","","","","","10","[66,52,55,50,63,58,60,68,40,65]","[47,71,66,60,59,46,55,71,57,71]","""2023-09-15T16:49:43.240Z""","[0,0,1,0]","1","1","1","60","58","58","60","2","0","0","[""arrowleft"",""arrowleft"",""arrowright"",""arrowleft"",""arrowleft"",""arrowleft"",""arrowleft"",""arrowleft"",""arrowleft"",""arrowleft""]","[618,424,500,708,1870,877,191,175,158,126]","[66,52,66,50,63,58,60,68,40,65]","[66,0,66,0,63,58,60,0,0,0]","[[52.2196,65.5793]]","[]","[]","[]","1","[]","[]","[]","[]","horizontal","","","",""
"","","","","","horizons-trial","109","1242868","0.0-105.0","","","","","","","5","[64,68,67,56,49]","[52,53,56,55,59]","""2023-09-15T16:49:48.109Z""","[0,1,0,0]","1","0","0","60","58","60","58","2","0","0","[""arrowleft"",""arrowright"",""arrowleft"",""arrowleft"",""arrowleft""]","[1178,269,308,580,550]","[64,53,67,56,49]","[64,0,67,56,0]","[[67.9583,50]]","[]","[]","[]","1","[]","[]","[]","[]","horizontal","","","",""
"","","","","","horizons-trial","110","1251132","0.0-106.0","","","","","","","5","[50,51,58,67,51]","[61,51,50,53,62]","""2023-09-15T16:49:56.372Z""","[0,1,1,1]","1","1","0","60","58","58","60","2","0","0","[""arrowleft"",""arrowright"",""arrowright"",""arrowright"",""arrowright""]","[660,231,553,508,3808]","[50,51,50,53,62]","[0,51,0,0,62]","[[59.7862,50]]","[]","[]","[]","1","[]","[]","[]","[]","horizontal","","","",""
"","","","","","horizons-trial","111","1257165","0.0-107.0","","","","","","","5","[50,42,50,39,53]","[31,41,42,42,38]","""2023-09-15T16:50:02.406Z""","[1,0,0,1]","0","1","0","40","44","44","40","4","0","0","[""arrowright"",""arrowleft"",""arrowleft"",""arrowright"",""arrowleft""]","[552,318,418,2119,637]","[31,42,50,42,53]","[0,42,50,42,53]","[[66.4449,50]]","[]","[]","[]","1","[]","[]","[]","[]","horizontal","","","",""
"","","","","","horizons-trial","112","1261639","0.0-108.0","","","","","","","5","[28,22,40,39,36]","[63,64,56,45,67]","""2023-09-15T16:50:06.880Z""","[0,1,1,1]","1","1","0","60","30","30","60","30","0","0","[""arrowleft"",""arrowright"",""arrowright"",""arrowright"",""arrowright""]","[660,227,442,549,405]","[28,64,56,45,67]","[0,64,56,45,67]","[[71.8929,50]]","[]","[]","[]","1","[]","[]","[]","[]","horizontal","","","",""
"","","","","","horizons-trial","113","1266931","0.0-109.0","","","","","","","5","[53,56,61,61,44]","[48,63,66,66,67]","""2023-09-15T16:50:12.172Z""","[0,1,1,0]","0","1","0","60","56","56","60","4","0","0","[""arrowleft"",""arrowright"",""arrowright"",""arrowleft"",""arrowright""]","[693,276,541,982,628]","[53,63,66,61,67]","[53,63,66,0,67]","[[78.5516,50]]","[]","[]","[]","1","[]","[]","[]","[]","horizontal","","","",""
"","","","","","horizons-trial","114","1273238","0.0-110.0","","","","","","","10","[46,58,46,64,66,53,57,57,69,49]","[51,61,56,53,57,56,64,63,54,70]","""2023-09-15T16:50:18.479Z""","[0,1,1,1]","1","1","1","60","56","56","60","4","0","0","[""arrowleft"",""arrowright"",""arrowright"",""arrowright"",""arrowright"",""arrowright"",""arrowright"",""arrowright"",""arrowright"",""arrowright""]","[650,247,501,402,890,635,214,142,145,122]","[46,61,56,53,57,56,64,63,54,70]","[0,61,56,0,0,56,64,63,0,70]","[[54.6409,80.5534]]","[]","[]","[]","1","[]","[]","[]","[]","horizontal","","","",""
"","","","","","horizons-trial","115","1285649","0.0-111.0","","","","","","","10","[59,65,51,54,50,69,68,48,67,56]","[49,48,74,45,66,53,50,51,58,54]","""2023-09-15T16:50:30.890Z""","[1,0,1,0]","0","0","1","60","52","60","52","8","0","0","[""arrowright"",""arrowleft"",""arrowright"",""arrowleft"",""arrowleft"",""arrowleft"",""arrowleft"",""arrowleft"",""arrowleft"",""arrowleft""]","[659,685,326,1103,4586,596,177,167,123,119]","[49,65,74,54,50,69,68,48,67,56]","[0,65,74,54,0,69,68,0,67,56]","[[51.6142,74.0429]]","[]","[]","[]","1","[]","[]","[]","[]","horizontal","","","",""
"","","","","","horizons-trial","116","1292820","0.0-112.0","","","","","","","10","[68,59,58,52,48,71,68,40,58,64]","[72,62,53,51,54,61,63,51,61,72]","""2023-09-15T16:50:38.061Z""","[0,0,1,1]","0","0","1","60","59","60","59","1","0","0","[""arrowleft"",""arrowleft"",""arrowright"",""arrowright"",""arrowleft"",""arrowleft"",""arrowleft"",""arrowleft"",""arrowleft"",""arrowleft""]","[650,435,380,320,729,1066,148,165,165,136]","[68,59,53,51,48,71,68,40,58,64]","[0,0,0,0,0,71,68,0,0,0]","[[51.0089,70.1367]]","[]","[]","[]","1","[]","[]","[]","[]","horizontal","","","",""
"","","","","","horizons-trial","117","1300918","0.0-113.0","","","","","","","10","[60,69,66,50,71,53,66,69,48,76]","[36,30,40,22,36,31,23,30,27,23]","""2023-09-15T16:50:46.159Z""","[0,0,0,1]","1","0","1","60","30","60","30","30","0","0","[""arrowleft"",""arrowleft"",""arrowleft"",""arrowright"",""arrowright"",""arrowleft"",""arrowleft"",""arrowleft"",""arrowleft"",""arrowleft""]","[587,432,480,462,385,943,173,170,141,134]","[60,69,66,22,36,53,66,69,48,76]","[60,69,66,0,0,53,66,69,48,76]","[[51.3116,31.724900000000005]]","[]","[]","[]","1","[]","[]","[]","[]","horizontal","","","",""
"","","","","","horizons-trial","118","1307729","0.0-114.0","","","","","","","10","[32,35,29,42,32,21,24,25,31,36]","[59,63,54,57,54,50,49,61,59,53]","""2023-09-15T16:50:52.970Z""","[0,0,1,1]","0","1","1","60","30","30","60","30","0","0","[""arrowleft"",""arrowleft"",""arrowright"",""arrowright"",""arrowright"",""arrowright"",""arrowright"",""arrowright"",""arrowright"",""arrowright""]","[542,389,355,575,1411,516,221,173,151,126]","[32,35,54,57,54,50,49,61,59,53]","[0,0,54,57,54,50,49,61,59,53]","[[48.5876,74.0429]]","[]","[]","[]","1","[]","[]","[]","[]","horizontal","","","",""
"","","","","","horizons-trial","119","1319013","0.0-115.0","","","","","","","10","[60,57,72,53,62,55,61,50,64,61]","[56,55,73,58,69,55,52,59,57,59]","""2023-09-15T16:51:04.253Z""","[0,1,0,1]","0","1","1","60","58","58","60","2","0","0","[""arrowleft"",""arrowright"",""arrowleft"",""arrowright"",""arrowleft"",""arrowleft"",""arrowleft"",""arrowleft"",""arrowleft"",""arrowleft""]","[594,362,799,1329,2123,453,253,124,177,134]","[60,55,72,58,62,55,61,50,64,61]","[60,0,0,58,0,55,61,0,64,61]","[[50.1009,81.8555]]","[]","[]","[]","1","[]","[]","[]","[]","horizontal","","","",""
"","","","","","horizons-trial","120","1325671","0.0-116.0","","","","","","","10","[64,61,56,62,54,72,50,56,63,66]","[46,63,58,66,56,53,78,58,56,58]","""2023-09-15T16:51:10.912Z""","[1,0,1,1]","1","0","1","60","56","60","56","4","0","0","[""arrowright"",""arrowleft"",""arrowright"",""arrowright"",""arrowleft"",""arrowleft"",""arrowleft"",""arrowleft"",""arrowleft"",""arrowleft""]","[610,325,335,803,409,734,189,174,149,131]","[46,61,58,66,54,72,50,56,63,66]","[0,0,58,66,0,72,0,0,63,66]","[[48.5876,76.6471]]","[]","[]","[]","1","[]","[]","[]","[]","horizontal","","","",""
"","","","","","horizons-trial","121","1331266","0.0-117.0","","","","","","","5","[52,71,68,73,58]","[35,27,34,42,20]","""2023-09-15T16:51:16.507Z""","[1,0,0,0]","1","0","0","60","30","60","30","30","0","0","[""arrowright"",""arrowleft"",""arrowleft"",""arrowleft"",""arrowleft""]","[710,284,552,779,742]","[35,71,68,73,58]","[0,71,68,73,58]","[[73.7089,50]]","[]","[]","[]","1","[]","[]","[]","[]","horizontal","","","",""
"","","","","","horizons-trial","122","1337110","0.0-118.0","","","","","","","5","[42,33,58,38,34]","[64,58,52,53,65]","""2023-09-15T16:51:22.351Z""","[0,1,0,1]","0","1","0","60","40","40","60","20","0","0","[""arrowleft"",""arrowright"",""arrowleft"",""arrowright"",""arrowright""]","[582,259,368,846,1340]","[42,58,58,53,65]","[0,58,58,53,65]","[[62.5102,50]]","[]","[]","[]","1","[]","[]","[]","[]","horizontal","","","",""
"","","","","","horizons-trial","123","1342876","0.0-119.0","","","","","","","5","[67,47,45,50,45]","[44,50,51,39,47]","""2023-09-15T16:51:28.117Z""","[1,1,0,0]","0","1","0","40","52","52","40","12","0","0","[""arrowright"",""arrowright"",""arrowleft"",""arrowleft"",""arrowleft""]","[569,436,388,376,1486]","[44,50,45,50,45]","[0,50,0,50,0]","[[60.0889,50]]","[]","[]","[]","1","[]","[]","[]","[]","horizontal","","","",""
"","","","","","survey-html-form","124","1411844","0.0-120.0","68966","{""comments"":"" I based my decisions the bandits which *seemed* to have higher overall scores and also instinct. My choices didn't differ between 5 and 10 choice conditions.""}","","","","","","","","","","","","","","","","","","","","","","","","","","","","","","","","","","","","",""
"","","","","","survey-html-form","125","1480847","0.0-121.0","70497","{""comments"":"" If I saw higher numbers (60+) I assumed this was part of a pattern and there would be a slightly greater chance of a higher digit score in turn 5.""}","","","","","","","","","","","","","","","","","","","","","","","","","","","","","","","","","","","","",""
"","","","","","survey-html-form","126","1519193","0.0-122.0","38347","{""comments"":"" I assumed that bandits which showed higher overall scores and/or less range in scores would offer more total points in 5-10.""}","","","","","","","","","","","","","","","","","","","","","","","","","","","","","","","","","","","","",""
"","","","","","survey-html-form","127","1521765","0.0-123.0","2572","{""comments"":"" ""}","","","","","","","","","","","","","","","","","","","","","","","","","","","","","","","","","","","","","[{""event"":""fullscreenenter"",""trial"":2,""time"":7827}]"
