"success","timeout","failed_images","failed_audio","failed_video","trial_type","trial_index","time_elapsed","internal_node_id","rt","response","view_history","task","stimulus","question_order","horizon","rewards_L","rewards_R","date","forced_choices","r_info","r_side","r_h","r_mean","r_otherMean","r_mean_L","r_mean_R","r_difference","confidence_immediate_overall","confidence_question_order","key_presses","response_times","outcomes","outcomes_counted_points","confidence","confidence_rt","confidence_2","confidence_2_rt","screen_resolution","belief_confidence_1","belief_confidence_2","belief_confidence_3","belief_confidence_4","immediate_judgement_orientation","phase","responses","num_errors","interactions"
"true","false","[]","[]","[]","preload","0","3421","0.0-0.0","","","","","","","","","","","","","","","","","","","","","","","","","","","","","","","","","","","","","","",""
"","","","","","survey-html-form","1","11683","0.0-1.0","8259","{""comments"":"" 604d5e61486bd0622d2102c0""}","","","","","","","","","","","","","","","","","","","","","","","","","","","","","","","","","","","","",""
"true","","","","","fullscreen","2","14405","0.0-2.0","","","","","","","","","","","","","","","","","","","","","","","","","","","","","","","","","","","","","","",""
"","","","","","instructions","3","167141","0.0-3.0","152734","","[{""page_index"":0,""viewing_time"":77339},{""page_index"":1,""viewing_time"":15241},{""page_index"":2,""viewing_time"":4208},{""page_index"":3,""viewing_time"":7545},{""page_index"":4,""viewing_time"":44599},{""page_index"":5,""viewing_time"":3800}]","Consent","","","","","","","","","","","","","","","","","","","","","","","","","","","","","","","","","","",""
"","","","","","html-button-response","4","169596","0.0-4.0","2448","0","","","<p>Declaration of consent for study participation:</p>
            <ul>
                <li> I was informed about the study 'Metacognition in a bandit task', its course, meaning, scope and risks, and I have read and understood the study information.</li>
                <li> I had the opportunity to clarify all open questions. </li>
                <li> I have the right to request further information about the study at any time.</li>
                <li> I voluntarily agree to participate in the study described in the study information provided.</li>
                <li> I have been informed that I may withdraw from this study at any time without incurring any disadvantage.</li>
            </ul>","","","","","","","","","","","","","","","","","","","","","","","","","","","","","","","","","",""
"","","","","","survey-multi-choice","5","177668","0.0-5.0","8064","{""firstDataProtectionQ"":""yes"",""secondDataProtectionQ"":""yes"",""thirdDataProtectionQ"":""yes"",""fourthDataProtectionQ"":""yes""}","","","","[0,1,2,3]","","","","","","","","","","","","","","","","","","","","","","","","","","","","","","","","",""
"","","","","","instructions","6","325292","0.0-6.0-0.0","147611","","[{""page_index"":0,""viewing_time"":3426},{""page_index"":1,""viewing_time"":15976},{""page_index"":2,""viewing_time"":11513},{""page_index"":3,""viewing_time"":10518},{""page_index"":4,""viewing_time"":13265},{""page_index"":5,""viewing_time"":7336},{""page_index"":6,""viewing_time"":8448},{""page_index"":7,""viewing_time"":9344},{""page_index"":8,""viewing_time"":10496},{""page_index"":9,""viewing_time"":12400},{""page_index"":10,""viewing_time"":35752},{""page_index"":11,""viewing_time"":9136}]","","","","","","","","","","","","","","","","","","","","","","","","","","","","","","","","","","","",""
"","","","","","horizons-trial","7","343665","0.0-6.0-1.0","","","","","","","5","[44,57,74,72,62]","[31,33,24,39,29]","""2023-09-16T10:35:21.764Z""","[1,0,1,1]","","","","","","","","","0","","[""arrowright"",""arrowleft"",""arrowright"",""arrowright"",""arrowright""]","[1152,1301,774,818,1622]","[31,57,24,39,29]","[0,57,0,0,0]","[[50,79.9756]]","[]","[]","[]","1","[]","[]","[]","[]","vertical","practice","","",""
"","","","","","horizons-trial","8","372533","0.0-6.0-2.0","","","","","","","10","[64,50,57,35,52,38,44,61,39,38]","[70,69,76,71,75,58,81,84,57,61]","""2023-09-16T10:35:50.631Z""","[0,0,1,1]","","","","","","","","","1","","[""arrowleft"",""arrowleft"",""arrowright"",""arrowright"",""arrowright"",""arrowright"",""arrowright"",""arrowleft"",""arrowleft"",""arrowleft""]","[892,807,713,888,1243,1276,1137,1338,782,501]","[64,50,76,71,75,58,81,61,39,38]","[0,0,76,71,75,58,81,0,0,0]","[[34.708,100]]","[]","[]","[]","1","[]","[]","[]","[]","vertical","practice","","",""
"","","","","","instructions","9","403529","0.0-6.0-3.0","30984","","[{""page_index"":0,""viewing_time"":2569},{""page_index"":1,""viewing_time"":19224},{""page_index"":2,""viewing_time"":6679},{""page_index"":3,""viewing_time"":2512}]","","","","","","","","","","","","","","","","","","","","","","","","","","","","","","","","","","","",""
"","","","","","horizons-comprehension","10","427739","0.0-6.0-4.0","24206.300000000047","","","","","","","","","","","","","","","","","","","","","","","","","","","","","","","","","","","","[""true"",""true"",""false"",""false""]","1",""
"","","","","","instructions","11","452458","0.0-6.1-0.1","19702","","[{""page_index"":0,""viewing_time"":5638},{""page_index"":1,""viewing_time"":2407},{""page_index"":2,""viewing_time"":2368},{""page_index"":3,""viewing_time"":2528},{""page_index"":4,""viewing_time"":872},{""page_index"":5,""viewing_time"":608},{""page_index"":6,""viewing_time"":2056},{""page_index"":7,""viewing_time"":472},{""page_index"":8,""viewing_time"":512},{""page_index"":9,""viewing_time"":632},{""page_index"":10,""viewing_time"":616},{""page_index"":11,""viewing_time"":992}]","","","","","","","","","","","","","","","","","","","","","","","","","","","","","","","","","","","",""
"","","","","","horizons-trial","12","467696","0.0-6.1-1.1","","","","","","","5","[44,57,74,72,62]","[31,33,24,39,29]","""2023-09-16T10:37:25.795Z""","[1,0,1,1]","","","","","","","","","0","","[""arrowright"",""arrowleft"",""arrowright"",""arrowright"",""arrowright""]","[2170,500,358,400,451]","[31,57,24,39,29]","[0,57,0,0,0]","[[50,2.4934999999999974]]","[]","[]","[]","1","[]","[]","[]","[]","vertical","practice","","",""
"","","","","","horizons-trial","13","483868","0.0-6.1-2.1","","","","","","","10","[64,50,57,35,52,38,44,61,39,38]","[70,69,76,71,75,58,81,84,57,61]","""2023-09-16T10:37:41.967Z""","[0,0,1,1]","","","","","","","","","1","","[""arrowleft"",""arrowleft"",""arrowright"",""arrowright"",""arrowleft"",""arrowright"",""arrowright"",""arrowright"",""arrowright"",""arrowright""]","[792,321,482,416,1050,761,399,385,522,522]","[64,50,76,71,52,58,81,84,57,61]","[0,0,76,71,0,58,81,84,57,61]","[[45.0016,55.7991]]","[]","[]","[]","1","[]","[]","[]","[]","vertical","practice","","",""
"","","","","","instructions","14","489138","0.0-6.1-3.1","5265","","[{""page_index"":0,""viewing_time"":2113},{""page_index"":1,""viewing_time"":1512},{""page_index"":2,""viewing_time"":904},{""page_index"":3,""viewing_time"":736}]","","","","","","","","","","","","","","","","","","","","","","","","","","","","","","","","","","","",""
"","","","","","horizons-comprehension","15","545703","0.0-6.1-4.1","56561.5","","","","","","","","","","","","","","","","","","","","","","","","","","","","","","","","","","","","[""false"",""true"",""false"",""true""]","1",""
"","","","","","instructions","16","552035","0.0-6.2-0.2","4410","","[{""page_index"":0,""viewing_time"":1778},{""page_index"":1,""viewing_time"":160},{""page_index"":2,""viewing_time"":152},{""page_index"":3,""viewing_time"":167},{""page_index"":4,""viewing_time"":176},{""page_index"":5,""viewing_time"":160},{""page_index"":6,""viewing_time"":192},{""page_index"":7,""viewing_time"":904},{""page_index"":8,""viewing_time"":184},{""page_index"":9,""viewing_time"":183},{""page_index"":10,""viewing_time"":176},{""page_index"":11,""viewing_time"":177}]","","","","","","","","","","","","","","","","","","","","","","","","","","","","","","","","","","","",""
"","","","","","horizons-trial","17","560613","0.0-6.2-1.2","","","","","","","5","[44,57,74,72,62]","[31,33,24,39,29]","""2023-09-16T10:38:58.713Z""","[1,0,1,1]","","","","","","","","","0","","[""arrowright"",""arrowleft"",""arrowright"",""arrowright"",""arrowright""]","[1585,644,460,421,337]","[31,57,24,39,29]","[0,57,0,0,0]","[[50,72.4571]]","[]","[]","[]","1","[]","[]","[]","[]","vertical","practice","","",""
"","","","","","horizons-trial","18","570417","0.0-6.2-2.2","","","","","","","10","[64,50,57,35,52,38,44,61,39,38]","[70,69,76,71,75,58,81,84,57,61]","""2023-09-16T10:39:08.516Z""","[0,0,1,1]","","","","","","","","","1","","[""arrowleft"",""arrowleft"",""arrowright"",""arrowright"",""arrowright"",""arrowright"",""arrowright"",""arrowright"",""arrowright"",""arrowright""]","[799,333,402,175,160,1021,180,144,153,168]","[64,50,76,71,75,58,81,84,57,61]","[0,0,76,71,75,58,81,84,57,61]","[[63.9242,96.61115]]","[]","[]","[]","1","[]","[]","[]","[]","vertical","practice","","",""
"","","","","","instructions","19","573723","0.0-6.2-3.2","3300","","[{""page_index"":0,""viewing_time"":1715},{""page_index"":1,""viewing_time"":168},{""page_index"":2,""viewing_time"":824},{""page_index"":3,""viewing_time"":592}]","","","","","","","","","","","","","","","","","","","","","","","","","","","","","","","","","","","",""
"","","","","","horizons-comprehension","20","598831","0.0-6.2-4.2","25101.399999999907","","","","","","","","","","","","","","","","","","","","","","","","","","","","","","","","","","","","[""false"",""true"",""false"",""false""]","2",""
"","","","","","instructions","21","600435","0.0-7.0","1591","","[{""page_index"":0,""viewing_time"":1591}]","","","","","","","","","","","","","","","","","","","","","","","","","","","","","","","","","","","",""
"","","","","","horizons-trial","22","609970","0.0-8.0","","","","","","","5","[21,41,39,36,30]","[45,53,56,33,24]","""2023-09-16T10:39:48.069Z""","[0,1,1,1]","1","0","0","40","44","40","44","4","0","0","[""arrowleft"",""arrowright"",""arrowright"",""arrowright"",""arrowright""]","[1740,452,440,425,498]","[21,53,56,33,24]","[0,53,56,0,0]","[[50,57.4649]]","[]","[]","[]","1","[]","[]","[]","[]","vertical","","","",""
"","","","","","horizons-trial","23","626727","0.0-9.0","","","","","","","10","[45,52,63,36,46,58,47,69,50,49]","[80,56,54,71,56,47,61,61,77,61]","""2023-09-16T10:40:04.825Z""","[1,0,0,1]","0","1","1","60","52","52","60","8","0","0","[""arrowright"",""arrowleft"",""arrowleft"",""arrowright"",""arrowright"",""arrowright"",""arrowright"",""arrowright"",""arrowright"",""arrowright""]","[669,461,373,470,549,646,275,476,346,478]","[80,52,63,71,56,47,61,61,77,61]","[80,0,63,71,56,0,61,0,77,61]","[[56.4266,100]]","[]","[]","[]","1","[]","[]","[]","[]","vertical","","","",""
"","","","","","horizons-trial","24","638579","0.0-10.0","","","","","","","10","[26,32,28,37,53,44,54,48,36,41]","[46,32,35,50,41,46,41,41,39,46]","""2023-09-16T10:40:16.678Z""","[0,1,0,0]","1","0","1","40","42","40","42","2","0","0","[""arrowleft"",""arrowright"",""arrowleft"",""arrowleft"",""arrowleft"",""arrowright"",""arrowright"",""arrowleft"",""arrowright"",""arrowleft""]","[596,543,798,366,305,669,355,462,427,595]","[26,32,28,37,53,46,41,48,39,41]","[0,32,0,0,53,46,0,48,39,0]","[[54.9984,18.318600000000004]]","[]","[]","[]","1","[]","[]","[]","[]","vertical","","","",""
"","","","","","horizons-trial","25","652052","0.0-11.0","","","","","","","10","[63,49,56,58,55,53,47,57,62,56]","[69,51,60,65,48,58,50,65,62,65]","""2023-09-16T10:40:30.151Z""","[0,1,0,1]","0","0","1","60","56","60","56","4","0","0","[""arrowleft"",""arrowright"",""arrowleft"",""arrowright"",""arrowleft"",""arrowright"",""arrowright"",""arrowleft"",""arrowright"",""arrowright""]","[589,437,909,550,1060,636,466,395,453,544]","[63,51,56,65,55,58,50,57,62,65]","[0,51,0,65,55,58,50,0,62,65]","[[50,59.9636]]","[]","[]","[]","1","[]","[]","[]","[]","vertical","","","",""
"","","","","","horizons-trial","26","661159","0.0-12.0","","","","","","","10","[50,41,49,28,36,27,35,34,31,30]","[57,57,51,47,64,44,42,41,40,47]","""2023-09-16T10:40:39.258Z""","[1,0,0,1]","0","0","1","40","48","40","48","8","0","0","[""arrowright"",""arrowleft"",""arrowleft"",""arrowright"",""arrowleft"",""arrowright"",""arrowright"",""arrowright"",""arrowleft"",""arrowleft""]","[611,412,648,415,438,565,388,321,386,655]","[57,41,49,47,36,44,42,41,31,30]","[57,0,0,47,0,44,42,41,0,0]","[[61.425,43.722]]","[]","[]","[]","1","[]","[]","[]","[]","vertical","","","",""
"","","","","","horizons-trial","27","670127","0.0-13.0","","","","","","","5","[55,56,53,72,60]","[59,73,67,69,47]","""2023-09-16T10:40:48.226Z""","[1,0,1,1]","1","1","0","60","58","58","60","2","0","0","[""arrowright"",""arrowleft"",""arrowright"",""arrowright"",""arrowleft""]","[645,596,485,856,1137]","[59,56,67,69,60]","[59,0,67,0,60]","[[50,100]]","[]","[]","[]","1","[]","[]","[]","[]","vertical","","","",""
"","","","","","horizons-trial","28","686970","0.0-14.0","","","","","","","5","[43,42,36,47,43]","[42,44,40,41,36]","""2023-09-16T10:41:05.069Z""","[0,1,0,1]","0","0","0","40","48","40","48","8","0","0","[""arrowleft"",""arrowright"",""arrowleft"",""arrowright"",""arrowleft""]","[808,705,469,432,305]","[43,44,36,41,43]","[43,44,0,0,43]","[[50,97.44405]]","[]","[]","[]","1","[]","[]","[]","[]","vertical","","","",""
"","","","","","horizons-trial","29","697207","0.0-15.0","","","","","","","10","[67,77,73,71,67,76,63,75,62,57]","[31,46,44,45,47,41,32,31,35,48]","""2023-09-16T10:41:15.305Z""","[0,1,1,0]","0","1","1","40","70","70","40","30","0","0","[""arrowleft"",""arrowright"",""arrowright"",""arrowleft"",""arrowright"",""arrowright"",""arrowleft"",""arrowleft"",""arrowleft"",""arrowleft""]","[994,419,719,688,368,687,391,359,391,291]","[67,46,44,71,47,41,63,75,62,57]","[67,0,0,71,0,0,63,75,62,57]","[[49.643,51.6346]]","[]","[]","[]","1","[]","[]","[]","[]","vertical","","","",""
"","","","","","horizons-trial","30","706775","0.0-16.0","","","","","","","10","[43,47,42,28,41,47,54,40,51,53]","[42,42,41,40,41,41,55,20,36,34]","""2023-09-16T10:41:24.874Z""","[1,1,0,0]","0","1","1","40","44","44","40","4","0","0","[""arrowright"",""arrowright"",""arrowleft"",""arrowleft"",""arrowright"",""arrowright"",""arrowright"",""arrowright"",""arrowright"",""arrowright""]","[595,312,410,661,430,566,387,424,366,383]","[42,42,42,28,41,41,55,20,36,34]","[0,0,42,0,41,0,55,0,0,0]","[[45.7156,100]]","[]","[]","[]","1","[]","[]","[]","[]","vertical","","","",""
"","","","","","horizons-trial","31","716512","0.0-17.0","","","","","","","5","[58,57,53,67,60]","[58,51,53,45,53]","""2023-09-16T10:41:34.611Z""","[1,1,1,0]","1","0","0","60","52","60","52","8","0","0","[""arrowright"",""arrowright"",""arrowright"",""arrowleft"",""arrowright""]","[807,337,347,675,646]","[58,51,53,67,53]","[58,0,53,67,0]","[[50,25.814700000000002]]","[]","[]","[]","1","[]","[]","[]","[]","vertical","","","",""
"","","","","","horizons-trial","32","724866","0.0-18.0","","","","","","","10","[50,50,49,33,36,40,40,40,33,42]","[55,66,50,65,57,65,70,61,52,58]","""2023-09-16T10:41:42.965Z""","[1,1,0,1]","1","0","1","40","60","40","60","20","0","0","[""arrowright"",""arrowright"",""arrowleft"",""arrowright"",""arrowright"",""arrowright"",""arrowright"",""arrowright"",""arrowright"",""arrowright""]","[948,473,370,382,711,417,259,248,546,366]","[55,66,49,65,57,65,70,61,52,58]","[55,66,0,65,57,65,70,61,52,58]","[[47.1438,100]]","[]","[]","[]","1","[]","[]","[]","[]","vertical","","","",""
"","","","","","horizons-trial","33","730855","0.0-19.0","","","","","","","5","[31,18,25,30,45]","[54,66,45,55,65]","""2023-09-16T10:41:48.954Z""","[0,1,1,1]","1","1","0","60","30","30","60","30","0","0","[""arrowleft"",""arrowright"",""arrowright"",""arrowright"",""arrowright""]","[662,334,540,356,784]","[31,66,45,55,65]","[0,66,45,55,65]","[[50,82.0354]]","[]","[]","[]","1","[]","[]","[]","[]","vertical","","","",""
"","","","","","horizons-trial","34","737433","0.0-20.0","","","","","","","5","[37,37,49,48,44]","[40,38,40,41,46]","""2023-09-16T10:41:55.532Z""","[0,1,0,0]","1","0","0","40","42","40","42","2","0","0","[""arrowleft"",""arrowright"",""arrowleft"",""arrowleft"",""arrowleft""]","[1262,413,292,920,377]","[37,38,49,48,44]","[0,38,49,48,0]","[[50,58.2978]]","[]","[]","[]","1","[]","[]","[]","[]","vertical","","","",""
"","","","","","horizons-trial","35","746815","0.0-21.0","","","","","","","10","[52,52,61,62,66,46,76,55,52,58]","[39,45,29,36,28,40,34,43,30,24]","""2023-09-16T10:42:04.914Z""","[1,0,1,0]","0","0","1","60","40","60","40","20","0","0","[""arrowright"",""arrowleft"",""arrowright"",""arrowleft"",""arrowright"",""arrowright"",""arrowright"",""arrowright"",""arrowright"",""arrowleft""]","[800,324,330,467,711,619,298,359,367,552]","[39,52,29,62,28,40,34,43,30,58]","[0,52,0,62,0,0,0,0,0,58]","[[48.5719,29.979200000000006]]","[]","[]","[]","1","[]","[]","[]","[]","vertical","","","",""
"","","","","","horizons-trial","36","754915","0.0-22.0","","","","","","","10","[38,36,37,31,22,32,30,38,26,32]","[52,70,62,61,52,47,69,57,58,96]","""2023-09-16T10:42:13.014Z""","[0,1,1,0]","0","1","1","60","30","30","60","30","0","0","[""arrowleft"",""arrowright"",""arrowright"",""arrowleft"",""arrowleft"",""arrowleft"",""arrowleft"",""arrowleft"",""arrowleft"",""arrowleft""]","[1010,359,429,536,763,346,254,346,272,345]","[38,70,62,31,22,32,30,38,26,32]","[0,70,62,0,0,0,0,0,0,0]","[[52.1422,75.7887]]","[]","[]","[]","1","[]","[]","[]","[]","vertical","","","",""
"","","","","","horizons-trial","37","761154","0.0-23.0","","","","","","","5","[58,56,64,59,61]","[38,41,36,58,25]","""2023-09-16T10:42:19.253Z""","[0,1,0,0]","1","1","0","40","60","60","40","20","0","0","[""arrowleft"",""arrowright"",""arrowleft"",""arrowleft"",""arrowright""]","[676,437,567,783,737]","[58,41,64,59,25]","[58,0,64,59,0]","[[50,82.4519]]","[]","[]","[]","1","[]","[]","[]","[]","vertical","","","",""
"","","","","","horizons-trial","38","768194","0.0-24.0","","","","","","","10","[42,35,45,29,30,45,52,42,42,28]","[45,35,32,30,44,35,39,35,48,40]","""2023-09-16T10:42:26.292Z""","[0,0,1,1]","0","1","1","40","42","42","40","2","0","0","[""arrowleft"",""arrowleft"",""arrowright"",""arrowright"",""arrowright"",""arrowright"",""arrowright"",""arrowright"",""arrowright"",""arrowright""]","[746,667,503,471,482,512,300,219,234,274]","[42,35,32,30,44,35,39,35,48,40]","[0,35,0,30,44,0,0,0,48,40]","[[54.2844,85.367]]","[]","[]","[]","1","[]","[]","[]","[]","vertical","","","",""
"","","","","","horizons-trial","39","773959","0.0-25.0","","","","","","","5","[43,50,40,45,48]","[48,54,44,37,57]","""2023-09-16T10:42:32.058Z""","[1,0,0,1]","0","0","0","40","42","40","42","2","0","0","[""arrowright"",""arrowleft"",""arrowleft"",""arrowright"",""arrowright""]","[685,512,686,395,646]","[48,50,40,37,57]","[48,0,0,0,57]","[[50,75.7887]]","[]","[]","[]","1","[]","[]","[]","[]","vertical","","","",""
"","","","","","horizons-trial","40","779071","0.0-26.0","","","","","","","5","[73,66,73,68,60]","[37,51,48,24,38]","""2023-09-16T10:42:37.170Z""","[1,0,0,1]","0","1","0","40","70","70","40","30","0","0","[""arrowright"",""arrowleft"",""arrowleft"",""arrowright"",""arrowright""]","[762,298,616,403,548]","[37,66,73,24,38]","[0,66,73,0,0]","[[50,77.4545]]","[]","[]","[]","1","[]","[]","[]","[]","vertical","","","",""
"","","","","","horizons-trial","41","786372","0.0-27.0","","","","","","","10","[49,49,38,42,48,47,45,35,43,36]","[37,43,41,37,45,40,42,50,37,27]","""2023-09-16T10:42:44.471Z""","[1,0,1,1]","1","1","1","40","41","41","40","1","0","0","[""arrowright"",""arrowleft"",""arrowright"",""arrowright"",""arrowright"",""arrowright"",""arrowright"",""arrowright"",""arrowright"",""arrowright""]","[756,267,272,625,688,576,277,552,266,257]","[37,49,41,37,45,40,42,50,37,27]","[0,49,41,0,0,0,0,50,0,0]","[[51.4281,76.6216]]","[]","[]","[]","1","[]","[]","[]","[]","vertical","","","",""
"","","","","","horizons-trial","42","791581","0.0-28.0","","","","","","","5","[59,70,61,60,47]","[51,44,43,53,55]","""2023-09-16T10:42:49.680Z""","[1,1,0,0]","0","0","0","60","48","60","48","12","0","0","[""arrowright"",""arrowright"",""arrowleft"",""arrowleft"",""arrowleft""]","[681,358,590,310,701]","[51,44,61,60,47]","[0,0,61,60,0]","[[50,100]]","[]","[]","[]","1","[]","[]","[]","[]","vertical","","","",""
"","","","","","horizons-trial","43","799020","0.0-29.0","","","","","","","5","[24,36,39,58,32]","[62,82,61,59,85]","""2023-09-16T10:42:57.119Z""","[0,1,1,0]","0","0","0","40","70","40","70","30","0","0","[""arrowleft"",""arrowright"",""arrowright"",""arrowleft"",""arrowright""]","[433,726,502,1090,621]","[24,82,61,58,85]","[0,82,61,0,85]","[[50,81.619]]","[]","[]","[]","1","[]","[]","[]","[]","vertical","","","",""
"","","","","","horizons-trial","44","804052","0.0-30.0","","","","","","","5","[57,74,56,65,56]","[68,43,51,45,57]","""2023-09-16T10:43:02.151Z""","[0,1,1,0]","0","0","0","60","58","60","58","2","0","0","[""arrowleft"",""arrowright"",""arrowright"",""arrowleft"",""arrowright""]","[718,406,665,426,361]","[57,43,51,65,57]","[0,0,0,65,57]","[[50,81.619]]","[]","[]","[]","1","[]","[]","[]","[]","vertical","","","",""
"","","","","","horizons-trial","45","809799","0.0-31.0","","","","","","","5","[64,61,53,53,54]","[57,64,40,58,66]","""2023-09-16T10:43:07.898Z""","[0,1,0,1]","0","0","0","60","59","60","59","1","0","0","[""arrowleft"",""arrowright"",""arrowleft"",""arrowright"",""arrowright""]","[491,673,274,276,747]","[64,64,53,58,66]","[64,64,53,58,66]","[[50,48.7194]]","[]","[]","[]","1","[]","[]","[]","[]","vertical","","","",""
"","","","","","horizons-trial","46","817629","0.0-32.0","","","","","","","10","[57,65,54,60,62,64,59,73,48,58]","[62,55,60,45,52,52,58,68,65,67]","""2023-09-16T10:43:15.728Z""","[1,0,1,1]","1","1","1","60","59","59","60","1","0","0","[""arrowright"",""arrowleft"",""arrowright"",""arrowright"",""arrowright"",""arrowright"",""arrowright"",""arrowright"",""arrowright"",""arrowright""]","[662,328,288,472,388,638,251,214,212,417]","[62,65,60,45,52,52,58,68,65,67]","[62,65,60,0,0,0,0,0,65,67]","[[0,100]]","[]","[]","[]","1","[]","[]","[]","[]","vertical","","","",""
"","","","","","horizons-trial","47","824913","0.0-33.0","","","","","","","10","[46,44,29,36,34,45,43,50,46,34]","[49,42,53,39,57,69,44,45,57,68]","""2023-09-16T10:43:23.012Z""","[0,1,0,1]","0","0","1","40","52","40","52","12","0","0","[""arrowleft"",""arrowright"",""arrowleft"",""arrowright"",""arrowright"",""arrowright"",""arrowright"",""arrowright"",""arrowright"",""arrowright""]","[796,298,543,708,462,557,346,209,188,219]","[46,42,29,39,57,69,44,45,57,68]","[0,0,0,39,57,69,44,0,57,68]","[[44.2875,64.1281]]","[]","[]","[]","1","[]","[]","[]","[]","vertical","","","",""
"","","","","","horizons-trial","48","830102","0.0-34.0","","","","","","","5","[39,39,55,30,54]","[63,68,59,54,54]","""2023-09-16T10:43:28.201Z""","[0,1,1,0]","0","1","0","60","40","40","60","20","0","0","[""arrowleft"",""arrowright"",""arrowright"",""arrowleft"",""arrowright""]","[677,295,472,693,366]","[39,68,59,30,54]","[0,68,59,0,54]","[[50,83.2848]]","[]","[]","[]","1","[]","[]","[]","[]","vertical","","","",""
"","","","","","horizons-trial","49","836401","0.0-35.0","","","","","","","10","[53,38,71,46,67,49,66,76,57,68]","[43,40,46,32,59,40,46,53,51,42]","""2023-09-16T10:43:34.500Z""","[0,0,1,0]","1","0","1","60","48","60","48","12","0","0","[""arrowleft"",""arrowleft"",""arrowright"",""arrowleft"",""arrowright"",""arrowright"",""arrowright"",""arrowright"",""arrowright"",""arrowright""]","[648,599,417,646,286,563,237,214,192,357]","[53,38,46,46,59,40,46,53,51,42]","[53,0,0,46,0,0,0,0,0,0]","[[53.5703,77.8709]]","[]","[]","[]","1","[]","[]","[]","[]","vertical","","","",""
"","","","","","horizons-trial","50","844259","0.0-36.0","","","","","","","10","[71,55,50,62,73,62,59,63,65,52]","[74,63,68,75,64,68,57,62,54,55]","""2023-09-16T10:43:42.358Z""","[0,0,1,0]","1","0","1","60","59","60","59","1","0","0","[""arrowleft"",""arrowleft"",""arrowright"",""arrowleft"",""arrowleft"",""arrowleft"",""arrowleft"",""arrowleft"",""arrowleft"",""arrowleft""]","[882,684,870,454,266,567,248,239,244,421]","[71,55,68,62,73,62,59,63,65,52]","[0,0,68,0,73,0,59,63,65,0]","[[12.8688,80.7861]]","[]","[]","[]","1","[]","[]","[]","[]","vertical","","","",""
"","","","","","horizons-trial","51","859988","0.0-37.0","","","","","","","10","[40,56,35,55,53,54,47,53,50,46]","[68,60,50,80,50,55,63,64,59,59]","""2023-09-16T10:43:58.086Z""","[1,0,1,0]","0","1","1","60","48","48","60","12","0","0","[""arrowright"",""arrowleft"",""arrowright"",""arrowleft"",""arrowright"",""arrowright"",""arrowright"",""arrowright"",""arrowright"",""arrowright""]","[836,495,253,328,403,791,393,259,211,278]","[68,56,50,55,50,55,63,64,59,59]","[68,0,50,0,0,55,63,64,59,59]","[[5.72813,97.0276]]","[]","[]","[]","1","[]","[]","[]","[]","vertical","","","",""
"","","","","","horizons-trial","52","868134","0.0-38.0","","","","","","","10","[44,56,51,52,66,48,52,51,61,40]","[37,34,45,38,32,37,43,37,31,43]","""2023-09-16T10:44:06.233Z""","[0,0,1,0]","1","1","1","40","52","52","40","12","0","0","[""arrowleft"",""arrowleft"",""arrowright"",""arrowleft"",""arrowright"",""arrowright"",""arrowright"",""arrowright"",""arrowright"",""arrowright""]","[701,444,404,533,294,478,244,222,214,185]","[44,56,45,52,32,37,43,37,31,43]","[44,56,0,52,0,0,0,0,0,43]","[[89.9875,96.61115]]","[]","[]","[]","1","[]","[]","[]","[]","vertical","","","",""
"","","","","","horizons-trial","53","878003","0.0-39.0","","","","","","","10","[61,50,75,64,46,55,65,53,76,68]","[48,47,59,47,43,59,60,62,51,54]","""2023-09-16T10:44:16.102Z""","[0,0,1,1]","0","0","1","60","52","60","52","8","0","0","[""arrowleft"",""arrowleft"",""arrowright"",""arrowright"",""arrowright"",""arrowleft"",""arrowleft"",""arrowleft"",""arrowleft"",""arrowleft""]","[1372,339,627,333,336,519,243,250,218,265]","[61,50,59,47,43,55,65,53,76,68]","[61,50,0,0,0,0,65,0,76,68]","[[12.1547,95.77825]]","[]","[]","[]","1","[]","[]","[]","[]","vertical","","","",""
"","","","","","horizons-trial","54","887248","0.0-40.0","","","","","","","5","[36,47,52,41,44]","[59,45,47,51,23]","""2023-09-16T10:44:25.347Z""","[0,1,1,0]","0","1","0","40","44","44","40","4","0","0","[""arrowleft"",""arrowright"",""arrowright"",""arrowleft"",""arrowright""]","[967,397,334,620,352]","[36,45,47,41,23]","[0,0,0,0,0]","[[50,86.6164]]","[]","[]","[]","1","[]","[]","[]","[]","vertical","","","",""
"","","","","","horizons-trial","55","900421","0.0-41.0","","","","","","","10","[47,48,30,43,32,41,30,39,28,38]","[33,50,42,49,37,48,49,30,24,32]","""2023-09-16T10:44:38.520Z""","[1,1,0,0]","0","0","1","40","42","40","42","2","0","0","[""arrowright"",""arrowright"",""arrowleft"",""arrowleft"",""arrowleft"",""arrowright"",""arrowright"",""arrowright"",""arrowright"",""arrowright""]","[901,268,640,268,368,552,242,221,209,207]","[33,50,30,43,32,48,49,30,24,32]","[0,50,0,0,0,48,49,0,0,0]","[[75.7063,49.5523]]","[]","[]","[]","1","[]","[]","[]","[]","vertical","","","",""
"","","","","","horizons-trial","56","907562","0.0-42.0","","","","","","","5","[32,31,24,39,35]","[57,71,76,57,52]","""2023-09-16T10:44:45.661Z""","[0,1,1,0]","0","0","0","40","60","40","60","20","0","0","[""arrowleft"",""arrowright"",""arrowright"",""arrowleft"",""arrowright""]","[547,334,570,658,347]","[32,71,76,39,52]","[0,71,76,0,52]","[[50,82.8683]]","[]","[]","[]","1","[]","[]","[]","[]","vertical","","","",""
"","","","","","horizons-trial","57","912457","0.0-43.0","","","","","","","5","[71,75,64,58,64]","[36,35,48,28,48]","""2023-09-16T10:44:50.556Z""","[0,0,0,1]","1","1","0","40","70","70","40","30","0","0","[""arrowleft"",""arrowleft"",""arrowleft"",""arrowright"",""arrowright""]","[855,531,334,538,549]","[71,75,64,28,48]","[71,75,64,0,0]","[[50,82.0354]]","[]","[]","[]","1","[]","[]","[]","[]","vertical","","","",""
"","","","","","horizons-trial","58","916762","0.0-44.0","","","","","","","5","[30,37,54,29,50]","[44,40,34,45,39]","""2023-09-16T10:44:54.860Z""","[0,1,1,1]","1","1","0","40","42","42","40","2","0","0","[""arrowleft"",""arrowright"",""arrowright"",""arrowright"",""arrowright""]","[676,327,428,355,442]","[30,40,34,45,39]","[0,40,0,45,0]","[[50,68.2926]]","[]","[]","[]","1","[]","[]","[]","[]","vertical","","","",""
"","","","","","horizons-trial","59","926132","0.0-45.0","","","","","","","10","[34,34,35,41,29,37,34,41,43,43]","[57,46,58,66,57,48,57,58,54,64]","""2023-09-16T10:45:04.231Z""","[1,1,0,0]","0","0","1","40","60","40","60","20","0","0","[""arrowright"",""arrowright"",""arrowleft"",""arrowleft"",""arrowright"",""arrowright"",""arrowright"",""arrowright"",""arrowleft"",""arrowright""]","[1157,443,566,344,454,947,245,221,368,561]","[57,46,35,41,57,48,57,58,43,64]","[57,46,0,0,57,48,57,58,0,64]","[[50.357,59.1307]]","[]","[]","[]","1","[]","[]","[]","[]","vertical","","","",""
"","","","","","horizons-trial","60","930567","0.0-46.0","","","","","","","5","[73,56,48,52,73]","[49,56,60,63,54]","""2023-09-16T10:45:08.666Z""","[1,0,0,1]","0","0","0","60","56","60","56","4","0","0","[""arrowright"",""arrowleft"",""arrowleft"",""arrowright"",""arrowleft""]","[1036,330,513,22,309]","[49,56,48,63,73]","[0,56,0,63,73]","[[50,75.37219999999999]]","[]","[]","[]","1","[]","[]","[]","[]","vertical","","","",""
"","","","","","horizons-trial","61","935237","0.0-47.0","","","","","","","5","[46,38,34,39,37]","[69,68,62,71,64]","""2023-09-16T10:45:13.336Z""","[0,1,0,0]","1","0","0","40","70","40","70","30","0","0","[""arrowleft"",""arrowright"",""arrowleft"",""arrowleft"",""arrowleft""]","[450,316,656,368,402]","[46,68,34,39,37]","[0,68,0,0,0]","[[50,100]]","[]","[]","[]","1","[]","[]","[]","[]","vertical","","","",""
"","","","","","horizons-trial","62","940042","0.0-48.0","","","","","","","5","[57,51,55,56,62]","[62,58,45,57,53]","""2023-09-16T10:45:18.141Z""","[1,0,0,0]","1","0","0","60","56","60","56","4","0","0","[""arrowright"",""arrowleft"",""arrowleft"",""arrowleft"",""arrowleft""]","[709,337,678,422,315]","[62,51,55,56,62]","[62,0,55,0,62]","[[50,34.143699999999995]]","[]","[]","[]","1","[]","[]","[]","[]","vertical","","","",""
"","","","","","horizons-trial","63","947681","0.0-49.0","","","","","","","10","[67,50,53,59,47,61,55,64,57,64]","[37,28,42,39,36,30,51,28,49,37]","""2023-09-16T10:45:25.780Z""","[0,0,0,1]","1","1","1","40","60","60","40","20","0","0","[""arrowleft"",""arrowleft"",""arrowleft"",""arrowright"",""arrowright"",""arrowleft"",""arrowleft"",""arrowleft"",""arrowleft"",""arrowleft""]","[579,365,263,480,300,957,293,356,242,289]","[67,50,53,39,36,61,55,64,57,64]","[67,50,53,0,0,61,55,64,57,64]","[[3.94297,4.159300000000002]]","[]","[]","[]","1","[]","[]","[]","[]","vertical","","","",""
"","","","","","horizons-trial","64","951941","0.0-50.0","","","","","","","5","[54,47,63,74,51]","[76,61,61,47,62]","""2023-09-16T10:45:30.041Z""","[0,0,1,1]","0","1","0","60","56","56","60","4","0","0","[""arrowleft"",""arrowleft"",""arrowright"",""arrowright"",""arrowright""]","[658,218,423,330,397]","[54,47,61,47,62]","[0,0,0,0,62]","[[50,0]]","[]","[]","[]","1","[]","[]","[]","[]","vertical","","","",""
"","","","","","horizons-trial","65","958668","0.0-51.0","","","","","","","5","[50,56,61,63,49]","[38,26,22,5,31]","""2023-09-16T10:45:36.768Z""","[1,0,0,0]","1","0","0","60","30","60","30","30","0","0","[""arrowright"",""arrowleft"",""arrowleft"",""arrowleft"",""arrowleft""]","[760,520,667,342,303]","[38,56,61,63,49]","[0,56,61,63,49]","[[50,100]]","[]","[]","[]","1","[]","[]","[]","[]","vertical","","","",""
"","","","","","horizons-trial","66","963486","0.0-52.0","","","","","","","5","[65,61,58,59,66]","[38,39,48,47,33]","""2023-09-16T10:45:41.585Z""","[0,1,1,1]","1","0","0","60","40","60","40","20","0","0","[""arrowleft"",""arrowright"",""arrowright"",""arrowright"",""arrowright""]","[662,514,564,357,396]","[65,39,48,47,33]","[65,0,0,0,0]","[[50,40.8069]]","[]","[]","[]","1","[]","[]","[]","[]","vertical","","","",""
"","","","","","horizons-trial","67","969917","0.0-53.0","","","","","","","10","[28,61,37,39,66,39,34,35,49,24]","[43,58,35,37,42,49,37,29,45,38]","""2023-09-16T10:45:48.016Z""","[0,0,1,1]","0","0","1","40","41","40","41","1","0","0","[""arrowleft"",""arrowleft"",""arrowright"",""arrowright"",""arrowleft"",""arrowright"",""arrowright"",""arrowleft"",""arrowleft"",""arrowleft""]","[428,264,291,247,256,907,552,233,248,432]","[28,61,35,37,66,49,37,35,49,24]","[0,61,0,0,66,49,37,35,49,0]","[[10.0125,47.0536]]","[]","[]","[]","1","[]","[]","[]","[]","vertical","","","",""
"","","","","","horizons-trial","68","976391","0.0-54.0","","","","","","","10","[53,33,55,36,48,44,32,36,42,26]","[71,64,67,75,68,77,69,80,76,79]","""2023-09-16T10:45:54.490Z""","[1,1,1,0]","1","0","1","40","70","40","70","30","0","0","[""arrowright"",""arrowright"",""arrowright"",""arrowleft"",""arrowleft"",""arrowleft"",""arrowleft"",""arrowleft"",""arrowleft"",""arrowleft""]","[840,233,260,387,228,687,389,252,239,291]","[71,64,67,36,48,44,32,36,42,26]","[71,64,67,0,0,0,0,0,0,0]","[[15.368,54.9662]]","[]","[]","[]","1","[]","[]","[]","[]","vertical","","","",""
"","","","","","horizons-trial","69","983490","0.0-55.0","","","","","","","10","[36,23,23,37,38,14,40,28,25,25]","[60,55,76,52,61,65,63,68,64,64]","""2023-09-16T10:46:01.589Z""","[1,1,0,1]","1","1","1","60","30","30","60","30","0","0","[""arrowright"",""arrowright"",""arrowleft"",""arrowright"",""arrowleft"",""arrowright"",""arrowright"",""arrowleft"",""arrowleft"",""arrowleft""]","[566,238,527,548,264,581,251,232,339,308]","[60,55,23,52,38,65,63,28,25,25]","[60,55,0,52,0,65,63,0,0,0]","[[33.9336,38.7246]]","[]","[]","[]","1","[]","[]","[]","[]","vertical","","","",""
"","","","","","horizons-trial","70","988958","0.0-56.0","","","","","","","5","[64,62,60,62,70]","[34,21,32,20,26]","""2023-09-16T10:46:07.057Z""","[1,1,0,0]","0","0","0","60","30","60","30","30","0","0","[""arrowright"",""arrowright"",""arrowleft"",""arrowleft"",""arrowleft""]","[521,339,777,285,417]","[34,21,60,62,70]","[0,0,60,62,70]","[[50,100]]","[]","[]","[]","1","[]","[]","[]","[]","vertical","","","",""
"","","","","","horizons-trial","71","993404","0.0-57.0","","","","","","","5","[67,69,57,54,51]","[42,38,44,34,45]","""2023-09-16T10:46:11.503Z""","[1,1,0,0]","0","0","0","60","40","60","40","20","0","0","[""arrowright"",""arrowright"",""arrowleft"",""arrowleft"",""arrowleft""]","[729,224,491,289,176]","[42,38,57,54,51]","[0,0,57,54,51]","[[50,37.8917]]","[]","[]","[]","1","[]","[]","[]","[]","vertical","","","",""
"","","","","","horizons-trial","72","1000062","0.0-58.0","","","","","","","10","[44,56,46,57,40,39,64,46,49,56]","[32,34,44,25,45,37,32,37,45,35]","""2023-09-16T10:46:18.161Z""","[1,0,0,0]","1","1","1","40","48","48","40","8","0","0","[""arrowright"",""arrowleft"",""arrowleft"",""arrowleft"",""arrowleft"",""arrowleft"",""arrowleft"",""arrowleft"",""arrowleft"",""arrowleft""]","[643,407,578,269,470,580,280,245,416,327]","[32,56,46,57,40,39,64,46,49,56]","[0,56,46,57,0,39,64,46,49,56]","[[13.2258,89.94800000000001]]","[]","[]","[]","1","[]","[]","[]","[]","vertical","","","",""
"","","","","","horizons-trial","73","1006373","0.0-59.0","","","","","","","5","[46,48,52,43,38]","[31,31,40,37,42]","""2023-09-16T10:46:24.472Z""","[0,0,1,0]","1","1","0","40","48","48","40","8","0","0","[""arrowleft"",""arrowleft"",""arrowright"",""arrowleft"",""arrowleft""]","[530,445,716,310,378]","[46,48,40,43,38]","[46,48,0,43,0]","[[50,0]]","[]","[]","[]","1","[]","[]","[]","[]","vertical","","","",""
"","","","","","horizons-trial","74","1013234","0.0-60.0","","","","","","","5","[29,22,34,48,45]","[58,50,60,27,56]","""2023-09-16T10:46:31.333Z""","[0,0,1,1]","0","0","0","40","52","40","52","12","0","0","[""arrowleft"",""arrowleft"",""arrowright"",""arrowright"",""arrowright""]","[654,582,692,370,311]","[29,22,60,27,56]","[0,0,60,0,56]","[[50,80.7861]]","[]","[]","[]","1","[]","[]","[]","[]","vertical","","","",""
"","","","","","horizons-trial","75","1017704","0.0-61.0","","","","","","","5","[47,53,65,55,62]","[33,28,41,43,22]","""2023-09-16T10:46:35.803Z""","[1,0,0,1]","0","1","0","40","60","60","40","20","0","0","[""arrowright"",""arrowleft"",""arrowleft"",""arrowright"",""arrowright""]","[541,298,585,406,775]","[33,53,65,43,22]","[0,53,65,0,0]","[[50,59.9636]]","[]","[]","[]","1","[]","[]","[]","[]","vertical","","","",""
"","","","","","horizons-trial","76","1022089","0.0-62.0","","","","","","","5","[29,42,30,57,40]","[49,27,47,43,47]","""2023-09-16T10:46:40.188Z""","[0,0,1,1]","0","0","0","40","44","40","44","4","0","0","[""arrowleft"",""arrowleft"",""arrowright"",""arrowright"",""arrowright""]","[521,298,647,385,583]","[29,42,47,43,47]","[0,42,47,0,47]","[[50,0]]","[]","[]","[]","1","[]","[]","[]","[]","vertical","","","",""
"","","","","","horizons-trial","77","1027417","0.0-63.0","","","","","","","5","[47,44,51,40,51]","[46,68,65,60,57]","""2023-09-16T10:46:45.516Z""","[1,1,0,0]","0","1","0","60","48","48","60","12","0","0","[""arrowright"",""arrowright"",""arrowleft"",""arrowleft"",""arrowleft""]","[668,307,632,321,436]","[46,68,51,40,51]","[0,68,0,0,0]","[[50,100]]","[]","[]","[]","1","[]","[]","[]","[]","vertical","","","",""
"","","","","","horizons-trial","78","1034777","0.0-64.0","","","","","","","5","[38,57,49,32,46]","[55,42,53,64,63]","""2023-09-16T10:46:52.876Z""","[0,0,1,0]","1","1","0","60","52","52","60","8","0","0","[""arrowleft"",""arrowleft"",""arrowright"",""arrowleft"",""arrowleft""]","[701,728,500,567,373]","[38,57,53,32,46]","[0,57,53,0,0]","[[50,100]]","[]","[]","[]","1","[]","[]","[]","[]","vertical","","","",""
"","","","","","horizons-trial","79","1040141","0.0-65.0","","","","","","","5","[47,44,37,50,38]","[32,42,35,32,35]","""2023-09-16T10:46:58.240Z""","[0,0,1,1]","0","1","0","40","42","42","40","2","0","0","[""arrowleft"",""arrowleft"",""arrowright"",""arrowright"",""arrowleft""]","[455,252,426,328,515]","[47,44,35,32,38]","[47,44,0,0,38]","[[50,100]]","[]","[]","[]","1","[]","[]","[]","[]","vertical","","","",""
"","","","","","horizons-trial","80","1046016","0.0-66.0","","","","","","","5","[49,55,53,50,53]","[44,63,56,68,53]","""2023-09-16T10:47:04.115Z""","[0,0,1,0]","1","1","0","60","59","59","60","1","0","0","[""arrowleft"",""arrowleft"",""arrowright"",""arrowleft"",""arrowright""]","[571,301,610,580,464]","[49,55,56,50,53]","[49,0,56,0,53]","[[50,0]]","[]","[]","[]","1","[]","[]","[]","[]","vertical","","","",""
"","","","","","horizons-trial","81","1052040","0.0-67.0","","","","","","","5","[45,38,64,52,61]","[53,36,31,52,51]","""2023-09-16T10:47:10.139Z""","[0,1,1,0]","0","1","0","40","48","48","40","8","0","0","[""arrowleft"",""arrowright"",""arrowright"",""arrowleft"",""arrowright""]","[571,544,585,337,471]","[45,36,31,52,51]","[0,0,0,52,0]","[[50,0]]","[]","[]","[]","1","[]","[]","[]","[]","vertical","","","",""
"","","","","","horizons-trial","82","1058487","0.0-68.0","","","","","","","5","[40,37,47,59,47]","[35,50,39,52,28]","""2023-09-16T10:47:16.586Z""","[1,1,0,0]","0","1","0","40","41","41","40","1","0","0","[""arrowright"",""arrowright"",""arrowleft"",""arrowleft"",""arrowright""]","[690,297,410,262,382]","[35,50,47,59,28]","[0,50,47,59,0]","[[50,100]]","[]","[]","[]","1","[]","[]","[]","[]","vertical","","","",""
"","","","","","horizons-trial","83","1065756","0.0-69.0","","","","","","","10","[56,40,60,58,57,55,56,76,47,45]","[43,59,54,78,69,59,53,80,71,57]","""2023-09-16T10:47:23.856Z""","[1,0,1,1]","1","1","1","60","56","56","60","4","0","0","[""arrowright"",""arrowleft"",""arrowright"",""arrowright"",""arrowright"",""arrowright"",""arrowright"",""arrowright"",""arrowright"",""arrowright""]","[625,520,283,562,252,902,249,239,207,248]","[43,40,54,78,69,59,53,80,71,57]","[0,0,0,78,69,59,0,80,71,57]","[[97.1281,100]]","[]","[]","[]","1","[]","[]","[]","[]","vertical","","","",""
"","","","","","horizons-trial","84","1070501","0.0-70.0","","","","","","","5","[62,68,54,53,61]","[62,60,51,51,65]","""2023-09-16T10:47:28.601Z""","[0,0,1,0]","1","1","0","60","56","56","60","4","0","0","[""arrowleft"",""arrowleft"",""arrowright"",""arrowleft"",""arrowright""]","[694,310,725,320,424]","[62,68,51,53,65]","[62,68,0,53,65]","[[50,100]]","[]","[]","[]","1","[]","[]","[]","[]","vertical","","","",""
"","","","","","horizons-trial","85","1076348","0.0-71.0","","","","","","","10","[60,54,56,63,59,47,44,57,54,62]","[39,63,53,72,42,68,50,71,68,48]","""2023-09-16T10:47:34.447Z""","[1,0,1,0]","0","0","1","60","58","60","58","2","0","0","[""arrowright"",""arrowleft"",""arrowright"",""arrowleft"",""arrowright"",""arrowright"",""arrowright"",""arrowright"",""arrowright"",""arrowright""]","[649,517,287,289,362,578,261,255,232,255]","[39,54,53,63,42,68,50,71,68,48]","[0,0,0,0,0,68,50,71,68,0]","[[64.6383,64.5445]]","[]","[]","[]","1","[]","[]","[]","[]","vertical","","","",""
"","","","","","horizons-trial","86","1082995","0.0-72.0","","","","","","","10","[56,48,50,51,68,55,63,53,42,55]","[45,49,34,42,39,51,65,42,43,43]","""2023-09-16T10:47:41.095Z""","[1,1,0,0]","0","0","1","60","48","60","48","12","0","0","[""arrowright"",""arrowright"",""arrowleft"",""arrowleft"",""arrowright"",""arrowright"",""arrowright"",""arrowright"",""arrowright"",""arrowright""]","[1034,294,436,360,332,398,257,227,210,229]","[45,49,50,51,39,51,65,42,43,43]","[0,49,50,51,0,0,65,0,43,0]","[[100,100]]","[]","[]","[]","1","[]","[]","[]","[]","vertical","","","",""
"","","","","","horizons-trial","87","1089372","0.0-73.0","","","","","","","10","[46,38,34,33,29,43,33,44,43,40]","[57,65,67,72,61,70,67,66,87,63]","""2023-09-16T10:47:47.471Z""","[1,1,0,0]","0","0","1","40","70","40","70","30","0","0","[""arrowright"",""arrowright"",""arrowleft"",""arrowleft"",""arrowleft"",""arrowleft"",""arrowleft"",""arrowleft"",""arrowleft"",""arrowleft""]","[489,283,418,329,214,613,324,210,263,208]","[57,65,34,33,29,43,33,44,43,40]","[57,65,0,0,0,0,0,0,0,0]","[[17.1531,24.981800000000007]]","[]","[]","[]","1","[]","[]","[]","[]","vertical","","","",""
"","","","","","horizons-trial","88","1093303","0.0-74.0","","","","","","","5","[64,50,53,60,92]","[65,64,58,64,64]","""2023-09-16T10:47:51.402Z""","[0,1,0,1]","0","1","0","60","59","59","60","1","0","0","[""arrowleft"",""arrowright"",""arrowleft"",""arrowright"",""arrowleft""]","[509,348,267,276,297]","[64,64,53,64,92]","[0,64,0,64,92]","[[50,72.4571]]","[]","[]","[]","1","[]","[]","[]","[]","vertical","","","",""
"","","","","","horizons-trial","89","1098881","0.0-75.0","","","","","","","10","[52,41,34,41,41,45,42,50,57,41]","[52,51,53,34,36,55,45,45,59,39]","""2023-09-16T10:47:56.980Z""","[1,1,0,1]","1","0","1","40","48","40","48","8","0","0","[""arrowright"",""arrowright"",""arrowleft"",""arrowright"",""arrowleft"",""arrowright"",""arrowright"",""arrowright"",""arrowleft"",""arrowleft""]","[523,228,401,488,263,601,375,225,226,470]","[52,51,34,34,41,55,45,45,57,41]","[52,51,0,0,41,55,45,0,0,41]","[[66.0664,41.6398]]","[]","[]","[]","1","[]","[]","[]","[]","vertical","","","",""
"","","","","","horizons-trial","90","1105151","0.0-76.0","","","","","","","10","[48,40,43,56,47,38,35,33,25,58]","[43,50,49,49,37,47,50,52,35,57]","""2023-09-16T10:48:03.250Z""","[0,1,1,1]","1","0","1","40","52","40","52","12","0","0","[""arrowleft"",""arrowright"",""arrowright"",""arrowright"",""arrowright"",""arrowleft"",""arrowleft"",""arrowright"",""arrowright"",""arrowright""]","[481,315,642,288,221,379,367,15,522,323]","[48,50,49,49,37,38,35,52,35,57]","[48,50,49,0,0,0,0,52,35,0]","[[68.9227,41.6398]]","[]","[]","[]","1","[]","[]","[]","[]","vertical","","","",""
"","","","","","horizons-trial","91","1110506","0.0-77.0","","","","","","","10","[63,55,63,69,61,63,54,66,67,75]","[28,39,46,36,55,36,48,28,41,48]","""2023-09-16T10:48:08.605Z""","[0,1,1,1]","1","1","1","40","70","70","40","30","0","0","[""arrowleft"",""arrowright"",""arrowright"",""arrowright"",""arrowleft"",""arrowright"",""arrowright"",""arrowright"",""arrowright"",""arrowright""]","[337,560,316,232,282,316,260,198,241,224]","[63,39,46,36,61,36,48,28,41,48]","[63,0,0,0,61,0,0,0,0,0]","[[72.1359,12.071799999999996]]","[]","[]","[]","1","[]","[]","[]","[]","vertical","","","",""
"","","","","","horizons-trial","92","1116433","0.0-78.0","","","","","","","5","[41,42,39,42,41]","[49,45,53,52,41]","""2023-09-16T10:48:14.532Z""","[1,0,1,1]","1","0","0","40","48","40","48","8","0","0","[""arrowright"",""arrowleft"",""arrowright"",""arrowright"",""arrowright""]","[1049,368,781,782,489]","[49,42,53,52,41]","[49,0,53,52,41]","[[50,0]]","[]","[]","[]","1","[]","[]","[]","[]","vertical","","","",""
"","","","","","horizons-trial","93","1121955","0.0-79.0","","","","","","","10","[51,43,51,39,25,47,44,55,57,46]","[40,44,37,38,40,24,33,30,39,34]","""2023-09-16T10:48:20.053Z""","[0,1,1,1]","1","1","1","40","44","44","40","4","0","0","[""arrowleft"",""arrowright"",""arrowright"",""arrowright"",""arrowright"",""arrowright"",""arrowright"",""arrowleft"",""arrowleft"",""arrowleft""]","[486,328,272,287,252,668,499,253,262,345]","[51,44,37,38,40,24,33,55,57,46]","[51,44,0,0,40,0,0,55,57,46]","[[76.7774,10.822500000000005]]","[]","[]","[]","1","[]","[]","[]","[]","vertical","","","",""
"","","","","","horizons-trial","94","1128928","0.0-80.0","","","","","","","5","[29,71,39,45,36]","[57,80,62,61,59]","""2023-09-16T10:48:27.027Z""","[1,1,0,1]","1","1","0","60","48","48","60","12","0","0","[""arrowright"",""arrowright"",""arrowleft"",""arrowright"",""arrowleft""]","[744,613,380,440,866]","[57,80,39,61,36]","[57,80,0,61,0]","[[50,100]]","[]","[]","[]","1","[]","[]","[]","[]","vertical","","","",""
"","","","","","horizons-trial","95","1135869","0.0-81.0","","","","","","","5","[37,35,47,32,41]","[41,39,43,45,35]","""2023-09-16T10:48:33.968Z""","[0,1,1,0]","0","0","0","40","41","40","41","1","0","0","[""arrowleft"",""arrowright"",""arrowright"",""arrowleft"",""arrowleft""]","[1554,664,289,840,351]","[37,39,43,32,41]","[0,39,0,0,41]","[[50,24.148899999999998]]","[]","[]","[]","1","[]","[]","[]","[]","vertical","","","",""
"","","","","","horizons-trial","96","1141946","0.0-82.0","","","","","","","10","[43,39,46,46,44,47,64,54,45,53]","[51,41,46,56,33,58,41,44,41,38]","""2023-09-16T10:48:40.045Z""","[1,0,0,1]","0","1","1","40","48","48","40","8","0","0","[""arrowright"",""arrowleft"",""arrowleft"",""arrowright"",""arrowright"",""arrowright"",""arrowright"",""arrowright"",""arrowright"",""arrowright""]","[520,325,737,565,353,444,441,288,262,243]","[51,39,46,56,33,58,41,44,41,38]","[51,0,46,56,0,58,0,0,0,0]","[[79.9906,13.7376]]","[]","[]","[]","1","[]","[]","[]","[]","vertical","","","",""
"","","","","","horizons-trial","97","1147146","0.0-83.0","","","","","","","5","[40,58,51,52,55]","[47,33,56,36,27]","""2023-09-16T10:48:45.245Z""","[0,1,0,0]","1","1","0","40","52","52","40","12","0","0","[""arrowleft"",""arrowright"",""arrowleft"",""arrowleft"",""arrowleft""]","[850,263,317,897,339]","[40,33,51,52,55]","[0,0,0,52,55]","[[50,70.7913]]","[]","[]","[]","1","[]","[]","[]","[]","vertical","","","",""
"","","","","","horizons-trial","98","1153514","0.0-84.0","","","","","","","10","[38,26,43,32,55,53,48,37,47,28]","[68,53,66,53,58,52,54,43,54,69]","""2023-09-16T10:48:51.613Z""","[1,1,0,0]","0","1","1","60","40","40","60","20","0","0","[""arrowright"",""arrowright"",""arrowleft"",""arrowleft"",""arrowright"",""arrowright"",""arrowright"",""arrowright"",""arrowright"",""arrowright""]","[686,835,503,484,231,632,260,239,275,224]","[68,53,43,32,58,52,54,43,54,69]","[68,53,0,0,58,0,54,43,54,69]","[[87.1313,0]]","[]","[]","[]","1","[]","[]","[]","[]","vertical","","","",""
"","","","","","horizons-trial","99","1160148","0.0-85.0","","","","","","","10","[44,55,61,51,57,39,48,58,35,47]","[50,31,39,19,36,46,41,35,38,27]","""2023-09-16T10:48:58.247Z""","[1,0,1,0]","0","1","1","40","52","52","40","12","0","0","[""arrowright"",""arrowleft"",""arrowright"",""arrowleft"",""arrowright"",""arrowright"",""arrowright"",""arrowright"",""arrowright"",""arrowright""]","[866,511,320,557,299,364,299,231,210,192]","[50,55,39,51,36,46,41,35,38,27]","[50,55,0,51,0,46,0,0,38,0]","[[88.5594,100]]","[]","[]","[]","1","[]","[]","[]","[]","vertical","","","",""
"","","","","","horizons-trial","100","1166412","0.0-86.0","","","","","","","10","[69,68,65,44,64,63,52,69,64,62]","[61,56,56,46,53,54,58,68,67,55]","""2023-09-16T10:49:04.511Z""","[1,1,1,0]","1","0","1","60","58","60","58","2","0","0","[""arrowright"",""arrowright"",""arrowright"",""arrowleft"",""arrowleft"",""arrowright"",""arrowright"",""arrowright"",""arrowright"",""arrowright""]","[379,301,225,510,358,541,259,215,201,221]","[61,56,56,44,64,54,58,68,67,55]","[0,0,0,0,64,0,58,0,67,0]","[[37.1469,9.1567]]","[]","[]","[]","1","[]","[]","[]","[]","vertical","","","",""
"","","","","","horizons-trial","101","1173341","0.0-87.0","","","","","","","10","[46,62,48,64,53,45,64,50,53,60]","[67,47,66,48,54,50,69,48,60,46]","""2023-09-16T10:49:11.440Z""","[0,0,1,1]","0","1","1","60","58","58","60","2","0","0","[""arrowleft"",""arrowleft"",""arrowright"",""arrowright"",""arrowright"",""arrowright"",""arrowleft"",""arrowright"",""arrowright"",""arrowright""]","[655,315,750,303,254,1044,13,560,242,231]","[46,62,66,48,54,50,64,48,60,46]","[0,62,66,0,54,50,0,0,60,0]","[[82.8469,34.143699999999995]]","[]","[]","[]","1","[]","[]","[]","[]","vertical","","","",""
"","","","","","horizons-trial","102","1178138","0.0-88.0","","","","","","","5","[58,40,36,50,37]","[27,36,49,48,39]","""2023-09-16T10:49:16.237Z""","[1,1,1,0]","1","1","0","40","44","44","40","4","0","0","[""arrowright"",""arrowright"",""arrowright"",""arrowleft"",""arrowright""]","[784,308,262,457,490]","[27,36,49,50,39]","[0,0,49,50,39]","[[50,100]]","[]","[]","[]","1","[]","[]","[]","[]","vertical","","","",""
"","","","","","horizons-trial","103","1184497","0.0-89.0","","","","","","","5","[36,39,38,39,46]","[40,35,42,27,30]","""2023-09-16T10:49:22.596Z""","[1,0,0,0]","1","1","0","40","41","41","40","1","0","0","[""arrowright"",""arrowleft"",""arrowleft"",""arrowleft"",""arrowright""]","[737,910,588,327,379]","[40,39,38,39,30]","[40,39,0,39,0]","[[50,91.1973]]","[]","[]","[]","1","[]","[]","[]","[]","vertical","","","",""
"","","","","","horizons-trial","104","1190424","0.0-90.0","","","","","","","10","[67,63,75,55,64,65,56,61,63,55]","[30,21,25,29,23,20,33,42,44,35]","""2023-09-16T10:49:28.523Z""","[0,0,0,1]","1","0","1","60","30","60","30","30","0","0","[""arrowleft"",""arrowleft"",""arrowleft"",""arrowright"",""arrowright"",""arrowright"",""arrowright"",""arrowright"",""arrowleft"",""arrowleft""]","[693,302,285,492,428,477,272,228,183,381]","[67,63,75,29,23,20,33,42,63,55]","[67,63,75,0,0,0,0,0,63,55]","[[75.3492,49.5523]]","[]","[]","[]","1","[]","[]","[]","[]","vertical","","","",""
"","","","","","horizons-trial","105","1198580","0.0-91.0","","","","","","","10","[43,48,57,44,45,44,56,61,51,44]","[54,68,51,48,59,65,59,68,63,40]","""2023-09-16T10:49:36.679Z""","[1,0,1,1]","1","1","1","60","52","52","60","8","0","0","[""arrowright"",""arrowleft"",""arrowright"",""arrowright"",""arrowleft"",""arrowleft"",""arrowleft"",""arrowright"",""arrowleft"",""arrowleft""]","[895,654,320,658,642,809,356,290,382,375]","[54,48,51,48,45,44,56,68,51,44]","[54,0,0,48,0,0,0,68,0,44]","[[13.5828,95.77825]]","[]","[]","[]","1","[]","[]","[]","[]","vertical","","","",""
"","","","","","horizons-trial","106","1203397","0.0-92.0","","","","","","","5","[40,49,43,30,45]","[64,58,63,58,57]","""2023-09-16T10:49:41.496Z""","[0,1,0,0]","1","0","0","40","60","40","60","20","0","0","[""arrowleft"",""arrowright"",""arrowleft"",""arrowleft"",""arrowright""]","[348,652,671,711,363]","[40,58,43,30,57]","[0,58,0,0,57]","[[50,69.1255]]","[]","[]","[]","1","[]","[]","[]","[]","vertical","","","",""
"","","","","","horizons-trial","107","1207078","0.0-93.0","","","","","","","5","[70,57,68,60,76]","[65,72,56,57,61]","""2023-09-16T10:49:45.177Z""","[1,1,0,0]","0","1","0","60","58","58","60","2","0","0","[""arrowright"",""arrowright"",""arrowleft"",""arrowleft"",""arrowright""]","[567,339,370,408,356]","[65,72,68,60,61]","[0,72,68,60,0]","[[50,28.3134]]","[]","[]","[]","1","[]","[]","[]","[]","vertical","","","",""
"","","","","","horizons-trial","108","1212935","0.0-94.0","","","","","","","10","[63,69,61,67,69,79,61,51,63,56]","[41,30,36,34,39,27,45,31,54,45]","""2023-09-16T10:49:51.034Z""","[0,1,0,1]","0","1","1","40","60","60","40","20","0","0","[""arrowleft"",""arrowright"",""arrowleft"",""arrowright"",""arrowleft"",""arrowleft"",""arrowleft"",""arrowleft"",""arrowleft"",""arrowleft""]","[698,322,412,326,234,375,316,257,166,238]","[63,30,61,34,69,79,61,51,63,56]","[63,0,61,0,69,79,61,51,63,56]","[[0,87.0328]]","[]","[]","[]","1","[]","[]","[]","[]","vertical","","","",""
"","","","","","horizons-trial","109","1218911","0.0-95.0","","","","","","","10","[46,51,54,47,53,59,54,58,58,67]","[62,52,64,40,50,47,63,63,51,74]","""2023-09-16T10:49:57.010Z""","[1,0,1,0]","0","1","1","60","56","56","60","4","0","0","[""arrowright"",""arrowleft"",""arrowright"",""arrowleft"",""arrowright"",""arrowright"",""arrowright"",""arrowright"",""arrowright"",""arrowright""]","[682,347,272,247,244,324,268,233,222,246]","[62,51,64,47,50,47,63,63,51,74]","[62,0,64,47,0,0,63,63,0,74]","[[99.9844,100]]","[]","[]","[]","1","[]","[]","[]","[]","vertical","","","",""
"","","","","","horizons-trial","110","1225506","0.0-96.0","","","","","","","10","[69,61,74,60,45,46,75,56,65,69]","[62,40,73,59,53,53,71,51,67,64]","""2023-09-16T10:50:03.605Z""","[0,0,1,1]","0","0","1","60","59","60","59","1","0","0","[""arrowleft"",""arrowleft"",""arrowright"",""arrowright"",""arrowright"",""arrowright"",""arrowright"",""arrowright"",""arrowright"",""arrowright""]","[778,304,364,565,282,855,263,221,217,309]","[69,61,73,59,53,53,71,51,67,64]","[69,61,0,0,53,53,0,0,67,0]","[[77.1344,73.28999999999999]]","[]","[]","[]","1","[]","[]","[]","[]","vertical","","","",""
"","","","","","horizons-trial","111","1232600","0.0-97.0","","","","","","","10","[61,60,63,59,46,55,58,51,64,50]","[54,55,43,44,40,50,50,43,61,53]","""2023-09-16T10:50:10.699Z""","[1,0,0,0]","1","0","1","60","52","60","52","8","0","0","[""arrowright"",""arrowleft"",""arrowleft"",""arrowleft"",""arrowleft"",""arrowright"",""arrowleft"",""arrowleft"",""arrowleft"",""arrowright""]","[417,565,587,290,295,377,931,370,236,280]","[54,60,63,59,46,50,58,51,64,53]","[0,60,63,59,46,0,58,51,64,53]","[[15.368,63.2952]]","[]","[]","[]","1","[]","[]","[]","[]","vertical","","","",""
"","","","","","horizons-trial","112","1238531","0.0-98.0","","","","","","","5","[48,33,46,45,23]","[61,72,56,69,52]","""2023-09-16T10:50:16.630Z""","[1,1,0,1]","1","1","0","60","40","40","60","20","0","0","[""arrowright"",""arrowright"",""arrowleft"",""arrowright"",""arrowleft""]","[681,640,390,337,309]","[61,72,46,69,23]","[61,72,0,69,0]","[[50,96.61115]]","[]","[]","[]","1","[]","[]","[]","[]","vertical","","","",""
"","","","","","horizons-trial","113","1243899","0.0-99.0","","","","","","","10","[57,40,56,57,72,72,67,45,58,63]","[39,24,36,52,34,25,22,21,20,46]","""2023-09-16T10:50:21.998Z""","[1,1,0,0]","0","0","1","60","30","60","30","30","0","0","[""arrowright"",""arrowright"",""arrowleft"",""arrowleft"",""arrowleft"",""arrowright"",""arrowright"",""arrowright"",""arrowleft"",""arrowleft""]","[682,311,369,181,282,493,255,223,314,270]","[39,24,56,57,72,25,22,21,58,63]","[0,0,56,57,72,0,0,0,58,63]","[[15.368,59.9636]]","[]","[]","[]","1","[]","[]","[]","[]","vertical","","","",""
"","","","","","horizons-trial","114","1249316","0.0-100.0","","","","","","","5","[54,49,43,39,51]","[31,49,47,47,42]","""2023-09-16T10:50:27.415Z""","[1,1,1,0]","1","0","0","40","41","40","41","1","0","0","[""arrowright"",""arrowright"",""arrowright"",""arrowleft"",""arrowleft""]","[608,536,372,587,689]","[31,49,47,39,51]","[0,49,47,0,51]","[[50,14.570499999999996]]","[]","[]","[]","1","[]","[]","[]","[]","vertical","","","",""
"","","","","","horizons-trial","115","1254060","0.0-101.0","","","","","","","5","[71,52,65,64,55]","[48,55,57,47,52]","""2023-09-16T10:50:32.159Z""","[1,0,1,1]","1","0","0","60","48","60","48","12","0","0","[""arrowright"",""arrowleft"",""arrowright"",""arrowright"",""arrowleft""]","[383,519,241,632,372]","[48,52,57,47,55]","[0,0,0,0,55]","[[50,25.814700000000002]]","[]","[]","[]","1","[]","[]","[]","[]","vertical","","","",""
"","","","","","horizons-trial","116","1258110","0.0-102.0","","","","","","","5","[61,62,61,50,55]","[51,63,50,52,60]","""2023-09-16T10:50:36.208Z""","[1,1,1,0]","1","0","0","60","59","60","59","1","0","0","[""arrowright"",""arrowright"",""arrowright"",""arrowleft"",""arrowright""]","[498,617,271,362,356]","[51,63,50,50,60]","[0,63,0,0,60]","[[50,100]]","[]","[]","[]","1","[]","[]","[]","[]","vertical","","","",""
"","","","","","horizons-trial","117","1264782","0.0-103.0","","","","","","","10","[44,46,35,49,48,41,40,59,45,42]","[47,49,36,40,43,32,32,30,36,43]","""2023-09-16T10:50:42.881Z""","[0,1,1,0]","0","1","1","40","41","41","40","1","0","0","[""arrowleft"",""arrowright"",""arrowright"",""arrowleft"",""arrowleft"",""arrowright"",""arrowright"",""arrowright"",""arrowright"",""arrowright""]","[688,555,510,491,233,593,271,238,195,200]","[44,49,36,49,48,32,32,30,36,43]","[0,49,36,49,48,0,0,0,0,43]","[[42.1453,69.1255]]","[]","[]","[]","1","[]","[]","[]","[]","vertical","","","",""
"","","","","","horizons-trial","118","1272039","0.0-104.0","","","","","","","10","[69,51,46,74,47,52,59,64,60,50]","[48,46,59,67,57,54,48,73,46,51]","""2023-09-16T10:50:50.138Z""","[1,0,1,1]","1","1","1","60","58","58","60","2","0","0","[""arrowright"",""arrowleft"",""arrowright"",""arrowright"",""arrowright"",""arrowright"",""arrowright"",""arrowright"",""arrowright"",""arrowright""]","[752,264,268,539,242,602,454,1217,237,288]","[48,51,59,67,57,54,48,73,46,51]","[0,51,59,0,57,54,0,73,0,51]","[[85.7031,94.11245]]","[]","[]","[]","1","[]","[]","[]","[]","vertical","","","",""
"","","","","","horizons-trial","119","1279043","0.0-105.0","","","","","","","10","[52,46,63,66,68,58,70,55,47,62]","[57,50,75,63,58,50,64,51,66,43]","""2023-09-16T10:50:57.142Z""","[1,1,0,0]","0","1","1","60","59","59","60","1","0","0","[""arrowright"",""arrowright"",""arrowleft"",""arrowleft"",""arrowleft"",""arrowright"",""arrowright"",""arrowright"",""arrowright"",""arrowright""]","[976,298,716,332,290,318,253,395,249,216]","[57,50,63,66,68,50,64,51,66,43]","[57,50,0,66,68,0,0,0,66,0]","[[97.1281,100]]","[]","[]","[]","1","[]","[]","[]","[]","vertical","","","",""
"","","","","","horizons-trial","120","1285525","0.0-106.0","","","","","","","10","[51,43,47,37,41,45,36,46,42,42]","[70,52,59,56,64,42,61,59,64,73]","""2023-09-16T10:51:03.623Z""","[0,0,1,0]","1","1","1","60","48","48","60","12","0","0","[""arrowleft"",""arrowleft"",""arrowright"",""arrowleft"",""arrowleft"",""arrowright"",""arrowright"",""arrowright"",""arrowleft"",""arrowleft""]","[890,303,694,821,302,365,253,199,133,317]","[51,43,59,37,41,42,61,59,42,42]","[0,0,59,0,0,0,61,59,0,0]","[[23.9367,69.5419]]","[]","[]","[]","1","[]","[]","[]","[]","vertical","","","",""
"","","","","","horizons-trial","121","1290815","0.0-107.0","","","","","","","10","[50,38,36,35,28,38,31,50,34,43]","[46,51,51,53,34,27,56,43,47,36]","""2023-09-16T10:51:08.914Z""","[1,0,1,0]","0","0","1","40","44","40","44","4","0","0","[""arrowright"",""arrowleft"",""arrowright"",""arrowleft"",""arrowright"",""arrowright"",""arrowright"",""arrowright"",""arrowright"",""arrowright""]","[310,700,483,244,238,287,224,208,179,175]","[46,38,51,35,34,27,56,43,47,36]","[0,0,51,0,34,0,56,0,47,0]","[[93.2008,100]]","[]","[]","[]","1","[]","[]","[]","[]","vertical","","","",""
"","","","","","horizons-trial","122","1299012","0.0-108.0","","","","","","","10","[49,55,56,68,69,61,55,63,54,47]","[61,50,61,64,47,51,69,62,51,45]","""2023-09-16T10:51:17.111Z""","[0,1,0,0]","1","0","1","60","56","60","56","4","0","0","[""arrowleft"",""arrowright"",""arrowleft"",""arrowleft"",""arrowright"",""arrowright"",""arrowright"",""arrowright"",""arrowright"",""arrowright""]","[2043,328,279,698,569,474,270,230,193,203]","[49,50,56,68,47,51,69,62,51,45]","[0,0,0,68,0,0,69,0,0,0]","[[81.0617,75.37219999999999]]","[]","[]","[]","1","[]","[]","[]","[]","vertical","","","",""
"","","","","","horizons-trial","123","1308674","0.0-109.0","","","","","","","5","[64,64,55,58,52]","[60,57,52,69,52]","""2023-09-16T10:51:26.773Z""","[0,1,0,0]","1","0","0","60","58","60","58","2","0","0","[""arrowleft"",""arrowright"",""arrowleft"",""arrowleft"",""arrowright""]","[675,323,294,1298,491]","[64,57,55,58,52]","[64,0,55,0,52]","[[50,83.7012]]","[]","[]","[]","1","[]","[]","[]","[]","vertical","","","",""
"","","","","","horizons-trial","124","1315221","0.0-110.0","","","","","","","10","[38,54,46,44,34,33,38,24,45,45]","[54,46,48,29,47,47,45,47,68,44]","""2023-09-16T10:51:33.320Z""","[0,0,0,1]","1","0","1","40","44","40","44","4","0","0","[""arrowleft"",""arrowleft"",""arrowleft"",""arrowright"",""arrowright"",""arrowright"",""arrowright"",""arrowright"",""arrowright"",""arrowright""]","[818,553,597,433,385,404,274,233,210,221]","[38,54,46,29,47,47,45,47,68,44]","[0,54,0,0,47,47,45,47,68,0]","[[78.9195,75.7887]]","[]","[]","[]","1","[]","[]","[]","[]","vertical","","","",""
"","","","","","horizons-trial","125","1321614","0.0-111.0","","","","","","","10","[44,50,47,43,32,48,48,47,33,46]","[42,35,42,41,42,34,31,50,44,43]","""2023-09-16T10:51:39.712Z""","[0,1,0,0]","1","0","1","40","41","40","41","1","0","0","[""arrowleft"",""arrowright"",""arrowleft"",""arrowleft"",""arrowright"",""arrowright"",""arrowright"",""arrowleft"",""arrowleft"",""arrowleft""]","[739,320,292,738,308,506,272,245,261,224]","[44,35,47,43,42,34,31,47,33,46]","[44,0,47,43,42,0,0,0,0,46]","[[0.0156244,100]]","[]","[]","[]","1","[]","[]","[]","[]","vertical","","","",""
"","","","","","horizons-trial","126","1325902","0.0-112.0","","","","","","","5","[54,60,69,54,57]","[58,52,61,43,39]","""2023-09-16T10:51:44.001Z""","[1,0,1,0]","0","0","0","60","52","60","52","8","0","0","[""arrowright"",""arrowleft"",""arrowright"",""arrowleft"",""arrowright""]","[489,272,368,278,470]","[58,60,61,54,39]","[58,60,0,54,0]","[[50,100]]","[]","[]","[]","1","[]","[]","[]","[]","vertical","","","",""
"","","","","","horizons-trial","127","1331687","0.0-113.0","","","","","","","10","[69,69,58,50,65,63,56,68,57,55]","[41,40,47,21,34,41,46,36,45,38]","""2023-09-16T10:51:49.786Z""","[0,1,0,0]","1","0","1","60","40","60","40","20","0","0","[""arrowleft"",""arrowright"",""arrowleft"",""arrowleft"",""arrowleft"",""arrowright"",""arrowleft"",""arrowleft"",""arrowright"",""arrowleft""]","[766,287,436,621,264,368,240,243,322,299]","[69,40,58,50,65,41,56,68,45,55]","[69,0,58,50,65,0,56,68,0,55]","[[59.6399,74.5393]]","[]","[]","[]","1","[]","[]","[]","[]","vertical","","","",""
"","","","","","horizons-trial","128","1337796","0.0-114.0","","","","","","","10","[33,40,37,34,37,25,57,52,36,23]","[75,56,53,56,52,67,50,68,67,63]","""2023-09-16T10:51:55.895Z""","[1,1,0,1]","1","1","1","60","40","40","60","20","0","0","[""arrowright"",""arrowright"",""arrowleft"",""arrowright"",""arrowright"",""arrowright"",""arrowright"",""arrowright"",""arrowright"",""arrowright""]","[618,500,707,338,326,434,339,240,504,257]","[75,56,37,56,52,67,50,68,67,63]","[75,56,0,56,52,67,0,68,67,63]","[[71.7789,74.1229]]","[]","[]","[]","1","[]","[]","[]","[]","vertical","","","",""
"","","","","","horizons-trial","129","1343821","0.0-115.0","","","","","","","5","[44,45,65,46,38]","[61,55,58,68,59]","""2023-09-16T10:52:01.920Z""","[0,1,1,0]","0","1","0","60","52","52","60","8","0","0","[""arrowleft"",""arrowright"",""arrowright"",""arrowleft"",""arrowleft""]","[314,408,541,770,557]","[44,55,58,46,38]","[0,55,0,0,0]","[[50,85.367]]","[]","[]","[]","1","[]","[]","[]","[]","vertical","","","",""
"","","","","","horizons-trial","130","1347406","0.0-116.0","","","","","","","5","[57,57,39,51,41]","[32,45,46,52,31]","""2023-09-16T10:52:05.505Z""","[0,1,0,1]","0","1","0","40","52","52","40","12","0","0","[""arrowleft"",""arrowright"",""arrowleft"",""arrowright"",""arrowright""]","[276,351,481,285,323]","[57,45,39,52,31]","[57,0,0,52,0]","[[50,85.367]]","[]","[]","[]","1","[]","[]","[]","[]","vertical","","","",""
"","","","","","horizons-trial","131","1353537","0.0-117.0","","","","","","","10","[49,39,39,35,40,33,35,43,42,48]","[34,42,56,44,38,31,39,32,50,45]","""2023-09-16T10:52:11.636Z""","[1,1,0,1]","1","1","1","40","42","42","40","2","0","0","[""arrowright"",""arrowright"",""arrowleft"",""arrowright"",""arrowright"",""arrowright"",""arrowright"",""arrowright"",""arrowright"",""arrowright""]","[699,273,623,672,318,356,336,250,232,310]","[34,42,39,44,38,31,39,32,50,45]","[0,42,0,44,0,0,39,0,50,0]","[[78.5625,72.0406]]","[]","[]","[]","1","[]","[]","[]","[]","vertical","","","",""
"","","","","","horizons-trial","132","1358321","0.0-118.0","","","","","","","5","[13,39,52,34,45]","[39,36,49,55,67]","""2023-09-16T10:52:16.420Z""","[0,0,1,0]","1","0","0","40","52","40","52","12","0","0","[""arrowleft"",""arrowleft"",""arrowright"",""arrowleft"",""arrowleft""]","[524,590,319,359,394]","[13,39,49,34,45]","[0,39,0,0,0]","[[50,83.7012]]","[]","[]","[]","1","[]","[]","[]","[]","vertical","","","",""
"","","","","","horizons-trial","133","1362387","0.0-119.0","","","","","","","5","[42,26,25,43,37]","[50,64,55,47,42]","""2023-09-16T10:52:20.486Z""","[1,0,0,1]","0","1","0","60","30","30","60","30","0","0","[""arrowright"",""arrowleft"",""arrowleft"",""arrowright"",""arrowright""]","[448,547,585,302,404]","[50,26,25,47,42]","[50,0,0,47,42]","[[50,84.5341]]","[]","[]","[]","1","[]","[]","[]","[]","vertical","","","",""
"","","","","","survey-html-form","134","1389358","0.0-120.0","26953","{""comments"":"" I tried to guess which I thought would have the higher numbers on it.""}","","","","","","","","","","","","","","","","","","","","","","","","","","","","","","","","","","","","",""
"","","","","","survey-html-form","135","1405210","0.0-121.0","15845","{""comments"":"" I just took a guess and hoped I would be correct.""}","","","","","","","","","","","","","","","","","","","","","","","","","","","","","","","","","","","","",""
"","","","","","survey-html-form","136","1415931","0.0-122.0","10711","{""comments"":"" Again, I took a guess and hoped for the best.""}","","","","","","","","","","","","","","","","","","","","","","","","","","","","","","","","","","","","",""
"","","","","","survey-html-form","137","1426747","0.0-123.0","10807","{""comments"":"" I had fun taking this study.""}","","","","","","","","","","","","","","","","","","","","","","","","","","","","","","","","","","","","","[{""event"":""fullscreenenter"",""trial"":3,""time"":67860},{""event"":""blur"",""trial"":11,""time"":432762},{""event"":""focus"",""trial"":11,""time"":432762},{""event"":""fullscreenexit"",""trial"":11,""time"":432787},{""event"":""blur"",""trial"":16,""time"":547640},{""event"":""focus"",""trial"":16,""time"":547640}]"
